station_id,station_name,station_lat,station_lon,station_elevation_m_isd,valid_time,issue_time_proxy,lead_hours,season,observed_temperature_c,reference_temperature_c,reference_elevation_m,reference_lat,reference_lon,target_elevation_m,elevation_difference_m,b0_temperature_c,b2_temperature_c,reference_forecast_source,reference_elevation_source,target_elevation_source,forecast_model,issue_time_semantics,observation_source,gamma
42851099999,JALGAON,21.05,75.567,201.0,2023-02-01T12:00:00,2023-02-01T00:00:00,12,February_2023,28.0,26.6,197.0,21.05448,75.56345,197.0,0.0,26.6,26.6,Open-Meteo Historical Forecast API (best_match/GFS Seamless),Open-Meteo Historical Forecast API (SRTM 90m at snapped grid),Open-Meteo Elevation API (SRTM 90m at station coordinates),best_match,"proxy: valid_time - lead_hours (historical forecast, not original run archive)",NOAA ISD via Phase 6 expanded dataset (QC=1),0.0065
42851099999,JALGAON,21.05,75.567,201.0,2023-02-02T12:00:00,2023-02-01T00:00:00,36,February_2023,29.0,26.6,197.0,21.05448,75.56345,197.0,0.0,26.6,26.6,Open-Meteo Historical Forecast API (best_match/GFS Seamless),Open-Meteo Historical Forecast API (SRTM 90m at snapped grid),Open-Meteo Elevation API (SRTM 90m at station coordinates),best_match,"proxy: valid_time - lead_hours (historical forecast, not original run archive)",NOAA ISD via Phase 6 expanded dataset (QC=1),0.0065
42851099999,JALGAON,21.05,75.567,201.0,2023-02-02T12:00:00,2023-02-01T12:00:00,24,February_2023,29.0,26.6,197.0,21.05448,75.56345,197.0,0.0,26.6,26.6,Open-Meteo Historical Forecast API (best_match/GFS Seamless),Open-Meteo Historical Forecast API (SRTM 90m at snapped grid),Open-Meteo Elevation API (SRTM 90m at station coordinates),best_match,"proxy: valid_time - lead_hours (historical forecast, not original run archive)",NOAA ISD via Phase 6 expanded dataset (QC=1),0.0065
42851099999,JALGAON,21.05,75.567,201.0,2023-02-03T12:00:00,2023-02-01T12:00:00,48,February_2023,32.4,26.8,197.0,21.05448,75.56345,197.0,0.0,26.8,26.8,Open-Meteo Historical Forecast API (best_match/GFS Seamless),Open-Meteo Historical Forecast API (SRTM 90m at snapped grid),Open-Meteo Elevation API (SRTM 90m at station coordinates),best_match,"proxy: valid_time - lead_hours (historical forecast, not original run archive)",NOAA ISD via Phase 6 expanded dataset (QC=1),0.0065
42851099999,JALGAON,21.05,75.567,201.0,2023-02-02T12:00:00,2023-02-02T00:00:00,12,February_2023,29.0,26.6,197.0,21.05448,75.56345,197.0,0.0,26.6,26.6,Open-Meteo Historical Forecast API (best_match/GFS Seamless),Open-Meteo Historical Forecast API (SRTM 90m at snapped grid),Open-Meteo Elevation API (SRTM 90m at station coordinates),best_match,"proxy: valid_time - lead_hours (historical forecast, not original run archive)",NOAA ISD via Phase 6 expanded dataset (QC=1),0.0065
42851099999,JALGAON,21.05,75.567,201.0,2023-02-03T12:00:00,2023-02-02T00:00:00,36,February_2023,32.4,26.8,197.0,21.05448,75.56345,197.0,0.0,26.8,26.8,Open-Meteo Historical Forecast API (best_match/GFS Seamless),Open-Meteo Historical Forecast API (SRTM 90m at snapped grid),Open-Meteo Elevation API (SRTM 90m at station coordinates),best_match,"proxy: valid_time - lead_hours (historical forecast, not original run archive)",NOAA ISD via Phase 6 expanded dataset (QC=1),0.0065
42851099999,JALGAON,21.05,75.567,201.0,2023-02-03T12:00:00,2023-02-02T12:00:00,24,February_2023,32.4,26.8,197.0,21.05448,75.56345,197.0,0.0,26.8,26.8,Open-Meteo Historical Forecast API (best_match/GFS Seamless),Open-Meteo Historical Forecast API (SRTM 90m at snapped grid),Open-Meteo Elevation API (SRTM 90m at station coordinates),best_match,"proxy: valid_time - lead_hours (historical forecast, not original run archive)",NOAA ISD via Phase 6 expanded dataset (QC=1),0.0065
42851099999,JALGAON,21.05,75.567,201.0,2023-02-04T12:00:00,2023-02-02T12:00:00,48,February_2023,32.0,27.6,197.0,21.05448,75.56345,197.0,0.0,27.6,27.6,Open-Meteo Historical Forecast API (best_match/GFS Seamless),Open-Meteo Historical Forecast API (SRTM 90m at snapped grid),Open-Meteo Elevation API (SRTM 90m at station coordinates),best_match,"proxy: valid_time - lead_hours (historical forecast, not original run archive)",NOAA ISD via Phase 6 expanded dataset (QC=1),0.0065
42851099999,JALGAON,21.05,75.567,201.0,2023-02-03T12:00:00,2023-02-03T00:00:00,12,February_2023,32.4,26.8,197.0,21.05448,75.56345,197.0,0.0,26.8,26.8,Open-Meteo Historical Forecast API (best_match/GFS Seamless),Open-Meteo Historical Forecast API (SRTM 90m at snapped grid),Open-Meteo Elevation API (SRTM 90m at station coordinates),best_match,"proxy: valid_time - lead_hours (historical forecast, not original run archive)",NOAA ISD via Phase 6 expanded dataset (QC=1),0.0065
42851099999,JALGAON,21.05,75.567,201.0,2023-02-04T12:00:00,2023-02-03T00:00:00,36,February_2023,32.0,27.6,197.0,21.05448,75.56345,197.0,0.0,27.6,27.6,Open-Meteo Historical Forecast API (best_match/GFS Seamless),Open-Meteo Historical Forecast API (SRTM 90m at snapped grid),Open-Meteo Elevation API (SRTM 90m at station coordinates),best_match,"proxy: valid_time - lead_hours (historical forecast, not original run archive)",NOAA ISD via Phase 6 expanded dataset (QC=1),0.0065
42851099999,JALGAON,21.05,75.567,201.0,2023-02-04T12:00:00,2023-02-03T12:00:00,24,February_2023,32.0,27.6,197.0,21.05448,75.56345,197.0,0.0,27.6,27.6,Open-Meteo Historical Forecast API (best_match/GFS Seamless),Open-Meteo Historical Forecast API (SRTM 90m at snapped grid),Open-Meteo Elevation API (SRTM 90m at station coordinates),best_match,"proxy: valid_time - lead_hours (historical forecast, not original run archive)",NOAA ISD via Phase 6 expanded dataset (QC=1),0.0065
42851099999,JALGAON,21.05,75.567,201.0,2023-02-05T12:00:00,2023-02-03T12:00:00,48,February_2023,33.0,27.8,197.0,21.05448,75.56345,197.0,0.0,27.8,27.8,Open-Meteo Historical Forecast API (best_match/GFS Seamless),Open-Meteo Historical Forecast API (SRTM 90m at snapped grid),Open-Meteo Elevation API (SRTM 90m at station coordinates),best_match,"proxy: valid_time - lead_hours (historical forecast, not original run archive)",NOAA ISD via Phase 6 expanded dataset (QC=1),0.0065
42851099999,JALGAON,21.05,75.567,201.0,2023-02-04T12:00:00,2023-02-04T00:00:00,12,February_2023,32.0,27.6,197.0,21.05448,75.56345,197.0,0.0,27.6,27.6,Open-Meteo Historical Forecast API (best_match/GFS Seamless),Open-Meteo Historical Forecast API (SRTM 90m at snapped grid),Open-Meteo Elevation API (SRTM 90m at station coordinates),best_match,"proxy: valid_time - lead_hours (historical forecast, not original run archive)",NOAA ISD via Phase 6 expanded dataset (QC=1),0.0065
42851099999,JALGAON,21.05,75.567,201.0,2023-02-05T12:00:00,2023-02-04T00:00:00,36,February_2023,33.0,27.8,197.0,21.05448,75.56345,197.0,0.0,27.8,27.8,Open-Meteo Historical Forecast API (best_match/GFS Seamless),Open-Meteo Historical Forecast API (SRTM 90m at snapped grid),Open-Meteo Elevation API (SRTM 90m at station coordinates),best_match,"proxy: valid_time - lead_hours (historical forecast, not original run archive)",NOAA ISD via Phase 6 expanded dataset (QC=1),0.0065
42851099999,JALGAON,21.05,75.567,201.0,2023-02-05T12:00:00,2023-02-04T12:00:00,24,February_2023,33.0,27.8,197.0,21.05448,75.56345,197.0,0.0,27.8,27.8,Open-Meteo Historical Forecast API (best_match/GFS Seamless),Open-Meteo Historical Forecast API (SRTM 90m at snapped grid),Open-Meteo Elevation API (SRTM 90m at station coordinates),best_match,"proxy: valid_time - lead_hours (historical forecast, not original run archive)",NOAA ISD via Phase 6 expanded dataset (QC=1),0.0065
42851099999,JALGAON,21.05,75.567,201.0,2023-02-06T12:00:00,2023-02-04T12:00:00,48,February_2023,33.0,28.8,197.0,21.05448,75.56345,197.0,0.0,28.8,28.8,Open-Meteo Historical Forecast API (best_match/GFS Seamless),Open-Meteo Historical Forecast API (SRTM 90m at snapped grid),Open-Meteo Elevation API (SRTM 90m at station coordinates),best_match,"proxy: valid_time - lead_hours (historical forecast, not original run archive)",NOAA ISD via Phase 6 expanded dataset (QC=1),0.0065
42851099999,JALGAON,21.05,75.567,201.0,2023-02-05T12:00:00,2023-02-05T00:00:00,12,February_2023,33.0,27.8,197.0,21.05448,75.56345,197.0,0.0,27.8,27.8,Open-Meteo Historical Forecast API (best_match/GFS Seamless),Open-Meteo Historical Forecast API (SRTM 90m at snapped grid),Open-Meteo Elevation API (SRTM 90m at station coordinates),best_match,"proxy: valid_time - lead_hours (historical forecast, not original run archive)",NOAA ISD via Phase 6 expanded dataset (QC=1),0.0065
42851099999,JALGAON,21.05,75.567,201.0,2023-02-06T12:00:00,2023-02-05T00:00:00,36,February_2023,33.0,28.8,197.0,21.05448,75.56345,197.0,0.0,28.8,28.8,Open-Meteo Historical Forecast API (best_match/GFS Seamless),Open-Meteo Historical Forecast API (SRTM 90m at snapped grid),Open-Meteo Elevation API (SRTM 90m at station coordinates),best_match,"proxy: valid_time - lead_hours (historical forecast, not original run archive)",NOAA ISD via Phase 6 expanded dataset (QC=1),0.0065
42851099999,JALGAON,21.05,75.567,201.0,2023-02-06T12:00:00,2023-02-05T12:00:00,24,February_2023,33.0,28.8,197.0,21.05448,75.56345,197.0,0.0,28.8,28.8,Open-Meteo Historical Forecast API (best_match/GFS Seamless),Open-Meteo Historical Forecast API (SRTM 90m at snapped grid),Open-Meteo Elevation API (SRTM 90m at station coordinates),best_match,"proxy: valid_time - lead_hours (historical forecast, not original run archive)",NOAA ISD via Phase 6 expanded dataset (QC=1),0.0065
42851099999,JALGAON,21.05,75.567,201.0,2023-02-07T12:00:00,2023-02-05T12:00:00,48,February_2023,33.0,28.0,197.0,21.05448,75.56345,197.0,0.0,28.0,28.0,Open-Meteo Historical Forecast API (best_match/GFS Seamless),Open-Meteo Historical Forecast API (SRTM 90m at snapped grid),Open-Meteo Elevation API (SRTM 90m at station coordinates),best_match,"proxy: valid_time - lead_hours (historical forecast, not original run archive)",NOAA ISD via Phase 6 expanded dataset (QC=1),0.0065
42851099999,JALGAON,21.05,75.567,201.0,2023-02-06T12:00:00,2023-02-06T00:00:00,12,February_2023,33.0,28.8,197.0,21.05448,75.56345,197.0,0.0,28.8,28.8,Open-Meteo Historical Forecast API (best_match/GFS Seamless),Open-Meteo Historical Forecast API (SRTM 90m at snapped grid),Open-Meteo Elevation API (SRTM 90m at station coordinates),best_match,"proxy: valid_time - lead_hours (historical forecast, not original run archive)",NOAA ISD via Phase 6 expanded dataset (QC=1),0.0065
42851099999,JALGAON,21.05,75.567,201.0,2023-02-07T12:00:00,2023-02-06T00:00:00,36,February_2023,33.0,28.0,197.0,21.05448,75.56345,197.0,0.0,28.0,28.0,Open-Meteo Historical Forecast API (best_match/GFS Seamless),Open-Meteo Historical Forecast API (SRTM 90m at snapped grid),Open-Meteo Elevation API (SRTM 90m at station coordinates),best_match,"proxy: valid_time - lead_hours (historical forecast, not original run archive)",NOAA ISD via Phase 6 expanded dataset (QC=1),0.0065
42851099999,JALGAON,21.05,75.567,201.0,2023-02-07T12:00:00,2023-02-06T12:00:00,24,February_2023,33.0,28.0,197.0,21.05448,75.56345,197.0,0.0,28.0,28.0,Open-Meteo Historical Forecast API (best_match/GFS Seamless),Open-Meteo Historical Forecast API (SRTM 90m at snapped grid),Open-Meteo Elevation API (SRTM 90m at station coordinates),best_match,"proxy: valid_time - lead_hours (historical forecast, not original run archive)",NOAA ISD via Phase 6 expanded dataset (QC=1),0.0065
42851099999,JALGAON,21.05,75.567,201.0,2023-02-08T12:00:00,2023-02-06T12:00:00,48,February_2023,32.6,28.3,197.0,21.05448,75.56345,197.0,0.0,28.3,28.3,Open-Meteo Historical Forecast API (best_match/GFS Seamless),Open-Meteo Historical Forecast API (SRTM 90m at snapped grid),Open-Meteo Elevation API (SRTM 90m at station coordinates),best_match,"proxy: valid_time - lead_hours (historical forecast, not original run archive)",NOAA ISD via Phase 6 expanded dataset (QC=1),0.0065
42851099999,JALGAON,21.05,75.567,201.0,2023-02-07T12:00:00,2023-02-07T00:00:00,12,February_2023,33.0,28.0,197.0,21.05448,75.56345,197.0,0.0,28.0,28.0,Open-Meteo Historical Forecast API (best_match/GFS Seamless),Open-Meteo Historical Forecast API (SRTM 90m at snapped grid),Open-Meteo Elevation API (SRTM 90m at station coordinates),best_match,"proxy: valid_time - lead_hours (historical forecast, not original run archive)",NOAA ISD via Phase 6 expanded dataset (QC=1),0.0065
42851099999,JALGAON,21.05,75.567,201.0,2023-02-08T12:00:00,2023-02-07T00:00:00,36,February_2023,32.6,28.3,197.0,21.05448,75.56345,197.0,0.0,28.3,28.3,Open-Meteo Historical Forecast API (best_match/GFS Seamless),Open-Meteo Historical Forecast API (SRTM 90m at snapped grid),Open-Meteo Elevation API (SRTM 90m at station coordinates),best_match,"proxy: valid_time - lead_hours (historical forecast, not original run archive)",NOAA ISD via Phase 6 expanded dataset (QC=1),0.0065
42851099999,JALGAON,21.05,75.567,201.0,2023-02-08T12:00:00,2023-02-07T12:00:00,24,February_2023,32.6,28.3,197.0,21.05448,75.56345,197.0,0.0,28.3,28.3,Open-Meteo Historical Forecast API (best_match/GFS Seamless),Open-Meteo Historical Forecast API (SRTM 90m at snapped grid),Open-Meteo Elevation API (SRTM 90m at station coordinates),best_match,"proxy: valid_time - lead_hours (historical forecast, not original run archive)",NOAA ISD via Phase 6 expanded dataset (QC=1),0.0065
42851099999,JALGAON,21.05,75.567,201.0,2023-02-09T12:00:00,2023-02-07T12:00:00,48,February_2023,34.0,29.2,197.0,21.05448,75.56345,197.0,0.0,29.2,29.2,Open-Meteo Historical Forecast API (best_match/GFS Seamless),Open-Meteo Historical Forecast API (SRTM 90m at snapped grid),Open-Meteo Elevation API (SRTM 90m at station coordinates),best_match,"proxy: valid_time - lead_hours (historical forecast, not original run archive)",NOAA ISD via Phase 6 expanded dataset (QC=1),0.0065
42851099999,JALGAON,21.05,75.567,201.0,2023-02-08T12:00:00,2023-02-08T00:00:00,12,February_2023,32.6,28.3,197.0,21.05448,75.56345,197.0,0.0,28.3,28.3,Open-Meteo Historical Forecast API (best_match/GFS Seamless),Open-Meteo Historical Forecast API (SRTM 90m at snapped grid),Open-Meteo Elevation API (SRTM 90m at station coordinates),best_match,"proxy: valid_time - lead_hours (historical forecast, not original run archive)",NOAA ISD via Phase 6 expanded dataset (QC=1),0.0065
42851099999,JALGAON,21.05,75.567,201.0,2023-02-09T12:00:00,2023-02-08T00:00:00,36,February_2023,34.0,29.2,197.0,21.05448,75.56345,197.0,0.0,29.2,29.2,Open-Meteo Historical Forecast API (best_match/GFS Seamless),Open-Meteo Historical Forecast API (SRTM 90m at snapped grid),Open-Meteo Elevation API (SRTM 90m at station coordinates),best_match,"proxy: valid_time - lead_hours (historical forecast, not original run archive)",NOAA ISD via Phase 6 expanded dataset (QC=1),0.0065
42851099999,JALGAON,21.05,75.567,201.0,2023-02-09T12:00:00,2023-02-08T12:00:00,24,February_2023,34.0,29.2,197.0,21.05448,75.56345,197.0,0.0,29.2,29.2,Open-Meteo Historical Forecast API (best_match/GFS Seamless),Open-Meteo Historical Forecast API (SRTM 90m at snapped grid),Open-Meteo Elevation API (SRTM 90m at station coordinates),best_match,"proxy: valid_time - lead_hours (historical forecast, not original run archive)",NOAA ISD via Phase 6 expanded dataset (QC=1),0.0065
42851099999,JALGAON,21.05,75.567,201.0,2023-02-10T12:00:00,2023-02-08T12:00:00,48,February_2023,35.6,30.2,197.0,21.05448,75.56345,197.0,0.0,30.2,30.2,Open-Meteo Historical Forecast API (best_match/GFS Seamless),Open-Meteo Historical Forecast API (SRTM 90m at snapped grid),Open-Meteo Elevation API (SRTM 90m at station coordinates),best_match,"proxy: valid_time - lead_hours (historical forecast, not original run archive)",NOAA ISD via Phase 6 expanded dataset (QC=1),0.0065
42851099999,JALGAON,21.05,75.567,201.0,2023-02-09T12:00:00,2023-02-09T00:00:00,12,February_2023,34.0,29.2,197.0,21.05448,75.56345,197.0,0.0,29.2,29.2,Open-Meteo Historical Forecast API (best_match/GFS Seamless),Open-Meteo Historical Forecast API (SRTM 90m at snapped grid),Open-Meteo Elevation API (SRTM 90m at station coordinates),best_match,"proxy: valid_time - lead_hours (historical forecast, not original run archive)",NOAA ISD via Phase 6 expanded dataset (QC=1),0.0065
42851099999,JALGAON,21.05,75.567,201.0,2023-02-10T12:00:00,2023-02-09T00:00:00,36,February_2023,35.6,30.2,197.0,21.05448,75.56345,197.0,0.0,30.2,30.2,Open-Meteo Historical Forecast API (best_match/GFS Seamless),Open-Meteo Historical Forecast API (SRTM 90m at snapped grid),Open-Meteo Elevation API (SRTM 90m at station coordinates),best_match,"proxy: valid_time - lead_hours (historical forecast, not original run archive)",NOAA ISD via Phase 6 expanded dataset (QC=1),0.0065
42851099999,JALGAON,21.05,75.567,201.0,2023-02-10T12:00:00,2023-02-09T12:00:00,24,February_2023,35.6,30.2,197.0,21.05448,75.56345,197.0,0.0,30.2,30.2,Open-Meteo Historical Forecast API (best_match/GFS Seamless),Open-Meteo Historical Forecast API (SRTM 90m at snapped grid),Open-Meteo Elevation API (SRTM 90m at station coordinates),best_match,"proxy: valid_time - lead_hours (historical forecast, not original run archive)",NOAA ISD via Phase 6 expanded dataset (QC=1),0.0065
42851099999,JALGAON,21.05,75.567,201.0,2023-02-10T12:00:00,2023-02-10T00:00:00,12,February_2023,35.6,30.2,197.0,21.05448,75.56345,197.0,0.0,30.2,30.2,Open-Meteo Historical Forecast API (best_match/GFS Seamless),Open-Meteo Historical Forecast API (SRTM 90m at snapped grid),Open-Meteo Elevation API (SRTM 90m at station coordinates),best_match,"proxy: valid_time - lead_hours (historical forecast, not original run archive)",NOAA ISD via Phase 6 expanded dataset (QC=1),0.0065
42851099999,JALGAON,21.05,75.567,201.0,2023-08-01T12:00:00,2023-08-01T00:00:00,12,August_2023,31.6,29.4,197.0,21.05448,75.56345,197.0,0.0,29.4,29.4,Open-Meteo Historical Forecast API (best_match/GFS Seamless),Open-Meteo Historical Forecast API (SRTM 90m at snapped grid),Open-Meteo Elevation API (SRTM 90m at station coordinates),best_match,"proxy: valid_time - lead_hours (historical forecast, not original run archive)",NOAA ISD via Phase 6 expanded dataset (QC=1),0.0065
42851099999,JALGAON,21.05,75.567,201.0,2023-08-02T12:00:00,2023-08-01T00:00:00,36,August_2023,29.8,29.1,197.0,21.05448,75.56345,197.0,0.0,29.1,29.1,Open-Meteo Historical Forecast API (best_match/GFS Seamless),Open-Meteo Historical Forecast API (SRTM 90m at snapped grid),Open-Meteo Elevation API (SRTM 90m at station coordinates),best_match,"proxy: valid_time - lead_hours (historical forecast, not original run archive)",NOAA ISD via Phase 6 expanded dataset (QC=1),0.0065
42851099999,JALGAON,21.05,75.567,201.0,2023-08-02T12:00:00,2023-08-01T12:00:00,24,August_2023,29.8,29.1,197.0,21.05448,75.56345,197.0,0.0,29.1,29.1,Open-Meteo Historical Forecast API (best_match/GFS Seamless),Open-Meteo Historical Forecast API (SRTM 90m at snapped grid),Open-Meteo Elevation API (SRTM 90m at station coordinates),best_match,"proxy: valid_time - lead_hours (historical forecast, not original run archive)",NOAA ISD via Phase 6 expanded dataset (QC=1),0.0065
42851099999,JALGAON,21.05,75.567,201.0,2023-08-03T12:00:00,2023-08-01T12:00:00,48,August_2023,27.2,26.4,197.0,21.05448,75.56345,197.0,0.0,26.4,26.4,Open-Meteo Historical Forecast API (best_match/GFS Seamless),Open-Meteo Historical Forecast API (SRTM 90m at snapped grid),Open-Meteo Elevation API (SRTM 90m at station coordinates),best_match,"proxy: valid_time - lead_hours (historical forecast, not original run archive)",NOAA ISD via Phase 6 expanded dataset (QC=1),0.0065
42851099999,JALGAON,21.05,75.567,201.0,2023-08-02T12:00:00,2023-08-02T00:00:00,12,August_2023,29.8,29.1,197.0,21.05448,75.56345,197.0,0.0,29.1,29.1,Open-Meteo Historical Forecast API (best_match/GFS Seamless),Open-Meteo Historical Forecast API (SRTM 90m at snapped grid),Open-Meteo Elevation API (SRTM 90m at station coordinates),best_match,"proxy: valid_time - lead_hours (historical forecast, not original run archive)",NOAA ISD via Phase 6 expanded dataset (QC=1),0.0065
42851099999,JALGAON,21.05,75.567,201.0,2023-08-03T12:00:00,2023-08-02T00:00:00,36,August_2023,27.2,26.4,197.0,21.05448,75.56345,197.0,0.0,26.4,26.4,Open-Meteo Historical Forecast API (best_match/GFS Seamless),Open-Meteo Historical Forecast API (SRTM 90m at snapped grid),Open-Meteo Elevation API (SRTM 90m at station coordinates),best_match,"proxy: valid_time - lead_hours (historical forecast, not original run archive)",NOAA ISD via Phase 6 expanded dataset (QC=1),0.0065
42851099999,JALGAON,21.05,75.567,201.0,2023-08-03T12:00:00,2023-08-02T12:00:00,24,August_2023,27.2,26.4,197.0,21.05448,75.56345,197.0,0.0,26.4,26.4,Open-Meteo Historical Forecast API (best_match/GFS Seamless),Open-Meteo Historical Forecast API (SRTM 90m at snapped grid),Open-Meteo Elevation API (SRTM 90m at station coordinates),best_match,"proxy: valid_time - lead_hours (historical forecast, not original run archive)",NOAA ISD via Phase 6 expanded dataset (QC=1),0.0065
42851099999,JALGAON,21.05,75.567,201.0,2023-08-04T12:00:00,2023-08-02T12:00:00,48,August_2023,28.0,27.3,197.0,21.05448,75.56345,197.0,0.0,27.3,27.3,Open-Meteo Historical Forecast API (best_match/GFS Seamless),Open-Meteo Historical Forecast API (SRTM 90m at snapped grid),Open-Meteo Elevation API (SRTM 90m at station coordinates),best_match,"proxy: valid_time - lead_hours (historical forecast, not original run archive)",NOAA ISD via Phase 6 expanded dataset (QC=1),0.0065
42851099999,JALGAON,21.05,75.567,201.0,2023-08-03T12:00:00,2023-08-03T00:00:00,12,August_2023,27.2,26.4,197.0,21.05448,75.56345,197.0,0.0,26.4,26.4,Open-Meteo Historical Forecast API (best_match/GFS Seamless),Open-Meteo Historical Forecast API (SRTM 90m at snapped grid),Open-Meteo Elevation API (SRTM 90m at station coordinates),best_match,"proxy: valid_time - lead_hours (historical forecast, not original run archive)",NOAA ISD via Phase 6 expanded dataset (QC=1),0.0065
42851099999,JALGAON,21.05,75.567,201.0,2023-08-04T12:00:00,2023-08-03T00:00:00,36,August_2023,28.0,27.3,197.0,21.05448,75.56345,197.0,0.0,27.3,27.3,Open-Meteo Historical Forecast API (best_match/GFS Seamless),Open-Meteo Historical Forecast API (SRTM 90m at snapped grid),Open-Meteo Elevation API (SRTM 90m at station coordinates),best_match,"proxy: valid_time - lead_hours (historical forecast, not original run archive)",NOAA ISD via Phase 6 expanded dataset (QC=1),0.0065
42851099999,JALGAON,21.05,75.567,201.0,2023-08-04T12:00:00,2023-08-03T12:00:00,24,August_2023,28.0,27.3,197.0,21.05448,75.56345,197.0,0.0,27.3,27.3,Open-Meteo Historical Forecast API (best_match/GFS Seamless),Open-Meteo Historical Forecast API (SRTM 90m at snapped grid),Open-Meteo Elevation API (SRTM 90m at station coordinates),best_match,"proxy: valid_time - lead_hours (historical forecast, not original run archive)",NOAA ISD via Phase 6 expanded dataset (QC=1),0.0065
42851099999,JALGAON,21.05,75.567,201.0,2023-08-05T12:00:00,2023-08-03T12:00:00,48,August_2023,26.8,27.6,197.0,21.05448,75.56345,197.0,0.0,27.6,27.6,Open-Meteo Historical Forecast API (best_match/GFS Seamless),Open-Meteo Historical Forecast API (SRTM 90m at snapped grid),Open-Meteo Elevation API (SRTM 90m at station coordinates),best_match,"proxy: valid_time - lead_hours (historical forecast, not original run archive)",NOAA ISD via Phase 6 expanded dataset (QC=1),0.0065
42851099999,JALGAON,21.05,75.567,201.0,2023-08-04T12:00:00,2023-08-04T00:00:00,12,August_2023,28.0,27.3,197.0,21.05448,75.56345,197.0,0.0,27.3,27.3,Open-Meteo Historical Forecast API (best_match/GFS Seamless),Open-Meteo Historical Forecast API (SRTM 90m at snapped grid),Open-Meteo Elevation API (SRTM 90m at station coordinates),best_match,"proxy: valid_time - lead_hours (historical forecast, not original run archive)",NOAA ISD via Phase 6 expanded dataset (QC=1),0.0065
42851099999,JALGAON,21.05,75.567,201.0,2023-08-05T12:00:00,2023-08-04T00:00:00,36,August_2023,26.8,27.6,197.0,21.05448,75.56345,197.0,0.0,27.6,27.6,Open-Meteo Historical Forecast API (best_match/GFS Seamless),Open-Meteo Historical Forecast API (SRTM 90m at snapped grid),Open-Meteo Elevation API (SRTM 90m at station coordinates),best_match,"proxy: valid_time - lead_hours (historical forecast, not original run archive)",NOAA ISD via Phase 6 expanded dataset (QC=1),0.0065
42851099999,JALGAON,21.05,75.567,201.0,2023-08-05T12:00:00,2023-08-04T12:00:00,24,August_2023,26.8,27.6,197.0,21.05448,75.56345,197.0,0.0,27.6,27.6,Open-Meteo Historical Forecast API (best_match/GFS Seamless),Open-Meteo Historical Forecast API (SRTM 90m at snapped grid),Open-Meteo Elevation API (SRTM 90m at station coordinates),best_match,"proxy: valid_time - lead_hours (historical forecast, not original run archive)",NOAA ISD via Phase 6 expanded dataset (QC=1),0.0065
42851099999,JALGAON,21.05,75.567,201.0,2023-08-06T12:00:00,2023-08-04T12:00:00,48,August_2023,29.4,28.9,197.0,21.05448,75.56345,197.0,0.0,28.9,28.9,Open-Meteo Historical Forecast API (best_match/GFS Seamless),Open-Meteo Historical Forecast API (SRTM 90m at snapped grid),Open-Meteo Elevation API (SRTM 90m at station coordinates),best_match,"proxy: valid_time - lead_hours (historical forecast, not original run archive)",NOAA ISD via Phase 6 expanded dataset (QC=1),0.0065
42851099999,JALGAON,21.05,75.567,201.0,2023-08-05T12:00:00,2023-08-05T00:00:00,12,August_2023,26.8,27.6,197.0,21.05448,75.56345,197.0,0.0,27.6,27.6,Open-Meteo Historical Forecast API (best_match/GFS Seamless),Open-Meteo Historical Forecast API (SRTM 90m at snapped grid),Open-Meteo Elevation API (SRTM 90m at station coordinates),best_match,"proxy: valid_time - lead_hours (historical forecast, not original run archive)",NOAA ISD via Phase 6 expanded dataset (QC=1),0.0065
42851099999,JALGAON,21.05,75.567,201.0,2023-08-06T12:00:00,2023-08-05T00:00:00,36,August_2023,29.4,28.9,197.0,21.05448,75.56345,197.0,0.0,28.9,28.9,Open-Meteo Historical Forecast API (best_match/GFS Seamless),Open-Meteo Historical Forecast API (SRTM 90m at snapped grid),Open-Meteo Elevation API (SRTM 90m at station coordinates),best_match,"proxy: valid_time - lead_hours (historical forecast, not original run archive)",NOAA ISD via Phase 6 expanded dataset (QC=1),0.0065
42851099999,JALGAON,21.05,75.567,201.0,2023-08-06T12:00:00,2023-08-05T12:00:00,24,August_2023,29.4,28.9,197.0,21.05448,75.56345,197.0,0.0,28.9,28.9,Open-Meteo Historical Forecast API (best_match/GFS Seamless),Open-Meteo Historical Forecast API (SRTM 90m at snapped grid),Open-Meteo Elevation API (SRTM 90m at station coordinates),best_match,"proxy: valid_time - lead_hours (historical forecast, not original run archive)",NOAA ISD via Phase 6 expanded dataset (QC=1),0.0065
42851099999,JALGAON,21.05,75.567,201.0,2023-08-07T12:00:00,2023-08-05T12:00:00,48,August_2023,30.0,28.8,197.0,21.05448,75.56345,197.0,0.0,28.8,28.8,Open-Meteo Historical Forecast API (best_match/GFS Seamless),Open-Meteo Historical Forecast API (SRTM 90m at snapped grid),Open-Meteo Elevation API (SRTM 90m at station coordinates),best_match,"proxy: valid_time - lead_hours (historical forecast, not original run archive)",NOAA ISD via Phase 6 expanded dataset (QC=1),0.0065
42851099999,JALGAON,21.05,75.567,201.0,2023-08-06T12:00:00,2023-08-06T00:00:00,12,August_2023,29.4,28.9,197.0,21.05448,75.56345,197.0,0.0,28.9,28.9,Open-Meteo Historical Forecast API (best_match/GFS Seamless),Open-Meteo Historical Forecast API (SRTM 90m at snapped grid),Open-Meteo Elevation API (SRTM 90m at station coordinates),best_match,"proxy: valid_time - lead_hours (historical forecast, not original run archive)",NOAA ISD via Phase 6 expanded dataset (QC=1),0.0065
42851099999,JALGAON,21.05,75.567,201.0,2023-08-07T12:00:00,2023-08-06T00:00:00,36,August_2023,30.0,28.8,197.0,21.05448,75.56345,197.0,0.0,28.8,28.8,Open-Meteo Historical Forecast API (best_match/GFS Seamless),Open-Meteo Historical Forecast API (SRTM 90m at snapped grid),Open-Meteo Elevation API (SRTM 90m at station coordinates),best_match,"proxy: valid_time - lead_hours (historical forecast, not original run archive)",NOAA ISD via Phase 6 expanded dataset (QC=1),0.0065
42851099999,JALGAON,21.05,75.567,201.0,2023-08-07T12:00:00,2023-08-06T12:00:00,24,August_2023,30.0,28.8,197.0,21.05448,75.56345,197.0,0.0,28.8,28.8,Open-Meteo Historical Forecast API (best_match/GFS Seamless),Open-Meteo Historical Forecast API (SRTM 90m at snapped grid),Open-Meteo Elevation API (SRTM 90m at station coordinates),best_match,"proxy: valid_time - lead_hours (historical forecast, not original run archive)",NOAA ISD via Phase 6 expanded dataset (QC=1),0.0065
42851099999,JALGAON,21.05,75.567,201.0,2023-08-08T12:00:00,2023-08-06T12:00:00,48,August_2023,30.0,29.2,197.0,21.05448,75.56345,197.0,0.0,29.2,29.2,Open-Meteo Historical Forecast API (best_match/GFS Seamless),Open-Meteo Historical Forecast API (SRTM 90m at snapped grid),Open-Meteo Elevation API (SRTM 90m at station coordinates),best_match,"proxy: valid_time - lead_hours (historical forecast, not original run archive)",NOAA ISD via Phase 6 expanded dataset (QC=1),0.0065
42851099999,JALGAON,21.05,75.567,201.0,2023-08-07T12:00:00,2023-08-07T00:00:00,12,August_2023,30.0,28.8,197.0,21.05448,75.56345,197.0,0.0,28.8,28.8,Open-Meteo Historical Forecast API (best_match/GFS Seamless),Open-Meteo Historical Forecast API (SRTM 90m at snapped grid),Open-Meteo Elevation API (SRTM 90m at station coordinates),best_match,"proxy: valid_time - lead_hours (historical forecast, not original run archive)",NOAA ISD via Phase 6 expanded dataset (QC=1),0.0065
42851099999,JALGAON,21.05,75.567,201.0,2023-08-08T12:00:00,2023-08-07T00:00:00,36,August_2023,30.0,29.2,197.0,21.05448,75.56345,197.0,0.0,29.2,29.2,Open-Meteo Historical Forecast API (best_match/GFS Seamless),Open-Meteo Historical Forecast API (SRTM 90m at snapped grid),Open-Meteo Elevation API (SRTM 90m at station coordinates),best_match,"proxy: valid_time - lead_hours (historical forecast, not original run archive)",NOAA ISD via Phase 6 expanded dataset (QC=1),0.0065
42851099999,JALGAON,21.05,75.567,201.0,2023-08-08T12:00:00,2023-08-07T12:00:00,24,August_2023,30.0,29.2,197.0,21.05448,75.56345,197.0,0.0,29.2,29.2,Open-Meteo Historical Forecast API (best_match/GFS Seamless),Open-Meteo Historical Forecast API (SRTM 90m at snapped grid),Open-Meteo Elevation API (SRTM 90m at station coordinates),best_match,"proxy: valid_time - lead_hours (historical forecast, not original run archive)",NOAA ISD via Phase 6 expanded dataset (QC=1),0.0065
42851099999,JALGAON,21.05,75.567,201.0,2023-08-09T12:00:00,2023-08-07T12:00:00,48,August_2023,30.4,29.7,197.0,21.05448,75.56345,197.0,0.0,29.7,29.7,Open-Meteo Historical Forecast API (best_match/GFS Seamless),Open-Meteo Historical Forecast API (SRTM 90m at snapped grid),Open-Meteo Elevation API (SRTM 90m at station coordinates),best_match,"proxy: valid_time - lead_hours (historical forecast, not original run archive)",NOAA ISD via Phase 6 expanded dataset (QC=1),0.0065
42851099999,JALGAON,21.05,75.567,201.0,2023-08-08T12:00:00,2023-08-08T00:00:00,12,August_2023,30.0,29.2,197.0,21.05448,75.56345,197.0,0.0,29.2,29.2,Open-Meteo Historical Forecast API (best_match/GFS Seamless),Open-Meteo Historical Forecast API (SRTM 90m at snapped grid),Open-Meteo Elevation API (SRTM 90m at station coordinates),best_match,"proxy: valid_time - lead_hours (historical forecast, not original run archive)",NOAA ISD via Phase 6 expanded dataset (QC=1),0.0065
42851099999,JALGAON,21.05,75.567,201.0,2023-08-09T12:00:00,2023-08-08T00:00:00,36,August_2023,30.4,29.7,197.0,21.05448,75.56345,197.0,0.0,29.7,29.7,Open-Meteo Historical Forecast API (best_match/GFS Seamless),Open-Meteo Historical Forecast API (SRTM 90m at snapped grid),Open-Meteo Elevation API (SRTM 90m at station coordinates),best_match,"proxy: valid_time - lead_hours (historical forecast, not original run archive)",NOAA ISD via Phase 6 expanded dataset (QC=1),0.0065
42851099999,JALGAON,21.05,75.567,201.0,2023-08-09T12:00:00,2023-08-08T12:00:00,24,August_2023,30.4,29.7,197.0,21.05448,75.56345,197.0,0.0,29.7,29.7,Open-Meteo Historical Forecast API (best_match/GFS Seamless),Open-Meteo Historical Forecast API (SRTM 90m at snapped grid),Open-Meteo Elevation API (SRTM 90m at station coordinates),best_match,"proxy: valid_time - lead_hours (historical forecast, not original run archive)",NOAA ISD via Phase 6 expanded dataset (QC=1),0.0065
42851099999,JALGAON,21.05,75.567,201.0,2023-08-10T12:00:00,2023-08-08T12:00:00,48,August_2023,27.6,29.3,197.0,21.05448,75.56345,197.0,0.0,29.3,29.3,Open-Meteo Historical Forecast API (best_match/GFS Seamless),Open-Meteo Historical Forecast API (SRTM 90m at snapped grid),Open-Meteo Elevation API (SRTM 90m at station coordinates),best_match,"proxy: valid_time - lead_hours (historical forecast, not original run archive)",NOAA ISD via Phase 6 expanded dataset (QC=1),0.0065
42851099999,JALGAON,21.05,75.567,201.0,2023-08-09T12:00:00,2023-08-09T00:00:00,12,August_2023,30.4,29.7,197.0,21.05448,75.56345,197.0,0.0,29.7,29.7,Open-Meteo Historical Forecast API (best_match/GFS Seamless),Open-Meteo Historical Forecast API (SRTM 90m at snapped grid),Open-Meteo Elevation API (SRTM 90m at station coordinates),best_match,"proxy: valid_time - lead_hours (historical forecast, not original run archive)",NOAA ISD via Phase 6 expanded dataset (QC=1),0.0065
42851099999,JALGAON,21.05,75.567,201.0,2023-08-10T12:00:00,2023-08-09T00:00:00,36,August_2023,27.6,29.3,197.0,21.05448,75.56345,197.0,0.0,29.3,29.3,Open-Meteo Historical Forecast API (best_match/GFS Seamless),Open-Meteo Historical Forecast API (SRTM 90m at snapped grid),Open-Meteo Elevation API (SRTM 90m at station coordinates),best_match,"proxy: valid_time - lead_hours (historical forecast, not original run archive)",NOAA ISD via Phase 6 expanded dataset (QC=1),0.0065
42851099999,JALGAON,21.05,75.567,201.0,2023-08-10T12:00:00,2023-08-09T12:00:00,24,August_2023,27.6,29.3,197.0,21.05448,75.56345,197.0,0.0,29.3,29.3,Open-Meteo Historical Forecast API (best_match/GFS Seamless),Open-Meteo Historical Forecast API (SRTM 90m at snapped grid),Open-Meteo Elevation API (SRTM 90m at station coordinates),best_match,"proxy: valid_time - lead_hours (historical forecast, not original run archive)",NOAA ISD via Phase 6 expanded dataset (QC=1),0.0065
42851099999,JALGAON,21.05,75.567,201.0,2023-08-10T12:00:00,2023-08-10T00:00:00,12,August_2023,27.6,29.3,197.0,21.05448,75.56345,197.0,0.0,29.3,29.3,Open-Meteo Historical Forecast API (best_match/GFS Seamless),Open-Meteo Historical Forecast API (SRTM 90m at snapped grid),Open-Meteo Elevation API (SRTM 90m at station coordinates),best_match,"proxy: valid_time - lead_hours (historical forecast, not original run archive)",NOAA ISD via Phase 6 expanded dataset (QC=1),0.0065
42871099999,GONDIA ARPT/BIRSI,21.524,80.288,300.8,2023-02-01T12:00:00,2023-02-01T00:00:00,12,February_2023,27.0,26.5,302.0,21.546572,80.2454,302.0,0.0,26.5,26.5,Open-Meteo Historical Forecast API (best_match/GFS Seamless),Open-Meteo Historical Forecast API (SRTM 90m at snapped grid),Open-Meteo Elevation API (SRTM 90m at station coordinates),best_match,"proxy: valid_time - lead_hours (historical forecast, not original run archive)",NOAA ISD via Phase 6 expanded dataset (QC=1),0.0065
42871099999,GONDIA ARPT/BIRSI,21.524,80.288,300.8,2023-02-02T12:00:00,2023-02-01T00:00:00,36,February_2023,27.0,25.9,302.0,21.546572,80.2454,302.0,0.0,25.9,25.9,Open-Meteo Historical Forecast API (best_match/GFS Seamless),Open-Meteo Historical Forecast API (SRTM 90m at snapped grid),Open-Meteo Elevation API (SRTM 90m at station coordinates),best_match,"proxy: valid_time - lead_hours (historical forecast, not original run archive)",NOAA ISD via Phase 6 expanded dataset (QC=1),0.0065
42871099999,GONDIA ARPT/BIRSI,21.524,80.288,300.8,2023-02-02T12:00:00,2023-02-01T12:00:00,24,February_2023,27.0,25.9,302.0,21.546572,80.2454,302.0,0.0,25.9,25.9,Open-Meteo Historical Forecast API (best_match/GFS Seamless),Open-Meteo Historical Forecast API (SRTM 90m at snapped grid),Open-Meteo Elevation API (SRTM 90m at station coordinates),best_match,"proxy: valid_time - lead_hours (historical forecast, not original run archive)",NOAA ISD via Phase 6 expanded dataset (QC=1),0.0065
42871099999,GONDIA ARPT/BIRSI,21.524,80.288,300.8,2023-02-03T12:00:00,2023-02-01T12:00:00,48,February_2023,29.4,26.0,302.0,21.546572,80.2454,302.0,0.0,26.0,26.0,Open-Meteo Historical Forecast API (best_match/GFS Seamless),Open-Meteo Historical Forecast API (SRTM 90m at snapped grid),Open-Meteo Elevation API (SRTM 90m at station coordinates),best_match,"proxy: valid_time - lead_hours (historical forecast, not original run archive)",NOAA ISD via Phase 6 expanded dataset (QC=1),0.0065
42871099999,GONDIA ARPT/BIRSI,21.524,80.288,300.8,2023-02-02T12:00:00,2023-02-02T00:00:00,12,February_2023,27.0,25.9,302.0,21.546572,80.2454,302.0,0.0,25.9,25.9,Open-Meteo Historical Forecast API (best_match/GFS Seamless),Open-Meteo Historical Forecast API (SRTM 90m at snapped grid),Open-Meteo Elevation API (SRTM 90m at station coordinates),best_match,"proxy: valid_time - lead_hours (historical forecast, not original run archive)",NOAA ISD via Phase 6 expanded dataset (QC=1),0.0065
42871099999,GONDIA ARPT/BIRSI,21.524,80.288,300.8,2023-02-03T12:00:00,2023-02-02T00:00:00,36,February_2023,29.4,26.0,302.0,21.546572,80.2454,302.0,0.0,26.0,26.0,Open-Meteo Historical Forecast API (best_match/GFS Seamless),Open-Meteo Historical Forecast API (SRTM 90m at snapped grid),Open-Meteo Elevation API (SRTM 90m at station coordinates),best_match,"proxy: valid_time - lead_hours (historical forecast, not original run archive)",NOAA ISD via Phase 6 expanded dataset (QC=1),0.0065
42871099999,GONDIA ARPT/BIRSI,21.524,80.288,300.8,2023-02-03T12:00:00,2023-02-02T12:00:00,24,February_2023,29.4,26.0,302.0,21.546572,80.2454,302.0,0.0,26.0,26.0,Open-Meteo Historical Forecast API (best_match/GFS Seamless),Open-Meteo Historical Forecast API (SRTM 90m at snapped grid),Open-Meteo Elevation API (SRTM 90m at station coordinates),best_match,"proxy: valid_time - lead_hours (historical forecast, not original run archive)",NOAA ISD via Phase 6 expanded dataset (QC=1),0.0065
42871099999,GONDIA ARPT/BIRSI,21.524,80.288,300.8,2023-02-04T12:00:00,2023-02-02T12:00:00,48,February_2023,29.0,26.2,302.0,21.546572,80.2454,302.0,0.0,26.2,26.2,Open-Meteo Historical Forecast API (best_match/GFS Seamless),Open-Meteo Historical Forecast API (SRTM 90m at snapped grid),Open-Meteo Elevation API (SRTM 90m at station coordinates),best_match,"proxy: valid_time - lead_hours (historical forecast, not original run archive)",NOAA ISD via Phase 6 expanded dataset (QC=1),0.0065
42871099999,GONDIA ARPT/BIRSI,21.524,80.288,300.8,2023-02-03T12:00:00,2023-02-03T00:00:00,12,February_2023,29.4,26.0,302.0,21.546572,80.2454,302.0,0.0,26.0,26.0,Open-Meteo Historical Forecast API (best_match/GFS Seamless),Open-Meteo Historical Forecast API (SRTM 90m at snapped grid),Open-Meteo Elevation API (SRTM 90m at station coordinates),best_match,"proxy: valid_time - lead_hours (historical forecast, not original run archive)",NOAA ISD via Phase 6 expanded dataset (QC=1),0.0065
42871099999,GONDIA ARPT/BIRSI,21.524,80.288,300.8,2023-02-04T12:00:00,2023-02-03T00:00:00,36,February_2023,29.0,26.2,302.0,21.546572,80.2454,302.0,0.0,26.2,26.2,Open-Meteo Historical Forecast API (best_match/GFS Seamless),Open-Meteo Historical Forecast API (SRTM 90m at snapped grid),Open-Meteo Elevation API (SRTM 90m at station coordinates),best_match,"proxy: valid_time - lead_hours (historical forecast, not original run archive)",NOAA ISD via Phase 6 expanded dataset (QC=1),0.0065
42871099999,GONDIA ARPT/BIRSI,21.524,80.288,300.8,2023-02-04T12:00:00,2023-02-03T12:00:00,24,February_2023,29.0,26.2,302.0,21.546572,80.2454,302.0,0.0,26.2,26.2,Open-Meteo Historical Forecast API (best_match/GFS Seamless),Open-Meteo Historical Forecast API (SRTM 90m at snapped grid),Open-Meteo Elevation API (SRTM 90m at station coordinates),best_match,"proxy: valid_time - lead_hours (historical forecast, not original run archive)",NOAA ISD via Phase 6 expanded dataset (QC=1),0.0065
42871099999,GONDIA ARPT/BIRSI,21.524,80.288,300.8,2023-02-05T12:00:00,2023-02-03T12:00:00,48,February_2023,30.0,26.2,302.0,21.546572,80.2454,302.0,0.0,26.2,26.2,Open-Meteo Historical Forecast API (best_match/GFS Seamless),Open-Meteo Historical Forecast API (SRTM 90m at snapped grid),Open-Meteo Elevation API (SRTM 90m at station coordinates),best_match,"proxy: valid_time - lead_hours (historical forecast, not original run archive)",NOAA ISD via Phase 6 expanded dataset (QC=1),0.0065
42871099999,GONDIA ARPT/BIRSI,21.524,80.288,300.8,2023-02-04T12:00:00,2023-02-04T00:00:00,12,February_2023,29.0,26.2,302.0,21.546572,80.2454,302.0,0.0,26.2,26.2,Open-Meteo Historical Forecast API (best_match/GFS Seamless),Open-Meteo Historical Forecast API (SRTM 90m at snapped grid),Open-Meteo Elevation API (SRTM 90m at station coordinates),best_match,"proxy: valid_time - lead_hours (historical forecast, not original run archive)",NOAA ISD via Phase 6 expanded dataset (QC=1),0.0065
42871099999,GONDIA ARPT/BIRSI,21.524,80.288,300.8,2023-02-05T12:00:00,2023-02-04T00:00:00,36,February_2023,30.0,26.2,302.0,21.546572,80.2454,302.0,0.0,26.2,26.2,Open-Meteo Historical Forecast API (best_match/GFS Seamless),Open-Meteo Historical Forecast API (SRTM 90m at snapped grid),Open-Meteo Elevation API (SRTM 90m at station coordinates),best_match,"proxy: valid_time - lead_hours (historical forecast, not original run archive)",NOAA ISD via Phase 6 expanded dataset (QC=1),0.0065
42871099999,GONDIA ARPT/BIRSI,21.524,80.288,300.8,2023-02-05T12:00:00,2023-02-04T12:00:00,24,February_2023,30.0,26.2,302.0,21.546572,80.2454,302.0,0.0,26.2,26.2,Open-Meteo Historical Forecast API (best_match/GFS Seamless),Open-Meteo Historical Forecast API (SRTM 90m at snapped grid),Open-Meteo Elevation API (SRTM 90m at station coordinates),best_match,"proxy: valid_time - lead_hours (historical forecast, not original run archive)",NOAA ISD via Phase 6 expanded dataset (QC=1),0.0065
42871099999,GONDIA ARPT/BIRSI,21.524,80.288,300.8,2023-02-06T12:00:00,2023-02-04T12:00:00,48,February_2023,30.2,27.2,302.0,21.546572,80.2454,302.0,0.0,27.2,27.2,Open-Meteo Historical Forecast API (best_match/GFS Seamless),Open-Meteo Historical Forecast API (SRTM 90m at snapped grid),Open-Meteo Elevation API (SRTM 90m at station coordinates),best_match,"proxy: valid_time - lead_hours (historical forecast, not original run archive)",NOAA ISD via Phase 6 expanded dataset (QC=1),0.0065
42871099999,GONDIA ARPT/BIRSI,21.524,80.288,300.8,2023-02-05T12:00:00,2023-02-05T00:00:00,12,February_2023,30.0,26.2,302.0,21.546572,80.2454,302.0,0.0,26.2,26.2,Open-Meteo Historical Forecast API (best_match/GFS Seamless),Open-Meteo Historical Forecast API (SRTM 90m at snapped grid),Open-Meteo Elevation API (SRTM 90m at station coordinates),best_match,"proxy: valid_time - lead_hours (historical forecast, not original run archive)",NOAA ISD via Phase 6 expanded dataset (QC=1),0.0065
42871099999,GONDIA ARPT/BIRSI,21.524,80.288,300.8,2023-02-06T12:00:00,2023-02-05T00:00:00,36,February_2023,30.2,27.2,302.0,21.546572,80.2454,302.0,0.0,27.2,27.2,Open-Meteo Historical Forecast API (best_match/GFS Seamless),Open-Meteo Historical Forecast API (SRTM 90m at snapped grid),Open-Meteo Elevation API (SRTM 90m at station coordinates),best_match,"proxy: valid_time - lead_hours (historical forecast, not original run archive)",NOAA ISD via Phase 6 expanded dataset (QC=1),0.0065
42871099999,GONDIA ARPT/BIRSI,21.524,80.288,300.8,2023-02-06T12:00:00,2023-02-05T12:00:00,24,February_2023,30.2,27.2,302.0,21.546572,80.2454,302.0,0.0,27.2,27.2,Open-Meteo Historical Forecast API (best_match/GFS Seamless),Open-Meteo Historical Forecast API (SRTM 90m at snapped grid),Open-Meteo Elevation API (SRTM 90m at station coordinates),best_match,"proxy: valid_time - lead_hours (historical forecast, not original run archive)",NOAA ISD via Phase 6 expanded dataset (QC=1),0.0065
42871099999,GONDIA ARPT/BIRSI,21.524,80.288,300.8,2023-02-07T12:00:00,2023-02-05T12:00:00,48,February_2023,30.2,28.3,302.0,21.546572,80.2454,302.0,0.0,28.3,28.3,Open-Meteo Historical Forecast API (best_match/GFS Seamless),Open-Meteo Historical Forecast API (SRTM 90m at snapped grid),Open-Meteo Elevation API (SRTM 90m at station coordinates),best_match,"proxy: valid_time - lead_hours (historical forecast, not original run archive)",NOAA ISD via Phase 6 expanded dataset (QC=1),0.0065
42871099999,GONDIA ARPT/BIRSI,21.524,80.288,300.8,2023-02-06T12:00:00,2023-02-06T00:00:00,12,February_2023,30.2,27.2,302.0,21.546572,80.2454,302.0,0.0,27.2,27.2,Open-Meteo Historical Forecast API (best_match/GFS Seamless),Open-Meteo Historical Forecast API (SRTM 90m at snapped grid),Open-Meteo Elevation API (SRTM 90m at station coordinates),best_match,"proxy: valid_time - lead_hours (historical forecast, not original run archive)",NOAA ISD via Phase 6 expanded dataset (QC=1),0.0065
42871099999,GONDIA ARPT/BIRSI,21.524,80.288,300.8,2023-02-07T12:00:00,2023-02-06T00:00:00,36,February_2023,30.2,28.3,302.0,21.546572,80.2454,302.0,0.0,28.3,28.3,Open-Meteo Historical Forecast API (best_match/GFS Seamless),Open-Meteo Historical Forecast API (SRTM 90m at snapped grid),Open-Meteo Elevation API (SRTM 90m at station coordinates),best_match,"proxy: valid_time - lead_hours (historical forecast, not original run archive)",NOAA ISD via Phase 6 expanded dataset (QC=1),0.0065
42871099999,GONDIA ARPT/BIRSI,21.524,80.288,300.8,2023-02-07T12:00:00,2023-02-06T12:00:00,24,February_2023,30.2,28.3,302.0,21.546572,80.2454,302.0,0.0,28.3,28.3,Open-Meteo Historical Forecast API (best_match/GFS Seamless),Open-Meteo Historical Forecast API (SRTM 90m at snapped grid),Open-Meteo Elevation API (SRTM 90m at station coordinates),best_match,"proxy: valid_time - lead_hours (historical forecast, not original run archive)",NOAA ISD via Phase 6 expanded dataset (QC=1),0.0065
42871099999,GONDIA ARPT/BIRSI,21.524,80.288,300.8,2023-02-08T12:00:00,2023-02-06T12:00:00,48,February_2023,28.6,28.1,302.0,21.546572,80.2454,302.0,0.0,28.1,28.1,Open-Meteo Historical Forecast API (best_match/GFS Seamless),Open-Meteo Historical Forecast API (SRTM 90m at snapped grid),Open-Meteo Elevation API (SRTM 90m at station coordinates),best_match,"proxy: valid_time - lead_hours (historical forecast, not original run archive)",NOAA ISD via Phase 6 expanded dataset (QC=1),0.0065
42871099999,GONDIA ARPT/BIRSI,21.524,80.288,300.8,2023-02-07T12:00:00,2023-02-07T00:00:00,12,February_2023,30.2,28.3,302.0,21.546572,80.2454,302.0,0.0,28.3,28.3,Open-Meteo Historical Forecast API (best_match/GFS Seamless),Open-Meteo Historical Forecast API (SRTM 90m at snapped grid),Open-Meteo Elevation API (SRTM 90m at station coordinates),best_match,"proxy: valid_time - lead_hours (historical forecast, not original run archive)",NOAA ISD via Phase 6 expanded dataset (QC=1),0.0065
42871099999,GONDIA ARPT/BIRSI,21.524,80.288,300.8,2023-02-08T12:00:00,2023-02-07T00:00:00,36,February_2023,28.6,28.1,302.0,21.546572,80.2454,302.0,0.0,28.1,28.1,Open-Meteo Historical Forecast API (best_match/GFS Seamless),Open-Meteo Historical Forecast API (SRTM 90m at snapped grid),Open-Meteo Elevation API (SRTM 90m at station coordinates),best_match,"proxy: valid_time - lead_hours (historical forecast, not original run archive)",NOAA ISD via Phase 6 expanded dataset (QC=1),0.0065
42871099999,GONDIA ARPT/BIRSI,21.524,80.288,300.8,2023-02-08T12:00:00,2023-02-07T12:00:00,24,February_2023,28.6,28.1,302.0,21.546572,80.2454,302.0,0.0,28.1,28.1,Open-Meteo Historical Forecast API (best_match/GFS Seamless),Open-Meteo Historical Forecast API (SRTM 90m at snapped grid),Open-Meteo Elevation API (SRTM 90m at station coordinates),best_match,"proxy: valid_time - lead_hours (historical forecast, not original run archive)",NOAA ISD via Phase 6 expanded dataset (QC=1),0.0065
42871099999,GONDIA ARPT/BIRSI,21.524,80.288,300.8,2023-02-09T12:00:00,2023-02-07T12:00:00,48,February_2023,29.0,27.8,302.0,21.546572,80.2454,302.0,0.0,27.8,27.8,Open-Meteo Historical Forecast API (best_match/GFS Seamless),Open-Meteo Historical Forecast API (SRTM 90m at snapped grid),Open-Meteo Elevation API (SRTM 90m at station coordinates),best_match,"proxy: valid_time - lead_hours (historical forecast, not original run archive)",NOAA ISD via Phase 6 expanded dataset (QC=1),0.0065
42871099999,GONDIA ARPT/BIRSI,21.524,80.288,300.8,2023-02-08T12:00:00,2023-02-08T00:00:00,12,February_2023,28.6,28.1,302.0,21.546572,80.2454,302.0,0.0,28.1,28.1,Open-Meteo Historical Forecast API (best_match/GFS Seamless),Open-Meteo Historical Forecast API (SRTM 90m at snapped grid),Open-Meteo Elevation API (SRTM 90m at station coordinates),best_match,"proxy: valid_time - lead_hours (historical forecast, not original run archive)",NOAA ISD via Phase 6 expanded dataset (QC=1),0.0065
42871099999,GONDIA ARPT/BIRSI,21.524,80.288,300.8,2023-02-09T12:00:00,2023-02-08T00:00:00,36,February_2023,29.0,27.8,302.0,21.546572,80.2454,302.0,0.0,27.8,27.8,Open-Meteo Historical Forecast API (best_match/GFS Seamless),Open-Meteo Historical Forecast API (SRTM 90m at snapped grid),Open-Meteo Elevation API (SRTM 90m at station coordinates),best_match,"proxy: valid_time - lead_hours (historical forecast, not original run archive)",NOAA ISD via Phase 6 expanded dataset (QC=1),0.0065
42871099999,GONDIA ARPT/BIRSI,21.524,80.288,300.8,2023-02-09T12:00:00,2023-02-08T12:00:00,24,February_2023,29.0,27.8,302.0,21.546572,80.2454,302.0,0.0,27.8,27.8,Open-Meteo Historical Forecast API (best_match/GFS Seamless),Open-Meteo Historical Forecast API (SRTM 90m at snapped grid),Open-Meteo Elevation API (SRTM 90m at station coordinates),best_match,"proxy: valid_time - lead_hours (historical forecast, not original run archive)",NOAA ISD via Phase 6 expanded dataset (QC=1),0.0065
42871099999,GONDIA ARPT/BIRSI,21.524,80.288,300.8,2023-02-10T12:00:00,2023-02-08T12:00:00,48,February_2023,32.0,29.2,302.0,21.546572,80.2454,302.0,0.0,29.2,29.2,Open-Meteo Historical Forecast API (best_match/GFS Seamless),Open-Meteo Historical Forecast API (SRTM 90m at snapped grid),Open-Meteo Elevation API (SRTM 90m at station coordinates),best_match,"proxy: valid_time - lead_hours (historical forecast, not original run archive)",NOAA ISD via Phase 6 expanded dataset (QC=1),0.0065
42871099999,GONDIA ARPT/BIRSI,21.524,80.288,300.8,2023-02-09T12:00:00,2023-02-09T00:00:00,12,February_2023,29.0,27.8,302.0,21.546572,80.2454,302.0,0.0,27.8,27.8,Open-Meteo Historical Forecast API (best_match/GFS Seamless),Open-Meteo Historical Forecast API (SRTM 90m at snapped grid),Open-Meteo Elevation API (SRTM 90m at station coordinates),best_match,"proxy: valid_time - lead_hours (historical forecast, not original run archive)",NOAA ISD via Phase 6 expanded dataset (QC=1),0.0065
42871099999,GONDIA ARPT/BIRSI,21.524,80.288,300.8,2023-02-10T12:00:00,2023-02-09T00:00:00,36,February_2023,32.0,29.2,302.0,21.546572,80.2454,302.0,0.0,29.2,29.2,Open-Meteo Historical Forecast API (best_match/GFS Seamless),Open-Meteo Historical Forecast API (SRTM 90m at snapped grid),Open-Meteo Elevation API (SRTM 90m at station coordinates),best_match,"proxy: valid_time - lead_hours (historical forecast, not original run archive)",NOAA ISD via Phase 6 expanded dataset (QC=1),0.0065
42871099999,GONDIA ARPT/BIRSI,21.524,80.288,300.8,2023-02-10T12:00:00,2023-02-09T12:00:00,24,February_2023,32.0,29.2,302.0,21.546572,80.2454,302.0,0.0,29.2,29.2,Open-Meteo Historical Forecast API (best_match/GFS Seamless),Open-Meteo Historical Forecast API (SRTM 90m at snapped grid),Open-Meteo Elevation API (SRTM 90m at station coordinates),best_match,"proxy: valid_time - lead_hours (historical forecast, not original run archive)",NOAA ISD via Phase 6 expanded dataset (QC=1),0.0065
42871099999,GONDIA ARPT/BIRSI,21.524,80.288,300.8,2023-02-10T12:00:00,2023-02-10T00:00:00,12,February_2023,32.0,29.2,302.0,21.546572,80.2454,302.0,0.0,29.2,29.2,Open-Meteo Historical Forecast API (best_match/GFS Seamless),Open-Meteo Historical Forecast API (SRTM 90m at snapped grid),Open-Meteo Elevation API (SRTM 90m at station coordinates),best_match,"proxy: valid_time - lead_hours (historical forecast, not original run archive)",NOAA ISD via Phase 6 expanded dataset (QC=1),0.0065
42871099999,GONDIA ARPT/BIRSI,21.524,80.288,300.8,2023-08-01T12:00:00,2023-08-01T00:00:00,12,August_2023,29.0,27.5,302.0,21.546572,80.2454,302.0,0.0,27.5,27.5,Open-Meteo Historical Forecast API (best_match/GFS Seamless),Open-Meteo Historical Forecast API (SRTM 90m at snapped grid),Open-Meteo Elevation API (SRTM 90m at station coordinates),best_match,"proxy: valid_time - lead_hours (historical forecast, not original run archive)",NOAA ISD via Phase 6 expanded dataset (QC=1),0.0065
42871099999,GONDIA ARPT/BIRSI,21.524,80.288,300.8,2023-08-02T12:00:00,2023-08-01T00:00:00,36,August_2023,26.0,26.3,302.0,21.546572,80.2454,302.0,0.0,26.3,26.3,Open-Meteo Historical Forecast API (best_match/GFS Seamless),Open-Meteo Historical Forecast API (SRTM 90m at snapped grid),Open-Meteo Elevation API (SRTM 90m at station coordinates),best_match,"proxy: valid_time - lead_hours (historical forecast, not original run archive)",NOAA ISD via Phase 6 expanded dataset (QC=1),0.0065
42871099999,GONDIA ARPT/BIRSI,21.524,80.288,300.8,2023-08-02T12:00:00,2023-08-01T12:00:00,24,August_2023,26.0,26.3,302.0,21.546572,80.2454,302.0,0.0,26.3,26.3,Open-Meteo Historical Forecast API (best_match/GFS Seamless),Open-Meteo Historical Forecast API (SRTM 90m at snapped grid),Open-Meteo Elevation API (SRTM 90m at station coordinates),best_match,"proxy: valid_time - lead_hours (historical forecast, not original run archive)",NOAA ISD via Phase 6 expanded dataset (QC=1),0.0065
42871099999,GONDIA ARPT/BIRSI,21.524,80.288,300.8,2023-08-03T12:00:00,2023-08-01T12:00:00,48,August_2023,24.4,24.7,302.0,21.546572,80.2454,302.0,0.0,24.7,24.7,Open-Meteo Historical Forecast API (best_match/GFS Seamless),Open-Meteo Historical Forecast API (SRTM 90m at snapped grid),Open-Meteo Elevation API (SRTM 90m at station coordinates),best_match,"proxy: valid_time - lead_hours (historical forecast, not original run archive)",NOAA ISD via Phase 6 expanded dataset (QC=1),0.0065
42871099999,GONDIA ARPT/BIRSI,21.524,80.288,300.8,2023-08-02T12:00:00,2023-08-02T00:00:00,12,August_2023,26.0,26.3,302.0,21.546572,80.2454,302.0,0.0,26.3,26.3,Open-Meteo Historical Forecast API (best_match/GFS Seamless),Open-Meteo Historical Forecast API (SRTM 90m at snapped grid),Open-Meteo Elevation API (SRTM 90m at station coordinates),best_match,"proxy: valid_time - lead_hours (historical forecast, not original run archive)",NOAA ISD via Phase 6 expanded dataset (QC=1),0.0065
42871099999,GONDIA ARPT/BIRSI,21.524,80.288,300.8,2023-08-03T12:00:00,2023-08-02T00:00:00,36,August_2023,24.4,24.7,302.0,21.546572,80.2454,302.0,0.0,24.7,24.7,Open-Meteo Historical Forecast API (best_match/GFS Seamless),Open-Meteo Historical Forecast API (SRTM 90m at snapped grid),Open-Meteo Elevation API (SRTM 90m at station coordinates),best_match,"proxy: valid_time - lead_hours (historical forecast, not original run archive)",NOAA ISD via Phase 6 expanded dataset (QC=1),0.0065
42871099999,GONDIA ARPT/BIRSI,21.524,80.288,300.8,2023-08-03T12:00:00,2023-08-02T12:00:00,24,August_2023,24.4,24.7,302.0,21.546572,80.2454,302.0,0.0,24.7,24.7,Open-Meteo Historical Forecast API (best_match/GFS Seamless),Open-Meteo Historical Forecast API (SRTM 90m at snapped grid),Open-Meteo Elevation API (SRTM 90m at station coordinates),best_match,"proxy: valid_time - lead_hours (historical forecast, not original run archive)",NOAA ISD via Phase 6 expanded dataset (QC=1),0.0065
42871099999,GONDIA ARPT/BIRSI,21.524,80.288,300.8,2023-08-04T12:00:00,2023-08-02T12:00:00,48,August_2023,25.8,27.7,302.0,21.546572,80.2454,302.0,0.0,27.7,27.7,Open-Meteo Historical Forecast API (best_match/GFS Seamless),Open-Meteo Historical Forecast API (SRTM 90m at snapped grid),Open-Meteo Elevation API (SRTM 90m at station coordinates),best_match,"proxy: valid_time - lead_hours (historical forecast, not original run archive)",NOAA ISD via Phase 6 expanded dataset (QC=1),0.0065
42871099999,GONDIA ARPT/BIRSI,21.524,80.288,300.8,2023-08-03T12:00:00,2023-08-03T00:00:00,12,August_2023,24.4,24.7,302.0,21.546572,80.2454,302.0,0.0,24.7,24.7,Open-Meteo Historical Forecast API (best_match/GFS Seamless),Open-Meteo Historical Forecast API (SRTM 90m at snapped grid),Open-Meteo Elevation API (SRTM 90m at station coordinates),best_match,"proxy: valid_time - lead_hours (historical forecast, not original run archive)",NOAA ISD via Phase 6 expanded dataset (QC=1),0.0065
42871099999,GONDIA ARPT/BIRSI,21.524,80.288,300.8,2023-08-04T12:00:00,2023-08-03T00:00:00,36,August_2023,25.8,27.7,302.0,21.546572,80.2454,302.0,0.0,27.7,27.7,Open-Meteo Historical Forecast API (best_match/GFS Seamless),Open-Meteo Historical Forecast API (SRTM 90m at snapped grid),Open-Meteo Elevation API (SRTM 90m at station coordinates),best_match,"proxy: valid_time - lead_hours (historical forecast, not original run archive)",NOAA ISD via Phase 6 expanded dataset (QC=1),0.0065
42871099999,GONDIA ARPT/BIRSI,21.524,80.288,300.8,2023-08-04T12:00:00,2023-08-03T12:00:00,24,August_2023,25.8,27.7,302.0,21.546572,80.2454,302.0,0.0,27.7,27.7,Open-Meteo Historical Forecast API (best_match/GFS Seamless),Open-Meteo Historical Forecast API (SRTM 90m at snapped grid),Open-Meteo Elevation API (SRTM 90m at station coordinates),best_match,"proxy: valid_time - lead_hours (historical forecast, not original run archive)",NOAA ISD via Phase 6 expanded dataset (QC=1),0.0065
42871099999,GONDIA ARPT/BIRSI,21.524,80.288,300.8,2023-08-05T12:00:00,2023-08-03T12:00:00,48,August_2023,30.6,28.4,302.0,21.546572,80.2454,302.0,0.0,28.4,28.4,Open-Meteo Historical Forecast API (best_match/GFS Seamless),Open-Meteo Historical Forecast API (SRTM 90m at snapped grid),Open-Meteo Elevation API (SRTM 90m at station coordinates),best_match,"proxy: valid_time - lead_hours (historical forecast, not original run archive)",NOAA ISD via Phase 6 expanded dataset (QC=1),0.0065
42871099999,GONDIA ARPT/BIRSI,21.524,80.288,300.8,2023-08-04T12:00:00,2023-08-04T00:00:00,12,August_2023,25.8,27.7,302.0,21.546572,80.2454,302.0,0.0,27.7,27.7,Open-Meteo Historical Forecast API (best_match/GFS Seamless),Open-Meteo Historical Forecast API (SRTM 90m at snapped grid),Open-Meteo Elevation API (SRTM 90m at station coordinates),best_match,"proxy: valid_time - lead_hours (historical forecast, not original run archive)",NOAA ISD via Phase 6 expanded dataset (QC=1),0.0065
42871099999,GONDIA ARPT/BIRSI,21.524,80.288,300.8,2023-08-05T12:00:00,2023-08-04T00:00:00,36,August_2023,30.6,28.4,302.0,21.546572,80.2454,302.0,0.0,28.4,28.4,Open-Meteo Historical Forecast API (best_match/GFS Seamless),Open-Meteo Historical Forecast API (SRTM 90m at snapped grid),Open-Meteo Elevation API (SRTM 90m at station coordinates),best_match,"proxy: valid_time - lead_hours (historical forecast, not original run archive)",NOAA ISD via Phase 6 expanded dataset (QC=1),0.0065
42871099999,GONDIA ARPT/BIRSI,21.524,80.288,300.8,2023-08-05T12:00:00,2023-08-04T12:00:00,24,August_2023,30.6,28.4,302.0,21.546572,80.2454,302.0,0.0,28.4,28.4,Open-Meteo Historical Forecast API (best_match/GFS Seamless),Open-Meteo Historical Forecast API (SRTM 90m at snapped grid),Open-Meteo Elevation API (SRTM 90m at station coordinates),best_match,"proxy: valid_time - lead_hours (historical forecast, not original run archive)",NOAA ISD via Phase 6 expanded dataset (QC=1),0.0065
42871099999,GONDIA ARPT/BIRSI,21.524,80.288,300.8,2023-08-06T12:00:00,2023-08-04T12:00:00,48,August_2023,25.6,27.6,302.0,21.546572,80.2454,302.0,0.0,27.6,27.6,Open-Meteo Historical Forecast API (best_match/GFS Seamless),Open-Meteo Historical Forecast API (SRTM 90m at snapped grid),Open-Meteo Elevation API (SRTM 90m at station coordinates),best_match,"proxy: valid_time - lead_hours (historical forecast, not original run archive)",NOAA ISD via Phase 6 expanded dataset (QC=1),0.0065
42871099999,GONDIA ARPT/BIRSI,21.524,80.288,300.8,2023-08-05T12:00:00,2023-08-05T00:00:00,12,August_2023,30.6,28.4,302.0,21.546572,80.2454,302.0,0.0,28.4,28.4,Open-Meteo Historical Forecast API (best_match/GFS Seamless),Open-Meteo Historical Forecast API (SRTM 90m at snapped grid),Open-Meteo Elevation API (SRTM 90m at station coordinates),best_match,"proxy: valid_time - lead_hours (historical forecast, not original run archive)",NOAA ISD via Phase 6 expanded dataset (QC=1),0.0065
42871099999,GONDIA ARPT/BIRSI,21.524,80.288,300.8,2023-08-06T12:00:00,2023-08-05T00:00:00,36,August_2023,25.6,27.6,302.0,21.546572,80.2454,302.0,0.0,27.6,27.6,Open-Meteo Historical Forecast API (best_match/GFS Seamless),Open-Meteo Historical Forecast API (SRTM 90m at snapped grid),Open-Meteo Elevation API (SRTM 90m at station coordinates),best_match,"proxy: valid_time - lead_hours (historical forecast, not original run archive)",NOAA ISD via Phase 6 expanded dataset (QC=1),0.0065
42871099999,GONDIA ARPT/BIRSI,21.524,80.288,300.8,2023-08-06T12:00:00,2023-08-05T12:00:00,24,August_2023,25.6,27.6,302.0,21.546572,80.2454,302.0,0.0,27.6,27.6,Open-Meteo Historical Forecast API (best_match/GFS Seamless),Open-Meteo Historical Forecast API (SRTM 90m at snapped grid),Open-Meteo Elevation API (SRTM 90m at station coordinates),best_match,"proxy: valid_time - lead_hours (historical forecast, not original run archive)",NOAA ISD via Phase 6 expanded dataset (QC=1),0.0065
42871099999,GONDIA ARPT/BIRSI,21.524,80.288,300.8,2023-08-07T12:00:00,2023-08-05T12:00:00,48,August_2023,30.2,30.0,302.0,21.546572,80.2454,302.0,0.0,30.0,30.0,Open-Meteo Historical Forecast API (best_match/GFS Seamless),Open-Meteo Historical Forecast API (SRTM 90m at snapped grid),Open-Meteo Elevation API (SRTM 90m at station coordinates),best_match,"proxy: valid_time - lead_hours (historical forecast, not original run archive)",NOAA ISD via Phase 6 expanded dataset (QC=1),0.0065
42871099999,GONDIA ARPT/BIRSI,21.524,80.288,300.8,2023-08-06T12:00:00,2023-08-06T00:00:00,12,August_2023,25.6,27.6,302.0,21.546572,80.2454,302.0,0.0,27.6,27.6,Open-Meteo Historical Forecast API (best_match/GFS Seamless),Open-Meteo Historical Forecast API (SRTM 90m at snapped grid),Open-Meteo Elevation API (SRTM 90m at station coordinates),best_match,"proxy: valid_time - lead_hours (historical forecast, not original run archive)",NOAA ISD via Phase 6 expanded dataset (QC=1),0.0065
42871099999,GONDIA ARPT/BIRSI,21.524,80.288,300.8,2023-08-07T12:00:00,2023-08-06T00:00:00,36,August_2023,30.2,30.0,302.0,21.546572,80.2454,302.0,0.0,30.0,30.0,Open-Meteo Historical Forecast API (best_match/GFS Seamless),Open-Meteo Historical Forecast API (SRTM 90m at snapped grid),Open-Meteo Elevation API (SRTM 90m at station coordinates),best_match,"proxy: valid_time - lead_hours (historical forecast, not original run archive)",NOAA ISD via Phase 6 expanded dataset (QC=1),0.0065
42871099999,GONDIA ARPT/BIRSI,21.524,80.288,300.8,2023-08-07T12:00:00,2023-08-06T12:00:00,24,August_2023,30.2,30.0,302.0,21.546572,80.2454,302.0,0.0,30.0,30.0,Open-Meteo Historical Forecast API (best_match/GFS Seamless),Open-Meteo Historical Forecast API (SRTM 90m at snapped grid),Open-Meteo Elevation API (SRTM 90m at station coordinates),best_match,"proxy: valid_time - lead_hours (historical forecast, not original run archive)",NOAA ISD via Phase 6 expanded dataset (QC=1),0.0065
42871099999,GONDIA ARPT/BIRSI,21.524,80.288,300.8,2023-08-08T12:00:00,2023-08-06T12:00:00,48,August_2023,29.6,30.1,302.0,21.546572,80.2454,302.0,0.0,30.1,30.1,Open-Meteo Historical Forecast API (best_match/GFS Seamless),Open-Meteo Historical Forecast API (SRTM 90m at snapped grid),Open-Meteo Elevation API (SRTM 90m at station coordinates),best_match,"proxy: valid_time - lead_hours (historical forecast, not original run archive)",NOAA ISD via Phase 6 expanded dataset (QC=1),0.0065
42871099999,GONDIA ARPT/BIRSI,21.524,80.288,300.8,2023-08-07T12:00:00,2023-08-07T00:00:00,12,August_2023,30.2,30.0,302.0,21.546572,80.2454,302.0,0.0,30.0,30.0,Open-Meteo Historical Forecast API (best_match/GFS Seamless),Open-Meteo Historical Forecast API (SRTM 90m at snapped grid),Open-Meteo Elevation API (SRTM 90m at station coordinates),best_match,"proxy: valid_time - lead_hours (historical forecast, not original run archive)",NOAA ISD via Phase 6 expanded dataset (QC=1),0.0065
42871099999,GONDIA ARPT/BIRSI,21.524,80.288,300.8,2023-08-08T12:00:00,2023-08-07T00:00:00,36,August_2023,29.6,30.1,302.0,21.546572,80.2454,302.0,0.0,30.1,30.1,Open-Meteo Historical Forecast API (best_match/GFS Seamless),Open-Meteo Historical Forecast API (SRTM 90m at snapped grid),Open-Meteo Elevation API (SRTM 90m at station coordinates),best_match,"proxy: valid_time - lead_hours (historical forecast, not original run archive)",NOAA ISD via Phase 6 expanded dataset (QC=1),0.0065
42871099999,GONDIA ARPT/BIRSI,21.524,80.288,300.8,2023-08-08T12:00:00,2023-08-07T12:00:00,24,August_2023,29.6,30.1,302.0,21.546572,80.2454,302.0,0.0,30.1,30.1,Open-Meteo Historical Forecast API (best_match/GFS Seamless),Open-Meteo Historical Forecast API (SRTM 90m at snapped grid),Open-Meteo Elevation API (SRTM 90m at station coordinates),best_match,"proxy: valid_time - lead_hours (historical forecast, not original run archive)",NOAA ISD via Phase 6 expanded dataset (QC=1),0.0065
42871099999,GONDIA ARPT/BIRSI,21.524,80.288,300.8,2023-08-09T12:00:00,2023-08-07T12:00:00,48,August_2023,31.0,30.3,302.0,21.546572,80.2454,302.0,0.0,30.3,30.3,Open-Meteo Historical Forecast API (best_match/GFS Seamless),Open-Meteo Historical Forecast API (SRTM 90m at snapped grid),Open-Meteo Elevation API (SRTM 90m at station coordinates),best_match,"proxy: valid_time - lead_hours (historical forecast, not original run archive)",NOAA ISD via Phase 6 expanded dataset (QC=1),0.0065
42871099999,GONDIA ARPT/BIRSI,21.524,80.288,300.8,2023-08-08T12:00:00,2023-08-08T00:00:00,12,August_2023,29.6,30.1,302.0,21.546572,80.2454,302.0,0.0,30.1,30.1,Open-Meteo Historical Forecast API (best_match/GFS Seamless),Open-Meteo Historical Forecast API (SRTM 90m at snapped grid),Open-Meteo Elevation API (SRTM 90m at station coordinates),best_match,"proxy: valid_time - lead_hours (historical forecast, not original run archive)",NOAA ISD via Phase 6 expanded dataset (QC=1),0.0065
42871099999,GONDIA ARPT/BIRSI,21.524,80.288,300.8,2023-08-09T12:00:00,2023-08-08T00:00:00,36,August_2023,31.0,30.3,302.0,21.546572,80.2454,302.0,0.0,30.3,30.3,Open-Meteo Historical Forecast API (best_match/GFS Seamless),Open-Meteo Historical Forecast API (SRTM 90m at snapped grid),Open-Meteo Elevation API (SRTM 90m at station coordinates),best_match,"proxy: valid_time - lead_hours (historical forecast, not original run archive)",NOAA ISD via Phase 6 expanded dataset (QC=1),0.0065
42871099999,GONDIA ARPT/BIRSI,21.524,80.288,300.8,2023-08-09T12:00:00,2023-08-08T12:00:00,24,August_2023,31.0,30.3,302.0,21.546572,80.2454,302.0,0.0,30.3,30.3,Open-Meteo Historical Forecast API (best_match/GFS Seamless),Open-Meteo Historical Forecast API (SRTM 90m at snapped grid),Open-Meteo Elevation API (SRTM 90m at station coordinates),best_match,"proxy: valid_time - lead_hours (historical forecast, not original run archive)",NOAA ISD via Phase 6 expanded dataset (QC=1),0.0065
42871099999,GONDIA ARPT/BIRSI,21.524,80.288,300.8,2023-08-09T12:00:00,2023-08-09T00:00:00,12,August_2023,31.0,30.3,302.0,21.546572,80.2454,302.0,0.0,30.3,30.3,Open-Meteo Historical Forecast API (best_match/GFS Seamless),Open-Meteo Historical Forecast API (SRTM 90m at snapped grid),Open-Meteo Elevation API (SRTM 90m at station coordinates),best_match,"proxy: valid_time - lead_hours (historical forecast, not original run archive)",NOAA ISD via Phase 6 expanded dataset (QC=1),0.0065
42920099999,OZAR AIR FORCE STATION /NASHIK ARPT,20.119,73.914,598.0,2023-02-01T12:00:00,2023-02-01T00:00:00,12,February_2023,25.0,25.7,598.0,20.140596,73.94789,598.0,0.0,25.7,25.7,Open-Meteo Historical Forecast API (best_match/GFS Seamless),Open-Meteo Historical Forecast API (SRTM 90m at snapped grid),Open-Meteo Elevation API (SRTM 90m at station coordinates),best_match,"proxy: valid_time - lead_hours (historical forecast, not original run archive)",NOAA ISD via Phase 6 expanded dataset (QC=1),0.0065
42920099999,OZAR AIR FORCE STATION /NASHIK ARPT,20.119,73.914,598.0,2023-02-02T12:00:00,2023-02-01T00:00:00,36,February_2023,26.0,27.8,598.0,20.140596,73.94789,598.0,0.0,27.8,27.8,Open-Meteo Historical Forecast API (best_match/GFS Seamless),Open-Meteo Historical Forecast API (SRTM 90m at snapped grid),Open-Meteo Elevation API (SRTM 90m at station coordinates),best_match,"proxy: valid_time - lead_hours (historical forecast, not original run archive)",NOAA ISD via Phase 6 expanded dataset (QC=1),0.0065
42920099999,OZAR AIR FORCE STATION /NASHIK ARPT,20.119,73.914,598.0,2023-02-02T12:00:00,2023-02-01T12:00:00,24,February_2023,26.0,27.8,598.0,20.140596,73.94789,598.0,0.0,27.8,27.8,Open-Meteo Historical Forecast API (best_match/GFS Seamless),Open-Meteo Historical Forecast API (SRTM 90m at snapped grid),Open-Meteo Elevation API (SRTM 90m at station coordinates),best_match,"proxy: valid_time - lead_hours (historical forecast, not original run archive)",NOAA ISD via Phase 6 expanded dataset (QC=1),0.0065
42920099999,OZAR AIR FORCE STATION /NASHIK ARPT,20.119,73.914,598.0,2023-02-03T12:00:00,2023-02-01T12:00:00,48,February_2023,27.0,27.7,598.0,20.140596,73.94789,598.0,0.0,27.7,27.7,Open-Meteo Historical Forecast API (best_match/GFS Seamless),Open-Meteo Historical Forecast API (SRTM 90m at snapped grid),Open-Meteo Elevation API (SRTM 90m at station coordinates),best_match,"proxy: valid_time - lead_hours (historical forecast, not original run archive)",NOAA ISD via Phase 6 expanded dataset (QC=1),0.0065
42920099999,OZAR AIR FORCE STATION /NASHIK ARPT,20.119,73.914,598.0,2023-02-02T12:00:00,2023-02-02T00:00:00,12,February_2023,26.0,27.8,598.0,20.140596,73.94789,598.0,0.0,27.8,27.8,Open-Meteo Historical Forecast API (best_match/GFS Seamless),Open-Meteo Historical Forecast API (SRTM 90m at snapped grid),Open-Meteo Elevation API (SRTM 90m at station coordinates),best_match,"proxy: valid_time - lead_hours (historical forecast, not original run archive)",NOAA ISD via Phase 6 expanded dataset (QC=1),0.0065
42920099999,OZAR AIR FORCE STATION /NASHIK ARPT,20.119,73.914,598.0,2023-02-03T12:00:00,2023-02-02T00:00:00,36,February_2023,27.0,27.7,598.0,20.140596,73.94789,598.0,0.0,27.7,27.7,Open-Meteo Historical Forecast API (best_match/GFS Seamless),Open-Meteo Historical Forecast API (SRTM 90m at snapped grid),Open-Meteo Elevation API (SRTM 90m at station coordinates),best_match,"proxy: valid_time - lead_hours (historical forecast, not original run archive)",NOAA ISD via Phase 6 expanded dataset (QC=1),0.0065
42920099999,OZAR AIR FORCE STATION /NASHIK ARPT,20.119,73.914,598.0,2023-02-03T12:00:00,2023-02-02T12:00:00,24,February_2023,27.0,27.7,598.0,20.140596,73.94789,598.0,0.0,27.7,27.7,Open-Meteo Historical Forecast API (best_match/GFS Seamless),Open-Meteo Historical Forecast API (SRTM 90m at snapped grid),Open-Meteo Elevation API (SRTM 90m at station coordinates),best_match,"proxy: valid_time - lead_hours (historical forecast, not original run archive)",NOAA ISD via Phase 6 expanded dataset (QC=1),0.0065
42920099999,OZAR AIR FORCE STATION /NASHIK ARPT,20.119,73.914,598.0,2023-02-04T12:00:00,2023-02-02T12:00:00,48,February_2023,28.0,28.0,598.0,20.140596,73.94789,598.0,0.0,28.0,28.0,Open-Meteo Historical Forecast API (best_match/GFS Seamless),Open-Meteo Historical Forecast API (SRTM 90m at snapped grid),Open-Meteo Elevation API (SRTM 90m at station coordinates),best_match,"proxy: valid_time - lead_hours (historical forecast, not original run archive)",NOAA ISD via Phase 6 expanded dataset (QC=1),0.0065
42920099999,OZAR AIR FORCE STATION /NASHIK ARPT,20.119,73.914,598.0,2023-02-03T12:00:00,2023-02-03T00:00:00,12,February_2023,27.0,27.7,598.0,20.140596,73.94789,598.0,0.0,27.7,27.7,Open-Meteo Historical Forecast API (best_match/GFS Seamless),Open-Meteo Historical Forecast API (SRTM 90m at snapped grid),Open-Meteo Elevation API (SRTM 90m at station coordinates),best_match,"proxy: valid_time - lead_hours (historical forecast, not original run archive)",NOAA ISD via Phase 6 expanded dataset (QC=1),0.0065
42920099999,OZAR AIR FORCE STATION /NASHIK ARPT,20.119,73.914,598.0,2023-02-04T12:00:00,2023-02-03T00:00:00,36,February_2023,28.0,28.0,598.0,20.140596,73.94789,598.0,0.0,28.0,28.0,Open-Meteo Historical Forecast API (best_match/GFS Seamless),Open-Meteo Historical Forecast API (SRTM 90m at snapped grid),Open-Meteo Elevation API (SRTM 90m at station coordinates),best_match,"proxy: valid_time - lead_hours (historical forecast, not original run archive)",NOAA ISD via Phase 6 expanded dataset (QC=1),0.0065
42920099999,OZAR AIR FORCE STATION /NASHIK ARPT,20.119,73.914,598.0,2023-02-04T12:00:00,2023-02-03T12:00:00,24,February_2023,28.0,28.0,598.0,20.140596,73.94789,598.0,0.0,28.0,28.0,Open-Meteo Historical Forecast API (best_match/GFS Seamless),Open-Meteo Historical Forecast API (SRTM 90m at snapped grid),Open-Meteo Elevation API (SRTM 90m at station coordinates),best_match,"proxy: valid_time - lead_hours (historical forecast, not original run archive)",NOAA ISD via Phase 6 expanded dataset (QC=1),0.0065
42920099999,OZAR AIR FORCE STATION /NASHIK ARPT,20.119,73.914,598.0,2023-02-04T12:00:00,2023-02-04T00:00:00,12,February_2023,28.0,28.0,598.0,20.140596,73.94789,598.0,0.0,28.0,28.0,Open-Meteo Historical Forecast API (best_match/GFS Seamless),Open-Meteo Historical Forecast API (SRTM 90m at snapped grid),Open-Meteo Elevation API (SRTM 90m at station coordinates),best_match,"proxy: valid_time - lead_hours (historical forecast, not original run archive)",NOAA ISD via Phase 6 expanded dataset (QC=1),0.0065
42920099999,OZAR AIR FORCE STATION /NASHIK ARPT,20.119,73.914,598.0,2023-02-06T12:00:00,2023-02-04T12:00:00,48,February_2023,29.0,28.4,598.0,20.140596,73.94789,598.0,0.0,28.4,28.4,Open-Meteo Historical Forecast API (best_match/GFS Seamless),Open-Meteo Historical Forecast API (SRTM 90m at snapped grid),Open-Meteo Elevation API (SRTM 90m at station coordinates),best_match,"proxy: valid_time - lead_hours (historical forecast, not original run archive)",NOAA ISD via Phase 6 expanded dataset (QC=1),0.0065
42920099999,OZAR AIR FORCE STATION /NASHIK ARPT,20.119,73.914,598.0,2023-02-06T12:00:00,2023-02-05T00:00:00,36,February_2023,29.0,28.4,598.0,20.140596,73.94789,598.0,0.0,28.4,28.4,Open-Meteo Historical Forecast API (best_match/GFS Seamless),Open-Meteo Historical Forecast API (SRTM 90m at snapped grid),Open-Meteo Elevation API (SRTM 90m at station coordinates),best_match,"proxy: valid_time - lead_hours (historical forecast, not original run archive)",NOAA ISD via Phase 6 expanded dataset (QC=1),0.0065
42920099999,OZAR AIR FORCE STATION /NASHIK ARPT,20.119,73.914,598.0,2023-02-06T12:00:00,2023-02-05T12:00:00,24,February_2023,29.0,28.4,598.0,20.140596,73.94789,598.0,0.0,28.4,28.4,Open-Meteo Historical Forecast API (best_match/GFS Seamless),Open-Meteo Historical Forecast API (SRTM 90m at snapped grid),Open-Meteo Elevation API (SRTM 90m at station coordinates),best_match,"proxy: valid_time - lead_hours (historical forecast, not original run archive)",NOAA ISD via Phase 6 expanded dataset (QC=1),0.0065
42920099999,OZAR AIR FORCE STATION /NASHIK ARPT,20.119,73.914,598.0,2023-02-07T12:00:00,2023-02-05T12:00:00,48,February_2023,29.0,28.4,598.0,20.140596,73.94789,598.0,0.0,28.4,28.4,Open-Meteo Historical Forecast API (best_match/GFS Seamless),Open-Meteo Historical Forecast API (SRTM 90m at snapped grid),Open-Meteo Elevation API (SRTM 90m at station coordinates),best_match,"proxy: valid_time - lead_hours (historical forecast, not original run archive)",NOAA ISD via Phase 6 expanded dataset (QC=1),0.0065
42920099999,OZAR AIR FORCE STATION /NASHIK ARPT,20.119,73.914,598.0,2023-02-06T12:00:00,2023-02-06T00:00:00,12,February_2023,29.0,28.4,598.0,20.140596,73.94789,598.0,0.0,28.4,28.4,Open-Meteo Historical Forecast API (best_match/GFS Seamless),Open-Meteo Historical Forecast API (SRTM 90m at snapped grid),Open-Meteo Elevation API (SRTM 90m at station coordinates),best_match,"proxy: valid_time - lead_hours (historical forecast, not original run archive)",NOAA ISD via Phase 6 expanded dataset (QC=1),0.0065
42920099999,OZAR AIR FORCE STATION /NASHIK ARPT,20.119,73.914,598.0,2023-02-07T12:00:00,2023-02-06T00:00:00,36,February_2023,29.0,28.4,598.0,20.140596,73.94789,598.0,0.0,28.4,28.4,Open-Meteo Historical Forecast API (best_match/GFS Seamless),Open-Meteo Historical Forecast API (SRTM 90m at snapped grid),Open-Meteo Elevation API (SRTM 90m at station coordinates),best_match,"proxy: valid_time - lead_hours (historical forecast, not original run archive)",NOAA ISD via Phase 6 expanded dataset (QC=1),0.0065
42920099999,OZAR AIR FORCE STATION /NASHIK ARPT,20.119,73.914,598.0,2023-02-07T12:00:00,2023-02-06T12:00:00,24,February_2023,29.0,28.4,598.0,20.140596,73.94789,598.0,0.0,28.4,28.4,Open-Meteo Historical Forecast API (best_match/GFS Seamless),Open-Meteo Historical Forecast API (SRTM 90m at snapped grid),Open-Meteo Elevation API (SRTM 90m at station coordinates),best_match,"proxy: valid_time - lead_hours (historical forecast, not original run archive)",NOAA ISD via Phase 6 expanded dataset (QC=1),0.0065
42920099999,OZAR AIR FORCE STATION /NASHIK ARPT,20.119,73.914,598.0,2023-02-08T12:00:00,2023-02-06T12:00:00,48,February_2023,30.0,30.3,598.0,20.140596,73.94789,598.0,0.0,30.3,30.3,Open-Meteo Historical Forecast API (best_match/GFS Seamless),Open-Meteo Historical Forecast API (SRTM 90m at snapped grid),Open-Meteo Elevation API (SRTM 90m at station coordinates),best_match,"proxy: valid_time - lead_hours (historical forecast, not original run archive)",NOAA ISD via Phase 6 expanded dataset (QC=1),0.0065
42920099999,OZAR AIR FORCE STATION /NASHIK ARPT,20.119,73.914,598.0,2023-02-07T12:00:00,2023-02-07T00:00:00,12,February_2023,29.0,28.4,598.0,20.140596,73.94789,598.0,0.0,28.4,28.4,Open-Meteo Historical Forecast API (best_match/GFS Seamless),Open-Meteo Historical Forecast API (SRTM 90m at snapped grid),Open-Meteo Elevation API (SRTM 90m at station coordinates),best_match,"proxy: valid_time - lead_hours (historical forecast, not original run archive)",NOAA ISD via Phase 6 expanded dataset (QC=1),0.0065
42920099999,OZAR AIR FORCE STATION /NASHIK ARPT,20.119,73.914,598.0,2023-02-08T12:00:00,2023-02-07T00:00:00,36,February_2023,30.0,30.3,598.0,20.140596,73.94789,598.0,0.0,30.3,30.3,Open-Meteo Historical Forecast API (best_match/GFS Seamless),Open-Meteo Historical Forecast API (SRTM 90m at snapped grid),Open-Meteo Elevation API (SRTM 90m at station coordinates),best_match,"proxy: valid_time - lead_hours (historical forecast, not original run archive)",NOAA ISD via Phase 6 expanded dataset (QC=1),0.0065
42920099999,OZAR AIR FORCE STATION /NASHIK ARPT,20.119,73.914,598.0,2023-02-08T12:00:00,2023-02-07T12:00:00,24,February_2023,30.0,30.3,598.0,20.140596,73.94789,598.0,0.0,30.3,30.3,Open-Meteo Historical Forecast API (best_match/GFS Seamless),Open-Meteo Historical Forecast API (SRTM 90m at snapped grid),Open-Meteo Elevation API (SRTM 90m at station coordinates),best_match,"proxy: valid_time - lead_hours (historical forecast, not original run archive)",NOAA ISD via Phase 6 expanded dataset (QC=1),0.0065
42920099999,OZAR AIR FORCE STATION /NASHIK ARPT,20.119,73.914,598.0,2023-02-09T12:00:00,2023-02-07T12:00:00,48,February_2023,32.0,30.5,598.0,20.140596,73.94789,598.0,0.0,30.5,30.5,Open-Meteo Historical Forecast API (best_match/GFS Seamless),Open-Meteo Historical Forecast API (SRTM 90m at snapped grid),Open-Meteo Elevation API (SRTM 90m at station coordinates),best_match,"proxy: valid_time - lead_hours (historical forecast, not original run archive)",NOAA ISD via Phase 6 expanded dataset (QC=1),0.0065
42920099999,OZAR AIR FORCE STATION /NASHIK ARPT,20.119,73.914,598.0,2023-02-08T12:00:00,2023-02-08T00:00:00,12,February_2023,30.0,30.3,598.0,20.140596,73.94789,598.0,0.0,30.3,30.3,Open-Meteo Historical Forecast API (best_match/GFS Seamless),Open-Meteo Historical Forecast API (SRTM 90m at snapped grid),Open-Meteo Elevation API (SRTM 90m at station coordinates),best_match,"proxy: valid_time - lead_hours (historical forecast, not original run archive)",NOAA ISD via Phase 6 expanded dataset (QC=1),0.0065
42920099999,OZAR AIR FORCE STATION /NASHIK ARPT,20.119,73.914,598.0,2023-02-09T12:00:00,2023-02-08T00:00:00,36,February_2023,32.0,30.5,598.0,20.140596,73.94789,598.0,0.0,30.5,30.5,Open-Meteo Historical Forecast API (best_match/GFS Seamless),Open-Meteo Historical Forecast API (SRTM 90m at snapped grid),Open-Meteo Elevation API (SRTM 90m at station coordinates),best_match,"proxy: valid_time - lead_hours (historical forecast, not original run archive)",NOAA ISD via Phase 6 expanded dataset (QC=1),0.0065
42920099999,OZAR AIR FORCE STATION /NASHIK ARPT,20.119,73.914,598.0,2023-02-09T12:00:00,2023-02-08T12:00:00,24,February_2023,32.0,30.5,598.0,20.140596,73.94789,598.0,0.0,30.5,30.5,Open-Meteo Historical Forecast API (best_match/GFS Seamless),Open-Meteo Historical Forecast API (SRTM 90m at snapped grid),Open-Meteo Elevation API (SRTM 90m at station coordinates),best_match,"proxy: valid_time - lead_hours (historical forecast, not original run archive)",NOAA ISD via Phase 6 expanded dataset (QC=1),0.0065
42920099999,OZAR AIR FORCE STATION /NASHIK ARPT,20.119,73.914,598.0,2023-02-10T12:00:00,2023-02-08T12:00:00,48,February_2023,33.0,31.1,598.0,20.140596,73.94789,598.0,0.0,31.1,31.1,Open-Meteo Historical Forecast API (best_match/GFS Seamless),Open-Meteo Historical Forecast API (SRTM 90m at snapped grid),Open-Meteo Elevation API (SRTM 90m at station coordinates),best_match,"proxy: valid_time - lead_hours (historical forecast, not original run archive)",NOAA ISD via Phase 6 expanded dataset (QC=1),0.0065
42920099999,OZAR AIR FORCE STATION /NASHIK ARPT,20.119,73.914,598.0,2023-02-09T12:00:00,2023-02-09T00:00:00,12,February_2023,32.0,30.5,598.0,20.140596,73.94789,598.0,0.0,30.5,30.5,Open-Meteo Historical Forecast API (best_match/GFS Seamless),Open-Meteo Historical Forecast API (SRTM 90m at snapped grid),Open-Meteo Elevation API (SRTM 90m at station coordinates),best_match,"proxy: valid_time - lead_hours (historical forecast, not original run archive)",NOAA ISD via Phase 6 expanded dataset (QC=1),0.0065
42920099999,OZAR AIR FORCE STATION /NASHIK ARPT,20.119,73.914,598.0,2023-02-10T12:00:00,2023-02-09T00:00:00,36,February_2023,33.0,31.1,598.0,20.140596,73.94789,598.0,0.0,31.1,31.1,Open-Meteo Historical Forecast API (best_match/GFS Seamless),Open-Meteo Historical Forecast API (SRTM 90m at snapped grid),Open-Meteo Elevation API (SRTM 90m at station coordinates),best_match,"proxy: valid_time - lead_hours (historical forecast, not original run archive)",NOAA ISD via Phase 6 expanded dataset (QC=1),0.0065
42920099999,OZAR AIR FORCE STATION /NASHIK ARPT,20.119,73.914,598.0,2023-02-10T12:00:00,2023-02-09T12:00:00,24,February_2023,33.0,31.1,598.0,20.140596,73.94789,598.0,0.0,31.1,31.1,Open-Meteo Historical Forecast API (best_match/GFS Seamless),Open-Meteo Historical Forecast API (SRTM 90m at snapped grid),Open-Meteo Elevation API (SRTM 90m at station coordinates),best_match,"proxy: valid_time - lead_hours (historical forecast, not original run archive)",NOAA ISD via Phase 6 expanded dataset (QC=1),0.0065
42920099999,OZAR AIR FORCE STATION /NASHIK ARPT,20.119,73.914,598.0,2023-02-10T12:00:00,2023-02-10T00:00:00,12,February_2023,33.0,31.1,598.0,20.140596,73.94789,598.0,0.0,31.1,31.1,Open-Meteo Historical Forecast API (best_match/GFS Seamless),Open-Meteo Historical Forecast API (SRTM 90m at snapped grid),Open-Meteo Elevation API (SRTM 90m at station coordinates),best_match,"proxy: valid_time - lead_hours (historical forecast, not original run archive)",NOAA ISD via Phase 6 expanded dataset (QC=1),0.0065
42933099999,AKOLA,20.7,77.033,282.0,2023-02-01T12:00:00,2023-02-01T00:00:00,12,February_2023,27.8,27.4,288.0,20.702986,77.0,288.0,0.0,27.4,27.4,Open-Meteo Historical Forecast API (best_match/GFS Seamless),Open-Meteo Historical Forecast API (SRTM 90m at snapped grid),Open-Meteo Elevation API (SRTM 90m at station coordinates),best_match,"proxy: valid_time - lead_hours (historical forecast, not original run archive)",NOAA ISD via Phase 6 expanded dataset (QC=1),0.0065
42933099999,AKOLA,20.7,77.033,282.0,2023-02-02T00:00:00,2023-02-01T00:00:00,24,February_2023,15.7,17.8,288.0,20.702986,77.0,288.0,0.0,17.8,17.8,Open-Meteo Historical Forecast API (best_match/GFS Seamless),Open-Meteo Historical Forecast API (SRTM 90m at snapped grid),Open-Meteo Elevation API (SRTM 90m at station coordinates),best_match,"proxy: valid_time - lead_hours (historical forecast, not original run archive)",NOAA ISD via Phase 6 expanded dataset (QC=1),0.0065
42933099999,AKOLA,20.7,77.033,282.0,2023-02-02T12:00:00,2023-02-01T00:00:00,36,February_2023,28.6,27.5,288.0,20.702986,77.0,288.0,0.0,27.5,27.5,Open-Meteo Historical Forecast API (best_match/GFS Seamless),Open-Meteo Historical Forecast API (SRTM 90m at snapped grid),Open-Meteo Elevation API (SRTM 90m at station coordinates),best_match,"proxy: valid_time - lead_hours (historical forecast, not original run archive)",NOAA ISD via Phase 6 expanded dataset (QC=1),0.0065
42933099999,AKOLA,20.7,77.033,282.0,2023-02-03T00:00:00,2023-02-01T00:00:00,48,February_2023,13.2,12.6,288.0,20.702986,77.0,288.0,0.0,12.6,12.6,Open-Meteo Historical Forecast API (best_match/GFS Seamless),Open-Meteo Historical Forecast API (SRTM 90m at snapped grid),Open-Meteo Elevation API (SRTM 90m at station coordinates),best_match,"proxy: valid_time - lead_hours (historical forecast, not original run archive)",NOAA ISD via Phase 6 expanded dataset (QC=1),0.0065
42933099999,AKOLA,20.7,77.033,282.0,2023-02-02T00:00:00,2023-02-01T12:00:00,12,February_2023,15.7,17.8,288.0,20.702986,77.0,288.0,0.0,17.8,17.8,Open-Meteo Historical Forecast API (best_match/GFS Seamless),Open-Meteo Historical Forecast API (SRTM 90m at snapped grid),Open-Meteo Elevation API (SRTM 90m at station coordinates),best_match,"proxy: valid_time - lead_hours (historical forecast, not original run archive)",NOAA ISD via Phase 6 expanded dataset (QC=1),0.0065
42933099999,AKOLA,20.7,77.033,282.0,2023-02-02T12:00:00,2023-02-01T12:00:00,24,February_2023,28.6,27.5,288.0,20.702986,77.0,288.0,0.0,27.5,27.5,Open-Meteo Historical Forecast API (best_match/GFS Seamless),Open-Meteo Historical Forecast API (SRTM 90m at snapped grid),Open-Meteo Elevation API (SRTM 90m at station coordinates),best_match,"proxy: valid_time - lead_hours (historical forecast, not original run archive)",NOAA ISD via Phase 6 expanded dataset (QC=1),0.0065
42933099999,AKOLA,20.7,77.033,282.0,2023-02-03T00:00:00,2023-02-01T12:00:00,36,February_2023,13.2,12.6,288.0,20.702986,77.0,288.0,0.0,12.6,12.6,Open-Meteo Historical Forecast API (best_match/GFS Seamless),Open-Meteo Historical Forecast API (SRTM 90m at snapped grid),Open-Meteo Elevation API (SRTM 90m at station coordinates),best_match,"proxy: valid_time - lead_hours (historical forecast, not original run archive)",NOAA ISD via Phase 6 expanded dataset (QC=1),0.0065
42933099999,AKOLA,20.7,77.033,282.0,2023-02-03T12:00:00,2023-02-01T12:00:00,48,February_2023,28.0,26.1,288.0,20.702986,77.0,288.0,0.0,26.1,26.1,Open-Meteo Historical Forecast API (best_match/GFS Seamless),Open-Meteo Historical Forecast API (SRTM 90m at snapped grid),Open-Meteo Elevation API (SRTM 90m at station coordinates),best_match,"proxy: valid_time - lead_hours (historical forecast, not original run archive)",NOAA ISD via Phase 6 expanded dataset (QC=1),0.0065
42933099999,AKOLA,20.7,77.033,282.0,2023-02-02T12:00:00,2023-02-02T00:00:00,12,February_2023,28.6,27.5,288.0,20.702986,77.0,288.0,0.0,27.5,27.5,Open-Meteo Historical Forecast API (best_match/GFS Seamless),Open-Meteo Historical Forecast API (SRTM 90m at snapped grid),Open-Meteo Elevation API (SRTM 90m at station coordinates),best_match,"proxy: valid_time - lead_hours (historical forecast, not original run archive)",NOAA ISD via Phase 6 expanded dataset (QC=1),0.0065
42933099999,AKOLA,20.7,77.033,282.0,2023-02-03T00:00:00,2023-02-02T00:00:00,24,February_2023,13.2,12.6,288.0,20.702986,77.0,288.0,0.0,12.6,12.6,Open-Meteo Historical Forecast API (best_match/GFS Seamless),Open-Meteo Historical Forecast API (SRTM 90m at snapped grid),Open-Meteo Elevation API (SRTM 90m at station coordinates),best_match,"proxy: valid_time - lead_hours (historical forecast, not original run archive)",NOAA ISD via Phase 6 expanded dataset (QC=1),0.0065
42933099999,AKOLA,20.7,77.033,282.0,2023-02-03T12:00:00,2023-02-02T00:00:00,36,February_2023,28.0,26.1,288.0,20.702986,77.0,288.0,0.0,26.1,26.1,Open-Meteo Historical Forecast API (best_match/GFS Seamless),Open-Meteo Historical Forecast API (SRTM 90m at snapped grid),Open-Meteo Elevation API (SRTM 90m at station coordinates),best_match,"proxy: valid_time - lead_hours (historical forecast, not original run archive)",NOAA ISD via Phase 6 expanded dataset (QC=1),0.0065
42933099999,AKOLA,20.7,77.033,282.0,2023-02-04T00:00:00,2023-02-02T00:00:00,48,February_2023,13.1,12.3,288.0,20.702986,77.0,288.0,0.0,12.3,12.3,Open-Meteo Historical Forecast API (best_match/GFS Seamless),Open-Meteo Historical Forecast API (SRTM 90m at snapped grid),Open-Meteo Elevation API (SRTM 90m at station coordinates),best_match,"proxy: valid_time - lead_hours (historical forecast, not original run archive)",NOAA ISD via Phase 6 expanded dataset (QC=1),0.0065
42933099999,AKOLA,20.7,77.033,282.0,2023-02-03T00:00:00,2023-02-02T12:00:00,12,February_2023,13.2,12.6,288.0,20.702986,77.0,288.0,0.0,12.6,12.6,Open-Meteo Historical Forecast API (best_match/GFS Seamless),Open-Meteo Historical Forecast API (SRTM 90m at snapped grid),Open-Meteo Elevation API (SRTM 90m at station coordinates),best_match,"proxy: valid_time - lead_hours (historical forecast, not original run archive)",NOAA ISD via Phase 6 expanded dataset (QC=1),0.0065
42933099999,AKOLA,20.7,77.033,282.0,2023-02-03T12:00:00,2023-02-02T12:00:00,24,February_2023,28.0,26.1,288.0,20.702986,77.0,288.0,0.0,26.1,26.1,Open-Meteo Historical Forecast API (best_match/GFS Seamless),Open-Meteo Historical Forecast API (SRTM 90m at snapped grid),Open-Meteo Elevation API (SRTM 90m at station coordinates),best_match,"proxy: valid_time - lead_hours (historical forecast, not original run archive)",NOAA ISD via Phase 6 expanded dataset (QC=1),0.0065
42933099999,AKOLA,20.7,77.033,282.0,2023-02-04T00:00:00,2023-02-02T12:00:00,36,February_2023,13.1,12.3,288.0,20.702986,77.0,288.0,0.0,12.3,12.3,Open-Meteo Historical Forecast API (best_match/GFS Seamless),Open-Meteo Historical Forecast API (SRTM 90m at snapped grid),Open-Meteo Elevation API (SRTM 90m at station coordinates),best_match,"proxy: valid_time - lead_hours (historical forecast, not original run archive)",NOAA ISD via Phase 6 expanded dataset (QC=1),0.0065
42933099999,AKOLA,20.7,77.033,282.0,2023-02-04T12:00:00,2023-02-02T12:00:00,48,February_2023,28.6,26.7,288.0,20.702986,77.0,288.0,0.0,26.7,26.7,Open-Meteo Historical Forecast API (best_match/GFS Seamless),Open-Meteo Historical Forecast API (SRTM 90m at snapped grid),Open-Meteo Elevation API (SRTM 90m at station coordinates),best_match,"proxy: valid_time - lead_hours (historical forecast, not original run archive)",NOAA ISD via Phase 6 expanded dataset (QC=1),0.0065
42933099999,AKOLA,20.7,77.033,282.0,2023-02-03T12:00:00,2023-02-03T00:00:00,12,February_2023,28.0,26.1,288.0,20.702986,77.0,288.0,0.0,26.1,26.1,Open-Meteo Historical Forecast API (best_match/GFS Seamless),Open-Meteo Historical Forecast API (SRTM 90m at snapped grid),Open-Meteo Elevation API (SRTM 90m at station coordinates),best_match,"proxy: valid_time - lead_hours (historical forecast, not original run archive)",NOAA ISD via Phase 6 expanded dataset (QC=1),0.0065
42933099999,AKOLA,20.7,77.033,282.0,2023-02-04T00:00:00,2023-02-03T00:00:00,24,February_2023,13.1,12.3,288.0,20.702986,77.0,288.0,0.0,12.3,12.3,Open-Meteo Historical Forecast API (best_match/GFS Seamless),Open-Meteo Historical Forecast API (SRTM 90m at snapped grid),Open-Meteo Elevation API (SRTM 90m at station coordinates),best_match,"proxy: valid_time - lead_hours (historical forecast, not original run archive)",NOAA ISD via Phase 6 expanded dataset (QC=1),0.0065
42933099999,AKOLA,20.7,77.033,282.0,2023-02-04T12:00:00,2023-02-03T00:00:00,36,February_2023,28.6,26.7,288.0,20.702986,77.0,288.0,0.0,26.7,26.7,Open-Meteo Historical Forecast API (best_match/GFS Seamless),Open-Meteo Historical Forecast API (SRTM 90m at snapped grid),Open-Meteo Elevation API (SRTM 90m at station coordinates),best_match,"proxy: valid_time - lead_hours (historical forecast, not original run archive)",NOAA ISD via Phase 6 expanded dataset (QC=1),0.0065
42933099999,AKOLA,20.7,77.033,282.0,2023-02-05T00:00:00,2023-02-03T00:00:00,48,February_2023,13.9,13.2,288.0,20.702986,77.0,288.0,0.0,13.2,13.2,Open-Meteo Historical Forecast API (best_match/GFS Seamless),Open-Meteo Historical Forecast API (SRTM 90m at snapped grid),Open-Meteo Elevation API (SRTM 90m at station coordinates),best_match,"proxy: valid_time - lead_hours (historical forecast, not original run archive)",NOAA ISD via Phase 6 expanded dataset (QC=1),0.0065
42933099999,AKOLA,20.7,77.033,282.0,2023-02-04T00:00:00,2023-02-03T12:00:00,12,February_2023,13.1,12.3,288.0,20.702986,77.0,288.0,0.0,12.3,12.3,Open-Meteo Historical Forecast API (best_match/GFS Seamless),Open-Meteo Historical Forecast API (SRTM 90m at snapped grid),Open-Meteo Elevation API (SRTM 90m at station coordinates),best_match,"proxy: valid_time - lead_hours (historical forecast, not original run archive)",NOAA ISD via Phase 6 expanded dataset (QC=1),0.0065
42933099999,AKOLA,20.7,77.033,282.0,2023-02-04T12:00:00,2023-02-03T12:00:00,24,February_2023,28.6,26.7,288.0,20.702986,77.0,288.0,0.0,26.7,26.7,Open-Meteo Historical Forecast API (best_match/GFS Seamless),Open-Meteo Historical Forecast API (SRTM 90m at snapped grid),Open-Meteo Elevation API (SRTM 90m at station coordinates),best_match,"proxy: valid_time - lead_hours (historical forecast, not original run archive)",NOAA ISD via Phase 6 expanded dataset (QC=1),0.0065
42933099999,AKOLA,20.7,77.033,282.0,2023-02-05T00:00:00,2023-02-03T12:00:00,36,February_2023,13.9,13.2,288.0,20.702986,77.0,288.0,0.0,13.2,13.2,Open-Meteo Historical Forecast API (best_match/GFS Seamless),Open-Meteo Historical Forecast API (SRTM 90m at snapped grid),Open-Meteo Elevation API (SRTM 90m at station coordinates),best_match,"proxy: valid_time - lead_hours (historical forecast, not original run archive)",NOAA ISD via Phase 6 expanded dataset (QC=1),0.0065
42933099999,AKOLA,20.7,77.033,282.0,2023-02-05T12:00:00,2023-02-03T12:00:00,48,February_2023,29.4,27.3,288.0,20.702986,77.0,288.0,0.0,27.3,27.3,Open-Meteo Historical Forecast API (best_match/GFS Seamless),Open-Meteo Historical Forecast API (SRTM 90m at snapped grid),Open-Meteo Elevation API (SRTM 90m at station coordinates),best_match,"proxy: valid_time - lead_hours (historical forecast, not original run archive)",NOAA ISD via Phase 6 expanded dataset (QC=1),0.0065
42933099999,AKOLA,20.7,77.033,282.0,2023-02-04T12:00:00,2023-02-04T00:00:00,12,February_2023,28.6,26.7,288.0,20.702986,77.0,288.0,0.0,26.7,26.7,Open-Meteo Historical Forecast API (best_match/GFS Seamless),Open-Meteo Historical Forecast API (SRTM 90m at snapped grid),Open-Meteo Elevation API (SRTM 90m at station coordinates),best_match,"proxy: valid_time - lead_hours (historical forecast, not original run archive)",NOAA ISD via Phase 6 expanded dataset (QC=1),0.0065
42933099999,AKOLA,20.7,77.033,282.0,2023-02-05T00:00:00,2023-02-04T00:00:00,24,February_2023,13.9,13.2,288.0,20.702986,77.0,288.0,0.0,13.2,13.2,Open-Meteo Historical Forecast API (best_match/GFS Seamless),Open-Meteo Historical Forecast API (SRTM 90m at snapped grid),Open-Meteo Elevation API (SRTM 90m at station coordinates),best_match,"proxy: valid_time - lead_hours (historical forecast, not original run archive)",NOAA ISD via Phase 6 expanded dataset (QC=1),0.0065
42933099999,AKOLA,20.7,77.033,282.0,2023-02-05T12:00:00,2023-02-04T00:00:00,36,February_2023,29.4,27.3,288.0,20.702986,77.0,288.0,0.0,27.3,27.3,Open-Meteo Historical Forecast API (best_match/GFS Seamless),Open-Meteo Historical Forecast API (SRTM 90m at snapped grid),Open-Meteo Elevation API (SRTM 90m at station coordinates),best_match,"proxy: valid_time - lead_hours (historical forecast, not original run archive)",NOAA ISD via Phase 6 expanded dataset (QC=1),0.0065
42933099999,AKOLA,20.7,77.033,282.0,2023-02-06T00:00:00,2023-02-04T00:00:00,48,February_2023,15.2,14.3,288.0,20.702986,77.0,288.0,0.0,14.3,14.3,Open-Meteo Historical Forecast API (best_match/GFS Seamless),Open-Meteo Historical Forecast API (SRTM 90m at snapped grid),Open-Meteo Elevation API (SRTM 90m at station coordinates),best_match,"proxy: valid_time - lead_hours (historical forecast, not original run archive)",NOAA ISD via Phase 6 expanded dataset (QC=1),0.0065
42933099999,AKOLA,20.7,77.033,282.0,2023-02-05T00:00:00,2023-02-04T12:00:00,12,February_2023,13.9,13.2,288.0,20.702986,77.0,288.0,0.0,13.2,13.2,Open-Meteo Historical Forecast API (best_match/GFS Seamless),Open-Meteo Historical Forecast API (SRTM 90m at snapped grid),Open-Meteo Elevation API (SRTM 90m at station coordinates),best_match,"proxy: valid_time - lead_hours (historical forecast, not original run archive)",NOAA ISD via Phase 6 expanded dataset (QC=1),0.0065
42933099999,AKOLA,20.7,77.033,282.0,2023-02-05T12:00:00,2023-02-04T12:00:00,24,February_2023,29.4,27.3,288.0,20.702986,77.0,288.0,0.0,27.3,27.3,Open-Meteo Historical Forecast API (best_match/GFS Seamless),Open-Meteo Historical Forecast API (SRTM 90m at snapped grid),Open-Meteo Elevation API (SRTM 90m at station coordinates),best_match,"proxy: valid_time - lead_hours (historical forecast, not original run archive)",NOAA ISD via Phase 6 expanded dataset (QC=1),0.0065
42933099999,AKOLA,20.7,77.033,282.0,2023-02-06T00:00:00,2023-02-04T12:00:00,36,February_2023,15.2,14.3,288.0,20.702986,77.0,288.0,0.0,14.3,14.3,Open-Meteo Historical Forecast API (best_match/GFS Seamless),Open-Meteo Historical Forecast API (SRTM 90m at snapped grid),Open-Meteo Elevation API (SRTM 90m at station coordinates),best_match,"proxy: valid_time - lead_hours (historical forecast, not original run archive)",NOAA ISD via Phase 6 expanded dataset (QC=1),0.0065
42933099999,AKOLA,20.7,77.033,282.0,2023-02-06T12:00:00,2023-02-04T12:00:00,48,February_2023,29.9,29.1,288.0,20.702986,77.0,288.0,0.0,29.1,29.1,Open-Meteo Historical Forecast API (best_match/GFS Seamless),Open-Meteo Historical Forecast API (SRTM 90m at snapped grid),Open-Meteo Elevation API (SRTM 90m at station coordinates),best_match,"proxy: valid_time - lead_hours (historical forecast, not original run archive)",NOAA ISD via Phase 6 expanded dataset (QC=1),0.0065
42933099999,AKOLA,20.7,77.033,282.0,2023-02-05T12:00:00,2023-02-05T00:00:00,12,February_2023,29.4,27.3,288.0,20.702986,77.0,288.0,0.0,27.3,27.3,Open-Meteo Historical Forecast API (best_match/GFS Seamless),Open-Meteo Historical Forecast API (SRTM 90m at snapped grid),Open-Meteo Elevation API (SRTM 90m at station coordinates),best_match,"proxy: valid_time - lead_hours (historical forecast, not original run archive)",NOAA ISD via Phase 6 expanded dataset (QC=1),0.0065
42933099999,AKOLA,20.7,77.033,282.0,2023-02-06T00:00:00,2023-02-05T00:00:00,24,February_2023,15.2,14.3,288.0,20.702986,77.0,288.0,0.0,14.3,14.3,Open-Meteo Historical Forecast API (best_match/GFS Seamless),Open-Meteo Historical Forecast API (SRTM 90m at snapped grid),Open-Meteo Elevation API (SRTM 90m at station coordinates),best_match,"proxy: valid_time - lead_hours (historical forecast, not original run archive)",NOAA ISD via Phase 6 expanded dataset (QC=1),0.0065
42933099999,AKOLA,20.7,77.033,282.0,2023-02-06T12:00:00,2023-02-05T00:00:00,36,February_2023,29.9,29.1,288.0,20.702986,77.0,288.0,0.0,29.1,29.1,Open-Meteo Historical Forecast API (best_match/GFS Seamless),Open-Meteo Historical Forecast API (SRTM 90m at snapped grid),Open-Meteo Elevation API (SRTM 90m at station coordinates),best_match,"proxy: valid_time - lead_hours (historical forecast, not original run archive)",NOAA ISD via Phase 6 expanded dataset (QC=1),0.0065
42933099999,AKOLA,20.7,77.033,282.0,2023-02-07T00:00:00,2023-02-05T00:00:00,48,February_2023,16.4,16.3,288.0,20.702986,77.0,288.0,0.0,16.3,16.3,Open-Meteo Historical Forecast API (best_match/GFS Seamless),Open-Meteo Historical Forecast API (SRTM 90m at snapped grid),Open-Meteo Elevation API (SRTM 90m at station coordinates),best_match,"proxy: valid_time - lead_hours (historical forecast, not original run archive)",NOAA ISD via Phase 6 expanded dataset (QC=1),0.0065
42933099999,AKOLA,20.7,77.033,282.0,2023-02-06T00:00:00,2023-02-05T12:00:00,12,February_2023,15.2,14.3,288.0,20.702986,77.0,288.0,0.0,14.3,14.3,Open-Meteo Historical Forecast API (best_match/GFS Seamless),Open-Meteo Historical Forecast API (SRTM 90m at snapped grid),Open-Meteo Elevation API (SRTM 90m at station coordinates),best_match,"proxy: valid_time - lead_hours (historical forecast, not original run archive)",NOAA ISD via Phase 6 expanded dataset (QC=1),0.0065
42933099999,AKOLA,20.7,77.033,282.0,2023-02-06T12:00:00,2023-02-05T12:00:00,24,February_2023,29.9,29.1,288.0,20.702986,77.0,288.0,0.0,29.1,29.1,Open-Meteo Historical Forecast API (best_match/GFS Seamless),Open-Meteo Historical Forecast API (SRTM 90m at snapped grid),Open-Meteo Elevation API (SRTM 90m at station coordinates),best_match,"proxy: valid_time - lead_hours (historical forecast, not original run archive)",NOAA ISD via Phase 6 expanded dataset (QC=1),0.0065
42933099999,AKOLA,20.7,77.033,282.0,2023-02-07T00:00:00,2023-02-05T12:00:00,36,February_2023,16.4,16.3,288.0,20.702986,77.0,288.0,0.0,16.3,16.3,Open-Meteo Historical Forecast API (best_match/GFS Seamless),Open-Meteo Historical Forecast API (SRTM 90m at snapped grid),Open-Meteo Elevation API (SRTM 90m at station coordinates),best_match,"proxy: valid_time - lead_hours (historical forecast, not original run archive)",NOAA ISD via Phase 6 expanded dataset (QC=1),0.0065
42933099999,AKOLA,20.7,77.033,282.0,2023-02-07T12:00:00,2023-02-05T12:00:00,48,February_2023,30.0,28.6,288.0,20.702986,77.0,288.0,0.0,28.6,28.6,Open-Meteo Historical Forecast API (best_match/GFS Seamless),Open-Meteo Historical Forecast API (SRTM 90m at snapped grid),Open-Meteo Elevation API (SRTM 90m at station coordinates),best_match,"proxy: valid_time - lead_hours (historical forecast, not original run archive)",NOAA ISD via Phase 6 expanded dataset (QC=1),0.0065
42933099999,AKOLA,20.7,77.033,282.0,2023-02-06T12:00:00,2023-02-06T00:00:00,12,February_2023,29.9,29.1,288.0,20.702986,77.0,288.0,0.0,29.1,29.1,Open-Meteo Historical Forecast API (best_match/GFS Seamless),Open-Meteo Historical Forecast API (SRTM 90m at snapped grid),Open-Meteo Elevation API (SRTM 90m at station coordinates),best_match,"proxy: valid_time - lead_hours (historical forecast, not original run archive)",NOAA ISD via Phase 6 expanded dataset (QC=1),0.0065
42933099999,AKOLA,20.7,77.033,282.0,2023-02-07T00:00:00,2023-02-06T00:00:00,24,February_2023,16.4,16.3,288.0,20.702986,77.0,288.0,0.0,16.3,16.3,Open-Meteo Historical Forecast API (best_match/GFS Seamless),Open-Meteo Historical Forecast API (SRTM 90m at snapped grid),Open-Meteo Elevation API (SRTM 90m at station coordinates),best_match,"proxy: valid_time - lead_hours (historical forecast, not original run archive)",NOAA ISD via Phase 6 expanded dataset (QC=1),0.0065
42933099999,AKOLA,20.7,77.033,282.0,2023-02-07T12:00:00,2023-02-06T00:00:00,36,February_2023,30.0,28.6,288.0,20.702986,77.0,288.0,0.0,28.6,28.6,Open-Meteo Historical Forecast API (best_match/GFS Seamless),Open-Meteo Historical Forecast API (SRTM 90m at snapped grid),Open-Meteo Elevation API (SRTM 90m at station coordinates),best_match,"proxy: valid_time - lead_hours (historical forecast, not original run archive)",NOAA ISD via Phase 6 expanded dataset (QC=1),0.0065
42933099999,AKOLA,20.7,77.033,282.0,2023-02-08T00:00:00,2023-02-06T00:00:00,48,February_2023,16.4,15.1,288.0,20.702986,77.0,288.0,0.0,15.1,15.1,Open-Meteo Historical Forecast API (best_match/GFS Seamless),Open-Meteo Historical Forecast API (SRTM 90m at snapped grid),Open-Meteo Elevation API (SRTM 90m at station coordinates),best_match,"proxy: valid_time - lead_hours (historical forecast, not original run archive)",NOAA ISD via Phase 6 expanded dataset (QC=1),0.0065
42933099999,AKOLA,20.7,77.033,282.0,2023-02-07T00:00:00,2023-02-06T12:00:00,12,February_2023,16.4,16.3,288.0,20.702986,77.0,288.0,0.0,16.3,16.3,Open-Meteo Historical Forecast API (best_match/GFS Seamless),Open-Meteo Historical Forecast API (SRTM 90m at snapped grid),Open-Meteo Elevation API (SRTM 90m at station coordinates),best_match,"proxy: valid_time - lead_hours (historical forecast, not original run archive)",NOAA ISD via Phase 6 expanded dataset (QC=1),0.0065
42933099999,AKOLA,20.7,77.033,282.0,2023-02-07T12:00:00,2023-02-06T12:00:00,24,February_2023,30.0,28.6,288.0,20.702986,77.0,288.0,0.0,28.6,28.6,Open-Meteo Historical Forecast API (best_match/GFS Seamless),Open-Meteo Historical Forecast API (SRTM 90m at snapped grid),Open-Meteo Elevation API (SRTM 90m at station coordinates),best_match,"proxy: valid_time - lead_hours (historical forecast, not original run archive)",NOAA ISD via Phase 6 expanded dataset (QC=1),0.0065
42933099999,AKOLA,20.7,77.033,282.0,2023-02-08T00:00:00,2023-02-06T12:00:00,36,February_2023,16.4,15.1,288.0,20.702986,77.0,288.0,0.0,15.1,15.1,Open-Meteo Historical Forecast API (best_match/GFS Seamless),Open-Meteo Historical Forecast API (SRTM 90m at snapped grid),Open-Meteo Elevation API (SRTM 90m at station coordinates),best_match,"proxy: valid_time - lead_hours (historical forecast, not original run archive)",NOAA ISD via Phase 6 expanded dataset (QC=1),0.0065
42933099999,AKOLA,20.7,77.033,282.0,2023-02-08T12:00:00,2023-02-06T12:00:00,48,February_2023,31.0,28.4,288.0,20.702986,77.0,288.0,0.0,28.4,28.4,Open-Meteo Historical Forecast API (best_match/GFS Seamless),Open-Meteo Historical Forecast API (SRTM 90m at snapped grid),Open-Meteo Elevation API (SRTM 90m at station coordinates),best_match,"proxy: valid_time - lead_hours (historical forecast, not original run archive)",NOAA ISD via Phase 6 expanded dataset (QC=1),0.0065
42933099999,AKOLA,20.7,77.033,282.0,2023-02-07T12:00:00,2023-02-07T00:00:00,12,February_2023,30.0,28.6,288.0,20.702986,77.0,288.0,0.0,28.6,28.6,Open-Meteo Historical Forecast API (best_match/GFS Seamless),Open-Meteo Historical Forecast API (SRTM 90m at snapped grid),Open-Meteo Elevation API (SRTM 90m at station coordinates),best_match,"proxy: valid_time - lead_hours (historical forecast, not original run archive)",NOAA ISD via Phase 6 expanded dataset (QC=1),0.0065
42933099999,AKOLA,20.7,77.033,282.0,2023-02-08T00:00:00,2023-02-07T00:00:00,24,February_2023,16.4,15.1,288.0,20.702986,77.0,288.0,0.0,15.1,15.1,Open-Meteo Historical Forecast API (best_match/GFS Seamless),Open-Meteo Historical Forecast API (SRTM 90m at snapped grid),Open-Meteo Elevation API (SRTM 90m at station coordinates),best_match,"proxy: valid_time - lead_hours (historical forecast, not original run archive)",NOAA ISD via Phase 6 expanded dataset (QC=1),0.0065
42933099999,AKOLA,20.7,77.033,282.0,2023-02-08T12:00:00,2023-02-07T00:00:00,36,February_2023,31.0,28.4,288.0,20.702986,77.0,288.0,0.0,28.4,28.4,Open-Meteo Historical Forecast API (best_match/GFS Seamless),Open-Meteo Historical Forecast API (SRTM 90m at snapped grid),Open-Meteo Elevation API (SRTM 90m at station coordinates),best_match,"proxy: valid_time - lead_hours (historical forecast, not original run archive)",NOAA ISD via Phase 6 expanded dataset (QC=1),0.0065
42933099999,AKOLA,20.7,77.033,282.0,2023-02-09T00:00:00,2023-02-07T00:00:00,48,February_2023,14.4,14.9,288.0,20.702986,77.0,288.0,0.0,14.9,14.9,Open-Meteo Historical Forecast API (best_match/GFS Seamless),Open-Meteo Historical Forecast API (SRTM 90m at snapped grid),Open-Meteo Elevation API (SRTM 90m at station coordinates),best_match,"proxy: valid_time - lead_hours (historical forecast, not original run archive)",NOAA ISD via Phase 6 expanded dataset (QC=1),0.0065
42933099999,AKOLA,20.7,77.033,282.0,2023-02-08T00:00:00,2023-02-07T12:00:00,12,February_2023,16.4,15.1,288.0,20.702986,77.0,288.0,0.0,15.1,15.1,Open-Meteo Historical Forecast API (best_match/GFS Seamless),Open-Meteo Historical Forecast API (SRTM 90m at snapped grid),Open-Meteo Elevation API (SRTM 90m at station coordinates),best_match,"proxy: valid_time - lead_hours (historical forecast, not original run archive)",NOAA ISD via Phase 6 expanded dataset (QC=1),0.0065
42933099999,AKOLA,20.7,77.033,282.0,2023-02-08T12:00:00,2023-02-07T12:00:00,24,February_2023,31.0,28.4,288.0,20.702986,77.0,288.0,0.0,28.4,28.4,Open-Meteo Historical Forecast API (best_match/GFS Seamless),Open-Meteo Historical Forecast API (SRTM 90m at snapped grid),Open-Meteo Elevation API (SRTM 90m at station coordinates),best_match,"proxy: valid_time - lead_hours (historical forecast, not original run archive)",NOAA ISD via Phase 6 expanded dataset (QC=1),0.0065
42933099999,AKOLA,20.7,77.033,282.0,2023-02-09T00:00:00,2023-02-07T12:00:00,36,February_2023,14.4,14.9,288.0,20.702986,77.0,288.0,0.0,14.9,14.9,Open-Meteo Historical Forecast API (best_match/GFS Seamless),Open-Meteo Historical Forecast API (SRTM 90m at snapped grid),Open-Meteo Elevation API (SRTM 90m at station coordinates),best_match,"proxy: valid_time - lead_hours (historical forecast, not original run archive)",NOAA ISD via Phase 6 expanded dataset (QC=1),0.0065
42933099999,AKOLA,20.7,77.033,282.0,2023-02-09T12:00:00,2023-02-07T12:00:00,48,February_2023,30.4,29.5,288.0,20.702986,77.0,288.0,0.0,29.5,29.5,Open-Meteo Historical Forecast API (best_match/GFS Seamless),Open-Meteo Historical Forecast API (SRTM 90m at snapped grid),Open-Meteo Elevation API (SRTM 90m at station coordinates),best_match,"proxy: valid_time - lead_hours (historical forecast, not original run archive)",NOAA ISD via Phase 6 expanded dataset (QC=1),0.0065
42933099999,AKOLA,20.7,77.033,282.0,2023-02-08T12:00:00,2023-02-08T00:00:00,12,February_2023,31.0,28.4,288.0,20.702986,77.0,288.0,0.0,28.4,28.4,Open-Meteo Historical Forecast API (best_match/GFS Seamless),Open-Meteo Historical Forecast API (SRTM 90m at snapped grid),Open-Meteo Elevation API (SRTM 90m at station coordinates),best_match,"proxy: valid_time - lead_hours (historical forecast, not original run archive)",NOAA ISD via Phase 6 expanded dataset (QC=1),0.0065
42933099999,AKOLA,20.7,77.033,282.0,2023-02-09T00:00:00,2023-02-08T00:00:00,24,February_2023,14.4,14.9,288.0,20.702986,77.0,288.0,0.0,14.9,14.9,Open-Meteo Historical Forecast API (best_match/GFS Seamless),Open-Meteo Historical Forecast API (SRTM 90m at snapped grid),Open-Meteo Elevation API (SRTM 90m at station coordinates),best_match,"proxy: valid_time - lead_hours (historical forecast, not original run archive)",NOAA ISD via Phase 6 expanded dataset (QC=1),0.0065
42933099999,AKOLA,20.7,77.033,282.0,2023-02-09T12:00:00,2023-02-08T00:00:00,36,February_2023,30.4,29.5,288.0,20.702986,77.0,288.0,0.0,29.5,29.5,Open-Meteo Historical Forecast API (best_match/GFS Seamless),Open-Meteo Historical Forecast API (SRTM 90m at snapped grid),Open-Meteo Elevation API (SRTM 90m at station coordinates),best_match,"proxy: valid_time - lead_hours (historical forecast, not original run archive)",NOAA ISD via Phase 6 expanded dataset (QC=1),0.0065
42933099999,AKOLA,20.7,77.033,282.0,2023-02-10T00:00:00,2023-02-08T00:00:00,48,February_2023,15.4,17.3,288.0,20.702986,77.0,288.0,0.0,17.3,17.3,Open-Meteo Historical Forecast API (best_match/GFS Seamless),Open-Meteo Historical Forecast API (SRTM 90m at snapped grid),Open-Meteo Elevation API (SRTM 90m at station coordinates),best_match,"proxy: valid_time - lead_hours (historical forecast, not original run archive)",NOAA ISD via Phase 6 expanded dataset (QC=1),0.0065
42933099999,AKOLA,20.7,77.033,282.0,2023-02-09T00:00:00,2023-02-08T12:00:00,12,February_2023,14.4,14.9,288.0,20.702986,77.0,288.0,0.0,14.9,14.9,Open-Meteo Historical Forecast API (best_match/GFS Seamless),Open-Meteo Historical Forecast API (SRTM 90m at snapped grid),Open-Meteo Elevation API (SRTM 90m at station coordinates),best_match,"proxy: valid_time - lead_hours (historical forecast, not original run archive)",NOAA ISD via Phase 6 expanded dataset (QC=1),0.0065
42933099999,AKOLA,20.7,77.033,282.0,2023-02-09T12:00:00,2023-02-08T12:00:00,24,February_2023,30.4,29.5,288.0,20.702986,77.0,288.0,0.0,29.5,29.5,Open-Meteo Historical Forecast API (best_match/GFS Seamless),Open-Meteo Historical Forecast API (SRTM 90m at snapped grid),Open-Meteo Elevation API (SRTM 90m at station coordinates),best_match,"proxy: valid_time - lead_hours (historical forecast, not original run archive)",NOAA ISD via Phase 6 expanded dataset (QC=1),0.0065
42933099999,AKOLA,20.7,77.033,282.0,2023-02-10T00:00:00,2023-02-08T12:00:00,36,February_2023,15.4,17.3,288.0,20.702986,77.0,288.0,0.0,17.3,17.3,Open-Meteo Historical Forecast API (best_match/GFS Seamless),Open-Meteo Historical Forecast API (SRTM 90m at snapped grid),Open-Meteo Elevation API (SRTM 90m at station coordinates),best_match,"proxy: valid_time - lead_hours (historical forecast, not original run archive)",NOAA ISD via Phase 6 expanded dataset (QC=1),0.0065
42933099999,AKOLA,20.7,77.033,282.0,2023-02-10T12:00:00,2023-02-08T12:00:00,48,February_2023,32.8,30.2,288.0,20.702986,77.0,288.0,0.0,30.2,30.2,Open-Meteo Historical Forecast API (best_match/GFS Seamless),Open-Meteo Historical Forecast API (SRTM 90m at snapped grid),Open-Meteo Elevation API (SRTM 90m at station coordinates),best_match,"proxy: valid_time - lead_hours (historical forecast, not original run archive)",NOAA ISD via Phase 6 expanded dataset (QC=1),0.0065
42933099999,AKOLA,20.7,77.033,282.0,2023-02-09T12:00:00,2023-02-09T00:00:00,12,February_2023,30.4,29.5,288.0,20.702986,77.0,288.0,0.0,29.5,29.5,Open-Meteo Historical Forecast API (best_match/GFS Seamless),Open-Meteo Historical Forecast API (SRTM 90m at snapped grid),Open-Meteo Elevation API (SRTM 90m at station coordinates),best_match,"proxy: valid_time - lead_hours (historical forecast, not original run archive)",NOAA ISD via Phase 6 expanded dataset (QC=1),0.0065
42933099999,AKOLA,20.7,77.033,282.0,2023-02-10T00:00:00,2023-02-09T00:00:00,24,February_2023,15.4,17.3,288.0,20.702986,77.0,288.0,0.0,17.3,17.3,Open-Meteo Historical Forecast API (best_match/GFS Seamless),Open-Meteo Historical Forecast API (SRTM 90m at snapped grid),Open-Meteo Elevation API (SRTM 90m at station coordinates),best_match,"proxy: valid_time - lead_hours (historical forecast, not original run archive)",NOAA ISD via Phase 6 expanded dataset (QC=1),0.0065
42933099999,AKOLA,20.7,77.033,282.0,2023-02-10T12:00:00,2023-02-09T00:00:00,36,February_2023,32.8,30.2,288.0,20.702986,77.0,288.0,0.0,30.2,30.2,Open-Meteo Historical Forecast API (best_match/GFS Seamless),Open-Meteo Historical Forecast API (SRTM 90m at snapped grid),Open-Meteo Elevation API (SRTM 90m at station coordinates),best_match,"proxy: valid_time - lead_hours (historical forecast, not original run archive)",NOAA ISD via Phase 6 expanded dataset (QC=1),0.0065
42933099999,AKOLA,20.7,77.033,282.0,2023-02-10T00:00:00,2023-02-09T12:00:00,12,February_2023,15.4,17.3,288.0,20.702986,77.0,288.0,0.0,17.3,17.3,Open-Meteo Historical Forecast API (best_match/GFS Seamless),Open-Meteo Historical Forecast API (SRTM 90m at snapped grid),Open-Meteo Elevation API (SRTM 90m at station coordinates),best_match,"proxy: valid_time - lead_hours (historical forecast, not original run archive)",NOAA ISD via Phase 6 expanded dataset (QC=1),0.0065
42933099999,AKOLA,20.7,77.033,282.0,2023-02-10T12:00:00,2023-02-09T12:00:00,24,February_2023,32.8,30.2,288.0,20.702986,77.0,288.0,0.0,30.2,30.2,Open-Meteo Historical Forecast API (best_match/GFS Seamless),Open-Meteo Historical Forecast API (SRTM 90m at snapped grid),Open-Meteo Elevation API (SRTM 90m at station coordinates),best_match,"proxy: valid_time - lead_hours (historical forecast, not original run archive)",NOAA ISD via Phase 6 expanded dataset (QC=1),0.0065
42933099999,AKOLA,20.7,77.033,282.0,2023-02-10T12:00:00,2023-02-10T00:00:00,12,February_2023,32.8,30.2,288.0,20.702986,77.0,288.0,0.0,30.2,30.2,Open-Meteo Historical Forecast API (best_match/GFS Seamless),Open-Meteo Historical Forecast API (SRTM 90m at snapped grid),Open-Meteo Elevation API (SRTM 90m at station coordinates),best_match,"proxy: valid_time - lead_hours (historical forecast, not original run archive)",NOAA ISD via Phase 6 expanded dataset (QC=1),0.0065
42933099999,AKOLA,20.7,77.033,282.0,2023-08-01T12:00:00,2023-08-01T00:00:00,12,August_2023,29.0,29.3,288.0,20.702986,77.0,288.0,0.0,29.3,29.3,Open-Meteo Historical Forecast API (best_match/GFS Seamless),Open-Meteo Historical Forecast API (SRTM 90m at snapped grid),Open-Meteo Elevation API (SRTM 90m at station coordinates),best_match,"proxy: valid_time - lead_hours (historical forecast, not original run archive)",NOAA ISD via Phase 6 expanded dataset (QC=1),0.0065
42933099999,AKOLA,20.7,77.033,282.0,2023-08-02T00:00:00,2023-08-01T00:00:00,24,August_2023,25.4,25.4,288.0,20.702986,77.0,288.0,0.0,25.4,25.4,Open-Meteo Historical Forecast API (best_match/GFS Seamless),Open-Meteo Historical Forecast API (SRTM 90m at snapped grid),Open-Meteo Elevation API (SRTM 90m at station coordinates),best_match,"proxy: valid_time - lead_hours (historical forecast, not original run archive)",NOAA ISD via Phase 6 expanded dataset (QC=1),0.0065
42933099999,AKOLA,20.7,77.033,282.0,2023-08-02T12:00:00,2023-08-01T00:00:00,36,August_2023,28.8,27.3,288.0,20.702986,77.0,288.0,0.0,27.3,27.3,Open-Meteo Historical Forecast API (best_match/GFS Seamless),Open-Meteo Historical Forecast API (SRTM 90m at snapped grid),Open-Meteo Elevation API (SRTM 90m at station coordinates),best_match,"proxy: valid_time - lead_hours (historical forecast, not original run archive)",NOAA ISD via Phase 6 expanded dataset (QC=1),0.0065
42933099999,AKOLA,20.7,77.033,282.0,2023-08-03T00:00:00,2023-08-01T00:00:00,48,August_2023,25.2,24.9,288.0,20.702986,77.0,288.0,0.0,24.9,24.9,Open-Meteo Historical Forecast API (best_match/GFS Seamless),Open-Meteo Historical Forecast API (SRTM 90m at snapped grid),Open-Meteo Elevation API (SRTM 90m at station coordinates),best_match,"proxy: valid_time - lead_hours (historical forecast, not original run archive)",NOAA ISD via Phase 6 expanded dataset (QC=1),0.0065
42933099999,AKOLA,20.7,77.033,282.0,2023-08-02T00:00:00,2023-08-01T12:00:00,12,August_2023,25.4,25.4,288.0,20.702986,77.0,288.0,0.0,25.4,25.4,Open-Meteo Historical Forecast API (best_match/GFS Seamless),Open-Meteo Historical Forecast API (SRTM 90m at snapped grid),Open-Meteo Elevation API (SRTM 90m at station coordinates),best_match,"proxy: valid_time - lead_hours (historical forecast, not original run archive)",NOAA ISD via Phase 6 expanded dataset (QC=1),0.0065
42933099999,AKOLA,20.7,77.033,282.0,2023-08-02T12:00:00,2023-08-01T12:00:00,24,August_2023,28.8,27.3,288.0,20.702986,77.0,288.0,0.0,27.3,27.3,Open-Meteo Historical Forecast API (best_match/GFS Seamless),Open-Meteo Historical Forecast API (SRTM 90m at snapped grid),Open-Meteo Elevation API (SRTM 90m at station coordinates),best_match,"proxy: valid_time - lead_hours (historical forecast, not original run archive)",NOAA ISD via Phase 6 expanded dataset (QC=1),0.0065
42933099999,AKOLA,20.7,77.033,282.0,2023-08-03T00:00:00,2023-08-01T12:00:00,36,August_2023,25.2,24.9,288.0,20.702986,77.0,288.0,0.0,24.9,24.9,Open-Meteo Historical Forecast API (best_match/GFS Seamless),Open-Meteo Historical Forecast API (SRTM 90m at snapped grid),Open-Meteo Elevation API (SRTM 90m at station coordinates),best_match,"proxy: valid_time - lead_hours (historical forecast, not original run archive)",NOAA ISD via Phase 6 expanded dataset (QC=1),0.0065
42933099999,AKOLA,20.7,77.033,282.0,2023-08-03T12:00:00,2023-08-01T12:00:00,48,August_2023,26.2,24.7,288.0,20.702986,77.0,288.0,0.0,24.7,24.7,Open-Meteo Historical Forecast API (best_match/GFS Seamless),Open-Meteo Historical Forecast API (SRTM 90m at snapped grid),Open-Meteo Elevation API (SRTM 90m at station coordinates),best_match,"proxy: valid_time - lead_hours (historical forecast, not original run archive)",NOAA ISD via Phase 6 expanded dataset (QC=1),0.0065
42933099999,AKOLA,20.7,77.033,282.0,2023-08-02T12:00:00,2023-08-02T00:00:00,12,August_2023,28.8,27.3,288.0,20.702986,77.0,288.0,0.0,27.3,27.3,Open-Meteo Historical Forecast API (best_match/GFS Seamless),Open-Meteo Historical Forecast API (SRTM 90m at snapped grid),Open-Meteo Elevation API (SRTM 90m at station coordinates),best_match,"proxy: valid_time - lead_hours (historical forecast, not original run archive)",NOAA ISD via Phase 6 expanded dataset (QC=1),0.0065
42933099999,AKOLA,20.7,77.033,282.0,2023-08-03T00:00:00,2023-08-02T00:00:00,24,August_2023,25.2,24.9,288.0,20.702986,77.0,288.0,0.0,24.9,24.9,Open-Meteo Historical Forecast API (best_match/GFS Seamless),Open-Meteo Historical Forecast API (SRTM 90m at snapped grid),Open-Meteo Elevation API (SRTM 90m at station coordinates),best_match,"proxy: valid_time - lead_hours (historical forecast, not original run archive)",NOAA ISD via Phase 6 expanded dataset (QC=1),0.0065
42933099999,AKOLA,20.7,77.033,282.0,2023-08-03T12:00:00,2023-08-02T00:00:00,36,August_2023,26.2,24.7,288.0,20.702986,77.0,288.0,0.0,24.7,24.7,Open-Meteo Historical Forecast API (best_match/GFS Seamless),Open-Meteo Historical Forecast API (SRTM 90m at snapped grid),Open-Meteo Elevation API (SRTM 90m at station coordinates),best_match,"proxy: valid_time - lead_hours (historical forecast, not original run archive)",NOAA ISD via Phase 6 expanded dataset (QC=1),0.0065
42933099999,AKOLA,20.7,77.033,282.0,2023-08-04T00:00:00,2023-08-02T00:00:00,48,August_2023,24.9,24.3,288.0,20.702986,77.0,288.0,0.0,24.3,24.3,Open-Meteo Historical Forecast API (best_match/GFS Seamless),Open-Meteo Historical Forecast API (SRTM 90m at snapped grid),Open-Meteo Elevation API (SRTM 90m at station coordinates),best_match,"proxy: valid_time - lead_hours (historical forecast, not original run archive)",NOAA ISD via Phase 6 expanded dataset (QC=1),0.0065
42933099999,AKOLA,20.7,77.033,282.0,2023-08-03T00:00:00,2023-08-02T12:00:00,12,August_2023,25.2,24.9,288.0,20.702986,77.0,288.0,0.0,24.9,24.9,Open-Meteo Historical Forecast API (best_match/GFS Seamless),Open-Meteo Historical Forecast API (SRTM 90m at snapped grid),Open-Meteo Elevation API (SRTM 90m at station coordinates),best_match,"proxy: valid_time - lead_hours (historical forecast, not original run archive)",NOAA ISD via Phase 6 expanded dataset (QC=1),0.0065
42933099999,AKOLA,20.7,77.033,282.0,2023-08-03T12:00:00,2023-08-02T12:00:00,24,August_2023,26.2,24.7,288.0,20.702986,77.0,288.0,0.0,24.7,24.7,Open-Meteo Historical Forecast API (best_match/GFS Seamless),Open-Meteo Historical Forecast API (SRTM 90m at snapped grid),Open-Meteo Elevation API (SRTM 90m at station coordinates),best_match,"proxy: valid_time - lead_hours (historical forecast, not original run archive)",NOAA ISD via Phase 6 expanded dataset (QC=1),0.0065
42933099999,AKOLA,20.7,77.033,282.0,2023-08-04T00:00:00,2023-08-02T12:00:00,36,August_2023,24.9,24.3,288.0,20.702986,77.0,288.0,0.0,24.3,24.3,Open-Meteo Historical Forecast API (best_match/GFS Seamless),Open-Meteo Historical Forecast API (SRTM 90m at snapped grid),Open-Meteo Elevation API (SRTM 90m at station coordinates),best_match,"proxy: valid_time - lead_hours (historical forecast, not original run archive)",NOAA ISD via Phase 6 expanded dataset (QC=1),0.0065
42933099999,AKOLA,20.7,77.033,282.0,2023-08-04T12:00:00,2023-08-02T12:00:00,48,August_2023,29.4,28.8,288.0,20.702986,77.0,288.0,0.0,28.8,28.8,Open-Meteo Historical Forecast API (best_match/GFS Seamless),Open-Meteo Historical Forecast API (SRTM 90m at snapped grid),Open-Meteo Elevation API (SRTM 90m at station coordinates),best_match,"proxy: valid_time - lead_hours (historical forecast, not original run archive)",NOAA ISD via Phase 6 expanded dataset (QC=1),0.0065
42933099999,AKOLA,20.7,77.033,282.0,2023-08-03T12:00:00,2023-08-03T00:00:00,12,August_2023,26.2,24.7,288.0,20.702986,77.0,288.0,0.0,24.7,24.7,Open-Meteo Historical Forecast API (best_match/GFS Seamless),Open-Meteo Historical Forecast API (SRTM 90m at snapped grid),Open-Meteo Elevation API (SRTM 90m at station coordinates),best_match,"proxy: valid_time - lead_hours (historical forecast, not original run archive)",NOAA ISD via Phase 6 expanded dataset (QC=1),0.0065
42933099999,AKOLA,20.7,77.033,282.0,2023-08-04T00:00:00,2023-08-03T00:00:00,24,August_2023,24.9,24.3,288.0,20.702986,77.0,288.0,0.0,24.3,24.3,Open-Meteo Historical Forecast API (best_match/GFS Seamless),Open-Meteo Historical Forecast API (SRTM 90m at snapped grid),Open-Meteo Elevation API (SRTM 90m at station coordinates),best_match,"proxy: valid_time - lead_hours (historical forecast, not original run archive)",NOAA ISD via Phase 6 expanded dataset (QC=1),0.0065
42933099999,AKOLA,20.7,77.033,282.0,2023-08-04T12:00:00,2023-08-03T00:00:00,36,August_2023,29.4,28.8,288.0,20.702986,77.0,288.0,0.0,28.8,28.8,Open-Meteo Historical Forecast API (best_match/GFS Seamless),Open-Meteo Historical Forecast API (SRTM 90m at snapped grid),Open-Meteo Elevation API (SRTM 90m at station coordinates),best_match,"proxy: valid_time - lead_hours (historical forecast, not original run archive)",NOAA ISD via Phase 6 expanded dataset (QC=1),0.0065
42933099999,AKOLA,20.7,77.033,282.0,2023-08-05T00:00:00,2023-08-03T00:00:00,48,August_2023,25.6,24.6,288.0,20.702986,77.0,288.0,0.0,24.6,24.6,Open-Meteo Historical Forecast API (best_match/GFS Seamless),Open-Meteo Historical Forecast API (SRTM 90m at snapped grid),Open-Meteo Elevation API (SRTM 90m at station coordinates),best_match,"proxy: valid_time - lead_hours (historical forecast, not original run archive)",NOAA ISD via Phase 6 expanded dataset (QC=1),0.0065
42933099999,AKOLA,20.7,77.033,282.0,2023-08-04T00:00:00,2023-08-03T12:00:00,12,August_2023,24.9,24.3,288.0,20.702986,77.0,288.0,0.0,24.3,24.3,Open-Meteo Historical Forecast API (best_match/GFS Seamless),Open-Meteo Historical Forecast API (SRTM 90m at snapped grid),Open-Meteo Elevation API (SRTM 90m at station coordinates),best_match,"proxy: valid_time - lead_hours (historical forecast, not original run archive)",NOAA ISD via Phase 6 expanded dataset (QC=1),0.0065
42933099999,AKOLA,20.7,77.033,282.0,2023-08-04T12:00:00,2023-08-03T12:00:00,24,August_2023,29.4,28.8,288.0,20.702986,77.0,288.0,0.0,28.8,28.8,Open-Meteo Historical Forecast API (best_match/GFS Seamless),Open-Meteo Historical Forecast API (SRTM 90m at snapped grid),Open-Meteo Elevation API (SRTM 90m at station coordinates),best_match,"proxy: valid_time - lead_hours (historical forecast, not original run archive)",NOAA ISD via Phase 6 expanded dataset (QC=1),0.0065
42933099999,AKOLA,20.7,77.033,282.0,2023-08-05T00:00:00,2023-08-03T12:00:00,36,August_2023,25.6,24.6,288.0,20.702986,77.0,288.0,0.0,24.6,24.6,Open-Meteo Historical Forecast API (best_match/GFS Seamless),Open-Meteo Historical Forecast API (SRTM 90m at snapped grid),Open-Meteo Elevation API (SRTM 90m at station coordinates),best_match,"proxy: valid_time - lead_hours (historical forecast, not original run archive)",NOAA ISD via Phase 6 expanded dataset (QC=1),0.0065
42933099999,AKOLA,20.7,77.033,282.0,2023-08-05T12:00:00,2023-08-03T12:00:00,48,August_2023,31.9,28.4,288.0,20.702986,77.0,288.0,0.0,28.4,28.4,Open-Meteo Historical Forecast API (best_match/GFS Seamless),Open-Meteo Historical Forecast API (SRTM 90m at snapped grid),Open-Meteo Elevation API (SRTM 90m at station coordinates),best_match,"proxy: valid_time - lead_hours (historical forecast, not original run archive)",NOAA ISD via Phase 6 expanded dataset (QC=1),0.0065
42933099999,AKOLA,20.7,77.033,282.0,2023-08-04T12:00:00,2023-08-04T00:00:00,12,August_2023,29.4,28.8,288.0,20.702986,77.0,288.0,0.0,28.8,28.8,Open-Meteo Historical Forecast API (best_match/GFS Seamless),Open-Meteo Historical Forecast API (SRTM 90m at snapped grid),Open-Meteo Elevation API (SRTM 90m at station coordinates),best_match,"proxy: valid_time - lead_hours (historical forecast, not original run archive)",NOAA ISD via Phase 6 expanded dataset (QC=1),0.0065
42933099999,AKOLA,20.7,77.033,282.0,2023-08-05T00:00:00,2023-08-04T00:00:00,24,August_2023,25.6,24.6,288.0,20.702986,77.0,288.0,0.0,24.6,24.6,Open-Meteo Historical Forecast API (best_match/GFS Seamless),Open-Meteo Historical Forecast API (SRTM 90m at snapped grid),Open-Meteo Elevation API (SRTM 90m at station coordinates),best_match,"proxy: valid_time - lead_hours (historical forecast, not original run archive)",NOAA ISD via Phase 6 expanded dataset (QC=1),0.0065
42933099999,AKOLA,20.7,77.033,282.0,2023-08-05T12:00:00,2023-08-04T00:00:00,36,August_2023,31.9,28.4,288.0,20.702986,77.0,288.0,0.0,28.4,28.4,Open-Meteo Historical Forecast API (best_match/GFS Seamless),Open-Meteo Historical Forecast API (SRTM 90m at snapped grid),Open-Meteo Elevation API (SRTM 90m at station coordinates),best_match,"proxy: valid_time - lead_hours (historical forecast, not original run archive)",NOAA ISD via Phase 6 expanded dataset (QC=1),0.0065
42933099999,AKOLA,20.7,77.033,282.0,2023-08-06T00:00:00,2023-08-04T00:00:00,48,August_2023,25.6,25.1,288.0,20.702986,77.0,288.0,0.0,25.1,25.1,Open-Meteo Historical Forecast API (best_match/GFS Seamless),Open-Meteo Historical Forecast API (SRTM 90m at snapped grid),Open-Meteo Elevation API (SRTM 90m at station coordinates),best_match,"proxy: valid_time - lead_hours (historical forecast, not original run archive)",NOAA ISD via Phase 6 expanded dataset (QC=1),0.0065
42933099999,AKOLA,20.7,77.033,282.0,2023-08-05T00:00:00,2023-08-04T12:00:00,12,August_2023,25.6,24.6,288.0,20.702986,77.0,288.0,0.0,24.6,24.6,Open-Meteo Historical Forecast API (best_match/GFS Seamless),Open-Meteo Historical Forecast API (SRTM 90m at snapped grid),Open-Meteo Elevation API (SRTM 90m at station coordinates),best_match,"proxy: valid_time - lead_hours (historical forecast, not original run archive)",NOAA ISD via Phase 6 expanded dataset (QC=1),0.0065
42933099999,AKOLA,20.7,77.033,282.0,2023-08-05T12:00:00,2023-08-04T12:00:00,24,August_2023,31.9,28.4,288.0,20.702986,77.0,288.0,0.0,28.4,28.4,Open-Meteo Historical Forecast API (best_match/GFS Seamless),Open-Meteo Historical Forecast API (SRTM 90m at snapped grid),Open-Meteo Elevation API (SRTM 90m at station coordinates),best_match,"proxy: valid_time - lead_hours (historical forecast, not original run archive)",NOAA ISD via Phase 6 expanded dataset (QC=1),0.0065
42933099999,AKOLA,20.7,77.033,282.0,2023-08-06T00:00:00,2023-08-04T12:00:00,36,August_2023,25.6,25.1,288.0,20.702986,77.0,288.0,0.0,25.1,25.1,Open-Meteo Historical Forecast API (best_match/GFS Seamless),Open-Meteo Historical Forecast API (SRTM 90m at snapped grid),Open-Meteo Elevation API (SRTM 90m at station coordinates),best_match,"proxy: valid_time - lead_hours (historical forecast, not original run archive)",NOAA ISD via Phase 6 expanded dataset (QC=1),0.0065
42933099999,AKOLA,20.7,77.033,282.0,2023-08-06T12:00:00,2023-08-04T12:00:00,48,August_2023,29.8,28.5,288.0,20.702986,77.0,288.0,0.0,28.5,28.5,Open-Meteo Historical Forecast API (best_match/GFS Seamless),Open-Meteo Historical Forecast API (SRTM 90m at snapped grid),Open-Meteo Elevation API (SRTM 90m at station coordinates),best_match,"proxy: valid_time - lead_hours (historical forecast, not original run archive)",NOAA ISD via Phase 6 expanded dataset (QC=1),0.0065
42933099999,AKOLA,20.7,77.033,282.0,2023-08-05T12:00:00,2023-08-05T00:00:00,12,August_2023,31.9,28.4,288.0,20.702986,77.0,288.0,0.0,28.4,28.4,Open-Meteo Historical Forecast API (best_match/GFS Seamless),Open-Meteo Historical Forecast API (SRTM 90m at snapped grid),Open-Meteo Elevation API (SRTM 90m at station coordinates),best_match,"proxy: valid_time - lead_hours (historical forecast, not original run archive)",NOAA ISD via Phase 6 expanded dataset (QC=1),0.0065
42933099999,AKOLA,20.7,77.033,282.0,2023-08-06T00:00:00,2023-08-05T00:00:00,24,August_2023,25.6,25.1,288.0,20.702986,77.0,288.0,0.0,25.1,25.1,Open-Meteo Historical Forecast API (best_match/GFS Seamless),Open-Meteo Historical Forecast API (SRTM 90m at snapped grid),Open-Meteo Elevation API (SRTM 90m at station coordinates),best_match,"proxy: valid_time - lead_hours (historical forecast, not original run archive)",NOAA ISD via Phase 6 expanded dataset (QC=1),0.0065
42933099999,AKOLA,20.7,77.033,282.0,2023-08-06T12:00:00,2023-08-05T00:00:00,36,August_2023,29.8,28.5,288.0,20.702986,77.0,288.0,0.0,28.5,28.5,Open-Meteo Historical Forecast API (best_match/GFS Seamless),Open-Meteo Historical Forecast API (SRTM 90m at snapped grid),Open-Meteo Elevation API (SRTM 90m at station coordinates),best_match,"proxy: valid_time - lead_hours (historical forecast, not original run archive)",NOAA ISD via Phase 6 expanded dataset (QC=1),0.0065
42933099999,AKOLA,20.7,77.033,282.0,2023-08-07T00:00:00,2023-08-05T00:00:00,48,August_2023,24.7,24.6,288.0,20.702986,77.0,288.0,0.0,24.6,24.6,Open-Meteo Historical Forecast API (best_match/GFS Seamless),Open-Meteo Historical Forecast API (SRTM 90m at snapped grid),Open-Meteo Elevation API (SRTM 90m at station coordinates),best_match,"proxy: valid_time - lead_hours (historical forecast, not original run archive)",NOAA ISD via Phase 6 expanded dataset (QC=1),0.0065
42933099999,AKOLA,20.7,77.033,282.0,2023-08-06T00:00:00,2023-08-05T12:00:00,12,August_2023,25.6,25.1,288.0,20.702986,77.0,288.0,0.0,25.1,25.1,Open-Meteo Historical Forecast API (best_match/GFS Seamless),Open-Meteo Historical Forecast API (SRTM 90m at snapped grid),Open-Meteo Elevation API (SRTM 90m at station coordinates),best_match,"proxy: valid_time - lead_hours (historical forecast, not original run archive)",NOAA ISD via Phase 6 expanded dataset (QC=1),0.0065
42933099999,AKOLA,20.7,77.033,282.0,2023-08-06T12:00:00,2023-08-05T12:00:00,24,August_2023,29.8,28.5,288.0,20.702986,77.0,288.0,0.0,28.5,28.5,Open-Meteo Historical Forecast API (best_match/GFS Seamless),Open-Meteo Historical Forecast API (SRTM 90m at snapped grid),Open-Meteo Elevation API (SRTM 90m at station coordinates),best_match,"proxy: valid_time - lead_hours (historical forecast, not original run archive)",NOAA ISD via Phase 6 expanded dataset (QC=1),0.0065
42933099999,AKOLA,20.7,77.033,282.0,2023-08-07T00:00:00,2023-08-05T12:00:00,36,August_2023,24.7,24.6,288.0,20.702986,77.0,288.0,0.0,24.6,24.6,Open-Meteo Historical Forecast API (best_match/GFS Seamless),Open-Meteo Historical Forecast API (SRTM 90m at snapped grid),Open-Meteo Elevation API (SRTM 90m at station coordinates),best_match,"proxy: valid_time - lead_hours (historical forecast, not original run archive)",NOAA ISD via Phase 6 expanded dataset (QC=1),0.0065
42933099999,AKOLA,20.7,77.033,282.0,2023-08-07T12:00:00,2023-08-05T12:00:00,48,August_2023,30.0,28.6,288.0,20.702986,77.0,288.0,0.0,28.6,28.6,Open-Meteo Historical Forecast API (best_match/GFS Seamless),Open-Meteo Historical Forecast API (SRTM 90m at snapped grid),Open-Meteo Elevation API (SRTM 90m at station coordinates),best_match,"proxy: valid_time - lead_hours (historical forecast, not original run archive)",NOAA ISD via Phase 6 expanded dataset (QC=1),0.0065
42933099999,AKOLA,20.7,77.033,282.0,2023-08-06T12:00:00,2023-08-06T00:00:00,12,August_2023,29.8,28.5,288.0,20.702986,77.0,288.0,0.0,28.5,28.5,Open-Meteo Historical Forecast API (best_match/GFS Seamless),Open-Meteo Historical Forecast API (SRTM 90m at snapped grid),Open-Meteo Elevation API (SRTM 90m at station coordinates),best_match,"proxy: valid_time - lead_hours (historical forecast, not original run archive)",NOAA ISD via Phase 6 expanded dataset (QC=1),0.0065
42933099999,AKOLA,20.7,77.033,282.0,2023-08-07T00:00:00,2023-08-06T00:00:00,24,August_2023,24.7,24.6,288.0,20.702986,77.0,288.0,0.0,24.6,24.6,Open-Meteo Historical Forecast API (best_match/GFS Seamless),Open-Meteo Historical Forecast API (SRTM 90m at snapped grid),Open-Meteo Elevation API (SRTM 90m at station coordinates),best_match,"proxy: valid_time - lead_hours (historical forecast, not original run archive)",NOAA ISD via Phase 6 expanded dataset (QC=1),0.0065
42933099999,AKOLA,20.7,77.033,282.0,2023-08-07T12:00:00,2023-08-06T00:00:00,36,August_2023,30.0,28.6,288.0,20.702986,77.0,288.0,0.0,28.6,28.6,Open-Meteo Historical Forecast API (best_match/GFS Seamless),Open-Meteo Historical Forecast API (SRTM 90m at snapped grid),Open-Meteo Elevation API (SRTM 90m at station coordinates),best_match,"proxy: valid_time - lead_hours (historical forecast, not original run archive)",NOAA ISD via Phase 6 expanded dataset (QC=1),0.0065
42933099999,AKOLA,20.7,77.033,282.0,2023-08-08T00:00:00,2023-08-06T00:00:00,48,August_2023,25.2,24.6,288.0,20.702986,77.0,288.0,0.0,24.6,24.6,Open-Meteo Historical Forecast API (best_match/GFS Seamless),Open-Meteo Historical Forecast API (SRTM 90m at snapped grid),Open-Meteo Elevation API (SRTM 90m at station coordinates),best_match,"proxy: valid_time - lead_hours (historical forecast, not original run archive)",NOAA ISD via Phase 6 expanded dataset (QC=1),0.0065
42933099999,AKOLA,20.7,77.033,282.0,2023-08-07T00:00:00,2023-08-06T12:00:00,12,August_2023,24.7,24.6,288.0,20.702986,77.0,288.0,0.0,24.6,24.6,Open-Meteo Historical Forecast API (best_match/GFS Seamless),Open-Meteo Historical Forecast API (SRTM 90m at snapped grid),Open-Meteo Elevation API (SRTM 90m at station coordinates),best_match,"proxy: valid_time - lead_hours (historical forecast, not original run archive)",NOAA ISD via Phase 6 expanded dataset (QC=1),0.0065
42933099999,AKOLA,20.7,77.033,282.0,2023-08-07T12:00:00,2023-08-06T12:00:00,24,August_2023,30.0,28.6,288.0,20.702986,77.0,288.0,0.0,28.6,28.6,Open-Meteo Historical Forecast API (best_match/GFS Seamless),Open-Meteo Historical Forecast API (SRTM 90m at snapped grid),Open-Meteo Elevation API (SRTM 90m at station coordinates),best_match,"proxy: valid_time - lead_hours (historical forecast, not original run archive)",NOAA ISD via Phase 6 expanded dataset (QC=1),0.0065
42933099999,AKOLA,20.7,77.033,282.0,2023-08-08T00:00:00,2023-08-06T12:00:00,36,August_2023,25.2,24.6,288.0,20.702986,77.0,288.0,0.0,24.6,24.6,Open-Meteo Historical Forecast API (best_match/GFS Seamless),Open-Meteo Historical Forecast API (SRTM 90m at snapped grid),Open-Meteo Elevation API (SRTM 90m at station coordinates),best_match,"proxy: valid_time - lead_hours (historical forecast, not original run archive)",NOAA ISD via Phase 6 expanded dataset (QC=1),0.0065
42933099999,AKOLA,20.7,77.033,282.0,2023-08-08T12:00:00,2023-08-06T12:00:00,48,August_2023,30.1,29.1,288.0,20.702986,77.0,288.0,0.0,29.1,29.1,Open-Meteo Historical Forecast API (best_match/GFS Seamless),Open-Meteo Historical Forecast API (SRTM 90m at snapped grid),Open-Meteo Elevation API (SRTM 90m at station coordinates),best_match,"proxy: valid_time - lead_hours (historical forecast, not original run archive)",NOAA ISD via Phase 6 expanded dataset (QC=1),0.0065
42933099999,AKOLA,20.7,77.033,282.0,2023-08-07T12:00:00,2023-08-07T00:00:00,12,August_2023,30.0,28.6,288.0,20.702986,77.0,288.0,0.0,28.6,28.6,Open-Meteo Historical Forecast API (best_match/GFS Seamless),Open-Meteo Historical Forecast API (SRTM 90m at snapped grid),Open-Meteo Elevation API (SRTM 90m at station coordinates),best_match,"proxy: valid_time - lead_hours (historical forecast, not original run archive)",NOAA ISD via Phase 6 expanded dataset (QC=1),0.0065
42933099999,AKOLA,20.7,77.033,282.0,2023-08-08T00:00:00,2023-08-07T00:00:00,24,August_2023,25.2,24.6,288.0,20.702986,77.0,288.0,0.0,24.6,24.6,Open-Meteo Historical Forecast API (best_match/GFS Seamless),Open-Meteo Historical Forecast API (SRTM 90m at snapped grid),Open-Meteo Elevation API (SRTM 90m at station coordinates),best_match,"proxy: valid_time - lead_hours (historical forecast, not original run archive)",NOAA ISD via Phase 6 expanded dataset (QC=1),0.0065
42933099999,AKOLA,20.7,77.033,282.0,2023-08-08T12:00:00,2023-08-07T00:00:00,36,August_2023,30.1,29.1,288.0,20.702986,77.0,288.0,0.0,29.1,29.1,Open-Meteo Historical Forecast API (best_match/GFS Seamless),Open-Meteo Historical Forecast API (SRTM 90m at snapped grid),Open-Meteo Elevation API (SRTM 90m at station coordinates),best_match,"proxy: valid_time - lead_hours (historical forecast, not original run archive)",NOAA ISD via Phase 6 expanded dataset (QC=1),0.0065
42933099999,AKOLA,20.7,77.033,282.0,2023-08-09T00:00:00,2023-08-07T00:00:00,48,August_2023,24.6,24.9,288.0,20.702986,77.0,288.0,0.0,24.9,24.9,Open-Meteo Historical Forecast API (best_match/GFS Seamless),Open-Meteo Historical Forecast API (SRTM 90m at snapped grid),Open-Meteo Elevation API (SRTM 90m at station coordinates),best_match,"proxy: valid_time - lead_hours (historical forecast, not original run archive)",NOAA ISD via Phase 6 expanded dataset (QC=1),0.0065
42933099999,AKOLA,20.7,77.033,282.0,2023-08-08T00:00:00,2023-08-07T12:00:00,12,August_2023,25.2,24.6,288.0,20.702986,77.0,288.0,0.0,24.6,24.6,Open-Meteo Historical Forecast API (best_match/GFS Seamless),Open-Meteo Historical Forecast API (SRTM 90m at snapped grid),Open-Meteo Elevation API (SRTM 90m at station coordinates),best_match,"proxy: valid_time - lead_hours (historical forecast, not original run archive)",NOAA ISD via Phase 6 expanded dataset (QC=1),0.0065
42933099999,AKOLA,20.7,77.033,282.0,2023-08-08T12:00:00,2023-08-07T12:00:00,24,August_2023,30.1,29.1,288.0,20.702986,77.0,288.0,0.0,29.1,29.1,Open-Meteo Historical Forecast API (best_match/GFS Seamless),Open-Meteo Historical Forecast API (SRTM 90m at snapped grid),Open-Meteo Elevation API (SRTM 90m at station coordinates),best_match,"proxy: valid_time - lead_hours (historical forecast, not original run archive)",NOAA ISD via Phase 6 expanded dataset (QC=1),0.0065
42933099999,AKOLA,20.7,77.033,282.0,2023-08-09T00:00:00,2023-08-07T12:00:00,36,August_2023,24.6,24.9,288.0,20.702986,77.0,288.0,0.0,24.9,24.9,Open-Meteo Historical Forecast API (best_match/GFS Seamless),Open-Meteo Historical Forecast API (SRTM 90m at snapped grid),Open-Meteo Elevation API (SRTM 90m at station coordinates),best_match,"proxy: valid_time - lead_hours (historical forecast, not original run archive)",NOAA ISD via Phase 6 expanded dataset (QC=1),0.0065
42933099999,AKOLA,20.7,77.033,282.0,2023-08-09T12:00:00,2023-08-07T12:00:00,48,August_2023,31.4,29.8,288.0,20.702986,77.0,288.0,0.0,29.8,29.8,Open-Meteo Historical Forecast API (best_match/GFS Seamless),Open-Meteo Historical Forecast API (SRTM 90m at snapped grid),Open-Meteo Elevation API (SRTM 90m at station coordinates),best_match,"proxy: valid_time - lead_hours (historical forecast, not original run archive)",NOAA ISD via Phase 6 expanded dataset (QC=1),0.0065
42933099999,AKOLA,20.7,77.033,282.0,2023-08-08T12:00:00,2023-08-08T00:00:00,12,August_2023,30.1,29.1,288.0,20.702986,77.0,288.0,0.0,29.1,29.1,Open-Meteo Historical Forecast API (best_match/GFS Seamless),Open-Meteo Historical Forecast API (SRTM 90m at snapped grid),Open-Meteo Elevation API (SRTM 90m at station coordinates),best_match,"proxy: valid_time - lead_hours (historical forecast, not original run archive)",NOAA ISD via Phase 6 expanded dataset (QC=1),0.0065
42933099999,AKOLA,20.7,77.033,282.0,2023-08-09T00:00:00,2023-08-08T00:00:00,24,August_2023,24.6,24.9,288.0,20.702986,77.0,288.0,0.0,24.9,24.9,Open-Meteo Historical Forecast API (best_match/GFS Seamless),Open-Meteo Historical Forecast API (SRTM 90m at snapped grid),Open-Meteo Elevation API (SRTM 90m at station coordinates),best_match,"proxy: valid_time - lead_hours (historical forecast, not original run archive)",NOAA ISD via Phase 6 expanded dataset (QC=1),0.0065
42933099999,AKOLA,20.7,77.033,282.0,2023-08-09T12:00:00,2023-08-08T00:00:00,36,August_2023,31.4,29.8,288.0,20.702986,77.0,288.0,0.0,29.8,29.8,Open-Meteo Historical Forecast API (best_match/GFS Seamless),Open-Meteo Historical Forecast API (SRTM 90m at snapped grid),Open-Meteo Elevation API (SRTM 90m at station coordinates),best_match,"proxy: valid_time - lead_hours (historical forecast, not original run archive)",NOAA ISD via Phase 6 expanded dataset (QC=1),0.0065
42933099999,AKOLA,20.7,77.033,282.0,2023-08-10T00:00:00,2023-08-08T00:00:00,48,August_2023,24.9,24.6,288.0,20.702986,77.0,288.0,0.0,24.6,24.6,Open-Meteo Historical Forecast API (best_match/GFS Seamless),Open-Meteo Historical Forecast API (SRTM 90m at snapped grid),Open-Meteo Elevation API (SRTM 90m at station coordinates),best_match,"proxy: valid_time - lead_hours (historical forecast, not original run archive)",NOAA ISD via Phase 6 expanded dataset (QC=1),0.0065
42933099999,AKOLA,20.7,77.033,282.0,2023-08-09T00:00:00,2023-08-08T12:00:00,12,August_2023,24.6,24.9,288.0,20.702986,77.0,288.0,0.0,24.9,24.9,Open-Meteo Historical Forecast API (best_match/GFS Seamless),Open-Meteo Historical Forecast API (SRTM 90m at snapped grid),Open-Meteo Elevation API (SRTM 90m at station coordinates),best_match,"proxy: valid_time - lead_hours (historical forecast, not original run archive)",NOAA ISD via Phase 6 expanded dataset (QC=1),0.0065
42933099999,AKOLA,20.7,77.033,282.0,2023-08-09T12:00:00,2023-08-08T12:00:00,24,August_2023,31.4,29.8,288.0,20.702986,77.0,288.0,0.0,29.8,29.8,Open-Meteo Historical Forecast API (best_match/GFS Seamless),Open-Meteo Historical Forecast API (SRTM 90m at snapped grid),Open-Meteo Elevation API (SRTM 90m at station coordinates),best_match,"proxy: valid_time - lead_hours (historical forecast, not original run archive)",NOAA ISD via Phase 6 expanded dataset (QC=1),0.0065
42933099999,AKOLA,20.7,77.033,282.0,2023-08-10T00:00:00,2023-08-08T12:00:00,36,August_2023,24.9,24.6,288.0,20.702986,77.0,288.0,0.0,24.6,24.6,Open-Meteo Historical Forecast API (best_match/GFS Seamless),Open-Meteo Historical Forecast API (SRTM 90m at snapped grid),Open-Meteo Elevation API (SRTM 90m at station coordinates),best_match,"proxy: valid_time - lead_hours (historical forecast, not original run archive)",NOAA ISD via Phase 6 expanded dataset (QC=1),0.0065
42933099999,AKOLA,20.7,77.033,282.0,2023-08-09T12:00:00,2023-08-09T00:00:00,12,August_2023,31.4,29.8,288.0,20.702986,77.0,288.0,0.0,29.8,29.8,Open-Meteo Historical Forecast API (best_match/GFS Seamless),Open-Meteo Historical Forecast API (SRTM 90m at snapped grid),Open-Meteo Elevation API (SRTM 90m at station coordinates),best_match,"proxy: valid_time - lead_hours (historical forecast, not original run archive)",NOAA ISD via Phase 6 expanded dataset (QC=1),0.0065
42933099999,AKOLA,20.7,77.033,282.0,2023-08-10T00:00:00,2023-08-09T00:00:00,24,August_2023,24.9,24.6,288.0,20.702986,77.0,288.0,0.0,24.6,24.6,Open-Meteo Historical Forecast API (best_match/GFS Seamless),Open-Meteo Historical Forecast API (SRTM 90m at snapped grid),Open-Meteo Elevation API (SRTM 90m at station coordinates),best_match,"proxy: valid_time - lead_hours (historical forecast, not original run archive)",NOAA ISD via Phase 6 expanded dataset (QC=1),0.0065
42933099999,AKOLA,20.7,77.033,282.0,2023-08-10T00:00:00,2023-08-09T12:00:00,12,August_2023,24.9,24.6,288.0,20.702986,77.0,288.0,0.0,24.6,24.6,Open-Meteo Historical Forecast API (best_match/GFS Seamless),Open-Meteo Historical Forecast API (SRTM 90m at snapped grid),Open-Meteo Elevation API (SRTM 90m at station coordinates),best_match,"proxy: valid_time - lead_hours (historical forecast, not original run archive)",NOAA ISD via Phase 6 expanded dataset (QC=1),0.0065
42939099999,WARDHA,20.667,78.583,283.0,2023-02-01T12:00:00,2023-02-01T00:00:00,12,February_2023,28.2,26.8,253.0,20.632689,78.557014,253.0,0.0,26.8,26.8,Open-Meteo Historical Forecast API (best_match/GFS Seamless),Open-Meteo Historical Forecast API (SRTM 90m at snapped grid),Open-Meteo Elevation API (SRTM 90m at station coordinates),best_match,"proxy: valid_time - lead_hours (historical forecast, not original run archive)",NOAA ISD via Phase 6 expanded dataset (QC=1),0.0065
42939099999,WARDHA,20.667,78.583,283.0,2023-02-02T12:00:00,2023-02-01T00:00:00,36,February_2023,29.2,24.7,253.0,20.632689,78.557014,253.0,0.0,24.7,24.7,Open-Meteo Historical Forecast API (best_match/GFS Seamless),Open-Meteo Historical Forecast API (SRTM 90m at snapped grid),Open-Meteo Elevation API (SRTM 90m at station coordinates),best_match,"proxy: valid_time - lead_hours (historical forecast, not original run archive)",NOAA ISD via Phase 6 expanded dataset (QC=1),0.0065
42939099999,WARDHA,20.667,78.583,283.0,2023-02-02T12:00:00,2023-02-01T12:00:00,24,February_2023,29.2,24.7,253.0,20.632689,78.557014,253.0,0.0,24.7,24.7,Open-Meteo Historical Forecast API (best_match/GFS Seamless),Open-Meteo Historical Forecast API (SRTM 90m at snapped grid),Open-Meteo Elevation API (SRTM 90m at station coordinates),best_match,"proxy: valid_time - lead_hours (historical forecast, not original run archive)",NOAA ISD via Phase 6 expanded dataset (QC=1),0.0065
42939099999,WARDHA,20.667,78.583,283.0,2023-02-03T12:00:00,2023-02-01T12:00:00,48,February_2023,29.1,25.9,253.0,20.632689,78.557014,253.0,0.0,25.9,25.9,Open-Meteo Historical Forecast API (best_match/GFS Seamless),Open-Meteo Historical Forecast API (SRTM 90m at snapped grid),Open-Meteo Elevation API (SRTM 90m at station coordinates),best_match,"proxy: valid_time - lead_hours (historical forecast, not original run archive)",NOAA ISD via Phase 6 expanded dataset (QC=1),0.0065
42939099999,WARDHA,20.667,78.583,283.0,2023-02-02T12:00:00,2023-02-02T00:00:00,12,February_2023,29.2,24.7,253.0,20.632689,78.557014,253.0,0.0,24.7,24.7,Open-Meteo Historical Forecast API (best_match/GFS Seamless),Open-Meteo Historical Forecast API (SRTM 90m at snapped grid),Open-Meteo Elevation API (SRTM 90m at station coordinates),best_match,"proxy: valid_time - lead_hours (historical forecast, not original run archive)",NOAA ISD via Phase 6 expanded dataset (QC=1),0.0065
42939099999,WARDHA,20.667,78.583,283.0,2023-02-03T12:00:00,2023-02-02T00:00:00,36,February_2023,29.1,25.9,253.0,20.632689,78.557014,253.0,0.0,25.9,25.9,Open-Meteo Historical Forecast API (best_match/GFS Seamless),Open-Meteo Historical Forecast API (SRTM 90m at snapped grid),Open-Meteo Elevation API (SRTM 90m at station coordinates),best_match,"proxy: valid_time - lead_hours (historical forecast, not original run archive)",NOAA ISD via Phase 6 expanded dataset (QC=1),0.0065
42939099999,WARDHA,20.667,78.583,283.0,2023-02-03T12:00:00,2023-02-02T12:00:00,24,February_2023,29.1,25.9,253.0,20.632689,78.557014,253.0,0.0,25.9,25.9,Open-Meteo Historical Forecast API (best_match/GFS Seamless),Open-Meteo Historical Forecast API (SRTM 90m at snapped grid),Open-Meteo Elevation API (SRTM 90m at station coordinates),best_match,"proxy: valid_time - lead_hours (historical forecast, not original run archive)",NOAA ISD via Phase 6 expanded dataset (QC=1),0.0065
42939099999,WARDHA,20.667,78.583,283.0,2023-02-04T12:00:00,2023-02-02T12:00:00,48,February_2023,31.8,25.9,253.0,20.632689,78.557014,253.0,0.0,25.9,25.9,Open-Meteo Historical Forecast API (best_match/GFS Seamless),Open-Meteo Historical Forecast API (SRTM 90m at snapped grid),Open-Meteo Elevation API (SRTM 90m at station coordinates),best_match,"proxy: valid_time - lead_hours (historical forecast, not original run archive)",NOAA ISD via Phase 6 expanded dataset (QC=1),0.0065
42939099999,WARDHA,20.667,78.583,283.0,2023-02-03T12:00:00,2023-02-03T00:00:00,12,February_2023,29.1,25.9,253.0,20.632689,78.557014,253.0,0.0,25.9,25.9,Open-Meteo Historical Forecast API (best_match/GFS Seamless),Open-Meteo Historical Forecast API (SRTM 90m at snapped grid),Open-Meteo Elevation API (SRTM 90m at station coordinates),best_match,"proxy: valid_time - lead_hours (historical forecast, not original run archive)",NOAA ISD via Phase 6 expanded dataset (QC=1),0.0065
42939099999,WARDHA,20.667,78.583,283.0,2023-02-04T12:00:00,2023-02-03T00:00:00,36,February_2023,31.8,25.9,253.0,20.632689,78.557014,253.0,0.0,25.9,25.9,Open-Meteo Historical Forecast API (best_match/GFS Seamless),Open-Meteo Historical Forecast API (SRTM 90m at snapped grid),Open-Meteo Elevation API (SRTM 90m at station coordinates),best_match,"proxy: valid_time - lead_hours (historical forecast, not original run archive)",NOAA ISD via Phase 6 expanded dataset (QC=1),0.0065
42939099999,WARDHA,20.667,78.583,283.0,2023-02-04T12:00:00,2023-02-03T12:00:00,24,February_2023,31.8,25.9,253.0,20.632689,78.557014,253.0,0.0,25.9,25.9,Open-Meteo Historical Forecast API (best_match/GFS Seamless),Open-Meteo Historical Forecast API (SRTM 90m at snapped grid),Open-Meteo Elevation API (SRTM 90m at station coordinates),best_match,"proxy: valid_time - lead_hours (historical forecast, not original run archive)",NOAA ISD via Phase 6 expanded dataset (QC=1),0.0065
42939099999,WARDHA,20.667,78.583,283.0,2023-02-05T12:00:00,2023-02-03T12:00:00,48,February_2023,31.0,26.2,253.0,20.632689,78.557014,253.0,0.0,26.2,26.2,Open-Meteo Historical Forecast API (best_match/GFS Seamless),Open-Meteo Historical Forecast API (SRTM 90m at snapped grid),Open-Meteo Elevation API (SRTM 90m at station coordinates),best_match,"proxy: valid_time - lead_hours (historical forecast, not original run archive)",NOAA ISD via Phase 6 expanded dataset (QC=1),0.0065
42939099999,WARDHA,20.667,78.583,283.0,2023-02-04T12:00:00,2023-02-04T00:00:00,12,February_2023,31.8,25.9,253.0,20.632689,78.557014,253.0,0.0,25.9,25.9,Open-Meteo Historical Forecast API (best_match/GFS Seamless),Open-Meteo Historical Forecast API (SRTM 90m at snapped grid),Open-Meteo Elevation API (SRTM 90m at station coordinates),best_match,"proxy: valid_time - lead_hours (historical forecast, not original run archive)",NOAA ISD via Phase 6 expanded dataset (QC=1),0.0065
42939099999,WARDHA,20.667,78.583,283.0,2023-02-05T12:00:00,2023-02-04T00:00:00,36,February_2023,31.0,26.2,253.0,20.632689,78.557014,253.0,0.0,26.2,26.2,Open-Meteo Historical Forecast API (best_match/GFS Seamless),Open-Meteo Historical Forecast API (SRTM 90m at snapped grid),Open-Meteo Elevation API (SRTM 90m at station coordinates),best_match,"proxy: valid_time - lead_hours (historical forecast, not original run archive)",NOAA ISD via Phase 6 expanded dataset (QC=1),0.0065
42939099999,WARDHA,20.667,78.583,283.0,2023-02-05T12:00:00,2023-02-04T12:00:00,24,February_2023,31.0,26.2,253.0,20.632689,78.557014,253.0,0.0,26.2,26.2,Open-Meteo Historical Forecast API (best_match/GFS Seamless),Open-Meteo Historical Forecast API (SRTM 90m at snapped grid),Open-Meteo Elevation API (SRTM 90m at station coordinates),best_match,"proxy: valid_time - lead_hours (historical forecast, not original run archive)",NOAA ISD via Phase 6 expanded dataset (QC=1),0.0065
42939099999,WARDHA,20.667,78.583,283.0,2023-02-06T12:00:00,2023-02-04T12:00:00,48,February_2023,32.0,27.5,253.0,20.632689,78.557014,253.0,0.0,27.5,27.5,Open-Meteo Historical Forecast API (best_match/GFS Seamless),Open-Meteo Historical Forecast API (SRTM 90m at snapped grid),Open-Meteo Elevation API (SRTM 90m at station coordinates),best_match,"proxy: valid_time - lead_hours (historical forecast, not original run archive)",NOAA ISD via Phase 6 expanded dataset (QC=1),0.0065
42939099999,WARDHA,20.667,78.583,283.0,2023-02-05T12:00:00,2023-02-05T00:00:00,12,February_2023,31.0,26.2,253.0,20.632689,78.557014,253.0,0.0,26.2,26.2,Open-Meteo Historical Forecast API (best_match/GFS Seamless),Open-Meteo Historical Forecast API (SRTM 90m at snapped grid),Open-Meteo Elevation API (SRTM 90m at station coordinates),best_match,"proxy: valid_time - lead_hours (historical forecast, not original run archive)",NOAA ISD via Phase 6 expanded dataset (QC=1),0.0065
42939099999,WARDHA,20.667,78.583,283.0,2023-02-06T12:00:00,2023-02-05T00:00:00,36,February_2023,32.0,27.5,253.0,20.632689,78.557014,253.0,0.0,27.5,27.5,Open-Meteo Historical Forecast API (best_match/GFS Seamless),Open-Meteo Historical Forecast API (SRTM 90m at snapped grid),Open-Meteo Elevation API (SRTM 90m at station coordinates),best_match,"proxy: valid_time - lead_hours (historical forecast, not original run archive)",NOAA ISD via Phase 6 expanded dataset (QC=1),0.0065
42939099999,WARDHA,20.667,78.583,283.0,2023-02-06T12:00:00,2023-02-05T12:00:00,24,February_2023,32.0,27.5,253.0,20.632689,78.557014,253.0,0.0,27.5,27.5,Open-Meteo Historical Forecast API (best_match/GFS Seamless),Open-Meteo Historical Forecast API (SRTM 90m at snapped grid),Open-Meteo Elevation API (SRTM 90m at station coordinates),best_match,"proxy: valid_time - lead_hours (historical forecast, not original run archive)",NOAA ISD via Phase 6 expanded dataset (QC=1),0.0065
42939099999,WARDHA,20.667,78.583,283.0,2023-02-07T12:00:00,2023-02-05T12:00:00,48,February_2023,33.0,28.4,253.0,20.632689,78.557014,253.0,0.0,28.4,28.4,Open-Meteo Historical Forecast API (best_match/GFS Seamless),Open-Meteo Historical Forecast API (SRTM 90m at snapped grid),Open-Meteo Elevation API (SRTM 90m at station coordinates),best_match,"proxy: valid_time - lead_hours (historical forecast, not original run archive)",NOAA ISD via Phase 6 expanded dataset (QC=1),0.0065
42939099999,WARDHA,20.667,78.583,283.0,2023-02-06T12:00:00,2023-02-06T00:00:00,12,February_2023,32.0,27.5,253.0,20.632689,78.557014,253.0,0.0,27.5,27.5,Open-Meteo Historical Forecast API (best_match/GFS Seamless),Open-Meteo Historical Forecast API (SRTM 90m at snapped grid),Open-Meteo Elevation API (SRTM 90m at station coordinates),best_match,"proxy: valid_time - lead_hours (historical forecast, not original run archive)",NOAA ISD via Phase 6 expanded dataset (QC=1),0.0065
42939099999,WARDHA,20.667,78.583,283.0,2023-02-07T12:00:00,2023-02-06T00:00:00,36,February_2023,33.0,28.4,253.0,20.632689,78.557014,253.0,0.0,28.4,28.4,Open-Meteo Historical Forecast API (best_match/GFS Seamless),Open-Meteo Historical Forecast API (SRTM 90m at snapped grid),Open-Meteo Elevation API (SRTM 90m at station coordinates),best_match,"proxy: valid_time - lead_hours (historical forecast, not original run archive)",NOAA ISD via Phase 6 expanded dataset (QC=1),0.0065
42939099999,WARDHA,20.667,78.583,283.0,2023-02-07T12:00:00,2023-02-06T12:00:00,24,February_2023,33.0,28.4,253.0,20.632689,78.557014,253.0,0.0,28.4,28.4,Open-Meteo Historical Forecast API (best_match/GFS Seamless),Open-Meteo Historical Forecast API (SRTM 90m at snapped grid),Open-Meteo Elevation API (SRTM 90m at station coordinates),best_match,"proxy: valid_time - lead_hours (historical forecast, not original run archive)",NOAA ISD via Phase 6 expanded dataset (QC=1),0.0065
42939099999,WARDHA,20.667,78.583,283.0,2023-02-08T12:00:00,2023-02-06T12:00:00,48,February_2023,32.5,29.1,253.0,20.632689,78.557014,253.0,0.0,29.1,29.1,Open-Meteo Historical Forecast API (best_match/GFS Seamless),Open-Meteo Historical Forecast API (SRTM 90m at snapped grid),Open-Meteo Elevation API (SRTM 90m at station coordinates),best_match,"proxy: valid_time - lead_hours (historical forecast, not original run archive)",NOAA ISD via Phase 6 expanded dataset (QC=1),0.0065
42939099999,WARDHA,20.667,78.583,283.0,2023-02-07T12:00:00,2023-02-07T00:00:00,12,February_2023,33.0,28.4,253.0,20.632689,78.557014,253.0,0.0,28.4,28.4,Open-Meteo Historical Forecast API (best_match/GFS Seamless),Open-Meteo Historical Forecast API (SRTM 90m at snapped grid),Open-Meteo Elevation API (SRTM 90m at station coordinates),best_match,"proxy: valid_time - lead_hours (historical forecast, not original run archive)",NOAA ISD via Phase 6 expanded dataset (QC=1),0.0065
42939099999,WARDHA,20.667,78.583,283.0,2023-02-08T12:00:00,2023-02-07T00:00:00,36,February_2023,32.5,29.1,253.0,20.632689,78.557014,253.0,0.0,29.1,29.1,Open-Meteo Historical Forecast API (best_match/GFS Seamless),Open-Meteo Historical Forecast API (SRTM 90m at snapped grid),Open-Meteo Elevation API (SRTM 90m at station coordinates),best_match,"proxy: valid_time - lead_hours (historical forecast, not original run archive)",NOAA ISD via Phase 6 expanded dataset (QC=1),0.0065
42939099999,WARDHA,20.667,78.583,283.0,2023-02-08T12:00:00,2023-02-07T12:00:00,24,February_2023,32.5,29.1,253.0,20.632689,78.557014,253.0,0.0,29.1,29.1,Open-Meteo Historical Forecast API (best_match/GFS Seamless),Open-Meteo Historical Forecast API (SRTM 90m at snapped grid),Open-Meteo Elevation API (SRTM 90m at station coordinates),best_match,"proxy: valid_time - lead_hours (historical forecast, not original run archive)",NOAA ISD via Phase 6 expanded dataset (QC=1),0.0065
42939099999,WARDHA,20.667,78.583,283.0,2023-02-09T12:00:00,2023-02-07T12:00:00,48,February_2023,31.5,28.1,253.0,20.632689,78.557014,253.0,0.0,28.1,28.1,Open-Meteo Historical Forecast API (best_match/GFS Seamless),Open-Meteo Historical Forecast API (SRTM 90m at snapped grid),Open-Meteo Elevation API (SRTM 90m at station coordinates),best_match,"proxy: valid_time - lead_hours (historical forecast, not original run archive)",NOAA ISD via Phase 6 expanded dataset (QC=1),0.0065
42939099999,WARDHA,20.667,78.583,283.0,2023-02-08T12:00:00,2023-02-08T00:00:00,12,February_2023,32.5,29.1,253.0,20.632689,78.557014,253.0,0.0,29.1,29.1,Open-Meteo Historical Forecast API (best_match/GFS Seamless),Open-Meteo Historical Forecast API (SRTM 90m at snapped grid),Open-Meteo Elevation API (SRTM 90m at station coordinates),best_match,"proxy: valid_time - lead_hours (historical forecast, not original run archive)",NOAA ISD via Phase 6 expanded dataset (QC=1),0.0065
42939099999,WARDHA,20.667,78.583,283.0,2023-02-09T12:00:00,2023-02-08T00:00:00,36,February_2023,31.5,28.1,253.0,20.632689,78.557014,253.0,0.0,28.1,28.1,Open-Meteo Historical Forecast API (best_match/GFS Seamless),Open-Meteo Historical Forecast API (SRTM 90m at snapped grid),Open-Meteo Elevation API (SRTM 90m at station coordinates),best_match,"proxy: valid_time - lead_hours (historical forecast, not original run archive)",NOAA ISD via Phase 6 expanded dataset (QC=1),0.0065
42939099999,WARDHA,20.667,78.583,283.0,2023-02-09T12:00:00,2023-02-08T12:00:00,24,February_2023,31.5,28.1,253.0,20.632689,78.557014,253.0,0.0,28.1,28.1,Open-Meteo Historical Forecast API (best_match/GFS Seamless),Open-Meteo Historical Forecast API (SRTM 90m at snapped grid),Open-Meteo Elevation API (SRTM 90m at station coordinates),best_match,"proxy: valid_time - lead_hours (historical forecast, not original run archive)",NOAA ISD via Phase 6 expanded dataset (QC=1),0.0065
42939099999,WARDHA,20.667,78.583,283.0,2023-02-10T12:00:00,2023-02-08T12:00:00,48,February_2023,35.2,29.4,253.0,20.632689,78.557014,253.0,0.0,29.4,29.4,Open-Meteo Historical Forecast API (best_match/GFS Seamless),Open-Meteo Historical Forecast API (SRTM 90m at snapped grid),Open-Meteo Elevation API (SRTM 90m at station coordinates),best_match,"proxy: valid_time - lead_hours (historical forecast, not original run archive)",NOAA ISD via Phase 6 expanded dataset (QC=1),0.0065
42939099999,WARDHA,20.667,78.583,283.0,2023-02-09T12:00:00,2023-02-09T00:00:00,12,February_2023,31.5,28.1,253.0,20.632689,78.557014,253.0,0.0,28.1,28.1,Open-Meteo Historical Forecast API (best_match/GFS Seamless),Open-Meteo Historical Forecast API (SRTM 90m at snapped grid),Open-Meteo Elevation API (SRTM 90m at station coordinates),best_match,"proxy: valid_time - lead_hours (historical forecast, not original run archive)",NOAA ISD via Phase 6 expanded dataset (QC=1),0.0065
42939099999,WARDHA,20.667,78.583,283.0,2023-02-10T12:00:00,2023-02-09T00:00:00,36,February_2023,35.2,29.4,253.0,20.632689,78.557014,253.0,0.0,29.4,29.4,Open-Meteo Historical Forecast API (best_match/GFS Seamless),Open-Meteo Historical Forecast API (SRTM 90m at snapped grid),Open-Meteo Elevation API (SRTM 90m at station coordinates),best_match,"proxy: valid_time - lead_hours (historical forecast, not original run archive)",NOAA ISD via Phase 6 expanded dataset (QC=1),0.0065
42939099999,WARDHA,20.667,78.583,283.0,2023-02-10T12:00:00,2023-02-09T12:00:00,24,February_2023,35.2,29.4,253.0,20.632689,78.557014,253.0,0.0,29.4,29.4,Open-Meteo Historical Forecast API (best_match/GFS Seamless),Open-Meteo Historical Forecast API (SRTM 90m at snapped grid),Open-Meteo Elevation API (SRTM 90m at station coordinates),best_match,"proxy: valid_time - lead_hours (historical forecast, not original run archive)",NOAA ISD via Phase 6 expanded dataset (QC=1),0.0065
42939099999,WARDHA,20.667,78.583,283.0,2023-02-10T12:00:00,2023-02-10T00:00:00,12,February_2023,35.2,29.4,253.0,20.632689,78.557014,253.0,0.0,29.4,29.4,Open-Meteo Historical Forecast API (best_match/GFS Seamless),Open-Meteo Historical Forecast API (SRTM 90m at snapped grid),Open-Meteo Elevation API (SRTM 90m at station coordinates),best_match,"proxy: valid_time - lead_hours (historical forecast, not original run archive)",NOAA ISD via Phase 6 expanded dataset (QC=1),0.0065
42939099999,WARDHA,20.667,78.583,283.0,2023-08-01T12:00:00,2023-08-01T00:00:00,12,August_2023,29.7,29.7,253.0,20.632689,78.557014,253.0,0.0,29.7,29.7,Open-Meteo Historical Forecast API (best_match/GFS Seamless),Open-Meteo Historical Forecast API (SRTM 90m at snapped grid),Open-Meteo Elevation API (SRTM 90m at station coordinates),best_match,"proxy: valid_time - lead_hours (historical forecast, not original run archive)",NOAA ISD via Phase 6 expanded dataset (QC=1),0.0065
42939099999,WARDHA,20.667,78.583,283.0,2023-08-02T12:00:00,2023-08-01T00:00:00,36,August_2023,28.0,28.0,253.0,20.632689,78.557014,253.0,0.0,28.0,28.0,Open-Meteo Historical Forecast API (best_match/GFS Seamless),Open-Meteo Historical Forecast API (SRTM 90m at snapped grid),Open-Meteo Elevation API (SRTM 90m at station coordinates),best_match,"proxy: valid_time - lead_hours (historical forecast, not original run archive)",NOAA ISD via Phase 6 expanded dataset (QC=1),0.0065
42939099999,WARDHA,20.667,78.583,283.0,2023-08-02T12:00:00,2023-08-01T12:00:00,24,August_2023,28.0,28.0,253.0,20.632689,78.557014,253.0,0.0,28.0,28.0,Open-Meteo Historical Forecast API (best_match/GFS Seamless),Open-Meteo Historical Forecast API (SRTM 90m at snapped grid),Open-Meteo Elevation API (SRTM 90m at station coordinates),best_match,"proxy: valid_time - lead_hours (historical forecast, not original run archive)",NOAA ISD via Phase 6 expanded dataset (QC=1),0.0065
42939099999,WARDHA,20.667,78.583,283.0,2023-08-03T12:00:00,2023-08-01T12:00:00,48,August_2023,25.0,24.9,253.0,20.632689,78.557014,253.0,0.0,24.9,24.9,Open-Meteo Historical Forecast API (best_match/GFS Seamless),Open-Meteo Historical Forecast API (SRTM 90m at snapped grid),Open-Meteo Elevation API (SRTM 90m at station coordinates),best_match,"proxy: valid_time - lead_hours (historical forecast, not original run archive)",NOAA ISD via Phase 6 expanded dataset (QC=1),0.0065
42939099999,WARDHA,20.667,78.583,283.0,2023-08-02T12:00:00,2023-08-02T00:00:00,12,August_2023,28.0,28.0,253.0,20.632689,78.557014,253.0,0.0,28.0,28.0,Open-Meteo Historical Forecast API (best_match/GFS Seamless),Open-Meteo Historical Forecast API (SRTM 90m at snapped grid),Open-Meteo Elevation API (SRTM 90m at station coordinates),best_match,"proxy: valid_time - lead_hours (historical forecast, not original run archive)",NOAA ISD via Phase 6 expanded dataset (QC=1),0.0065
42939099999,WARDHA,20.667,78.583,283.0,2023-08-03T12:00:00,2023-08-02T00:00:00,36,August_2023,25.0,24.9,253.0,20.632689,78.557014,253.0,0.0,24.9,24.9,Open-Meteo Historical Forecast API (best_match/GFS Seamless),Open-Meteo Historical Forecast API (SRTM 90m at snapped grid),Open-Meteo Elevation API (SRTM 90m at station coordinates),best_match,"proxy: valid_time - lead_hours (historical forecast, not original run archive)",NOAA ISD via Phase 6 expanded dataset (QC=1),0.0065
42939099999,WARDHA,20.667,78.583,283.0,2023-08-03T12:00:00,2023-08-02T12:00:00,24,August_2023,25.0,24.9,253.0,20.632689,78.557014,253.0,0.0,24.9,24.9,Open-Meteo Historical Forecast API (best_match/GFS Seamless),Open-Meteo Historical Forecast API (SRTM 90m at snapped grid),Open-Meteo Elevation API (SRTM 90m at station coordinates),best_match,"proxy: valid_time - lead_hours (historical forecast, not original run archive)",NOAA ISD via Phase 6 expanded dataset (QC=1),0.0065
42939099999,WARDHA,20.667,78.583,283.0,2023-08-04T12:00:00,2023-08-02T12:00:00,48,August_2023,29.0,29.1,253.0,20.632689,78.557014,253.0,0.0,29.1,29.1,Open-Meteo Historical Forecast API (best_match/GFS Seamless),Open-Meteo Historical Forecast API (SRTM 90m at snapped grid),Open-Meteo Elevation API (SRTM 90m at station coordinates),best_match,"proxy: valid_time - lead_hours (historical forecast, not original run archive)",NOAA ISD via Phase 6 expanded dataset (QC=1),0.0065
42939099999,WARDHA,20.667,78.583,283.0,2023-08-03T12:00:00,2023-08-03T00:00:00,12,August_2023,25.0,24.9,253.0,20.632689,78.557014,253.0,0.0,24.9,24.9,Open-Meteo Historical Forecast API (best_match/GFS Seamless),Open-Meteo Historical Forecast API (SRTM 90m at snapped grid),Open-Meteo Elevation API (SRTM 90m at station coordinates),best_match,"proxy: valid_time - lead_hours (historical forecast, not original run archive)",NOAA ISD via Phase 6 expanded dataset (QC=1),0.0065
42939099999,WARDHA,20.667,78.583,283.0,2023-08-04T12:00:00,2023-08-03T00:00:00,36,August_2023,29.0,29.1,253.0,20.632689,78.557014,253.0,0.0,29.1,29.1,Open-Meteo Historical Forecast API (best_match/GFS Seamless),Open-Meteo Historical Forecast API (SRTM 90m at snapped grid),Open-Meteo Elevation API (SRTM 90m at station coordinates),best_match,"proxy: valid_time - lead_hours (historical forecast, not original run archive)",NOAA ISD via Phase 6 expanded dataset (QC=1),0.0065
42939099999,WARDHA,20.667,78.583,283.0,2023-08-04T12:00:00,2023-08-03T12:00:00,24,August_2023,29.0,29.1,253.0,20.632689,78.557014,253.0,0.0,29.1,29.1,Open-Meteo Historical Forecast API (best_match/GFS Seamless),Open-Meteo Historical Forecast API (SRTM 90m at snapped grid),Open-Meteo Elevation API (SRTM 90m at station coordinates),best_match,"proxy: valid_time - lead_hours (historical forecast, not original run archive)",NOAA ISD via Phase 6 expanded dataset (QC=1),0.0065
42939099999,WARDHA,20.667,78.583,283.0,2023-08-05T12:00:00,2023-08-03T12:00:00,48,August_2023,27.1,26.7,253.0,20.632689,78.557014,253.0,0.0,26.7,26.7,Open-Meteo Historical Forecast API (best_match/GFS Seamless),Open-Meteo Historical Forecast API (SRTM 90m at snapped grid),Open-Meteo Elevation API (SRTM 90m at station coordinates),best_match,"proxy: valid_time - lead_hours (historical forecast, not original run archive)",NOAA ISD via Phase 6 expanded dataset (QC=1),0.0065
42939099999,WARDHA,20.667,78.583,283.0,2023-08-04T12:00:00,2023-08-04T00:00:00,12,August_2023,29.0,29.1,253.0,20.632689,78.557014,253.0,0.0,29.1,29.1,Open-Meteo Historical Forecast API (best_match/GFS Seamless),Open-Meteo Historical Forecast API (SRTM 90m at snapped grid),Open-Meteo Elevation API (SRTM 90m at station coordinates),best_match,"proxy: valid_time - lead_hours (historical forecast, not original run archive)",NOAA ISD via Phase 6 expanded dataset (QC=1),0.0065
42939099999,WARDHA,20.667,78.583,283.0,2023-08-05T12:00:00,2023-08-04T00:00:00,36,August_2023,27.1,26.7,253.0,20.632689,78.557014,253.0,0.0,26.7,26.7,Open-Meteo Historical Forecast API (best_match/GFS Seamless),Open-Meteo Historical Forecast API (SRTM 90m at snapped grid),Open-Meteo Elevation API (SRTM 90m at station coordinates),best_match,"proxy: valid_time - lead_hours (historical forecast, not original run archive)",NOAA ISD via Phase 6 expanded dataset (QC=1),0.0065
42939099999,WARDHA,20.667,78.583,283.0,2023-08-05T12:00:00,2023-08-04T12:00:00,24,August_2023,27.1,26.7,253.0,20.632689,78.557014,253.0,0.0,26.7,26.7,Open-Meteo Historical Forecast API (best_match/GFS Seamless),Open-Meteo Historical Forecast API (SRTM 90m at snapped grid),Open-Meteo Elevation API (SRTM 90m at station coordinates),best_match,"proxy: valid_time - lead_hours (historical forecast, not original run archive)",NOAA ISD via Phase 6 expanded dataset (QC=1),0.0065
42939099999,WARDHA,20.667,78.583,283.0,2023-08-06T12:00:00,2023-08-04T12:00:00,48,August_2023,29.0,29.5,253.0,20.632689,78.557014,253.0,0.0,29.5,29.5,Open-Meteo Historical Forecast API (best_match/GFS Seamless),Open-Meteo Historical Forecast API (SRTM 90m at snapped grid),Open-Meteo Elevation API (SRTM 90m at station coordinates),best_match,"proxy: valid_time - lead_hours (historical forecast, not original run archive)",NOAA ISD via Phase 6 expanded dataset (QC=1),0.0065
42939099999,WARDHA,20.667,78.583,283.0,2023-08-05T12:00:00,2023-08-05T00:00:00,12,August_2023,27.1,26.7,253.0,20.632689,78.557014,253.0,0.0,26.7,26.7,Open-Meteo Historical Forecast API (best_match/GFS Seamless),Open-Meteo Historical Forecast API (SRTM 90m at snapped grid),Open-Meteo Elevation API (SRTM 90m at station coordinates),best_match,"proxy: valid_time - lead_hours (historical forecast, not original run archive)",NOAA ISD via Phase 6 expanded dataset (QC=1),0.0065
42939099999,WARDHA,20.667,78.583,283.0,2023-08-06T12:00:00,2023-08-05T00:00:00,36,August_2023,29.0,29.5,253.0,20.632689,78.557014,253.0,0.0,29.5,29.5,Open-Meteo Historical Forecast API (best_match/GFS Seamless),Open-Meteo Historical Forecast API (SRTM 90m at snapped grid),Open-Meteo Elevation API (SRTM 90m at station coordinates),best_match,"proxy: valid_time - lead_hours (historical forecast, not original run archive)",NOAA ISD via Phase 6 expanded dataset (QC=1),0.0065
42939099999,WARDHA,20.667,78.583,283.0,2023-08-06T12:00:00,2023-08-05T12:00:00,24,August_2023,29.0,29.5,253.0,20.632689,78.557014,253.0,0.0,29.5,29.5,Open-Meteo Historical Forecast API (best_match/GFS Seamless),Open-Meteo Historical Forecast API (SRTM 90m at snapped grid),Open-Meteo Elevation API (SRTM 90m at station coordinates),best_match,"proxy: valid_time - lead_hours (historical forecast, not original run archive)",NOAA ISD via Phase 6 expanded dataset (QC=1),0.0065
42939099999,WARDHA,20.667,78.583,283.0,2023-08-07T12:00:00,2023-08-05T12:00:00,48,August_2023,30.0,28.9,253.0,20.632689,78.557014,253.0,0.0,28.9,28.9,Open-Meteo Historical Forecast API (best_match/GFS Seamless),Open-Meteo Historical Forecast API (SRTM 90m at snapped grid),Open-Meteo Elevation API (SRTM 90m at station coordinates),best_match,"proxy: valid_time - lead_hours (historical forecast, not original run archive)",NOAA ISD via Phase 6 expanded dataset (QC=1),0.0065
42939099999,WARDHA,20.667,78.583,283.0,2023-08-06T12:00:00,2023-08-06T00:00:00,12,August_2023,29.0,29.5,253.0,20.632689,78.557014,253.0,0.0,29.5,29.5,Open-Meteo Historical Forecast API (best_match/GFS Seamless),Open-Meteo Historical Forecast API (SRTM 90m at snapped grid),Open-Meteo Elevation API (SRTM 90m at station coordinates),best_match,"proxy: valid_time - lead_hours (historical forecast, not original run archive)",NOAA ISD via Phase 6 expanded dataset (QC=1),0.0065
42939099999,WARDHA,20.667,78.583,283.0,2023-08-07T12:00:00,2023-08-06T00:00:00,36,August_2023,30.0,28.9,253.0,20.632689,78.557014,253.0,0.0,28.9,28.9,Open-Meteo Historical Forecast API (best_match/GFS Seamless),Open-Meteo Historical Forecast API (SRTM 90m at snapped grid),Open-Meteo Elevation API (SRTM 90m at station coordinates),best_match,"proxy: valid_time - lead_hours (historical forecast, not original run archive)",NOAA ISD via Phase 6 expanded dataset (QC=1),0.0065
42939099999,WARDHA,20.667,78.583,283.0,2023-08-07T12:00:00,2023-08-06T12:00:00,24,August_2023,30.0,28.9,253.0,20.632689,78.557014,253.0,0.0,28.9,28.9,Open-Meteo Historical Forecast API (best_match/GFS Seamless),Open-Meteo Historical Forecast API (SRTM 90m at snapped grid),Open-Meteo Elevation API (SRTM 90m at station coordinates),best_match,"proxy: valid_time - lead_hours (historical forecast, not original run archive)",NOAA ISD via Phase 6 expanded dataset (QC=1),0.0065
42939099999,WARDHA,20.667,78.583,283.0,2023-08-08T12:00:00,2023-08-06T12:00:00,48,August_2023,31.1,29.2,253.0,20.632689,78.557014,253.0,0.0,29.2,29.2,Open-Meteo Historical Forecast API (best_match/GFS Seamless),Open-Meteo Historical Forecast API (SRTM 90m at snapped grid),Open-Meteo Elevation API (SRTM 90m at station coordinates),best_match,"proxy: valid_time - lead_hours (historical forecast, not original run archive)",NOAA ISD via Phase 6 expanded dataset (QC=1),0.0065
42939099999,WARDHA,20.667,78.583,283.0,2023-08-07T12:00:00,2023-08-07T00:00:00,12,August_2023,30.0,28.9,253.0,20.632689,78.557014,253.0,0.0,28.9,28.9,Open-Meteo Historical Forecast API (best_match/GFS Seamless),Open-Meteo Historical Forecast API (SRTM 90m at snapped grid),Open-Meteo Elevation API (SRTM 90m at station coordinates),best_match,"proxy: valid_time - lead_hours (historical forecast, not original run archive)",NOAA ISD via Phase 6 expanded dataset (QC=1),0.0065
42939099999,WARDHA,20.667,78.583,283.0,2023-08-08T12:00:00,2023-08-07T00:00:00,36,August_2023,31.1,29.2,253.0,20.632689,78.557014,253.0,0.0,29.2,29.2,Open-Meteo Historical Forecast API (best_match/GFS Seamless),Open-Meteo Historical Forecast API (SRTM 90m at snapped grid),Open-Meteo Elevation API (SRTM 90m at station coordinates),best_match,"proxy: valid_time - lead_hours (historical forecast, not original run archive)",NOAA ISD via Phase 6 expanded dataset (QC=1),0.0065
42939099999,WARDHA,20.667,78.583,283.0,2023-08-08T12:00:00,2023-08-07T12:00:00,24,August_2023,31.1,29.2,253.0,20.632689,78.557014,253.0,0.0,29.2,29.2,Open-Meteo Historical Forecast API (best_match/GFS Seamless),Open-Meteo Historical Forecast API (SRTM 90m at snapped grid),Open-Meteo Elevation API (SRTM 90m at station coordinates),best_match,"proxy: valid_time - lead_hours (historical forecast, not original run archive)",NOAA ISD via Phase 6 expanded dataset (QC=1),0.0065
42939099999,WARDHA,20.667,78.583,283.0,2023-08-09T12:00:00,2023-08-07T12:00:00,48,August_2023,31.0,29.8,253.0,20.632689,78.557014,253.0,0.0,29.8,29.8,Open-Meteo Historical Forecast API (best_match/GFS Seamless),Open-Meteo Historical Forecast API (SRTM 90m at snapped grid),Open-Meteo Elevation API (SRTM 90m at station coordinates),best_match,"proxy: valid_time - lead_hours (historical forecast, not original run archive)",NOAA ISD via Phase 6 expanded dataset (QC=1),0.0065
42939099999,WARDHA,20.667,78.583,283.0,2023-08-08T12:00:00,2023-08-08T00:00:00,12,August_2023,31.1,29.2,253.0,20.632689,78.557014,253.0,0.0,29.2,29.2,Open-Meteo Historical Forecast API (best_match/GFS Seamless),Open-Meteo Historical Forecast API (SRTM 90m at snapped grid),Open-Meteo Elevation API (SRTM 90m at station coordinates),best_match,"proxy: valid_time - lead_hours (historical forecast, not original run archive)",NOAA ISD via Phase 6 expanded dataset (QC=1),0.0065
42939099999,WARDHA,20.667,78.583,283.0,2023-08-09T12:00:00,2023-08-08T00:00:00,36,August_2023,31.0,29.8,253.0,20.632689,78.557014,253.0,0.0,29.8,29.8,Open-Meteo Historical Forecast API (best_match/GFS Seamless),Open-Meteo Historical Forecast API (SRTM 90m at snapped grid),Open-Meteo Elevation API (SRTM 90m at station coordinates),best_match,"proxy: valid_time - lead_hours (historical forecast, not original run archive)",NOAA ISD via Phase 6 expanded dataset (QC=1),0.0065
42939099999,WARDHA,20.667,78.583,283.0,2023-08-09T12:00:00,2023-08-08T12:00:00,24,August_2023,31.0,29.8,253.0,20.632689,78.557014,253.0,0.0,29.8,29.8,Open-Meteo Historical Forecast API (best_match/GFS Seamless),Open-Meteo Historical Forecast API (SRTM 90m at snapped grid),Open-Meteo Elevation API (SRTM 90m at station coordinates),best_match,"proxy: valid_time - lead_hours (historical forecast, not original run archive)",NOAA ISD via Phase 6 expanded dataset (QC=1),0.0065
42939099999,WARDHA,20.667,78.583,283.0,2023-08-09T12:00:00,2023-08-09T00:00:00,12,August_2023,31.0,29.8,253.0,20.632689,78.557014,253.0,0.0,29.8,29.8,Open-Meteo Historical Forecast API (best_match/GFS Seamless),Open-Meteo Historical Forecast API (SRTM 90m at snapped grid),Open-Meteo Elevation API (SRTM 90m at station coordinates),best_match,"proxy: valid_time - lead_hours (historical forecast, not original run archive)",NOAA ISD via Phase 6 expanded dataset (QC=1),0.0065
42943099999,YEOTMAL,20.4,78.15,451.0,2023-02-01T12:00:00,2023-02-01T00:00:00,12,February_2023,27.0,25.9,438.0,20.421791,78.13883,438.0,0.0,25.9,25.9,Open-Meteo Historical Forecast API (best_match/GFS Seamless),Open-Meteo Historical Forecast API (SRTM 90m at snapped grid),Open-Meteo Elevation API (SRTM 90m at station coordinates),best_match,"proxy: valid_time - lead_hours (historical forecast, not original run archive)",NOAA ISD via Phase 6 expanded dataset (QC=1),0.0065
42943099999,YEOTMAL,20.4,78.15,451.0,2023-02-02T12:00:00,2023-02-01T00:00:00,36,February_2023,27.5,24.7,438.0,20.421791,78.13883,438.0,0.0,24.7,24.7,Open-Meteo Historical Forecast API (best_match/GFS Seamless),Open-Meteo Historical Forecast API (SRTM 90m at snapped grid),Open-Meteo Elevation API (SRTM 90m at station coordinates),best_match,"proxy: valid_time - lead_hours (historical forecast, not original run archive)",NOAA ISD via Phase 6 expanded dataset (QC=1),0.0065
42943099999,YEOTMAL,20.4,78.15,451.0,2023-02-02T12:00:00,2023-02-01T12:00:00,24,February_2023,27.5,24.7,438.0,20.421791,78.13883,438.0,0.0,24.7,24.7,Open-Meteo Historical Forecast API (best_match/GFS Seamless),Open-Meteo Historical Forecast API (SRTM 90m at snapped grid),Open-Meteo Elevation API (SRTM 90m at station coordinates),best_match,"proxy: valid_time - lead_hours (historical forecast, not original run archive)",NOAA ISD via Phase 6 expanded dataset (QC=1),0.0065
42943099999,YEOTMAL,20.4,78.15,451.0,2023-02-03T12:00:00,2023-02-01T12:00:00,48,February_2023,26.5,24.7,438.0,20.421791,78.13883,438.0,0.0,24.7,24.7,Open-Meteo Historical Forecast API (best_match/GFS Seamless),Open-Meteo Historical Forecast API (SRTM 90m at snapped grid),Open-Meteo Elevation API (SRTM 90m at station coordinates),best_match,"proxy: valid_time - lead_hours (historical forecast, not original run archive)",NOAA ISD via Phase 6 expanded dataset (QC=1),0.0065
42943099999,YEOTMAL,20.4,78.15,451.0,2023-02-02T12:00:00,2023-02-02T00:00:00,12,February_2023,27.5,24.7,438.0,20.421791,78.13883,438.0,0.0,24.7,24.7,Open-Meteo Historical Forecast API (best_match/GFS Seamless),Open-Meteo Historical Forecast API (SRTM 90m at snapped grid),Open-Meteo Elevation API (SRTM 90m at station coordinates),best_match,"proxy: valid_time - lead_hours (historical forecast, not original run archive)",NOAA ISD via Phase 6 expanded dataset (QC=1),0.0065
42943099999,YEOTMAL,20.4,78.15,451.0,2023-02-03T12:00:00,2023-02-02T00:00:00,36,February_2023,26.5,24.7,438.0,20.421791,78.13883,438.0,0.0,24.7,24.7,Open-Meteo Historical Forecast API (best_match/GFS Seamless),Open-Meteo Historical Forecast API (SRTM 90m at snapped grid),Open-Meteo Elevation API (SRTM 90m at station coordinates),best_match,"proxy: valid_time - lead_hours (historical forecast, not original run archive)",NOAA ISD via Phase 6 expanded dataset (QC=1),0.0065
42943099999,YEOTMAL,20.4,78.15,451.0,2023-02-03T12:00:00,2023-02-02T12:00:00,24,February_2023,26.5,24.7,438.0,20.421791,78.13883,438.0,0.0,24.7,24.7,Open-Meteo Historical Forecast API (best_match/GFS Seamless),Open-Meteo Historical Forecast API (SRTM 90m at snapped grid),Open-Meteo Elevation API (SRTM 90m at station coordinates),best_match,"proxy: valid_time - lead_hours (historical forecast, not original run archive)",NOAA ISD via Phase 6 expanded dataset (QC=1),0.0065
42943099999,YEOTMAL,20.4,78.15,451.0,2023-02-04T12:00:00,2023-02-02T12:00:00,48,February_2023,28.5,25.3,438.0,20.421791,78.13883,438.0,0.0,25.3,25.3,Open-Meteo Historical Forecast API (best_match/GFS Seamless),Open-Meteo Historical Forecast API (SRTM 90m at snapped grid),Open-Meteo Elevation API (SRTM 90m at station coordinates),best_match,"proxy: valid_time - lead_hours (historical forecast, not original run archive)",NOAA ISD via Phase 6 expanded dataset (QC=1),0.0065
42943099999,YEOTMAL,20.4,78.15,451.0,2023-02-03T12:00:00,2023-02-03T00:00:00,12,February_2023,26.5,24.7,438.0,20.421791,78.13883,438.0,0.0,24.7,24.7,Open-Meteo Historical Forecast API (best_match/GFS Seamless),Open-Meteo Historical Forecast API (SRTM 90m at snapped grid),Open-Meteo Elevation API (SRTM 90m at station coordinates),best_match,"proxy: valid_time - lead_hours (historical forecast, not original run archive)",NOAA ISD via Phase 6 expanded dataset (QC=1),0.0065
42943099999,YEOTMAL,20.4,78.15,451.0,2023-02-04T12:00:00,2023-02-03T00:00:00,36,February_2023,28.5,25.3,438.0,20.421791,78.13883,438.0,0.0,25.3,25.3,Open-Meteo Historical Forecast API (best_match/GFS Seamless),Open-Meteo Historical Forecast API (SRTM 90m at snapped grid),Open-Meteo Elevation API (SRTM 90m at station coordinates),best_match,"proxy: valid_time - lead_hours (historical forecast, not original run archive)",NOAA ISD via Phase 6 expanded dataset (QC=1),0.0065
42943099999,YEOTMAL,20.4,78.15,451.0,2023-02-04T12:00:00,2023-02-03T12:00:00,24,February_2023,28.5,25.3,438.0,20.421791,78.13883,438.0,0.0,25.3,25.3,Open-Meteo Historical Forecast API (best_match/GFS Seamless),Open-Meteo Historical Forecast API (SRTM 90m at snapped grid),Open-Meteo Elevation API (SRTM 90m at station coordinates),best_match,"proxy: valid_time - lead_hours (historical forecast, not original run archive)",NOAA ISD via Phase 6 expanded dataset (QC=1),0.0065
42943099999,YEOTMAL,20.4,78.15,451.0,2023-02-05T12:00:00,2023-02-03T12:00:00,48,February_2023,26.5,27.4,438.0,20.421791,78.13883,438.0,0.0,27.4,27.4,Open-Meteo Historical Forecast API (best_match/GFS Seamless),Open-Meteo Historical Forecast API (SRTM 90m at snapped grid),Open-Meteo Elevation API (SRTM 90m at station coordinates),best_match,"proxy: valid_time - lead_hours (historical forecast, not original run archive)",NOAA ISD via Phase 6 expanded dataset (QC=1),0.0065
42943099999,YEOTMAL,20.4,78.15,451.0,2023-02-04T12:00:00,2023-02-04T00:00:00,12,February_2023,28.5,25.3,438.0,20.421791,78.13883,438.0,0.0,25.3,25.3,Open-Meteo Historical Forecast API (best_match/GFS Seamless),Open-Meteo Historical Forecast API (SRTM 90m at snapped grid),Open-Meteo Elevation API (SRTM 90m at station coordinates),best_match,"proxy: valid_time - lead_hours (historical forecast, not original run archive)",NOAA ISD via Phase 6 expanded dataset (QC=1),0.0065
42943099999,YEOTMAL,20.4,78.15,451.0,2023-02-05T12:00:00,2023-02-04T00:00:00,36,February_2023,26.5,27.4,438.0,20.421791,78.13883,438.0,0.0,27.4,27.4,Open-Meteo Historical Forecast API (best_match/GFS Seamless),Open-Meteo Historical Forecast API (SRTM 90m at snapped grid),Open-Meteo Elevation API (SRTM 90m at station coordinates),best_match,"proxy: valid_time - lead_hours (historical forecast, not original run archive)",NOAA ISD via Phase 6 expanded dataset (QC=1),0.0065
42943099999,YEOTMAL,20.4,78.15,451.0,2023-02-05T12:00:00,2023-02-04T12:00:00,24,February_2023,26.5,27.4,438.0,20.421791,78.13883,438.0,0.0,27.4,27.4,Open-Meteo Historical Forecast API (best_match/GFS Seamless),Open-Meteo Historical Forecast API (SRTM 90m at snapped grid),Open-Meteo Elevation API (SRTM 90m at station coordinates),best_match,"proxy: valid_time - lead_hours (historical forecast, not original run archive)",NOAA ISD via Phase 6 expanded dataset (QC=1),0.0065
42943099999,YEOTMAL,20.4,78.15,451.0,2023-02-06T12:00:00,2023-02-04T12:00:00,48,February_2023,30.5,27.8,438.0,20.421791,78.13883,438.0,0.0,27.8,27.8,Open-Meteo Historical Forecast API (best_match/GFS Seamless),Open-Meteo Historical Forecast API (SRTM 90m at snapped grid),Open-Meteo Elevation API (SRTM 90m at station coordinates),best_match,"proxy: valid_time - lead_hours (historical forecast, not original run archive)",NOAA ISD via Phase 6 expanded dataset (QC=1),0.0065
42943099999,YEOTMAL,20.4,78.15,451.0,2023-02-05T12:00:00,2023-02-05T00:00:00,12,February_2023,26.5,27.4,438.0,20.421791,78.13883,438.0,0.0,27.4,27.4,Open-Meteo Historical Forecast API (best_match/GFS Seamless),Open-Meteo Historical Forecast API (SRTM 90m at snapped grid),Open-Meteo Elevation API (SRTM 90m at station coordinates),best_match,"proxy: valid_time - lead_hours (historical forecast, not original run archive)",NOAA ISD via Phase 6 expanded dataset (QC=1),0.0065
42943099999,YEOTMAL,20.4,78.15,451.0,2023-02-06T12:00:00,2023-02-05T00:00:00,36,February_2023,30.5,27.8,438.0,20.421791,78.13883,438.0,0.0,27.8,27.8,Open-Meteo Historical Forecast API (best_match/GFS Seamless),Open-Meteo Historical Forecast API (SRTM 90m at snapped grid),Open-Meteo Elevation API (SRTM 90m at station coordinates),best_match,"proxy: valid_time - lead_hours (historical forecast, not original run archive)",NOAA ISD via Phase 6 expanded dataset (QC=1),0.0065
42943099999,YEOTMAL,20.4,78.15,451.0,2023-02-06T12:00:00,2023-02-05T12:00:00,24,February_2023,30.5,27.8,438.0,20.421791,78.13883,438.0,0.0,27.8,27.8,Open-Meteo Historical Forecast API (best_match/GFS Seamless),Open-Meteo Historical Forecast API (SRTM 90m at snapped grid),Open-Meteo Elevation API (SRTM 90m at station coordinates),best_match,"proxy: valid_time - lead_hours (historical forecast, not original run archive)",NOAA ISD via Phase 6 expanded dataset (QC=1),0.0065
42943099999,YEOTMAL,20.4,78.15,451.0,2023-02-07T12:00:00,2023-02-05T12:00:00,48,February_2023,30.0,27.8,438.0,20.421791,78.13883,438.0,0.0,27.8,27.8,Open-Meteo Historical Forecast API (best_match/GFS Seamless),Open-Meteo Historical Forecast API (SRTM 90m at snapped grid),Open-Meteo Elevation API (SRTM 90m at station coordinates),best_match,"proxy: valid_time - lead_hours (historical forecast, not original run archive)",NOAA ISD via Phase 6 expanded dataset (QC=1),0.0065
42943099999,YEOTMAL,20.4,78.15,451.0,2023-02-06T12:00:00,2023-02-06T00:00:00,12,February_2023,30.5,27.8,438.0,20.421791,78.13883,438.0,0.0,27.8,27.8,Open-Meteo Historical Forecast API (best_match/GFS Seamless),Open-Meteo Historical Forecast API (SRTM 90m at snapped grid),Open-Meteo Elevation API (SRTM 90m at station coordinates),best_match,"proxy: valid_time - lead_hours (historical forecast, not original run archive)",NOAA ISD via Phase 6 expanded dataset (QC=1),0.0065
42943099999,YEOTMAL,20.4,78.15,451.0,2023-02-07T12:00:00,2023-02-06T00:00:00,36,February_2023,30.0,27.8,438.0,20.421791,78.13883,438.0,0.0,27.8,27.8,Open-Meteo Historical Forecast API (best_match/GFS Seamless),Open-Meteo Historical Forecast API (SRTM 90m at snapped grid),Open-Meteo Elevation API (SRTM 90m at station coordinates),best_match,"proxy: valid_time - lead_hours (historical forecast, not original run archive)",NOAA ISD via Phase 6 expanded dataset (QC=1),0.0065
42943099999,YEOTMAL,20.4,78.15,451.0,2023-02-07T12:00:00,2023-02-06T12:00:00,24,February_2023,30.0,27.8,438.0,20.421791,78.13883,438.0,0.0,27.8,27.8,Open-Meteo Historical Forecast API (best_match/GFS Seamless),Open-Meteo Historical Forecast API (SRTM 90m at snapped grid),Open-Meteo Elevation API (SRTM 90m at station coordinates),best_match,"proxy: valid_time - lead_hours (historical forecast, not original run archive)",NOAA ISD via Phase 6 expanded dataset (QC=1),0.0065
42943099999,YEOTMAL,20.4,78.15,451.0,2023-02-08T12:00:00,2023-02-06T12:00:00,48,February_2023,29.5,28.2,438.0,20.421791,78.13883,438.0,0.0,28.2,28.2,Open-Meteo Historical Forecast API (best_match/GFS Seamless),Open-Meteo Historical Forecast API (SRTM 90m at snapped grid),Open-Meteo Elevation API (SRTM 90m at station coordinates),best_match,"proxy: valid_time - lead_hours (historical forecast, not original run archive)",NOAA ISD via Phase 6 expanded dataset (QC=1),0.0065
42943099999,YEOTMAL,20.4,78.15,451.0,2023-02-07T12:00:00,2023-02-07T00:00:00,12,February_2023,30.0,27.8,438.0,20.421791,78.13883,438.0,0.0,27.8,27.8,Open-Meteo Historical Forecast API (best_match/GFS Seamless),Open-Meteo Historical Forecast API (SRTM 90m at snapped grid),Open-Meteo Elevation API (SRTM 90m at station coordinates),best_match,"proxy: valid_time - lead_hours (historical forecast, not original run archive)",NOAA ISD via Phase 6 expanded dataset (QC=1),0.0065
42943099999,YEOTMAL,20.4,78.15,451.0,2023-02-08T12:00:00,2023-02-07T00:00:00,36,February_2023,29.5,28.2,438.0,20.421791,78.13883,438.0,0.0,28.2,28.2,Open-Meteo Historical Forecast API (best_match/GFS Seamless),Open-Meteo Historical Forecast API (SRTM 90m at snapped grid),Open-Meteo Elevation API (SRTM 90m at station coordinates),best_match,"proxy: valid_time - lead_hours (historical forecast, not original run archive)",NOAA ISD via Phase 6 expanded dataset (QC=1),0.0065
42943099999,YEOTMAL,20.4,78.15,451.0,2023-02-08T12:00:00,2023-02-07T12:00:00,24,February_2023,29.5,28.2,438.0,20.421791,78.13883,438.0,0.0,28.2,28.2,Open-Meteo Historical Forecast API (best_match/GFS Seamless),Open-Meteo Historical Forecast API (SRTM 90m at snapped grid),Open-Meteo Elevation API (SRTM 90m at station coordinates),best_match,"proxy: valid_time - lead_hours (historical forecast, not original run archive)",NOAA ISD via Phase 6 expanded dataset (QC=1),0.0065
42943099999,YEOTMAL,20.4,78.15,451.0,2023-02-09T12:00:00,2023-02-07T12:00:00,48,February_2023,29.2,28.4,438.0,20.421791,78.13883,438.0,0.0,28.4,28.4,Open-Meteo Historical Forecast API (best_match/GFS Seamless),Open-Meteo Historical Forecast API (SRTM 90m at snapped grid),Open-Meteo Elevation API (SRTM 90m at station coordinates),best_match,"proxy: valid_time - lead_hours (historical forecast, not original run archive)",NOAA ISD via Phase 6 expanded dataset (QC=1),0.0065
42943099999,YEOTMAL,20.4,78.15,451.0,2023-02-08T12:00:00,2023-02-08T00:00:00,12,February_2023,29.5,28.2,438.0,20.421791,78.13883,438.0,0.0,28.2,28.2,Open-Meteo Historical Forecast API (best_match/GFS Seamless),Open-Meteo Historical Forecast API (SRTM 90m at snapped grid),Open-Meteo Elevation API (SRTM 90m at station coordinates),best_match,"proxy: valid_time - lead_hours (historical forecast, not original run archive)",NOAA ISD via Phase 6 expanded dataset (QC=1),0.0065
42943099999,YEOTMAL,20.4,78.15,451.0,2023-02-09T12:00:00,2023-02-08T00:00:00,36,February_2023,29.2,28.4,438.0,20.421791,78.13883,438.0,0.0,28.4,28.4,Open-Meteo Historical Forecast API (best_match/GFS Seamless),Open-Meteo Historical Forecast API (SRTM 90m at snapped grid),Open-Meteo Elevation API (SRTM 90m at station coordinates),best_match,"proxy: valid_time - lead_hours (historical forecast, not original run archive)",NOAA ISD via Phase 6 expanded dataset (QC=1),0.0065
42943099999,YEOTMAL,20.4,78.15,451.0,2023-02-09T12:00:00,2023-02-08T12:00:00,24,February_2023,29.2,28.4,438.0,20.421791,78.13883,438.0,0.0,28.4,28.4,Open-Meteo Historical Forecast API (best_match/GFS Seamless),Open-Meteo Historical Forecast API (SRTM 90m at snapped grid),Open-Meteo Elevation API (SRTM 90m at station coordinates),best_match,"proxy: valid_time - lead_hours (historical forecast, not original run archive)",NOAA ISD via Phase 6 expanded dataset (QC=1),0.0065
42943099999,YEOTMAL,20.4,78.15,451.0,2023-02-10T12:00:00,2023-02-08T12:00:00,48,February_2023,32.0,30.2,438.0,20.421791,78.13883,438.0,0.0,30.2,30.2,Open-Meteo Historical Forecast API (best_match/GFS Seamless),Open-Meteo Historical Forecast API (SRTM 90m at snapped grid),Open-Meteo Elevation API (SRTM 90m at station coordinates),best_match,"proxy: valid_time - lead_hours (historical forecast, not original run archive)",NOAA ISD via Phase 6 expanded dataset (QC=1),0.0065
42943099999,YEOTMAL,20.4,78.15,451.0,2023-02-09T12:00:00,2023-02-09T00:00:00,12,February_2023,29.2,28.4,438.0,20.421791,78.13883,438.0,0.0,28.4,28.4,Open-Meteo Historical Forecast API (best_match/GFS Seamless),Open-Meteo Historical Forecast API (SRTM 90m at snapped grid),Open-Meteo Elevation API (SRTM 90m at station coordinates),best_match,"proxy: valid_time - lead_hours (historical forecast, not original run archive)",NOAA ISD via Phase 6 expanded dataset (QC=1),0.0065
42943099999,YEOTMAL,20.4,78.15,451.0,2023-02-10T12:00:00,2023-02-09T00:00:00,36,February_2023,32.0,30.2,438.0,20.421791,78.13883,438.0,0.0,30.2,30.2,Open-Meteo Historical Forecast API (best_match/GFS Seamless),Open-Meteo Historical Forecast API (SRTM 90m at snapped grid),Open-Meteo Elevation API (SRTM 90m at station coordinates),best_match,"proxy: valid_time - lead_hours (historical forecast, not original run archive)",NOAA ISD via Phase 6 expanded dataset (QC=1),0.0065
42943099999,YEOTMAL,20.4,78.15,451.0,2023-02-10T12:00:00,2023-02-09T12:00:00,24,February_2023,32.0,30.2,438.0,20.421791,78.13883,438.0,0.0,30.2,30.2,Open-Meteo Historical Forecast API (best_match/GFS Seamless),Open-Meteo Historical Forecast API (SRTM 90m at snapped grid),Open-Meteo Elevation API (SRTM 90m at station coordinates),best_match,"proxy: valid_time - lead_hours (historical forecast, not original run archive)",NOAA ISD via Phase 6 expanded dataset (QC=1),0.0065
42943099999,YEOTMAL,20.4,78.15,451.0,2023-02-10T12:00:00,2023-02-10T00:00:00,12,February_2023,32.0,30.2,438.0,20.421791,78.13883,438.0,0.0,30.2,30.2,Open-Meteo Historical Forecast API (best_match/GFS Seamless),Open-Meteo Historical Forecast API (SRTM 90m at snapped grid),Open-Meteo Elevation API (SRTM 90m at station coordinates),best_match,"proxy: valid_time - lead_hours (historical forecast, not original run archive)",NOAA ISD via Phase 6 expanded dataset (QC=1),0.0065
42943099999,YEOTMAL,20.4,78.15,451.0,2023-08-01T12:00:00,2023-08-01T00:00:00,12,August_2023,28.0,27.3,438.0,20.421791,78.13883,438.0,0.0,27.3,27.3,Open-Meteo Historical Forecast API (best_match/GFS Seamless),Open-Meteo Historical Forecast API (SRTM 90m at snapped grid),Open-Meteo Elevation API (SRTM 90m at station coordinates),best_match,"proxy: valid_time - lead_hours (historical forecast, not original run archive)",NOAA ISD via Phase 6 expanded dataset (QC=1),0.0065
42943099999,YEOTMAL,20.4,78.15,451.0,2023-08-02T12:00:00,2023-08-01T00:00:00,36,August_2023,27.0,26.8,438.0,20.421791,78.13883,438.0,0.0,26.8,26.8,Open-Meteo Historical Forecast API (best_match/GFS Seamless),Open-Meteo Historical Forecast API (SRTM 90m at snapped grid),Open-Meteo Elevation API (SRTM 90m at station coordinates),best_match,"proxy: valid_time - lead_hours (historical forecast, not original run archive)",NOAA ISD via Phase 6 expanded dataset (QC=1),0.0065
42943099999,YEOTMAL,20.4,78.15,451.0,2023-08-02T12:00:00,2023-08-01T12:00:00,24,August_2023,27.0,26.8,438.0,20.421791,78.13883,438.0,0.0,26.8,26.8,Open-Meteo Historical Forecast API (best_match/GFS Seamless),Open-Meteo Historical Forecast API (SRTM 90m at snapped grid),Open-Meteo Elevation API (SRTM 90m at station coordinates),best_match,"proxy: valid_time - lead_hours (historical forecast, not original run archive)",NOAA ISD via Phase 6 expanded dataset (QC=1),0.0065
42943099999,YEOTMAL,20.4,78.15,451.0,2023-08-03T12:00:00,2023-08-01T12:00:00,48,August_2023,24.0,24.1,438.0,20.421791,78.13883,438.0,0.0,24.1,24.1,Open-Meteo Historical Forecast API (best_match/GFS Seamless),Open-Meteo Historical Forecast API (SRTM 90m at snapped grid),Open-Meteo Elevation API (SRTM 90m at station coordinates),best_match,"proxy: valid_time - lead_hours (historical forecast, not original run archive)",NOAA ISD via Phase 6 expanded dataset (QC=1),0.0065
42943099999,YEOTMAL,20.4,78.15,451.0,2023-08-02T12:00:00,2023-08-02T00:00:00,12,August_2023,27.0,26.8,438.0,20.421791,78.13883,438.0,0.0,26.8,26.8,Open-Meteo Historical Forecast API (best_match/GFS Seamless),Open-Meteo Historical Forecast API (SRTM 90m at snapped grid),Open-Meteo Elevation API (SRTM 90m at station coordinates),best_match,"proxy: valid_time - lead_hours (historical forecast, not original run archive)",NOAA ISD via Phase 6 expanded dataset (QC=1),0.0065
42943099999,YEOTMAL,20.4,78.15,451.0,2023-08-03T12:00:00,2023-08-02T00:00:00,36,August_2023,24.0,24.1,438.0,20.421791,78.13883,438.0,0.0,24.1,24.1,Open-Meteo Historical Forecast API (best_match/GFS Seamless),Open-Meteo Historical Forecast API (SRTM 90m at snapped grid),Open-Meteo Elevation API (SRTM 90m at station coordinates),best_match,"proxy: valid_time - lead_hours (historical forecast, not original run archive)",NOAA ISD via Phase 6 expanded dataset (QC=1),0.0065
42943099999,YEOTMAL,20.4,78.15,451.0,2023-08-03T12:00:00,2023-08-02T12:00:00,24,August_2023,24.0,24.1,438.0,20.421791,78.13883,438.0,0.0,24.1,24.1,Open-Meteo Historical Forecast API (best_match/GFS Seamless),Open-Meteo Historical Forecast API (SRTM 90m at snapped grid),Open-Meteo Elevation API (SRTM 90m at station coordinates),best_match,"proxy: valid_time - lead_hours (historical forecast, not original run archive)",NOAA ISD via Phase 6 expanded dataset (QC=1),0.0065
42943099999,YEOTMAL,20.4,78.15,451.0,2023-08-04T12:00:00,2023-08-02T12:00:00,48,August_2023,28.0,27.7,438.0,20.421791,78.13883,438.0,0.0,27.7,27.7,Open-Meteo Historical Forecast API (best_match/GFS Seamless),Open-Meteo Historical Forecast API (SRTM 90m at snapped grid),Open-Meteo Elevation API (SRTM 90m at station coordinates),best_match,"proxy: valid_time - lead_hours (historical forecast, not original run archive)",NOAA ISD via Phase 6 expanded dataset (QC=1),0.0065
42943099999,YEOTMAL,20.4,78.15,451.0,2023-08-03T12:00:00,2023-08-03T00:00:00,12,August_2023,24.0,24.1,438.0,20.421791,78.13883,438.0,0.0,24.1,24.1,Open-Meteo Historical Forecast API (best_match/GFS Seamless),Open-Meteo Historical Forecast API (SRTM 90m at snapped grid),Open-Meteo Elevation API (SRTM 90m at station coordinates),best_match,"proxy: valid_time - lead_hours (historical forecast, not original run archive)",NOAA ISD via Phase 6 expanded dataset (QC=1),0.0065
42943099999,YEOTMAL,20.4,78.15,451.0,2023-08-04T12:00:00,2023-08-03T00:00:00,36,August_2023,28.0,27.7,438.0,20.421791,78.13883,438.0,0.0,27.7,27.7,Open-Meteo Historical Forecast API (best_match/GFS Seamless),Open-Meteo Historical Forecast API (SRTM 90m at snapped grid),Open-Meteo Elevation API (SRTM 90m at station coordinates),best_match,"proxy: valid_time - lead_hours (historical forecast, not original run archive)",NOAA ISD via Phase 6 expanded dataset (QC=1),0.0065
42943099999,YEOTMAL,20.4,78.15,451.0,2023-08-04T12:00:00,2023-08-03T12:00:00,24,August_2023,28.0,27.7,438.0,20.421791,78.13883,438.0,0.0,27.7,27.7,Open-Meteo Historical Forecast API (best_match/GFS Seamless),Open-Meteo Historical Forecast API (SRTM 90m at snapped grid),Open-Meteo Elevation API (SRTM 90m at station coordinates),best_match,"proxy: valid_time - lead_hours (historical forecast, not original run archive)",NOAA ISD via Phase 6 expanded dataset (QC=1),0.0065
42943099999,YEOTMAL,20.4,78.15,451.0,2023-08-05T12:00:00,2023-08-03T12:00:00,48,August_2023,29.5,28.3,438.0,20.421791,78.13883,438.0,0.0,28.3,28.3,Open-Meteo Historical Forecast API (best_match/GFS Seamless),Open-Meteo Historical Forecast API (SRTM 90m at snapped grid),Open-Meteo Elevation API (SRTM 90m at station coordinates),best_match,"proxy: valid_time - lead_hours (historical forecast, not original run archive)",NOAA ISD via Phase 6 expanded dataset (QC=1),0.0065
42943099999,YEOTMAL,20.4,78.15,451.0,2023-08-04T12:00:00,2023-08-04T00:00:00,12,August_2023,28.0,27.7,438.0,20.421791,78.13883,438.0,0.0,27.7,27.7,Open-Meteo Historical Forecast API (best_match/GFS Seamless),Open-Meteo Historical Forecast API (SRTM 90m at snapped grid),Open-Meteo Elevation API (SRTM 90m at station coordinates),best_match,"proxy: valid_time - lead_hours (historical forecast, not original run archive)",NOAA ISD via Phase 6 expanded dataset (QC=1),0.0065
42943099999,YEOTMAL,20.4,78.15,451.0,2023-08-05T12:00:00,2023-08-04T00:00:00,36,August_2023,29.5,28.3,438.0,20.421791,78.13883,438.0,0.0,28.3,28.3,Open-Meteo Historical Forecast API (best_match/GFS Seamless),Open-Meteo Historical Forecast API (SRTM 90m at snapped grid),Open-Meteo Elevation API (SRTM 90m at station coordinates),best_match,"proxy: valid_time - lead_hours (historical forecast, not original run archive)",NOAA ISD via Phase 6 expanded dataset (QC=1),0.0065
42943099999,YEOTMAL,20.4,78.15,451.0,2023-08-05T12:00:00,2023-08-04T12:00:00,24,August_2023,29.5,28.3,438.0,20.421791,78.13883,438.0,0.0,28.3,28.3,Open-Meteo Historical Forecast API (best_match/GFS Seamless),Open-Meteo Historical Forecast API (SRTM 90m at snapped grid),Open-Meteo Elevation API (SRTM 90m at station coordinates),best_match,"proxy: valid_time - lead_hours (historical forecast, not original run archive)",NOAA ISD via Phase 6 expanded dataset (QC=1),0.0065
42943099999,YEOTMAL,20.4,78.15,451.0,2023-08-06T12:00:00,2023-08-04T12:00:00,48,August_2023,26.2,27.4,438.0,20.421791,78.13883,438.0,0.0,27.4,27.4,Open-Meteo Historical Forecast API (best_match/GFS Seamless),Open-Meteo Historical Forecast API (SRTM 90m at snapped grid),Open-Meteo Elevation API (SRTM 90m at station coordinates),best_match,"proxy: valid_time - lead_hours (historical forecast, not original run archive)",NOAA ISD via Phase 6 expanded dataset (QC=1),0.0065
42943099999,YEOTMAL,20.4,78.15,451.0,2023-08-05T12:00:00,2023-08-05T00:00:00,12,August_2023,29.5,28.3,438.0,20.421791,78.13883,438.0,0.0,28.3,28.3,Open-Meteo Historical Forecast API (best_match/GFS Seamless),Open-Meteo Historical Forecast API (SRTM 90m at snapped grid),Open-Meteo Elevation API (SRTM 90m at station coordinates),best_match,"proxy: valid_time - lead_hours (historical forecast, not original run archive)",NOAA ISD via Phase 6 expanded dataset (QC=1),0.0065
42943099999,YEOTMAL,20.4,78.15,451.0,2023-08-06T12:00:00,2023-08-05T00:00:00,36,August_2023,26.2,27.4,438.0,20.421791,78.13883,438.0,0.0,27.4,27.4,Open-Meteo Historical Forecast API (best_match/GFS Seamless),Open-Meteo Historical Forecast API (SRTM 90m at snapped grid),Open-Meteo Elevation API (SRTM 90m at station coordinates),best_match,"proxy: valid_time - lead_hours (historical forecast, not original run archive)",NOAA ISD via Phase 6 expanded dataset (QC=1),0.0065
42943099999,YEOTMAL,20.4,78.15,451.0,2023-08-06T12:00:00,2023-08-05T12:00:00,24,August_2023,26.2,27.4,438.0,20.421791,78.13883,438.0,0.0,27.4,27.4,Open-Meteo Historical Forecast API (best_match/GFS Seamless),Open-Meteo Historical Forecast API (SRTM 90m at snapped grid),Open-Meteo Elevation API (SRTM 90m at station coordinates),best_match,"proxy: valid_time - lead_hours (historical forecast, not original run archive)",NOAA ISD via Phase 6 expanded dataset (QC=1),0.0065
42943099999,YEOTMAL,20.4,78.15,451.0,2023-08-07T12:00:00,2023-08-05T12:00:00,48,August_2023,29.0,27.7,438.0,20.421791,78.13883,438.0,0.0,27.7,27.7,Open-Meteo Historical Forecast API (best_match/GFS Seamless),Open-Meteo Historical Forecast API (SRTM 90m at snapped grid),Open-Meteo Elevation API (SRTM 90m at station coordinates),best_match,"proxy: valid_time - lead_hours (historical forecast, not original run archive)",NOAA ISD via Phase 6 expanded dataset (QC=1),0.0065
42943099999,YEOTMAL,20.4,78.15,451.0,2023-08-06T12:00:00,2023-08-06T00:00:00,12,August_2023,26.2,27.4,438.0,20.421791,78.13883,438.0,0.0,27.4,27.4,Open-Meteo Historical Forecast API (best_match/GFS Seamless),Open-Meteo Historical Forecast API (SRTM 90m at snapped grid),Open-Meteo Elevation API (SRTM 90m at station coordinates),best_match,"proxy: valid_time - lead_hours (historical forecast, not original run archive)",NOAA ISD via Phase 6 expanded dataset (QC=1),0.0065
42943099999,YEOTMAL,20.4,78.15,451.0,2023-08-07T12:00:00,2023-08-06T00:00:00,36,August_2023,29.0,27.7,438.0,20.421791,78.13883,438.0,0.0,27.7,27.7,Open-Meteo Historical Forecast API (best_match/GFS Seamless),Open-Meteo Historical Forecast API (SRTM 90m at snapped grid),Open-Meteo Elevation API (SRTM 90m at station coordinates),best_match,"proxy: valid_time - lead_hours (historical forecast, not original run archive)",NOAA ISD via Phase 6 expanded dataset (QC=1),0.0065
42943099999,YEOTMAL,20.4,78.15,451.0,2023-08-07T12:00:00,2023-08-06T12:00:00,24,August_2023,29.0,27.7,438.0,20.421791,78.13883,438.0,0.0,27.7,27.7,Open-Meteo Historical Forecast API (best_match/GFS Seamless),Open-Meteo Historical Forecast API (SRTM 90m at snapped grid),Open-Meteo Elevation API (SRTM 90m at station coordinates),best_match,"proxy: valid_time - lead_hours (historical forecast, not original run archive)",NOAA ISD via Phase 6 expanded dataset (QC=1),0.0065
42943099999,YEOTMAL,20.4,78.15,451.0,2023-08-08T12:00:00,2023-08-06T12:00:00,48,August_2023,28.0,28.2,438.0,20.421791,78.13883,438.0,0.0,28.2,28.2,Open-Meteo Historical Forecast API (best_match/GFS Seamless),Open-Meteo Historical Forecast API (SRTM 90m at snapped grid),Open-Meteo Elevation API (SRTM 90m at station coordinates),best_match,"proxy: valid_time - lead_hours (historical forecast, not original run archive)",NOAA ISD via Phase 6 expanded dataset (QC=1),0.0065
42943099999,YEOTMAL,20.4,78.15,451.0,2023-08-07T12:00:00,2023-08-07T00:00:00,12,August_2023,29.0,27.7,438.0,20.421791,78.13883,438.0,0.0,27.7,27.7,Open-Meteo Historical Forecast API (best_match/GFS Seamless),Open-Meteo Historical Forecast API (SRTM 90m at snapped grid),Open-Meteo Elevation API (SRTM 90m at station coordinates),best_match,"proxy: valid_time - lead_hours (historical forecast, not original run archive)",NOAA ISD via Phase 6 expanded dataset (QC=1),0.0065
42943099999,YEOTMAL,20.4,78.15,451.0,2023-08-08T12:00:00,2023-08-07T00:00:00,36,August_2023,28.0,28.2,438.0,20.421791,78.13883,438.0,0.0,28.2,28.2,Open-Meteo Historical Forecast API (best_match/GFS Seamless),Open-Meteo Historical Forecast API (SRTM 90m at snapped grid),Open-Meteo Elevation API (SRTM 90m at station coordinates),best_match,"proxy: valid_time - lead_hours (historical forecast, not original run archive)",NOAA ISD via Phase 6 expanded dataset (QC=1),0.0065
42943099999,YEOTMAL,20.4,78.15,451.0,2023-08-08T12:00:00,2023-08-07T12:00:00,24,August_2023,28.0,28.2,438.0,20.421791,78.13883,438.0,0.0,28.2,28.2,Open-Meteo Historical Forecast API (best_match/GFS Seamless),Open-Meteo Historical Forecast API (SRTM 90m at snapped grid),Open-Meteo Elevation API (SRTM 90m at station coordinates),best_match,"proxy: valid_time - lead_hours (historical forecast, not original run archive)",NOAA ISD via Phase 6 expanded dataset (QC=1),0.0065
42943099999,YEOTMAL,20.4,78.15,451.0,2023-08-09T12:00:00,2023-08-07T12:00:00,48,August_2023,28.5,28.1,438.0,20.421791,78.13883,438.0,0.0,28.1,28.1,Open-Meteo Historical Forecast API (best_match/GFS Seamless),Open-Meteo Historical Forecast API (SRTM 90m at snapped grid),Open-Meteo Elevation API (SRTM 90m at station coordinates),best_match,"proxy: valid_time - lead_hours (historical forecast, not original run archive)",NOAA ISD via Phase 6 expanded dataset (QC=1),0.0065
42943099999,YEOTMAL,20.4,78.15,451.0,2023-08-08T12:00:00,2023-08-08T00:00:00,12,August_2023,28.0,28.2,438.0,20.421791,78.13883,438.0,0.0,28.2,28.2,Open-Meteo Historical Forecast API (best_match/GFS Seamless),Open-Meteo Historical Forecast API (SRTM 90m at snapped grid),Open-Meteo Elevation API (SRTM 90m at station coordinates),best_match,"proxy: valid_time - lead_hours (historical forecast, not original run archive)",NOAA ISD via Phase 6 expanded dataset (QC=1),0.0065
42943099999,YEOTMAL,20.4,78.15,451.0,2023-08-09T12:00:00,2023-08-08T00:00:00,36,August_2023,28.5,28.1,438.0,20.421791,78.13883,438.0,0.0,28.1,28.1,Open-Meteo Historical Forecast API (best_match/GFS Seamless),Open-Meteo Historical Forecast API (SRTM 90m at snapped grid),Open-Meteo Elevation API (SRTM 90m at station coordinates),best_match,"proxy: valid_time - lead_hours (historical forecast, not original run archive)",NOAA ISD via Phase 6 expanded dataset (QC=1),0.0065
42943099999,YEOTMAL,20.4,78.15,451.0,2023-08-09T12:00:00,2023-08-08T12:00:00,24,August_2023,28.5,28.1,438.0,20.421791,78.13883,438.0,0.0,28.1,28.1,Open-Meteo Historical Forecast API (best_match/GFS Seamless),Open-Meteo Historical Forecast API (SRTM 90m at snapped grid),Open-Meteo Elevation API (SRTM 90m at station coordinates),best_match,"proxy: valid_time - lead_hours (historical forecast, not original run archive)",NOAA ISD via Phase 6 expanded dataset (QC=1),0.0065
42943099999,YEOTMAL,20.4,78.15,451.0,2023-08-09T12:00:00,2023-08-09T00:00:00,12,August_2023,28.5,28.1,438.0,20.421791,78.13883,438.0,0.0,28.1,28.1,Open-Meteo Historical Forecast API (best_match/GFS Seamless),Open-Meteo Historical Forecast API (SRTM 90m at snapped grid),Open-Meteo Elevation API (SRTM 90m at station coordinates),best_match,"proxy: valid_time - lead_hours (historical forecast, not original run archive)",NOAA ISD via Phase 6 expanded dataset (QC=1),0.0065
43014099999,AURANGABAD,19.863,75.398,582.5,2023-02-01T12:00:00,2023-02-01T00:00:00,12,February_2023,26.0,25.3,581.0,19.859402,75.35928,581.0,0.0,25.3,25.3,Open-Meteo Historical Forecast API (best_match/GFS Seamless),Open-Meteo Historical Forecast API (SRTM 90m at snapped grid),Open-Meteo Elevation API (SRTM 90m at station coordinates),best_match,"proxy: valid_time - lead_hours (historical forecast, not original run archive)",NOAA ISD via Phase 6 expanded dataset (QC=1),0.0065
43014099999,AURANGABAD,19.863,75.398,582.5,2023-02-02T00:00:00,2023-02-01T00:00:00,24,February_2023,16.0,17.3,581.0,19.859402,75.35928,581.0,0.0,17.3,17.3,Open-Meteo Historical Forecast API (best_match/GFS Seamless),Open-Meteo Historical Forecast API (SRTM 90m at snapped grid),Open-Meteo Elevation API (SRTM 90m at station coordinates),best_match,"proxy: valid_time - lead_hours (historical forecast, not original run archive)",NOAA ISD via Phase 6 expanded dataset (QC=1),0.0065
43014099999,AURANGABAD,19.863,75.398,582.5,2023-02-02T12:00:00,2023-02-01T00:00:00,36,February_2023,27.0,26.4,581.0,19.859402,75.35928,581.0,0.0,26.4,26.4,Open-Meteo Historical Forecast API (best_match/GFS Seamless),Open-Meteo Historical Forecast API (SRTM 90m at snapped grid),Open-Meteo Elevation API (SRTM 90m at station coordinates),best_match,"proxy: valid_time - lead_hours (historical forecast, not original run archive)",NOAA ISD via Phase 6 expanded dataset (QC=1),0.0065
43014099999,AURANGABAD,19.863,75.398,582.5,2023-02-03T00:00:00,2023-02-01T00:00:00,48,February_2023,14.0,17.0,581.0,19.859402,75.35928,581.0,0.0,17.0,17.0,Open-Meteo Historical Forecast API (best_match/GFS Seamless),Open-Meteo Historical Forecast API (SRTM 90m at snapped grid),Open-Meteo Elevation API (SRTM 90m at station coordinates),best_match,"proxy: valid_time - lead_hours (historical forecast, not original run archive)",NOAA ISD via Phase 6 expanded dataset (QC=1),0.0065
43014099999,AURANGABAD,19.863,75.398,582.5,2023-02-02T00:00:00,2023-02-01T12:00:00,12,February_2023,16.0,17.3,581.0,19.859402,75.35928,581.0,0.0,17.3,17.3,Open-Meteo Historical Forecast API (best_match/GFS Seamless),Open-Meteo Historical Forecast API (SRTM 90m at snapped grid),Open-Meteo Elevation API (SRTM 90m at station coordinates),best_match,"proxy: valid_time - lead_hours (historical forecast, not original run archive)",NOAA ISD via Phase 6 expanded dataset (QC=1),0.0065
43014099999,AURANGABAD,19.863,75.398,582.5,2023-02-02T12:00:00,2023-02-01T12:00:00,24,February_2023,27.0,26.4,581.0,19.859402,75.35928,581.0,0.0,26.4,26.4,Open-Meteo Historical Forecast API (best_match/GFS Seamless),Open-Meteo Historical Forecast API (SRTM 90m at snapped grid),Open-Meteo Elevation API (SRTM 90m at station coordinates),best_match,"proxy: valid_time - lead_hours (historical forecast, not original run archive)",NOAA ISD via Phase 6 expanded dataset (QC=1),0.0065
43014099999,AURANGABAD,19.863,75.398,582.5,2023-02-03T00:00:00,2023-02-01T12:00:00,36,February_2023,14.0,17.0,581.0,19.859402,75.35928,581.0,0.0,17.0,17.0,Open-Meteo Historical Forecast API (best_match/GFS Seamless),Open-Meteo Historical Forecast API (SRTM 90m at snapped grid),Open-Meteo Elevation API (SRTM 90m at station coordinates),best_match,"proxy: valid_time - lead_hours (historical forecast, not original run archive)",NOAA ISD via Phase 6 expanded dataset (QC=1),0.0065
43014099999,AURANGABAD,19.863,75.398,582.5,2023-02-03T12:00:00,2023-02-01T12:00:00,48,February_2023,27.0,26.3,581.0,19.859402,75.35928,581.0,0.0,26.3,26.3,Open-Meteo Historical Forecast API (best_match/GFS Seamless),Open-Meteo Historical Forecast API (SRTM 90m at snapped grid),Open-Meteo Elevation API (SRTM 90m at station coordinates),best_match,"proxy: valid_time - lead_hours (historical forecast, not original run archive)",NOAA ISD via Phase 6 expanded dataset (QC=1),0.0065
43014099999,AURANGABAD,19.863,75.398,582.5,2023-02-02T12:00:00,2023-02-02T00:00:00,12,February_2023,27.0,26.4,581.0,19.859402,75.35928,581.0,0.0,26.4,26.4,Open-Meteo Historical Forecast API (best_match/GFS Seamless),Open-Meteo Historical Forecast API (SRTM 90m at snapped grid),Open-Meteo Elevation API (SRTM 90m at station coordinates),best_match,"proxy: valid_time - lead_hours (historical forecast, not original run archive)",NOAA ISD via Phase 6 expanded dataset (QC=1),0.0065
43014099999,AURANGABAD,19.863,75.398,582.5,2023-02-03T00:00:00,2023-02-02T00:00:00,24,February_2023,14.0,17.0,581.0,19.859402,75.35928,581.0,0.0,17.0,17.0,Open-Meteo Historical Forecast API (best_match/GFS Seamless),Open-Meteo Historical Forecast API (SRTM 90m at snapped grid),Open-Meteo Elevation API (SRTM 90m at station coordinates),best_match,"proxy: valid_time - lead_hours (historical forecast, not original run archive)",NOAA ISD via Phase 6 expanded dataset (QC=1),0.0065
43014099999,AURANGABAD,19.863,75.398,582.5,2023-02-03T12:00:00,2023-02-02T00:00:00,36,February_2023,27.0,26.3,581.0,19.859402,75.35928,581.0,0.0,26.3,26.3,Open-Meteo Historical Forecast API (best_match/GFS Seamless),Open-Meteo Historical Forecast API (SRTM 90m at snapped grid),Open-Meteo Elevation API (SRTM 90m at station coordinates),best_match,"proxy: valid_time - lead_hours (historical forecast, not original run archive)",NOAA ISD via Phase 6 expanded dataset (QC=1),0.0065
43014099999,AURANGABAD,19.863,75.398,582.5,2023-02-04T00:00:00,2023-02-02T00:00:00,48,February_2023,12.8,16.0,581.0,19.859402,75.35928,581.0,0.0,16.0,16.0,Open-Meteo Historical Forecast API (best_match/GFS Seamless),Open-Meteo Historical Forecast API (SRTM 90m at snapped grid),Open-Meteo Elevation API (SRTM 90m at station coordinates),best_match,"proxy: valid_time - lead_hours (historical forecast, not original run archive)",NOAA ISD via Phase 6 expanded dataset (QC=1),0.0065
43014099999,AURANGABAD,19.863,75.398,582.5,2023-02-03T00:00:00,2023-02-02T12:00:00,12,February_2023,14.0,17.0,581.0,19.859402,75.35928,581.0,0.0,17.0,17.0,Open-Meteo Historical Forecast API (best_match/GFS Seamless),Open-Meteo Historical Forecast API (SRTM 90m at snapped grid),Open-Meteo Elevation API (SRTM 90m at station coordinates),best_match,"proxy: valid_time - lead_hours (historical forecast, not original run archive)",NOAA ISD via Phase 6 expanded dataset (QC=1),0.0065
43014099999,AURANGABAD,19.863,75.398,582.5,2023-02-03T12:00:00,2023-02-02T12:00:00,24,February_2023,27.0,26.3,581.0,19.859402,75.35928,581.0,0.0,26.3,26.3,Open-Meteo Historical Forecast API (best_match/GFS Seamless),Open-Meteo Historical Forecast API (SRTM 90m at snapped grid),Open-Meteo Elevation API (SRTM 90m at station coordinates),best_match,"proxy: valid_time - lead_hours (historical forecast, not original run archive)",NOAA ISD via Phase 6 expanded dataset (QC=1),0.0065
43014099999,AURANGABAD,19.863,75.398,582.5,2023-02-04T00:00:00,2023-02-02T12:00:00,36,February_2023,12.8,16.0,581.0,19.859402,75.35928,581.0,0.0,16.0,16.0,Open-Meteo Historical Forecast API (best_match/GFS Seamless),Open-Meteo Historical Forecast API (SRTM 90m at snapped grid),Open-Meteo Elevation API (SRTM 90m at station coordinates),best_match,"proxy: valid_time - lead_hours (historical forecast, not original run archive)",NOAA ISD via Phase 6 expanded dataset (QC=1),0.0065
43014099999,AURANGABAD,19.863,75.398,582.5,2023-02-04T12:00:00,2023-02-02T12:00:00,48,February_2023,29.0,26.3,581.0,19.859402,75.35928,581.0,0.0,26.3,26.3,Open-Meteo Historical Forecast API (best_match/GFS Seamless),Open-Meteo Historical Forecast API (SRTM 90m at snapped grid),Open-Meteo Elevation API (SRTM 90m at station coordinates),best_match,"proxy: valid_time - lead_hours (historical forecast, not original run archive)",NOAA ISD via Phase 6 expanded dataset (QC=1),0.0065
43014099999,AURANGABAD,19.863,75.398,582.5,2023-02-03T12:00:00,2023-02-03T00:00:00,12,February_2023,27.0,26.3,581.0,19.859402,75.35928,581.0,0.0,26.3,26.3,Open-Meteo Historical Forecast API (best_match/GFS Seamless),Open-Meteo Historical Forecast API (SRTM 90m at snapped grid),Open-Meteo Elevation API (SRTM 90m at station coordinates),best_match,"proxy: valid_time - lead_hours (historical forecast, not original run archive)",NOAA ISD via Phase 6 expanded dataset (QC=1),0.0065
43014099999,AURANGABAD,19.863,75.398,582.5,2023-02-04T00:00:00,2023-02-03T00:00:00,24,February_2023,12.8,16.0,581.0,19.859402,75.35928,581.0,0.0,16.0,16.0,Open-Meteo Historical Forecast API (best_match/GFS Seamless),Open-Meteo Historical Forecast API (SRTM 90m at snapped grid),Open-Meteo Elevation API (SRTM 90m at station coordinates),best_match,"proxy: valid_time - lead_hours (historical forecast, not original run archive)",NOAA ISD via Phase 6 expanded dataset (QC=1),0.0065
43014099999,AURANGABAD,19.863,75.398,582.5,2023-02-04T12:00:00,2023-02-03T00:00:00,36,February_2023,29.0,26.3,581.0,19.859402,75.35928,581.0,0.0,26.3,26.3,Open-Meteo Historical Forecast API (best_match/GFS Seamless),Open-Meteo Historical Forecast API (SRTM 90m at snapped grid),Open-Meteo Elevation API (SRTM 90m at station coordinates),best_match,"proxy: valid_time - lead_hours (historical forecast, not original run archive)",NOAA ISD via Phase 6 expanded dataset (QC=1),0.0065
43014099999,AURANGABAD,19.863,75.398,582.5,2023-02-05T00:00:00,2023-02-03T00:00:00,48,February_2023,14.0,16.0,581.0,19.859402,75.35928,581.0,0.0,16.0,16.0,Open-Meteo Historical Forecast API (best_match/GFS Seamless),Open-Meteo Historical Forecast API (SRTM 90m at snapped grid),Open-Meteo Elevation API (SRTM 90m at station coordinates),best_match,"proxy: valid_time - lead_hours (historical forecast, not original run archive)",NOAA ISD via Phase 6 expanded dataset (QC=1),0.0065
43014099999,AURANGABAD,19.863,75.398,582.5,2023-02-04T00:00:00,2023-02-03T12:00:00,12,February_2023,12.8,16.0,581.0,19.859402,75.35928,581.0,0.0,16.0,16.0,Open-Meteo Historical Forecast API (best_match/GFS Seamless),Open-Meteo Historical Forecast API (SRTM 90m at snapped grid),Open-Meteo Elevation API (SRTM 90m at station coordinates),best_match,"proxy: valid_time - lead_hours (historical forecast, not original run archive)",NOAA ISD via Phase 6 expanded dataset (QC=1),0.0065
43014099999,AURANGABAD,19.863,75.398,582.5,2023-02-04T12:00:00,2023-02-03T12:00:00,24,February_2023,29.0,26.3,581.0,19.859402,75.35928,581.0,0.0,26.3,26.3,Open-Meteo Historical Forecast API (best_match/GFS Seamless),Open-Meteo Historical Forecast API (SRTM 90m at snapped grid),Open-Meteo Elevation API (SRTM 90m at station coordinates),best_match,"proxy: valid_time - lead_hours (historical forecast, not original run archive)",NOAA ISD via Phase 6 expanded dataset (QC=1),0.0065
43014099999,AURANGABAD,19.863,75.398,582.5,2023-02-05T00:00:00,2023-02-03T12:00:00,36,February_2023,14.0,16.0,581.0,19.859402,75.35928,581.0,0.0,16.0,16.0,Open-Meteo Historical Forecast API (best_match/GFS Seamless),Open-Meteo Historical Forecast API (SRTM 90m at snapped grid),Open-Meteo Elevation API (SRTM 90m at station coordinates),best_match,"proxy: valid_time - lead_hours (historical forecast, not original run archive)",NOAA ISD via Phase 6 expanded dataset (QC=1),0.0065
43014099999,AURANGABAD,19.863,75.398,582.5,2023-02-05T12:00:00,2023-02-03T12:00:00,48,February_2023,30.0,26.8,581.0,19.859402,75.35928,581.0,0.0,26.8,26.8,Open-Meteo Historical Forecast API (best_match/GFS Seamless),Open-Meteo Historical Forecast API (SRTM 90m at snapped grid),Open-Meteo Elevation API (SRTM 90m at station coordinates),best_match,"proxy: valid_time - lead_hours (historical forecast, not original run archive)",NOAA ISD via Phase 6 expanded dataset (QC=1),0.0065
43014099999,AURANGABAD,19.863,75.398,582.5,2023-02-04T12:00:00,2023-02-04T00:00:00,12,February_2023,29.0,26.3,581.0,19.859402,75.35928,581.0,0.0,26.3,26.3,Open-Meteo Historical Forecast API (best_match/GFS Seamless),Open-Meteo Historical Forecast API (SRTM 90m at snapped grid),Open-Meteo Elevation API (SRTM 90m at station coordinates),best_match,"proxy: valid_time - lead_hours (historical forecast, not original run archive)",NOAA ISD via Phase 6 expanded dataset (QC=1),0.0065
43014099999,AURANGABAD,19.863,75.398,582.5,2023-02-05T00:00:00,2023-02-04T00:00:00,24,February_2023,14.0,16.0,581.0,19.859402,75.35928,581.0,0.0,16.0,16.0,Open-Meteo Historical Forecast API (best_match/GFS Seamless),Open-Meteo Historical Forecast API (SRTM 90m at snapped grid),Open-Meteo Elevation API (SRTM 90m at station coordinates),best_match,"proxy: valid_time - lead_hours (historical forecast, not original run archive)",NOAA ISD via Phase 6 expanded dataset (QC=1),0.0065
43014099999,AURANGABAD,19.863,75.398,582.5,2023-02-05T12:00:00,2023-02-04T00:00:00,36,February_2023,30.0,26.8,581.0,19.859402,75.35928,581.0,0.0,26.8,26.8,Open-Meteo Historical Forecast API (best_match/GFS Seamless),Open-Meteo Historical Forecast API (SRTM 90m at snapped grid),Open-Meteo Elevation API (SRTM 90m at station coordinates),best_match,"proxy: valid_time - lead_hours (historical forecast, not original run archive)",NOAA ISD via Phase 6 expanded dataset (QC=1),0.0065
43014099999,AURANGABAD,19.863,75.398,582.5,2023-02-06T00:00:00,2023-02-04T00:00:00,48,February_2023,15.0,15.5,581.0,19.859402,75.35928,581.0,0.0,15.5,15.5,Open-Meteo Historical Forecast API (best_match/GFS Seamless),Open-Meteo Historical Forecast API (SRTM 90m at snapped grid),Open-Meteo Elevation API (SRTM 90m at station coordinates),best_match,"proxy: valid_time - lead_hours (historical forecast, not original run archive)",NOAA ISD via Phase 6 expanded dataset (QC=1),0.0065
43014099999,AURANGABAD,19.863,75.398,582.5,2023-02-05T00:00:00,2023-02-04T12:00:00,12,February_2023,14.0,16.0,581.0,19.859402,75.35928,581.0,0.0,16.0,16.0,Open-Meteo Historical Forecast API (best_match/GFS Seamless),Open-Meteo Historical Forecast API (SRTM 90m at snapped grid),Open-Meteo Elevation API (SRTM 90m at station coordinates),best_match,"proxy: valid_time - lead_hours (historical forecast, not original run archive)",NOAA ISD via Phase 6 expanded dataset (QC=1),0.0065
43014099999,AURANGABAD,19.863,75.398,582.5,2023-02-05T12:00:00,2023-02-04T12:00:00,24,February_2023,30.0,26.8,581.0,19.859402,75.35928,581.0,0.0,26.8,26.8,Open-Meteo Historical Forecast API (best_match/GFS Seamless),Open-Meteo Historical Forecast API (SRTM 90m at snapped grid),Open-Meteo Elevation API (SRTM 90m at station coordinates),best_match,"proxy: valid_time - lead_hours (historical forecast, not original run archive)",NOAA ISD via Phase 6 expanded dataset (QC=1),0.0065
43014099999,AURANGABAD,19.863,75.398,582.5,2023-02-06T00:00:00,2023-02-04T12:00:00,36,February_2023,15.0,15.5,581.0,19.859402,75.35928,581.0,0.0,15.5,15.5,Open-Meteo Historical Forecast API (best_match/GFS Seamless),Open-Meteo Historical Forecast API (SRTM 90m at snapped grid),Open-Meteo Elevation API (SRTM 90m at station coordinates),best_match,"proxy: valid_time - lead_hours (historical forecast, not original run archive)",NOAA ISD via Phase 6 expanded dataset (QC=1),0.0065
43014099999,AURANGABAD,19.863,75.398,582.5,2023-02-06T12:00:00,2023-02-04T12:00:00,48,February_2023,31.0,27.9,581.0,19.859402,75.35928,581.0,0.0,27.9,27.9,Open-Meteo Historical Forecast API (best_match/GFS Seamless),Open-Meteo Historical Forecast API (SRTM 90m at snapped grid),Open-Meteo Elevation API (SRTM 90m at station coordinates),best_match,"proxy: valid_time - lead_hours (historical forecast, not original run archive)",NOAA ISD via Phase 6 expanded dataset (QC=1),0.0065
43014099999,AURANGABAD,19.863,75.398,582.5,2023-02-05T12:00:00,2023-02-05T00:00:00,12,February_2023,30.0,26.8,581.0,19.859402,75.35928,581.0,0.0,26.8,26.8,Open-Meteo Historical Forecast API (best_match/GFS Seamless),Open-Meteo Historical Forecast API (SRTM 90m at snapped grid),Open-Meteo Elevation API (SRTM 90m at station coordinates),best_match,"proxy: valid_time - lead_hours (historical forecast, not original run archive)",NOAA ISD via Phase 6 expanded dataset (QC=1),0.0065
43014099999,AURANGABAD,19.863,75.398,582.5,2023-02-06T00:00:00,2023-02-05T00:00:00,24,February_2023,15.0,15.5,581.0,19.859402,75.35928,581.0,0.0,15.5,15.5,Open-Meteo Historical Forecast API (best_match/GFS Seamless),Open-Meteo Historical Forecast API (SRTM 90m at snapped grid),Open-Meteo Elevation API (SRTM 90m at station coordinates),best_match,"proxy: valid_time - lead_hours (historical forecast, not original run archive)",NOAA ISD via Phase 6 expanded dataset (QC=1),0.0065
43014099999,AURANGABAD,19.863,75.398,582.5,2023-02-06T12:00:00,2023-02-05T00:00:00,36,February_2023,31.0,27.9,581.0,19.859402,75.35928,581.0,0.0,27.9,27.9,Open-Meteo Historical Forecast API (best_match/GFS Seamless),Open-Meteo Historical Forecast API (SRTM 90m at snapped grid),Open-Meteo Elevation API (SRTM 90m at station coordinates),best_match,"proxy: valid_time - lead_hours (historical forecast, not original run archive)",NOAA ISD via Phase 6 expanded dataset (QC=1),0.0065
43014099999,AURANGABAD,19.863,75.398,582.5,2023-02-07T00:00:00,2023-02-05T00:00:00,48,February_2023,18.0,18.0,581.0,19.859402,75.35928,581.0,0.0,18.0,18.0,Open-Meteo Historical Forecast API (best_match/GFS Seamless),Open-Meteo Historical Forecast API (SRTM 90m at snapped grid),Open-Meteo Elevation API (SRTM 90m at station coordinates),best_match,"proxy: valid_time - lead_hours (historical forecast, not original run archive)",NOAA ISD via Phase 6 expanded dataset (QC=1),0.0065
43014099999,AURANGABAD,19.863,75.398,582.5,2023-02-06T00:00:00,2023-02-05T12:00:00,12,February_2023,15.0,15.5,581.0,19.859402,75.35928,581.0,0.0,15.5,15.5,Open-Meteo Historical Forecast API (best_match/GFS Seamless),Open-Meteo Historical Forecast API (SRTM 90m at snapped grid),Open-Meteo Elevation API (SRTM 90m at station coordinates),best_match,"proxy: valid_time - lead_hours (historical forecast, not original run archive)",NOAA ISD via Phase 6 expanded dataset (QC=1),0.0065
43014099999,AURANGABAD,19.863,75.398,582.5,2023-02-06T12:00:00,2023-02-05T12:00:00,24,February_2023,31.0,27.9,581.0,19.859402,75.35928,581.0,0.0,27.9,27.9,Open-Meteo Historical Forecast API (best_match/GFS Seamless),Open-Meteo Historical Forecast API (SRTM 90m at snapped grid),Open-Meteo Elevation API (SRTM 90m at station coordinates),best_match,"proxy: valid_time - lead_hours (historical forecast, not original run archive)",NOAA ISD via Phase 6 expanded dataset (QC=1),0.0065
43014099999,AURANGABAD,19.863,75.398,582.5,2023-02-07T00:00:00,2023-02-05T12:00:00,36,February_2023,18.0,18.0,581.0,19.859402,75.35928,581.0,0.0,18.0,18.0,Open-Meteo Historical Forecast API (best_match/GFS Seamless),Open-Meteo Historical Forecast API (SRTM 90m at snapped grid),Open-Meteo Elevation API (SRTM 90m at station coordinates),best_match,"proxy: valid_time - lead_hours (historical forecast, not original run archive)",NOAA ISD via Phase 6 expanded dataset (QC=1),0.0065
43014099999,AURANGABAD,19.863,75.398,582.5,2023-02-07T12:00:00,2023-02-05T12:00:00,48,February_2023,31.0,27.8,581.0,19.859402,75.35928,581.0,0.0,27.8,27.8,Open-Meteo Historical Forecast API (best_match/GFS Seamless),Open-Meteo Historical Forecast API (SRTM 90m at snapped grid),Open-Meteo Elevation API (SRTM 90m at station coordinates),best_match,"proxy: valid_time - lead_hours (historical forecast, not original run archive)",NOAA ISD via Phase 6 expanded dataset (QC=1),0.0065
43014099999,AURANGABAD,19.863,75.398,582.5,2023-02-06T12:00:00,2023-02-06T00:00:00,12,February_2023,31.0,27.9,581.0,19.859402,75.35928,581.0,0.0,27.9,27.9,Open-Meteo Historical Forecast API (best_match/GFS Seamless),Open-Meteo Historical Forecast API (SRTM 90m at snapped grid),Open-Meteo Elevation API (SRTM 90m at station coordinates),best_match,"proxy: valid_time - lead_hours (historical forecast, not original run archive)",NOAA ISD via Phase 6 expanded dataset (QC=1),0.0065
43014099999,AURANGABAD,19.863,75.398,582.5,2023-02-07T00:00:00,2023-02-06T00:00:00,24,February_2023,18.0,18.0,581.0,19.859402,75.35928,581.0,0.0,18.0,18.0,Open-Meteo Historical Forecast API (best_match/GFS Seamless),Open-Meteo Historical Forecast API (SRTM 90m at snapped grid),Open-Meteo Elevation API (SRTM 90m at station coordinates),best_match,"proxy: valid_time - lead_hours (historical forecast, not original run archive)",NOAA ISD via Phase 6 expanded dataset (QC=1),0.0065
43014099999,AURANGABAD,19.863,75.398,582.5,2023-02-07T12:00:00,2023-02-06T00:00:00,36,February_2023,31.0,27.8,581.0,19.859402,75.35928,581.0,0.0,27.8,27.8,Open-Meteo Historical Forecast API (best_match/GFS Seamless),Open-Meteo Historical Forecast API (SRTM 90m at snapped grid),Open-Meteo Elevation API (SRTM 90m at station coordinates),best_match,"proxy: valid_time - lead_hours (historical forecast, not original run archive)",NOAA ISD via Phase 6 expanded dataset (QC=1),0.0065
43014099999,AURANGABAD,19.863,75.398,582.5,2023-02-08T00:00:00,2023-02-06T00:00:00,48,February_2023,15.0,16.4,581.0,19.859402,75.35928,581.0,0.0,16.4,16.4,Open-Meteo Historical Forecast API (best_match/GFS Seamless),Open-Meteo Historical Forecast API (SRTM 90m at snapped grid),Open-Meteo Elevation API (SRTM 90m at station coordinates),best_match,"proxy: valid_time - lead_hours (historical forecast, not original run archive)",NOAA ISD via Phase 6 expanded dataset (QC=1),0.0065
43014099999,AURANGABAD,19.863,75.398,582.5,2023-02-07T00:00:00,2023-02-06T12:00:00,12,February_2023,18.0,18.0,581.0,19.859402,75.35928,581.0,0.0,18.0,18.0,Open-Meteo Historical Forecast API (best_match/GFS Seamless),Open-Meteo Historical Forecast API (SRTM 90m at snapped grid),Open-Meteo Elevation API (SRTM 90m at station coordinates),best_match,"proxy: valid_time - lead_hours (historical forecast, not original run archive)",NOAA ISD via Phase 6 expanded dataset (QC=1),0.0065
43014099999,AURANGABAD,19.863,75.398,582.5,2023-02-07T12:00:00,2023-02-06T12:00:00,24,February_2023,31.0,27.8,581.0,19.859402,75.35928,581.0,0.0,27.8,27.8,Open-Meteo Historical Forecast API (best_match/GFS Seamless),Open-Meteo Historical Forecast API (SRTM 90m at snapped grid),Open-Meteo Elevation API (SRTM 90m at station coordinates),best_match,"proxy: valid_time - lead_hours (historical forecast, not original run archive)",NOAA ISD via Phase 6 expanded dataset (QC=1),0.0065
43014099999,AURANGABAD,19.863,75.398,582.5,2023-02-08T00:00:00,2023-02-06T12:00:00,36,February_2023,15.0,16.4,581.0,19.859402,75.35928,581.0,0.0,16.4,16.4,Open-Meteo Historical Forecast API (best_match/GFS Seamless),Open-Meteo Historical Forecast API (SRTM 90m at snapped grid),Open-Meteo Elevation API (SRTM 90m at station coordinates),best_match,"proxy: valid_time - lead_hours (historical forecast, not original run archive)",NOAA ISD via Phase 6 expanded dataset (QC=1),0.0065
43014099999,AURANGABAD,19.863,75.398,582.5,2023-02-08T12:00:00,2023-02-06T12:00:00,48,February_2023,32.0,28.6,581.0,19.859402,75.35928,581.0,0.0,28.6,28.6,Open-Meteo Historical Forecast API (best_match/GFS Seamless),Open-Meteo Historical Forecast API (SRTM 90m at snapped grid),Open-Meteo Elevation API (SRTM 90m at station coordinates),best_match,"proxy: valid_time - lead_hours (historical forecast, not original run archive)",NOAA ISD via Phase 6 expanded dataset (QC=1),0.0065
43014099999,AURANGABAD,19.863,75.398,582.5,2023-02-07T12:00:00,2023-02-07T00:00:00,12,February_2023,31.0,27.8,581.0,19.859402,75.35928,581.0,0.0,27.8,27.8,Open-Meteo Historical Forecast API (best_match/GFS Seamless),Open-Meteo Historical Forecast API (SRTM 90m at snapped grid),Open-Meteo Elevation API (SRTM 90m at station coordinates),best_match,"proxy: valid_time - lead_hours (historical forecast, not original run archive)",NOAA ISD via Phase 6 expanded dataset (QC=1),0.0065
43014099999,AURANGABAD,19.863,75.398,582.5,2023-02-08T00:00:00,2023-02-07T00:00:00,24,February_2023,15.0,16.4,581.0,19.859402,75.35928,581.0,0.0,16.4,16.4,Open-Meteo Historical Forecast API (best_match/GFS Seamless),Open-Meteo Historical Forecast API (SRTM 90m at snapped grid),Open-Meteo Elevation API (SRTM 90m at station coordinates),best_match,"proxy: valid_time - lead_hours (historical forecast, not original run archive)",NOAA ISD via Phase 6 expanded dataset (QC=1),0.0065
43014099999,AURANGABAD,19.863,75.398,582.5,2023-02-08T12:00:00,2023-02-07T00:00:00,36,February_2023,32.0,28.6,581.0,19.859402,75.35928,581.0,0.0,28.6,28.6,Open-Meteo Historical Forecast API (best_match/GFS Seamless),Open-Meteo Historical Forecast API (SRTM 90m at snapped grid),Open-Meteo Elevation API (SRTM 90m at station coordinates),best_match,"proxy: valid_time - lead_hours (historical forecast, not original run archive)",NOAA ISD via Phase 6 expanded dataset (QC=1),0.0065
43014099999,AURANGABAD,19.863,75.398,582.5,2023-02-09T00:00:00,2023-02-07T00:00:00,48,February_2023,15.0,16.5,581.0,19.859402,75.35928,581.0,0.0,16.5,16.5,Open-Meteo Historical Forecast API (best_match/GFS Seamless),Open-Meteo Historical Forecast API (SRTM 90m at snapped grid),Open-Meteo Elevation API (SRTM 90m at station coordinates),best_match,"proxy: valid_time - lead_hours (historical forecast, not original run archive)",NOAA ISD via Phase 6 expanded dataset (QC=1),0.0065
43014099999,AURANGABAD,19.863,75.398,582.5,2023-02-08T00:00:00,2023-02-07T12:00:00,12,February_2023,15.0,16.4,581.0,19.859402,75.35928,581.0,0.0,16.4,16.4,Open-Meteo Historical Forecast API (best_match/GFS Seamless),Open-Meteo Historical Forecast API (SRTM 90m at snapped grid),Open-Meteo Elevation API (SRTM 90m at station coordinates),best_match,"proxy: valid_time - lead_hours (historical forecast, not original run archive)",NOAA ISD via Phase 6 expanded dataset (QC=1),0.0065
43014099999,AURANGABAD,19.863,75.398,582.5,2023-02-08T12:00:00,2023-02-07T12:00:00,24,February_2023,32.0,28.6,581.0,19.859402,75.35928,581.0,0.0,28.6,28.6,Open-Meteo Historical Forecast API (best_match/GFS Seamless),Open-Meteo Historical Forecast API (SRTM 90m at snapped grid),Open-Meteo Elevation API (SRTM 90m at station coordinates),best_match,"proxy: valid_time - lead_hours (historical forecast, not original run archive)",NOAA ISD via Phase 6 expanded dataset (QC=1),0.0065
43014099999,AURANGABAD,19.863,75.398,582.5,2023-02-09T00:00:00,2023-02-07T12:00:00,36,February_2023,15.0,16.5,581.0,19.859402,75.35928,581.0,0.0,16.5,16.5,Open-Meteo Historical Forecast API (best_match/GFS Seamless),Open-Meteo Historical Forecast API (SRTM 90m at snapped grid),Open-Meteo Elevation API (SRTM 90m at station coordinates),best_match,"proxy: valid_time - lead_hours (historical forecast, not original run archive)",NOAA ISD via Phase 6 expanded dataset (QC=1),0.0065
43014099999,AURANGABAD,19.863,75.398,582.5,2023-02-09T12:00:00,2023-02-07T12:00:00,48,February_2023,32.0,28.4,581.0,19.859402,75.35928,581.0,0.0,28.4,28.4,Open-Meteo Historical Forecast API (best_match/GFS Seamless),Open-Meteo Historical Forecast API (SRTM 90m at snapped grid),Open-Meteo Elevation API (SRTM 90m at station coordinates),best_match,"proxy: valid_time - lead_hours (historical forecast, not original run archive)",NOAA ISD via Phase 6 expanded dataset (QC=1),0.0065
43014099999,AURANGABAD,19.863,75.398,582.5,2023-02-08T12:00:00,2023-02-08T00:00:00,12,February_2023,32.0,28.6,581.0,19.859402,75.35928,581.0,0.0,28.6,28.6,Open-Meteo Historical Forecast API (best_match/GFS Seamless),Open-Meteo Historical Forecast API (SRTM 90m at snapped grid),Open-Meteo Elevation API (SRTM 90m at station coordinates),best_match,"proxy: valid_time - lead_hours (historical forecast, not original run archive)",NOAA ISD via Phase 6 expanded dataset (QC=1),0.0065
43014099999,AURANGABAD,19.863,75.398,582.5,2023-02-09T00:00:00,2023-02-08T00:00:00,24,February_2023,15.0,16.5,581.0,19.859402,75.35928,581.0,0.0,16.5,16.5,Open-Meteo Historical Forecast API (best_match/GFS Seamless),Open-Meteo Historical Forecast API (SRTM 90m at snapped grid),Open-Meteo Elevation API (SRTM 90m at station coordinates),best_match,"proxy: valid_time - lead_hours (historical forecast, not original run archive)",NOAA ISD via Phase 6 expanded dataset (QC=1),0.0065
43014099999,AURANGABAD,19.863,75.398,582.5,2023-02-09T12:00:00,2023-02-08T00:00:00,36,February_2023,32.0,28.4,581.0,19.859402,75.35928,581.0,0.0,28.4,28.4,Open-Meteo Historical Forecast API (best_match/GFS Seamless),Open-Meteo Historical Forecast API (SRTM 90m at snapped grid),Open-Meteo Elevation API (SRTM 90m at station coordinates),best_match,"proxy: valid_time - lead_hours (historical forecast, not original run archive)",NOAA ISD via Phase 6 expanded dataset (QC=1),0.0065
43014099999,AURANGABAD,19.863,75.398,582.5,2023-02-10T00:00:00,2023-02-08T00:00:00,48,February_2023,14.6,19.1,581.0,19.859402,75.35928,581.0,0.0,19.1,19.1,Open-Meteo Historical Forecast API (best_match/GFS Seamless),Open-Meteo Historical Forecast API (SRTM 90m at snapped grid),Open-Meteo Elevation API (SRTM 90m at station coordinates),best_match,"proxy: valid_time - lead_hours (historical forecast, not original run archive)",NOAA ISD via Phase 6 expanded dataset (QC=1),0.0065
43014099999,AURANGABAD,19.863,75.398,582.5,2023-02-09T00:00:00,2023-02-08T12:00:00,12,February_2023,15.0,16.5,581.0,19.859402,75.35928,581.0,0.0,16.5,16.5,Open-Meteo Historical Forecast API (best_match/GFS Seamless),Open-Meteo Historical Forecast API (SRTM 90m at snapped grid),Open-Meteo Elevation API (SRTM 90m at station coordinates),best_match,"proxy: valid_time - lead_hours (historical forecast, not original run archive)",NOAA ISD via Phase 6 expanded dataset (QC=1),0.0065
43014099999,AURANGABAD,19.863,75.398,582.5,2023-02-09T12:00:00,2023-02-08T12:00:00,24,February_2023,32.0,28.4,581.0,19.859402,75.35928,581.0,0.0,28.4,28.4,Open-Meteo Historical Forecast API (best_match/GFS Seamless),Open-Meteo Historical Forecast API (SRTM 90m at snapped grid),Open-Meteo Elevation API (SRTM 90m at station coordinates),best_match,"proxy: valid_time - lead_hours (historical forecast, not original run archive)",NOAA ISD via Phase 6 expanded dataset (QC=1),0.0065
43014099999,AURANGABAD,19.863,75.398,582.5,2023-02-10T00:00:00,2023-02-08T12:00:00,36,February_2023,14.6,19.1,581.0,19.859402,75.35928,581.0,0.0,19.1,19.1,Open-Meteo Historical Forecast API (best_match/GFS Seamless),Open-Meteo Historical Forecast API (SRTM 90m at snapped grid),Open-Meteo Elevation API (SRTM 90m at station coordinates),best_match,"proxy: valid_time - lead_hours (historical forecast, not original run archive)",NOAA ISD via Phase 6 expanded dataset (QC=1),0.0065
43014099999,AURANGABAD,19.863,75.398,582.5,2023-02-10T12:00:00,2023-02-08T12:00:00,48,February_2023,33.0,29.2,581.0,19.859402,75.35928,581.0,0.0,29.2,29.2,Open-Meteo Historical Forecast API (best_match/GFS Seamless),Open-Meteo Historical Forecast API (SRTM 90m at snapped grid),Open-Meteo Elevation API (SRTM 90m at station coordinates),best_match,"proxy: valid_time - lead_hours (historical forecast, not original run archive)",NOAA ISD via Phase 6 expanded dataset (QC=1),0.0065
43014099999,AURANGABAD,19.863,75.398,582.5,2023-02-09T12:00:00,2023-02-09T00:00:00,12,February_2023,32.0,28.4,581.0,19.859402,75.35928,581.0,0.0,28.4,28.4,Open-Meteo Historical Forecast API (best_match/GFS Seamless),Open-Meteo Historical Forecast API (SRTM 90m at snapped grid),Open-Meteo Elevation API (SRTM 90m at station coordinates),best_match,"proxy: valid_time - lead_hours (historical forecast, not original run archive)",NOAA ISD via Phase 6 expanded dataset (QC=1),0.0065
43014099999,AURANGABAD,19.863,75.398,582.5,2023-02-10T00:00:00,2023-02-09T00:00:00,24,February_2023,14.6,19.1,581.0,19.859402,75.35928,581.0,0.0,19.1,19.1,Open-Meteo Historical Forecast API (best_match/GFS Seamless),Open-Meteo Historical Forecast API (SRTM 90m at snapped grid),Open-Meteo Elevation API (SRTM 90m at station coordinates),best_match,"proxy: valid_time - lead_hours (historical forecast, not original run archive)",NOAA ISD via Phase 6 expanded dataset (QC=1),0.0065
43014099999,AURANGABAD,19.863,75.398,582.5,2023-02-10T12:00:00,2023-02-09T00:00:00,36,February_2023,33.0,29.2,581.0,19.859402,75.35928,581.0,0.0,29.2,29.2,Open-Meteo Historical Forecast API (best_match/GFS Seamless),Open-Meteo Historical Forecast API (SRTM 90m at snapped grid),Open-Meteo Elevation API (SRTM 90m at station coordinates),best_match,"proxy: valid_time - lead_hours (historical forecast, not original run archive)",NOAA ISD via Phase 6 expanded dataset (QC=1),0.0065
43014099999,AURANGABAD,19.863,75.398,582.5,2023-02-10T00:00:00,2023-02-09T12:00:00,12,February_2023,14.6,19.1,581.0,19.859402,75.35928,581.0,0.0,19.1,19.1,Open-Meteo Historical Forecast API (best_match/GFS Seamless),Open-Meteo Historical Forecast API (SRTM 90m at snapped grid),Open-Meteo Elevation API (SRTM 90m at station coordinates),best_match,"proxy: valid_time - lead_hours (historical forecast, not original run archive)",NOAA ISD via Phase 6 expanded dataset (QC=1),0.0065
43014099999,AURANGABAD,19.863,75.398,582.5,2023-02-10T12:00:00,2023-02-09T12:00:00,24,February_2023,33.0,29.2,581.0,19.859402,75.35928,581.0,0.0,29.2,29.2,Open-Meteo Historical Forecast API (best_match/GFS Seamless),Open-Meteo Historical Forecast API (SRTM 90m at snapped grid),Open-Meteo Elevation API (SRTM 90m at station coordinates),best_match,"proxy: valid_time - lead_hours (historical forecast, not original run archive)",NOAA ISD via Phase 6 expanded dataset (QC=1),0.0065
43014099999,AURANGABAD,19.863,75.398,582.5,2023-02-10T12:00:00,2023-02-10T00:00:00,12,February_2023,33.0,29.2,581.0,19.859402,75.35928,581.0,0.0,29.2,29.2,Open-Meteo Historical Forecast API (best_match/GFS Seamless),Open-Meteo Historical Forecast API (SRTM 90m at snapped grid),Open-Meteo Elevation API (SRTM 90m at station coordinates),best_match,"proxy: valid_time - lead_hours (historical forecast, not original run archive)",NOAA ISD via Phase 6 expanded dataset (QC=1),0.0065
43014099999,AURANGABAD,19.863,75.398,582.5,2023-08-01T12:00:00,2023-08-01T00:00:00,12,August_2023,26.0,25.8,581.0,19.859402,75.35928,581.0,0.0,25.8,25.8,Open-Meteo Historical Forecast API (best_match/GFS Seamless),Open-Meteo Historical Forecast API (SRTM 90m at snapped grid),Open-Meteo Elevation API (SRTM 90m at station coordinates),best_match,"proxy: valid_time - lead_hours (historical forecast, not original run archive)",NOAA ISD via Phase 6 expanded dataset (QC=1),0.0065
43014099999,AURANGABAD,19.863,75.398,582.5,2023-08-02T00:00:00,2023-08-01T00:00:00,24,August_2023,23.2,22.8,581.0,19.859402,75.35928,581.0,0.0,22.8,22.8,Open-Meteo Historical Forecast API (best_match/GFS Seamless),Open-Meteo Historical Forecast API (SRTM 90m at snapped grid),Open-Meteo Elevation API (SRTM 90m at station coordinates),best_match,"proxy: valid_time - lead_hours (historical forecast, not original run archive)",NOAA ISD via Phase 6 expanded dataset (QC=1),0.0065
43014099999,AURANGABAD,19.863,75.398,582.5,2023-08-02T12:00:00,2023-08-01T00:00:00,36,August_2023,26.8,25.5,581.0,19.859402,75.35928,581.0,0.0,25.5,25.5,Open-Meteo Historical Forecast API (best_match/GFS Seamless),Open-Meteo Historical Forecast API (SRTM 90m at snapped grid),Open-Meteo Elevation API (SRTM 90m at station coordinates),best_match,"proxy: valid_time - lead_hours (historical forecast, not original run archive)",NOAA ISD via Phase 6 expanded dataset (QC=1),0.0065
43014099999,AURANGABAD,19.863,75.398,582.5,2023-08-03T00:00:00,2023-08-01T00:00:00,48,August_2023,24.0,23.0,581.0,19.859402,75.35928,581.0,0.0,23.0,23.0,Open-Meteo Historical Forecast API (best_match/GFS Seamless),Open-Meteo Historical Forecast API (SRTM 90m at snapped grid),Open-Meteo Elevation API (SRTM 90m at station coordinates),best_match,"proxy: valid_time - lead_hours (historical forecast, not original run archive)",NOAA ISD via Phase 6 expanded dataset (QC=1),0.0065
43014099999,AURANGABAD,19.863,75.398,582.5,2023-08-02T00:00:00,2023-08-01T12:00:00,12,August_2023,23.2,22.8,581.0,19.859402,75.35928,581.0,0.0,22.8,22.8,Open-Meteo Historical Forecast API (best_match/GFS Seamless),Open-Meteo Historical Forecast API (SRTM 90m at snapped grid),Open-Meteo Elevation API (SRTM 90m at station coordinates),best_match,"proxy: valid_time - lead_hours (historical forecast, not original run archive)",NOAA ISD via Phase 6 expanded dataset (QC=1),0.0065
43014099999,AURANGABAD,19.863,75.398,582.5,2023-08-02T12:00:00,2023-08-01T12:00:00,24,August_2023,26.8,25.5,581.0,19.859402,75.35928,581.0,0.0,25.5,25.5,Open-Meteo Historical Forecast API (best_match/GFS Seamless),Open-Meteo Historical Forecast API (SRTM 90m at snapped grid),Open-Meteo Elevation API (SRTM 90m at station coordinates),best_match,"proxy: valid_time - lead_hours (historical forecast, not original run archive)",NOAA ISD via Phase 6 expanded dataset (QC=1),0.0065
43014099999,AURANGABAD,19.863,75.398,582.5,2023-08-03T00:00:00,2023-08-01T12:00:00,36,August_2023,24.0,23.0,581.0,19.859402,75.35928,581.0,0.0,23.0,23.0,Open-Meteo Historical Forecast API (best_match/GFS Seamless),Open-Meteo Historical Forecast API (SRTM 90m at snapped grid),Open-Meteo Elevation API (SRTM 90m at station coordinates),best_match,"proxy: valid_time - lead_hours (historical forecast, not original run archive)",NOAA ISD via Phase 6 expanded dataset (QC=1),0.0065
43014099999,AURANGABAD,19.863,75.398,582.5,2023-08-03T12:00:00,2023-08-01T12:00:00,48,August_2023,25.6,25.2,581.0,19.859402,75.35928,581.0,0.0,25.2,25.2,Open-Meteo Historical Forecast API (best_match/GFS Seamless),Open-Meteo Historical Forecast API (SRTM 90m at snapped grid),Open-Meteo Elevation API (SRTM 90m at station coordinates),best_match,"proxy: valid_time - lead_hours (historical forecast, not original run archive)",NOAA ISD via Phase 6 expanded dataset (QC=1),0.0065
43014099999,AURANGABAD,19.863,75.398,582.5,2023-08-02T12:00:00,2023-08-02T00:00:00,12,August_2023,26.8,25.5,581.0,19.859402,75.35928,581.0,0.0,25.5,25.5,Open-Meteo Historical Forecast API (best_match/GFS Seamless),Open-Meteo Historical Forecast API (SRTM 90m at snapped grid),Open-Meteo Elevation API (SRTM 90m at station coordinates),best_match,"proxy: valid_time - lead_hours (historical forecast, not original run archive)",NOAA ISD via Phase 6 expanded dataset (QC=1),0.0065
43014099999,AURANGABAD,19.863,75.398,582.5,2023-08-03T00:00:00,2023-08-02T00:00:00,24,August_2023,24.0,23.0,581.0,19.859402,75.35928,581.0,0.0,23.0,23.0,Open-Meteo Historical Forecast API (best_match/GFS Seamless),Open-Meteo Historical Forecast API (SRTM 90m at snapped grid),Open-Meteo Elevation API (SRTM 90m at station coordinates),best_match,"proxy: valid_time - lead_hours (historical forecast, not original run archive)",NOAA ISD via Phase 6 expanded dataset (QC=1),0.0065
43014099999,AURANGABAD,19.863,75.398,582.5,2023-08-03T12:00:00,2023-08-02T00:00:00,36,August_2023,25.6,25.2,581.0,19.859402,75.35928,581.0,0.0,25.2,25.2,Open-Meteo Historical Forecast API (best_match/GFS Seamless),Open-Meteo Historical Forecast API (SRTM 90m at snapped grid),Open-Meteo Elevation API (SRTM 90m at station coordinates),best_match,"proxy: valid_time - lead_hours (historical forecast, not original run archive)",NOAA ISD via Phase 6 expanded dataset (QC=1),0.0065
43014099999,AURANGABAD,19.863,75.398,582.5,2023-08-04T00:00:00,2023-08-02T00:00:00,48,August_2023,23.0,22.2,581.0,19.859402,75.35928,581.0,0.0,22.2,22.2,Open-Meteo Historical Forecast API (best_match/GFS Seamless),Open-Meteo Historical Forecast API (SRTM 90m at snapped grid),Open-Meteo Elevation API (SRTM 90m at station coordinates),best_match,"proxy: valid_time - lead_hours (historical forecast, not original run archive)",NOAA ISD via Phase 6 expanded dataset (QC=1),0.0065
43014099999,AURANGABAD,19.863,75.398,582.5,2023-08-03T00:00:00,2023-08-02T12:00:00,12,August_2023,24.0,23.0,581.0,19.859402,75.35928,581.0,0.0,23.0,23.0,Open-Meteo Historical Forecast API (best_match/GFS Seamless),Open-Meteo Historical Forecast API (SRTM 90m at snapped grid),Open-Meteo Elevation API (SRTM 90m at station coordinates),best_match,"proxy: valid_time - lead_hours (historical forecast, not original run archive)",NOAA ISD via Phase 6 expanded dataset (QC=1),0.0065
43014099999,AURANGABAD,19.863,75.398,582.5,2023-08-03T12:00:00,2023-08-02T12:00:00,24,August_2023,25.6,25.2,581.0,19.859402,75.35928,581.0,0.0,25.2,25.2,Open-Meteo Historical Forecast API (best_match/GFS Seamless),Open-Meteo Historical Forecast API (SRTM 90m at snapped grid),Open-Meteo Elevation API (SRTM 90m at station coordinates),best_match,"proxy: valid_time - lead_hours (historical forecast, not original run archive)",NOAA ISD via Phase 6 expanded dataset (QC=1),0.0065
43014099999,AURANGABAD,19.863,75.398,582.5,2023-08-04T00:00:00,2023-08-02T12:00:00,36,August_2023,23.0,22.2,581.0,19.859402,75.35928,581.0,0.0,22.2,22.2,Open-Meteo Historical Forecast API (best_match/GFS Seamless),Open-Meteo Historical Forecast API (SRTM 90m at snapped grid),Open-Meteo Elevation API (SRTM 90m at station coordinates),best_match,"proxy: valid_time - lead_hours (historical forecast, not original run archive)",NOAA ISD via Phase 6 expanded dataset (QC=1),0.0065
43014099999,AURANGABAD,19.863,75.398,582.5,2023-08-04T12:00:00,2023-08-02T12:00:00,48,August_2023,27.6,25.9,581.0,19.859402,75.35928,581.0,0.0,25.9,25.9,Open-Meteo Historical Forecast API (best_match/GFS Seamless),Open-Meteo Historical Forecast API (SRTM 90m at snapped grid),Open-Meteo Elevation API (SRTM 90m at station coordinates),best_match,"proxy: valid_time - lead_hours (historical forecast, not original run archive)",NOAA ISD via Phase 6 expanded dataset (QC=1),0.0065
43014099999,AURANGABAD,19.863,75.398,582.5,2023-08-03T12:00:00,2023-08-03T00:00:00,12,August_2023,25.6,25.2,581.0,19.859402,75.35928,581.0,0.0,25.2,25.2,Open-Meteo Historical Forecast API (best_match/GFS Seamless),Open-Meteo Historical Forecast API (SRTM 90m at snapped grid),Open-Meteo Elevation API (SRTM 90m at station coordinates),best_match,"proxy: valid_time - lead_hours (historical forecast, not original run archive)",NOAA ISD via Phase 6 expanded dataset (QC=1),0.0065
43014099999,AURANGABAD,19.863,75.398,582.5,2023-08-04T00:00:00,2023-08-03T00:00:00,24,August_2023,23.0,22.2,581.0,19.859402,75.35928,581.0,0.0,22.2,22.2,Open-Meteo Historical Forecast API (best_match/GFS Seamless),Open-Meteo Historical Forecast API (SRTM 90m at snapped grid),Open-Meteo Elevation API (SRTM 90m at station coordinates),best_match,"proxy: valid_time - lead_hours (historical forecast, not original run archive)",NOAA ISD via Phase 6 expanded dataset (QC=1),0.0065
43014099999,AURANGABAD,19.863,75.398,582.5,2023-08-04T12:00:00,2023-08-03T00:00:00,36,August_2023,27.6,25.9,581.0,19.859402,75.35928,581.0,0.0,25.9,25.9,Open-Meteo Historical Forecast API (best_match/GFS Seamless),Open-Meteo Historical Forecast API (SRTM 90m at snapped grid),Open-Meteo Elevation API (SRTM 90m at station coordinates),best_match,"proxy: valid_time - lead_hours (historical forecast, not original run archive)",NOAA ISD via Phase 6 expanded dataset (QC=1),0.0065
43014099999,AURANGABAD,19.863,75.398,582.5,2023-08-05T00:00:00,2023-08-03T00:00:00,48,August_2023,23.2,22.3,581.0,19.859402,75.35928,581.0,0.0,22.3,22.3,Open-Meteo Historical Forecast API (best_match/GFS Seamless),Open-Meteo Historical Forecast API (SRTM 90m at snapped grid),Open-Meteo Elevation API (SRTM 90m at station coordinates),best_match,"proxy: valid_time - lead_hours (historical forecast, not original run archive)",NOAA ISD via Phase 6 expanded dataset (QC=1),0.0065
43014099999,AURANGABAD,19.863,75.398,582.5,2023-08-04T00:00:00,2023-08-03T12:00:00,12,August_2023,23.0,22.2,581.0,19.859402,75.35928,581.0,0.0,22.2,22.2,Open-Meteo Historical Forecast API (best_match/GFS Seamless),Open-Meteo Historical Forecast API (SRTM 90m at snapped grid),Open-Meteo Elevation API (SRTM 90m at station coordinates),best_match,"proxy: valid_time - lead_hours (historical forecast, not original run archive)",NOAA ISD via Phase 6 expanded dataset (QC=1),0.0065
43014099999,AURANGABAD,19.863,75.398,582.5,2023-08-04T12:00:00,2023-08-03T12:00:00,24,August_2023,27.6,25.9,581.0,19.859402,75.35928,581.0,0.0,25.9,25.9,Open-Meteo Historical Forecast API (best_match/GFS Seamless),Open-Meteo Historical Forecast API (SRTM 90m at snapped grid),Open-Meteo Elevation API (SRTM 90m at station coordinates),best_match,"proxy: valid_time - lead_hours (historical forecast, not original run archive)",NOAA ISD via Phase 6 expanded dataset (QC=1),0.0065
43014099999,AURANGABAD,19.863,75.398,582.5,2023-08-05T00:00:00,2023-08-03T12:00:00,36,August_2023,23.2,22.3,581.0,19.859402,75.35928,581.0,0.0,22.3,22.3,Open-Meteo Historical Forecast API (best_match/GFS Seamless),Open-Meteo Historical Forecast API (SRTM 90m at snapped grid),Open-Meteo Elevation API (SRTM 90m at station coordinates),best_match,"proxy: valid_time - lead_hours (historical forecast, not original run archive)",NOAA ISD via Phase 6 expanded dataset (QC=1),0.0065
43014099999,AURANGABAD,19.863,75.398,582.5,2023-08-05T12:00:00,2023-08-03T12:00:00,48,August_2023,26.2,25.9,581.0,19.859402,75.35928,581.0,0.0,25.9,25.9,Open-Meteo Historical Forecast API (best_match/GFS Seamless),Open-Meteo Historical Forecast API (SRTM 90m at snapped grid),Open-Meteo Elevation API (SRTM 90m at station coordinates),best_match,"proxy: valid_time - lead_hours (historical forecast, not original run archive)",NOAA ISD via Phase 6 expanded dataset (QC=1),0.0065
43014099999,AURANGABAD,19.863,75.398,582.5,2023-08-04T12:00:00,2023-08-04T00:00:00,12,August_2023,27.6,25.9,581.0,19.859402,75.35928,581.0,0.0,25.9,25.9,Open-Meteo Historical Forecast API (best_match/GFS Seamless),Open-Meteo Historical Forecast API (SRTM 90m at snapped grid),Open-Meteo Elevation API (SRTM 90m at station coordinates),best_match,"proxy: valid_time - lead_hours (historical forecast, not original run archive)",NOAA ISD via Phase 6 expanded dataset (QC=1),0.0065
43014099999,AURANGABAD,19.863,75.398,582.5,2023-08-05T00:00:00,2023-08-04T00:00:00,24,August_2023,23.2,22.3,581.0,19.859402,75.35928,581.0,0.0,22.3,22.3,Open-Meteo Historical Forecast API (best_match/GFS Seamless),Open-Meteo Historical Forecast API (SRTM 90m at snapped grid),Open-Meteo Elevation API (SRTM 90m at station coordinates),best_match,"proxy: valid_time - lead_hours (historical forecast, not original run archive)",NOAA ISD via Phase 6 expanded dataset (QC=1),0.0065
43014099999,AURANGABAD,19.863,75.398,582.5,2023-08-05T12:00:00,2023-08-04T00:00:00,36,August_2023,26.2,25.9,581.0,19.859402,75.35928,581.0,0.0,25.9,25.9,Open-Meteo Historical Forecast API (best_match/GFS Seamless),Open-Meteo Historical Forecast API (SRTM 90m at snapped grid),Open-Meteo Elevation API (SRTM 90m at station coordinates),best_match,"proxy: valid_time - lead_hours (historical forecast, not original run archive)",NOAA ISD via Phase 6 expanded dataset (QC=1),0.0065
43014099999,AURANGABAD,19.863,75.398,582.5,2023-08-06T00:00:00,2023-08-04T00:00:00,48,August_2023,22.4,22.6,581.0,19.859402,75.35928,581.0,0.0,22.6,22.6,Open-Meteo Historical Forecast API (best_match/GFS Seamless),Open-Meteo Historical Forecast API (SRTM 90m at snapped grid),Open-Meteo Elevation API (SRTM 90m at station coordinates),best_match,"proxy: valid_time - lead_hours (historical forecast, not original run archive)",NOAA ISD via Phase 6 expanded dataset (QC=1),0.0065
43014099999,AURANGABAD,19.863,75.398,582.5,2023-08-05T00:00:00,2023-08-04T12:00:00,12,August_2023,23.2,22.3,581.0,19.859402,75.35928,581.0,0.0,22.3,22.3,Open-Meteo Historical Forecast API (best_match/GFS Seamless),Open-Meteo Historical Forecast API (SRTM 90m at snapped grid),Open-Meteo Elevation API (SRTM 90m at station coordinates),best_match,"proxy: valid_time - lead_hours (historical forecast, not original run archive)",NOAA ISD via Phase 6 expanded dataset (QC=1),0.0065
43014099999,AURANGABAD,19.863,75.398,582.5,2023-08-05T12:00:00,2023-08-04T12:00:00,24,August_2023,26.2,25.9,581.0,19.859402,75.35928,581.0,0.0,25.9,25.9,Open-Meteo Historical Forecast API (best_match/GFS Seamless),Open-Meteo Historical Forecast API (SRTM 90m at snapped grid),Open-Meteo Elevation API (SRTM 90m at station coordinates),best_match,"proxy: valid_time - lead_hours (historical forecast, not original run archive)",NOAA ISD via Phase 6 expanded dataset (QC=1),0.0065
43014099999,AURANGABAD,19.863,75.398,582.5,2023-08-06T00:00:00,2023-08-04T12:00:00,36,August_2023,22.4,22.6,581.0,19.859402,75.35928,581.0,0.0,22.6,22.6,Open-Meteo Historical Forecast API (best_match/GFS Seamless),Open-Meteo Historical Forecast API (SRTM 90m at snapped grid),Open-Meteo Elevation API (SRTM 90m at station coordinates),best_match,"proxy: valid_time - lead_hours (historical forecast, not original run archive)",NOAA ISD via Phase 6 expanded dataset (QC=1),0.0065
43014099999,AURANGABAD,19.863,75.398,582.5,2023-08-06T12:00:00,2023-08-04T12:00:00,48,August_2023,26.4,26.5,581.0,19.859402,75.35928,581.0,0.0,26.5,26.5,Open-Meteo Historical Forecast API (best_match/GFS Seamless),Open-Meteo Historical Forecast API (SRTM 90m at snapped grid),Open-Meteo Elevation API (SRTM 90m at station coordinates),best_match,"proxy: valid_time - lead_hours (historical forecast, not original run archive)",NOAA ISD via Phase 6 expanded dataset (QC=1),0.0065
43014099999,AURANGABAD,19.863,75.398,582.5,2023-08-05T12:00:00,2023-08-05T00:00:00,12,August_2023,26.2,25.9,581.0,19.859402,75.35928,581.0,0.0,25.9,25.9,Open-Meteo Historical Forecast API (best_match/GFS Seamless),Open-Meteo Historical Forecast API (SRTM 90m at snapped grid),Open-Meteo Elevation API (SRTM 90m at station coordinates),best_match,"proxy: valid_time - lead_hours (historical forecast, not original run archive)",NOAA ISD via Phase 6 expanded dataset (QC=1),0.0065
43014099999,AURANGABAD,19.863,75.398,582.5,2023-08-06T00:00:00,2023-08-05T00:00:00,24,August_2023,22.4,22.6,581.0,19.859402,75.35928,581.0,0.0,22.6,22.6,Open-Meteo Historical Forecast API (best_match/GFS Seamless),Open-Meteo Historical Forecast API (SRTM 90m at snapped grid),Open-Meteo Elevation API (SRTM 90m at station coordinates),best_match,"proxy: valid_time - lead_hours (historical forecast, not original run archive)",NOAA ISD via Phase 6 expanded dataset (QC=1),0.0065
43014099999,AURANGABAD,19.863,75.398,582.5,2023-08-06T12:00:00,2023-08-05T00:00:00,36,August_2023,26.4,26.5,581.0,19.859402,75.35928,581.0,0.0,26.5,26.5,Open-Meteo Historical Forecast API (best_match/GFS Seamless),Open-Meteo Historical Forecast API (SRTM 90m at snapped grid),Open-Meteo Elevation API (SRTM 90m at station coordinates),best_match,"proxy: valid_time - lead_hours (historical forecast, not original run archive)",NOAA ISD via Phase 6 expanded dataset (QC=1),0.0065
43014099999,AURANGABAD,19.863,75.398,582.5,2023-08-07T00:00:00,2023-08-05T00:00:00,48,August_2023,23.0,22.7,581.0,19.859402,75.35928,581.0,0.0,22.7,22.7,Open-Meteo Historical Forecast API (best_match/GFS Seamless),Open-Meteo Historical Forecast API (SRTM 90m at snapped grid),Open-Meteo Elevation API (SRTM 90m at station coordinates),best_match,"proxy: valid_time - lead_hours (historical forecast, not original run archive)",NOAA ISD via Phase 6 expanded dataset (QC=1),0.0065
43014099999,AURANGABAD,19.863,75.398,582.5,2023-08-06T00:00:00,2023-08-05T12:00:00,12,August_2023,22.4,22.6,581.0,19.859402,75.35928,581.0,0.0,22.6,22.6,Open-Meteo Historical Forecast API (best_match/GFS Seamless),Open-Meteo Historical Forecast API (SRTM 90m at snapped grid),Open-Meteo Elevation API (SRTM 90m at station coordinates),best_match,"proxy: valid_time - lead_hours (historical forecast, not original run archive)",NOAA ISD via Phase 6 expanded dataset (QC=1),0.0065
43014099999,AURANGABAD,19.863,75.398,582.5,2023-08-06T12:00:00,2023-08-05T12:00:00,24,August_2023,26.4,26.5,581.0,19.859402,75.35928,581.0,0.0,26.5,26.5,Open-Meteo Historical Forecast API (best_match/GFS Seamless),Open-Meteo Historical Forecast API (SRTM 90m at snapped grid),Open-Meteo Elevation API (SRTM 90m at station coordinates),best_match,"proxy: valid_time - lead_hours (historical forecast, not original run archive)",NOAA ISD via Phase 6 expanded dataset (QC=1),0.0065
43014099999,AURANGABAD,19.863,75.398,582.5,2023-08-07T00:00:00,2023-08-05T12:00:00,36,August_2023,23.0,22.7,581.0,19.859402,75.35928,581.0,0.0,22.7,22.7,Open-Meteo Historical Forecast API (best_match/GFS Seamless),Open-Meteo Historical Forecast API (SRTM 90m at snapped grid),Open-Meteo Elevation API (SRTM 90m at station coordinates),best_match,"proxy: valid_time - lead_hours (historical forecast, not original run archive)",NOAA ISD via Phase 6 expanded dataset (QC=1),0.0065
43014099999,AURANGABAD,19.863,75.398,582.5,2023-08-07T12:00:00,2023-08-05T12:00:00,48,August_2023,28.4,27.0,581.0,19.859402,75.35928,581.0,0.0,27.0,27.0,Open-Meteo Historical Forecast API (best_match/GFS Seamless),Open-Meteo Historical Forecast API (SRTM 90m at snapped grid),Open-Meteo Elevation API (SRTM 90m at station coordinates),best_match,"proxy: valid_time - lead_hours (historical forecast, not original run archive)",NOAA ISD via Phase 6 expanded dataset (QC=1),0.0065
43014099999,AURANGABAD,19.863,75.398,582.5,2023-08-06T12:00:00,2023-08-06T00:00:00,12,August_2023,26.4,26.5,581.0,19.859402,75.35928,581.0,0.0,26.5,26.5,Open-Meteo Historical Forecast API (best_match/GFS Seamless),Open-Meteo Historical Forecast API (SRTM 90m at snapped grid),Open-Meteo Elevation API (SRTM 90m at station coordinates),best_match,"proxy: valid_time - lead_hours (historical forecast, not original run archive)",NOAA ISD via Phase 6 expanded dataset (QC=1),0.0065
43014099999,AURANGABAD,19.863,75.398,582.5,2023-08-07T00:00:00,2023-08-06T00:00:00,24,August_2023,23.0,22.7,581.0,19.859402,75.35928,581.0,0.0,22.7,22.7,Open-Meteo Historical Forecast API (best_match/GFS Seamless),Open-Meteo Historical Forecast API (SRTM 90m at snapped grid),Open-Meteo Elevation API (SRTM 90m at station coordinates),best_match,"proxy: valid_time - lead_hours (historical forecast, not original run archive)",NOAA ISD via Phase 6 expanded dataset (QC=1),0.0065
43014099999,AURANGABAD,19.863,75.398,582.5,2023-08-07T12:00:00,2023-08-06T00:00:00,36,August_2023,28.4,27.0,581.0,19.859402,75.35928,581.0,0.0,27.0,27.0,Open-Meteo Historical Forecast API (best_match/GFS Seamless),Open-Meteo Historical Forecast API (SRTM 90m at snapped grid),Open-Meteo Elevation API (SRTM 90m at station coordinates),best_match,"proxy: valid_time - lead_hours (historical forecast, not original run archive)",NOAA ISD via Phase 6 expanded dataset (QC=1),0.0065
43014099999,AURANGABAD,19.863,75.398,582.5,2023-08-08T00:00:00,2023-08-06T00:00:00,48,August_2023,23.2,22.2,581.0,19.859402,75.35928,581.0,0.0,22.2,22.2,Open-Meteo Historical Forecast API (best_match/GFS Seamless),Open-Meteo Historical Forecast API (SRTM 90m at snapped grid),Open-Meteo Elevation API (SRTM 90m at station coordinates),best_match,"proxy: valid_time - lead_hours (historical forecast, not original run archive)",NOAA ISD via Phase 6 expanded dataset (QC=1),0.0065
43014099999,AURANGABAD,19.863,75.398,582.5,2023-08-07T00:00:00,2023-08-06T12:00:00,12,August_2023,23.0,22.7,581.0,19.859402,75.35928,581.0,0.0,22.7,22.7,Open-Meteo Historical Forecast API (best_match/GFS Seamless),Open-Meteo Historical Forecast API (SRTM 90m at snapped grid),Open-Meteo Elevation API (SRTM 90m at station coordinates),best_match,"proxy: valid_time - lead_hours (historical forecast, not original run archive)",NOAA ISD via Phase 6 expanded dataset (QC=1),0.0065
43014099999,AURANGABAD,19.863,75.398,582.5,2023-08-07T12:00:00,2023-08-06T12:00:00,24,August_2023,28.4,27.0,581.0,19.859402,75.35928,581.0,0.0,27.0,27.0,Open-Meteo Historical Forecast API (best_match/GFS Seamless),Open-Meteo Historical Forecast API (SRTM 90m at snapped grid),Open-Meteo Elevation API (SRTM 90m at station coordinates),best_match,"proxy: valid_time - lead_hours (historical forecast, not original run archive)",NOAA ISD via Phase 6 expanded dataset (QC=1),0.0065
43014099999,AURANGABAD,19.863,75.398,582.5,2023-08-08T00:00:00,2023-08-06T12:00:00,36,August_2023,23.2,22.2,581.0,19.859402,75.35928,581.0,0.0,22.2,22.2,Open-Meteo Historical Forecast API (best_match/GFS Seamless),Open-Meteo Historical Forecast API (SRTM 90m at snapped grid),Open-Meteo Elevation API (SRTM 90m at station coordinates),best_match,"proxy: valid_time - lead_hours (historical forecast, not original run archive)",NOAA ISD via Phase 6 expanded dataset (QC=1),0.0065
43014099999,AURANGABAD,19.863,75.398,582.5,2023-08-08T12:00:00,2023-08-06T12:00:00,48,August_2023,28.7,26.8,581.0,19.859402,75.35928,581.0,0.0,26.8,26.8,Open-Meteo Historical Forecast API (best_match/GFS Seamless),Open-Meteo Historical Forecast API (SRTM 90m at snapped grid),Open-Meteo Elevation API (SRTM 90m at station coordinates),best_match,"proxy: valid_time - lead_hours (historical forecast, not original run archive)",NOAA ISD via Phase 6 expanded dataset (QC=1),0.0065
43014099999,AURANGABAD,19.863,75.398,582.5,2023-08-07T12:00:00,2023-08-07T00:00:00,12,August_2023,28.4,27.0,581.0,19.859402,75.35928,581.0,0.0,27.0,27.0,Open-Meteo Historical Forecast API (best_match/GFS Seamless),Open-Meteo Historical Forecast API (SRTM 90m at snapped grid),Open-Meteo Elevation API (SRTM 90m at station coordinates),best_match,"proxy: valid_time - lead_hours (historical forecast, not original run archive)",NOAA ISD via Phase 6 expanded dataset (QC=1),0.0065
43014099999,AURANGABAD,19.863,75.398,582.5,2023-08-08T00:00:00,2023-08-07T00:00:00,24,August_2023,23.2,22.2,581.0,19.859402,75.35928,581.0,0.0,22.2,22.2,Open-Meteo Historical Forecast API (best_match/GFS Seamless),Open-Meteo Historical Forecast API (SRTM 90m at snapped grid),Open-Meteo Elevation API (SRTM 90m at station coordinates),best_match,"proxy: valid_time - lead_hours (historical forecast, not original run archive)",NOAA ISD via Phase 6 expanded dataset (QC=1),0.0065
43014099999,AURANGABAD,19.863,75.398,582.5,2023-08-08T12:00:00,2023-08-07T00:00:00,36,August_2023,28.7,26.8,581.0,19.859402,75.35928,581.0,0.0,26.8,26.8,Open-Meteo Historical Forecast API (best_match/GFS Seamless),Open-Meteo Historical Forecast API (SRTM 90m at snapped grid),Open-Meteo Elevation API (SRTM 90m at station coordinates),best_match,"proxy: valid_time - lead_hours (historical forecast, not original run archive)",NOAA ISD via Phase 6 expanded dataset (QC=1),0.0065
43014099999,AURANGABAD,19.863,75.398,582.5,2023-08-09T00:00:00,2023-08-07T00:00:00,48,August_2023,22.8,22.8,581.0,19.859402,75.35928,581.0,0.0,22.8,22.8,Open-Meteo Historical Forecast API (best_match/GFS Seamless),Open-Meteo Historical Forecast API (SRTM 90m at snapped grid),Open-Meteo Elevation API (SRTM 90m at station coordinates),best_match,"proxy: valid_time - lead_hours (historical forecast, not original run archive)",NOAA ISD via Phase 6 expanded dataset (QC=1),0.0065
43014099999,AURANGABAD,19.863,75.398,582.5,2023-08-08T00:00:00,2023-08-07T12:00:00,12,August_2023,23.2,22.2,581.0,19.859402,75.35928,581.0,0.0,22.2,22.2,Open-Meteo Historical Forecast API (best_match/GFS Seamless),Open-Meteo Historical Forecast API (SRTM 90m at snapped grid),Open-Meteo Elevation API (SRTM 90m at station coordinates),best_match,"proxy: valid_time - lead_hours (historical forecast, not original run archive)",NOAA ISD via Phase 6 expanded dataset (QC=1),0.0065
43014099999,AURANGABAD,19.863,75.398,582.5,2023-08-08T12:00:00,2023-08-07T12:00:00,24,August_2023,28.7,26.8,581.0,19.859402,75.35928,581.0,0.0,26.8,26.8,Open-Meteo Historical Forecast API (best_match/GFS Seamless),Open-Meteo Historical Forecast API (SRTM 90m at snapped grid),Open-Meteo Elevation API (SRTM 90m at station coordinates),best_match,"proxy: valid_time - lead_hours (historical forecast, not original run archive)",NOAA ISD via Phase 6 expanded dataset (QC=1),0.0065
43014099999,AURANGABAD,19.863,75.398,582.5,2023-08-09T00:00:00,2023-08-07T12:00:00,36,August_2023,22.8,22.8,581.0,19.859402,75.35928,581.0,0.0,22.8,22.8,Open-Meteo Historical Forecast API (best_match/GFS Seamless),Open-Meteo Historical Forecast API (SRTM 90m at snapped grid),Open-Meteo Elevation API (SRTM 90m at station coordinates),best_match,"proxy: valid_time - lead_hours (historical forecast, not original run archive)",NOAA ISD via Phase 6 expanded dataset (QC=1),0.0065
43014099999,AURANGABAD,19.863,75.398,582.5,2023-08-09T12:00:00,2023-08-07T12:00:00,48,August_2023,29.6,27.6,581.0,19.859402,75.35928,581.0,0.0,27.6,27.6,Open-Meteo Historical Forecast API (best_match/GFS Seamless),Open-Meteo Historical Forecast API (SRTM 90m at snapped grid),Open-Meteo Elevation API (SRTM 90m at station coordinates),best_match,"proxy: valid_time - lead_hours (historical forecast, not original run archive)",NOAA ISD via Phase 6 expanded dataset (QC=1),0.0065
43014099999,AURANGABAD,19.863,75.398,582.5,2023-08-08T12:00:00,2023-08-08T00:00:00,12,August_2023,28.7,26.8,581.0,19.859402,75.35928,581.0,0.0,26.8,26.8,Open-Meteo Historical Forecast API (best_match/GFS Seamless),Open-Meteo Historical Forecast API (SRTM 90m at snapped grid),Open-Meteo Elevation API (SRTM 90m at station coordinates),best_match,"proxy: valid_time - lead_hours (historical forecast, not original run archive)",NOAA ISD via Phase 6 expanded dataset (QC=1),0.0065
43014099999,AURANGABAD,19.863,75.398,582.5,2023-08-09T00:00:00,2023-08-08T00:00:00,24,August_2023,22.8,22.8,581.0,19.859402,75.35928,581.0,0.0,22.8,22.8,Open-Meteo Historical Forecast API (best_match/GFS Seamless),Open-Meteo Historical Forecast API (SRTM 90m at snapped grid),Open-Meteo Elevation API (SRTM 90m at station coordinates),best_match,"proxy: valid_time - lead_hours (historical forecast, not original run archive)",NOAA ISD via Phase 6 expanded dataset (QC=1),0.0065
43014099999,AURANGABAD,19.863,75.398,582.5,2023-08-09T12:00:00,2023-08-08T00:00:00,36,August_2023,29.6,27.6,581.0,19.859402,75.35928,581.0,0.0,27.6,27.6,Open-Meteo Historical Forecast API (best_match/GFS Seamless),Open-Meteo Historical Forecast API (SRTM 90m at snapped grid),Open-Meteo Elevation API (SRTM 90m at station coordinates),best_match,"proxy: valid_time - lead_hours (historical forecast, not original run archive)",NOAA ISD via Phase 6 expanded dataset (QC=1),0.0065
43014099999,AURANGABAD,19.863,75.398,582.5,2023-08-10T00:00:00,2023-08-08T00:00:00,48,August_2023,23.0,21.9,581.0,19.859402,75.35928,581.0,0.0,21.9,21.9,Open-Meteo Historical Forecast API (best_match/GFS Seamless),Open-Meteo Historical Forecast API (SRTM 90m at snapped grid),Open-Meteo Elevation API (SRTM 90m at station coordinates),best_match,"proxy: valid_time - lead_hours (historical forecast, not original run archive)",NOAA ISD via Phase 6 expanded dataset (QC=1),0.0065
43014099999,AURANGABAD,19.863,75.398,582.5,2023-08-09T00:00:00,2023-08-08T12:00:00,12,August_2023,22.8,22.8,581.0,19.859402,75.35928,581.0,0.0,22.8,22.8,Open-Meteo Historical Forecast API (best_match/GFS Seamless),Open-Meteo Historical Forecast API (SRTM 90m at snapped grid),Open-Meteo Elevation API (SRTM 90m at station coordinates),best_match,"proxy: valid_time - lead_hours (historical forecast, not original run archive)",NOAA ISD via Phase 6 expanded dataset (QC=1),0.0065
43014099999,AURANGABAD,19.863,75.398,582.5,2023-08-09T12:00:00,2023-08-08T12:00:00,24,August_2023,29.6,27.6,581.0,19.859402,75.35928,581.0,0.0,27.6,27.6,Open-Meteo Historical Forecast API (best_match/GFS Seamless),Open-Meteo Historical Forecast API (SRTM 90m at snapped grid),Open-Meteo Elevation API (SRTM 90m at station coordinates),best_match,"proxy: valid_time - lead_hours (historical forecast, not original run archive)",NOAA ISD via Phase 6 expanded dataset (QC=1),0.0065
43014099999,AURANGABAD,19.863,75.398,582.5,2023-08-10T00:00:00,2023-08-08T12:00:00,36,August_2023,23.0,21.9,581.0,19.859402,75.35928,581.0,0.0,21.9,21.9,Open-Meteo Historical Forecast API (best_match/GFS Seamless),Open-Meteo Historical Forecast API (SRTM 90m at snapped grid),Open-Meteo Elevation API (SRTM 90m at station coordinates),best_match,"proxy: valid_time - lead_hours (historical forecast, not original run archive)",NOAA ISD via Phase 6 expanded dataset (QC=1),0.0065
43014099999,AURANGABAD,19.863,75.398,582.5,2023-08-10T12:00:00,2023-08-08T12:00:00,48,August_2023,28.4,26.5,581.0,19.859402,75.35928,581.0,0.0,26.5,26.5,Open-Meteo Historical Forecast API (best_match/GFS Seamless),Open-Meteo Historical Forecast API (SRTM 90m at snapped grid),Open-Meteo Elevation API (SRTM 90m at station coordinates),best_match,"proxy: valid_time - lead_hours (historical forecast, not original run archive)",NOAA ISD via Phase 6 expanded dataset (QC=1),0.0065
43014099999,AURANGABAD,19.863,75.398,582.5,2023-08-09T12:00:00,2023-08-09T00:00:00,12,August_2023,29.6,27.6,581.0,19.859402,75.35928,581.0,0.0,27.6,27.6,Open-Meteo Historical Forecast API (best_match/GFS Seamless),Open-Meteo Historical Forecast API (SRTM 90m at snapped grid),Open-Meteo Elevation API (SRTM 90m at station coordinates),best_match,"proxy: valid_time - lead_hours (historical forecast, not original run archive)",NOAA ISD via Phase 6 expanded dataset (QC=1),0.0065
43014099999,AURANGABAD,19.863,75.398,582.5,2023-08-10T00:00:00,2023-08-09T00:00:00,24,August_2023,23.0,21.9,581.0,19.859402,75.35928,581.0,0.0,21.9,21.9,Open-Meteo Historical Forecast API (best_match/GFS Seamless),Open-Meteo Historical Forecast API (SRTM 90m at snapped grid),Open-Meteo Elevation API (SRTM 90m at station coordinates),best_match,"proxy: valid_time - lead_hours (historical forecast, not original run archive)",NOAA ISD via Phase 6 expanded dataset (QC=1),0.0065
43014099999,AURANGABAD,19.863,75.398,582.5,2023-08-10T12:00:00,2023-08-09T00:00:00,36,August_2023,28.4,26.5,581.0,19.859402,75.35928,581.0,0.0,26.5,26.5,Open-Meteo Historical Forecast API (best_match/GFS Seamless),Open-Meteo Historical Forecast API (SRTM 90m at snapped grid),Open-Meteo Elevation API (SRTM 90m at station coordinates),best_match,"proxy: valid_time - lead_hours (historical forecast, not original run archive)",NOAA ISD via Phase 6 expanded dataset (QC=1),0.0065
43014099999,AURANGABAD,19.863,75.398,582.5,2023-08-10T00:00:00,2023-08-09T12:00:00,12,August_2023,23.0,21.9,581.0,19.859402,75.35928,581.0,0.0,21.9,21.9,Open-Meteo Historical Forecast API (best_match/GFS Seamless),Open-Meteo Historical Forecast API (SRTM 90m at snapped grid),Open-Meteo Elevation API (SRTM 90m at station coordinates),best_match,"proxy: valid_time - lead_hours (historical forecast, not original run archive)",NOAA ISD via Phase 6 expanded dataset (QC=1),0.0065
43014099999,AURANGABAD,19.863,75.398,582.5,2023-08-10T12:00:00,2023-08-09T12:00:00,24,August_2023,28.4,26.5,581.0,19.859402,75.35928,581.0,0.0,26.5,26.5,Open-Meteo Historical Forecast API (best_match/GFS Seamless),Open-Meteo Historical Forecast API (SRTM 90m at snapped grid),Open-Meteo Elevation API (SRTM 90m at station coordinates),best_match,"proxy: valid_time - lead_hours (historical forecast, not original run archive)",NOAA ISD via Phase 6 expanded dataset (QC=1),0.0065
43014099999,AURANGABAD,19.863,75.398,582.5,2023-08-10T12:00:00,2023-08-10T00:00:00,12,August_2023,28.4,26.5,581.0,19.859402,75.35928,581.0,0.0,26.5,26.5,Open-Meteo Historical Forecast API (best_match/GFS Seamless),Open-Meteo Historical Forecast API (SRTM 90m at snapped grid),Open-Meteo Elevation API (SRTM 90m at station coordinates),best_match,"proxy: valid_time - lead_hours (historical forecast, not original run archive)",NOAA ISD via Phase 6 expanded dataset (QC=1),0.0065
43017099999,PARBHANI,19.133,76.833,422.0,2023-02-01T12:00:00,2023-02-01T00:00:00,12,February_2023,27.4,27.7,403.0,19.156414,76.837944,403.0,0.0,27.7,27.7,Open-Meteo Historical Forecast API (best_match/GFS Seamless),Open-Meteo Historical Forecast API (SRTM 90m at snapped grid),Open-Meteo Elevation API (SRTM 90m at station coordinates),best_match,"proxy: valid_time - lead_hours (historical forecast, not original run archive)",NOAA ISD via Phase 6 expanded dataset (QC=1),0.0065
43017099999,PARBHANI,19.133,76.833,422.0,2023-02-02T12:00:00,2023-02-01T00:00:00,36,February_2023,27.7,28.3,403.0,19.156414,76.837944,403.0,0.0,28.3,28.3,Open-Meteo Historical Forecast API (best_match/GFS Seamless),Open-Meteo Historical Forecast API (SRTM 90m at snapped grid),Open-Meteo Elevation API (SRTM 90m at station coordinates),best_match,"proxy: valid_time - lead_hours (historical forecast, not original run archive)",NOAA ISD via Phase 6 expanded dataset (QC=1),0.0065
43017099999,PARBHANI,19.133,76.833,422.0,2023-02-02T12:00:00,2023-02-01T12:00:00,24,February_2023,27.7,28.3,403.0,19.156414,76.837944,403.0,0.0,28.3,28.3,Open-Meteo Historical Forecast API (best_match/GFS Seamless),Open-Meteo Historical Forecast API (SRTM 90m at snapped grid),Open-Meteo Elevation API (SRTM 90m at station coordinates),best_match,"proxy: valid_time - lead_hours (historical forecast, not original run archive)",NOAA ISD via Phase 6 expanded dataset (QC=1),0.0065
43017099999,PARBHANI,19.133,76.833,422.0,2023-02-03T12:00:00,2023-02-01T12:00:00,48,February_2023,28.4,28.4,403.0,19.156414,76.837944,403.0,0.0,28.4,28.4,Open-Meteo Historical Forecast API (best_match/GFS Seamless),Open-Meteo Historical Forecast API (SRTM 90m at snapped grid),Open-Meteo Elevation API (SRTM 90m at station coordinates),best_match,"proxy: valid_time - lead_hours (historical forecast, not original run archive)",NOAA ISD via Phase 6 expanded dataset (QC=1),0.0065
43017099999,PARBHANI,19.133,76.833,422.0,2023-02-02T12:00:00,2023-02-02T00:00:00,12,February_2023,27.7,28.3,403.0,19.156414,76.837944,403.0,0.0,28.3,28.3,Open-Meteo Historical Forecast API (best_match/GFS Seamless),Open-Meteo Historical Forecast API (SRTM 90m at snapped grid),Open-Meteo Elevation API (SRTM 90m at station coordinates),best_match,"proxy: valid_time - lead_hours (historical forecast, not original run archive)",NOAA ISD via Phase 6 expanded dataset (QC=1),0.0065
43017099999,PARBHANI,19.133,76.833,422.0,2023-02-03T12:00:00,2023-02-02T00:00:00,36,February_2023,28.4,28.4,403.0,19.156414,76.837944,403.0,0.0,28.4,28.4,Open-Meteo Historical Forecast API (best_match/GFS Seamless),Open-Meteo Historical Forecast API (SRTM 90m at snapped grid),Open-Meteo Elevation API (SRTM 90m at station coordinates),best_match,"proxy: valid_time - lead_hours (historical forecast, not original run archive)",NOAA ISD via Phase 6 expanded dataset (QC=1),0.0065
43017099999,PARBHANI,19.133,76.833,422.0,2023-02-03T12:00:00,2023-02-02T12:00:00,24,February_2023,28.4,28.4,403.0,19.156414,76.837944,403.0,0.0,28.4,28.4,Open-Meteo Historical Forecast API (best_match/GFS Seamless),Open-Meteo Historical Forecast API (SRTM 90m at snapped grid),Open-Meteo Elevation API (SRTM 90m at station coordinates),best_match,"proxy: valid_time - lead_hours (historical forecast, not original run archive)",NOAA ISD via Phase 6 expanded dataset (QC=1),0.0065
43017099999,PARBHANI,19.133,76.833,422.0,2023-02-04T12:00:00,2023-02-02T12:00:00,48,February_2023,29.8,28.2,403.0,19.156414,76.837944,403.0,0.0,28.2,28.2,Open-Meteo Historical Forecast API (best_match/GFS Seamless),Open-Meteo Historical Forecast API (SRTM 90m at snapped grid),Open-Meteo Elevation API (SRTM 90m at station coordinates),best_match,"proxy: valid_time - lead_hours (historical forecast, not original run archive)",NOAA ISD via Phase 6 expanded dataset (QC=1),0.0065
43017099999,PARBHANI,19.133,76.833,422.0,2023-02-03T12:00:00,2023-02-03T00:00:00,12,February_2023,28.4,28.4,403.0,19.156414,76.837944,403.0,0.0,28.4,28.4,Open-Meteo Historical Forecast API (best_match/GFS Seamless),Open-Meteo Historical Forecast API (SRTM 90m at snapped grid),Open-Meteo Elevation API (SRTM 90m at station coordinates),best_match,"proxy: valid_time - lead_hours (historical forecast, not original run archive)",NOAA ISD via Phase 6 expanded dataset (QC=1),0.0065
43017099999,PARBHANI,19.133,76.833,422.0,2023-02-04T12:00:00,2023-02-03T00:00:00,36,February_2023,29.8,28.2,403.0,19.156414,76.837944,403.0,0.0,28.2,28.2,Open-Meteo Historical Forecast API (best_match/GFS Seamless),Open-Meteo Historical Forecast API (SRTM 90m at snapped grid),Open-Meteo Elevation API (SRTM 90m at station coordinates),best_match,"proxy: valid_time - lead_hours (historical forecast, not original run archive)",NOAA ISD via Phase 6 expanded dataset (QC=1),0.0065
43017099999,PARBHANI,19.133,76.833,422.0,2023-02-04T12:00:00,2023-02-03T12:00:00,24,February_2023,29.8,28.2,403.0,19.156414,76.837944,403.0,0.0,28.2,28.2,Open-Meteo Historical Forecast API (best_match/GFS Seamless),Open-Meteo Historical Forecast API (SRTM 90m at snapped grid),Open-Meteo Elevation API (SRTM 90m at station coordinates),best_match,"proxy: valid_time - lead_hours (historical forecast, not original run archive)",NOAA ISD via Phase 6 expanded dataset (QC=1),0.0065
43017099999,PARBHANI,19.133,76.833,422.0,2023-02-05T12:00:00,2023-02-03T12:00:00,48,February_2023,31.8,29.1,403.0,19.156414,76.837944,403.0,0.0,29.1,29.1,Open-Meteo Historical Forecast API (best_match/GFS Seamless),Open-Meteo Historical Forecast API (SRTM 90m at snapped grid),Open-Meteo Elevation API (SRTM 90m at station coordinates),best_match,"proxy: valid_time - lead_hours (historical forecast, not original run archive)",NOAA ISD via Phase 6 expanded dataset (QC=1),0.0065
43017099999,PARBHANI,19.133,76.833,422.0,2023-02-04T12:00:00,2023-02-04T00:00:00,12,February_2023,29.8,28.2,403.0,19.156414,76.837944,403.0,0.0,28.2,28.2,Open-Meteo Historical Forecast API (best_match/GFS Seamless),Open-Meteo Historical Forecast API (SRTM 90m at snapped grid),Open-Meteo Elevation API (SRTM 90m at station coordinates),best_match,"proxy: valid_time - lead_hours (historical forecast, not original run archive)",NOAA ISD via Phase 6 expanded dataset (QC=1),0.0065
43017099999,PARBHANI,19.133,76.833,422.0,2023-02-05T12:00:00,2023-02-04T00:00:00,36,February_2023,31.8,29.1,403.0,19.156414,76.837944,403.0,0.0,29.1,29.1,Open-Meteo Historical Forecast API (best_match/GFS Seamless),Open-Meteo Historical Forecast API (SRTM 90m at snapped grid),Open-Meteo Elevation API (SRTM 90m at station coordinates),best_match,"proxy: valid_time - lead_hours (historical forecast, not original run archive)",NOAA ISD via Phase 6 expanded dataset (QC=1),0.0065
43017099999,PARBHANI,19.133,76.833,422.0,2023-02-05T12:00:00,2023-02-04T12:00:00,24,February_2023,31.8,29.1,403.0,19.156414,76.837944,403.0,0.0,29.1,29.1,Open-Meteo Historical Forecast API (best_match/GFS Seamless),Open-Meteo Historical Forecast API (SRTM 90m at snapped grid),Open-Meteo Elevation API (SRTM 90m at station coordinates),best_match,"proxy: valid_time - lead_hours (historical forecast, not original run archive)",NOAA ISD via Phase 6 expanded dataset (QC=1),0.0065
43017099999,PARBHANI,19.133,76.833,422.0,2023-02-06T12:00:00,2023-02-04T12:00:00,48,February_2023,31.0,30.7,403.0,19.156414,76.837944,403.0,0.0,30.7,30.7,Open-Meteo Historical Forecast API (best_match/GFS Seamless),Open-Meteo Historical Forecast API (SRTM 90m at snapped grid),Open-Meteo Elevation API (SRTM 90m at station coordinates),best_match,"proxy: valid_time - lead_hours (historical forecast, not original run archive)",NOAA ISD via Phase 6 expanded dataset (QC=1),0.0065
43017099999,PARBHANI,19.133,76.833,422.0,2023-02-05T12:00:00,2023-02-05T00:00:00,12,February_2023,31.8,29.1,403.0,19.156414,76.837944,403.0,0.0,29.1,29.1,Open-Meteo Historical Forecast API (best_match/GFS Seamless),Open-Meteo Historical Forecast API (SRTM 90m at snapped grid),Open-Meteo Elevation API (SRTM 90m at station coordinates),best_match,"proxy: valid_time - lead_hours (historical forecast, not original run archive)",NOAA ISD via Phase 6 expanded dataset (QC=1),0.0065
43017099999,PARBHANI,19.133,76.833,422.0,2023-02-06T12:00:00,2023-02-05T00:00:00,36,February_2023,31.0,30.7,403.0,19.156414,76.837944,403.0,0.0,30.7,30.7,Open-Meteo Historical Forecast API (best_match/GFS Seamless),Open-Meteo Historical Forecast API (SRTM 90m at snapped grid),Open-Meteo Elevation API (SRTM 90m at station coordinates),best_match,"proxy: valid_time - lead_hours (historical forecast, not original run archive)",NOAA ISD via Phase 6 expanded dataset (QC=1),0.0065
43017099999,PARBHANI,19.133,76.833,422.0,2023-02-06T12:00:00,2023-02-05T12:00:00,24,February_2023,31.0,30.7,403.0,19.156414,76.837944,403.0,0.0,30.7,30.7,Open-Meteo Historical Forecast API (best_match/GFS Seamless),Open-Meteo Historical Forecast API (SRTM 90m at snapped grid),Open-Meteo Elevation API (SRTM 90m at station coordinates),best_match,"proxy: valid_time - lead_hours (historical forecast, not original run archive)",NOAA ISD via Phase 6 expanded dataset (QC=1),0.0065
43017099999,PARBHANI,19.133,76.833,422.0,2023-02-07T12:00:00,2023-02-05T12:00:00,48,February_2023,30.6,30.6,403.0,19.156414,76.837944,403.0,0.0,30.6,30.6,Open-Meteo Historical Forecast API (best_match/GFS Seamless),Open-Meteo Historical Forecast API (SRTM 90m at snapped grid),Open-Meteo Elevation API (SRTM 90m at station coordinates),best_match,"proxy: valid_time - lead_hours (historical forecast, not original run archive)",NOAA ISD via Phase 6 expanded dataset (QC=1),0.0065
43017099999,PARBHANI,19.133,76.833,422.0,2023-02-06T12:00:00,2023-02-06T00:00:00,12,February_2023,31.0,30.7,403.0,19.156414,76.837944,403.0,0.0,30.7,30.7,Open-Meteo Historical Forecast API (best_match/GFS Seamless),Open-Meteo Historical Forecast API (SRTM 90m at snapped grid),Open-Meteo Elevation API (SRTM 90m at station coordinates),best_match,"proxy: valid_time - lead_hours (historical forecast, not original run archive)",NOAA ISD via Phase 6 expanded dataset (QC=1),0.0065
43017099999,PARBHANI,19.133,76.833,422.0,2023-02-07T12:00:00,2023-02-06T00:00:00,36,February_2023,30.6,30.6,403.0,19.156414,76.837944,403.0,0.0,30.6,30.6,Open-Meteo Historical Forecast API (best_match/GFS Seamless),Open-Meteo Historical Forecast API (SRTM 90m at snapped grid),Open-Meteo Elevation API (SRTM 90m at station coordinates),best_match,"proxy: valid_time - lead_hours (historical forecast, not original run archive)",NOAA ISD via Phase 6 expanded dataset (QC=1),0.0065
43017099999,PARBHANI,19.133,76.833,422.0,2023-02-07T12:00:00,2023-02-06T12:00:00,24,February_2023,30.6,30.6,403.0,19.156414,76.837944,403.0,0.0,30.6,30.6,Open-Meteo Historical Forecast API (best_match/GFS Seamless),Open-Meteo Historical Forecast API (SRTM 90m at snapped grid),Open-Meteo Elevation API (SRTM 90m at station coordinates),best_match,"proxy: valid_time - lead_hours (historical forecast, not original run archive)",NOAA ISD via Phase 6 expanded dataset (QC=1),0.0065
43017099999,PARBHANI,19.133,76.833,422.0,2023-02-08T12:00:00,2023-02-06T12:00:00,48,February_2023,31.2,30.9,403.0,19.156414,76.837944,403.0,0.0,30.9,30.9,Open-Meteo Historical Forecast API (best_match/GFS Seamless),Open-Meteo Historical Forecast API (SRTM 90m at snapped grid),Open-Meteo Elevation API (SRTM 90m at station coordinates),best_match,"proxy: valid_time - lead_hours (historical forecast, not original run archive)",NOAA ISD via Phase 6 expanded dataset (QC=1),0.0065
43017099999,PARBHANI,19.133,76.833,422.0,2023-02-07T12:00:00,2023-02-07T00:00:00,12,February_2023,30.6,30.6,403.0,19.156414,76.837944,403.0,0.0,30.6,30.6,Open-Meteo Historical Forecast API (best_match/GFS Seamless),Open-Meteo Historical Forecast API (SRTM 90m at snapped grid),Open-Meteo Elevation API (SRTM 90m at station coordinates),best_match,"proxy: valid_time - lead_hours (historical forecast, not original run archive)",NOAA ISD via Phase 6 expanded dataset (QC=1),0.0065
43017099999,PARBHANI,19.133,76.833,422.0,2023-02-08T12:00:00,2023-02-07T00:00:00,36,February_2023,31.2,30.9,403.0,19.156414,76.837944,403.0,0.0,30.9,30.9,Open-Meteo Historical Forecast API (best_match/GFS Seamless),Open-Meteo Historical Forecast API (SRTM 90m at snapped grid),Open-Meteo Elevation API (SRTM 90m at station coordinates),best_match,"proxy: valid_time - lead_hours (historical forecast, not original run archive)",NOAA ISD via Phase 6 expanded dataset (QC=1),0.0065
43017099999,PARBHANI,19.133,76.833,422.0,2023-02-08T12:00:00,2023-02-07T12:00:00,24,February_2023,31.2,30.9,403.0,19.156414,76.837944,403.0,0.0,30.9,30.9,Open-Meteo Historical Forecast API (best_match/GFS Seamless),Open-Meteo Historical Forecast API (SRTM 90m at snapped grid),Open-Meteo Elevation API (SRTM 90m at station coordinates),best_match,"proxy: valid_time - lead_hours (historical forecast, not original run archive)",NOAA ISD via Phase 6 expanded dataset (QC=1),0.0065
43017099999,PARBHANI,19.133,76.833,422.0,2023-02-08T12:00:00,2023-02-08T00:00:00,12,February_2023,31.2,30.9,403.0,19.156414,76.837944,403.0,0.0,30.9,30.9,Open-Meteo Historical Forecast API (best_match/GFS Seamless),Open-Meteo Historical Forecast API (SRTM 90m at snapped grid),Open-Meteo Elevation API (SRTM 90m at station coordinates),best_match,"proxy: valid_time - lead_hours (historical forecast, not original run archive)",NOAA ISD via Phase 6 expanded dataset (QC=1),0.0065
43017099999,PARBHANI,19.133,76.833,422.0,2023-02-10T12:00:00,2023-02-08T12:00:00,48,February_2023,34.0,31.8,403.0,19.156414,76.837944,403.0,0.0,31.8,31.8,Open-Meteo Historical Forecast API (best_match/GFS Seamless),Open-Meteo Historical Forecast API (SRTM 90m at snapped grid),Open-Meteo Elevation API (SRTM 90m at station coordinates),best_match,"proxy: valid_time - lead_hours (historical forecast, not original run archive)",NOAA ISD via Phase 6 expanded dataset (QC=1),0.0065
43017099999,PARBHANI,19.133,76.833,422.0,2023-02-10T12:00:00,2023-02-09T00:00:00,36,February_2023,34.0,31.8,403.0,19.156414,76.837944,403.0,0.0,31.8,31.8,Open-Meteo Historical Forecast API (best_match/GFS Seamless),Open-Meteo Historical Forecast API (SRTM 90m at snapped grid),Open-Meteo Elevation API (SRTM 90m at station coordinates),best_match,"proxy: valid_time - lead_hours (historical forecast, not original run archive)",NOAA ISD via Phase 6 expanded dataset (QC=1),0.0065
43017099999,PARBHANI,19.133,76.833,422.0,2023-02-10T12:00:00,2023-02-09T12:00:00,24,February_2023,34.0,31.8,403.0,19.156414,76.837944,403.0,0.0,31.8,31.8,Open-Meteo Historical Forecast API (best_match/GFS Seamless),Open-Meteo Historical Forecast API (SRTM 90m at snapped grid),Open-Meteo Elevation API (SRTM 90m at station coordinates),best_match,"proxy: valid_time - lead_hours (historical forecast, not original run archive)",NOAA ISD via Phase 6 expanded dataset (QC=1),0.0065
43017099999,PARBHANI,19.133,76.833,422.0,2023-02-10T12:00:00,2023-02-10T00:00:00,12,February_2023,34.0,31.8,403.0,19.156414,76.837944,403.0,0.0,31.8,31.8,Open-Meteo Historical Forecast API (best_match/GFS Seamless),Open-Meteo Historical Forecast API (SRTM 90m at snapped grid),Open-Meteo Elevation API (SRTM 90m at station coordinates),best_match,"proxy: valid_time - lead_hours (historical forecast, not original run archive)",NOAA ISD via Phase 6 expanded dataset (QC=1),0.0065
43017099999,PARBHANI,19.133,76.833,422.0,2023-08-01T12:00:00,2023-08-01T00:00:00,12,August_2023,30.4,27.5,403.0,19.156414,76.837944,403.0,0.0,27.5,27.5,Open-Meteo Historical Forecast API (best_match/GFS Seamless),Open-Meteo Historical Forecast API (SRTM 90m at snapped grid),Open-Meteo Elevation API (SRTM 90m at station coordinates),best_match,"proxy: valid_time - lead_hours (historical forecast, not original run archive)",NOAA ISD via Phase 6 expanded dataset (QC=1),0.0065
43017099999,PARBHANI,19.133,76.833,422.0,2023-08-02T12:00:00,2023-08-01T00:00:00,36,August_2023,28.6,28.0,403.0,19.156414,76.837944,403.0,0.0,28.0,28.0,Open-Meteo Historical Forecast API (best_match/GFS Seamless),Open-Meteo Historical Forecast API (SRTM 90m at snapped grid),Open-Meteo Elevation API (SRTM 90m at station coordinates),best_match,"proxy: valid_time - lead_hours (historical forecast, not original run archive)",NOAA ISD via Phase 6 expanded dataset (QC=1),0.0065
43017099999,PARBHANI,19.133,76.833,422.0,2023-08-02T12:00:00,2023-08-01T12:00:00,24,August_2023,28.6,28.0,403.0,19.156414,76.837944,403.0,0.0,28.0,28.0,Open-Meteo Historical Forecast API (best_match/GFS Seamless),Open-Meteo Historical Forecast API (SRTM 90m at snapped grid),Open-Meteo Elevation API (SRTM 90m at station coordinates),best_match,"proxy: valid_time - lead_hours (historical forecast, not original run archive)",NOAA ISD via Phase 6 expanded dataset (QC=1),0.0065
43017099999,PARBHANI,19.133,76.833,422.0,2023-08-03T12:00:00,2023-08-01T12:00:00,48,August_2023,27.2,26.6,403.0,19.156414,76.837944,403.0,0.0,26.6,26.6,Open-Meteo Historical Forecast API (best_match/GFS Seamless),Open-Meteo Historical Forecast API (SRTM 90m at snapped grid),Open-Meteo Elevation API (SRTM 90m at station coordinates),best_match,"proxy: valid_time - lead_hours (historical forecast, not original run archive)",NOAA ISD via Phase 6 expanded dataset (QC=1),0.0065
43017099999,PARBHANI,19.133,76.833,422.0,2023-08-02T12:00:00,2023-08-02T00:00:00,12,August_2023,28.6,28.0,403.0,19.156414,76.837944,403.0,0.0,28.0,28.0,Open-Meteo Historical Forecast API (best_match/GFS Seamless),Open-Meteo Historical Forecast API (SRTM 90m at snapped grid),Open-Meteo Elevation API (SRTM 90m at station coordinates),best_match,"proxy: valid_time - lead_hours (historical forecast, not original run archive)",NOAA ISD via Phase 6 expanded dataset (QC=1),0.0065
43017099999,PARBHANI,19.133,76.833,422.0,2023-08-03T12:00:00,2023-08-02T00:00:00,36,August_2023,27.2,26.6,403.0,19.156414,76.837944,403.0,0.0,26.6,26.6,Open-Meteo Historical Forecast API (best_match/GFS Seamless),Open-Meteo Historical Forecast API (SRTM 90m at snapped grid),Open-Meteo Elevation API (SRTM 90m at station coordinates),best_match,"proxy: valid_time - lead_hours (historical forecast, not original run archive)",NOAA ISD via Phase 6 expanded dataset (QC=1),0.0065
43017099999,PARBHANI,19.133,76.833,422.0,2023-08-03T12:00:00,2023-08-02T12:00:00,24,August_2023,27.2,26.6,403.0,19.156414,76.837944,403.0,0.0,26.6,26.6,Open-Meteo Historical Forecast API (best_match/GFS Seamless),Open-Meteo Historical Forecast API (SRTM 90m at snapped grid),Open-Meteo Elevation API (SRTM 90m at station coordinates),best_match,"proxy: valid_time - lead_hours (historical forecast, not original run archive)",NOAA ISD via Phase 6 expanded dataset (QC=1),0.0065
43017099999,PARBHANI,19.133,76.833,422.0,2023-08-04T12:00:00,2023-08-02T12:00:00,48,August_2023,30.0,29.5,403.0,19.156414,76.837944,403.0,0.0,29.5,29.5,Open-Meteo Historical Forecast API (best_match/GFS Seamless),Open-Meteo Historical Forecast API (SRTM 90m at snapped grid),Open-Meteo Elevation API (SRTM 90m at station coordinates),best_match,"proxy: valid_time - lead_hours (historical forecast, not original run archive)",NOAA ISD via Phase 6 expanded dataset (QC=1),0.0065
43017099999,PARBHANI,19.133,76.833,422.0,2023-08-03T12:00:00,2023-08-03T00:00:00,12,August_2023,27.2,26.6,403.0,19.156414,76.837944,403.0,0.0,26.6,26.6,Open-Meteo Historical Forecast API (best_match/GFS Seamless),Open-Meteo Historical Forecast API (SRTM 90m at snapped grid),Open-Meteo Elevation API (SRTM 90m at station coordinates),best_match,"proxy: valid_time - lead_hours (historical forecast, not original run archive)",NOAA ISD via Phase 6 expanded dataset (QC=1),0.0065
43017099999,PARBHANI,19.133,76.833,422.0,2023-08-04T12:00:00,2023-08-03T00:00:00,36,August_2023,30.0,29.5,403.0,19.156414,76.837944,403.0,0.0,29.5,29.5,Open-Meteo Historical Forecast API (best_match/GFS Seamless),Open-Meteo Historical Forecast API (SRTM 90m at snapped grid),Open-Meteo Elevation API (SRTM 90m at station coordinates),best_match,"proxy: valid_time - lead_hours (historical forecast, not original run archive)",NOAA ISD via Phase 6 expanded dataset (QC=1),0.0065
43017099999,PARBHANI,19.133,76.833,422.0,2023-08-04T12:00:00,2023-08-03T12:00:00,24,August_2023,30.0,29.5,403.0,19.156414,76.837944,403.0,0.0,29.5,29.5,Open-Meteo Historical Forecast API (best_match/GFS Seamless),Open-Meteo Historical Forecast API (SRTM 90m at snapped grid),Open-Meteo Elevation API (SRTM 90m at station coordinates),best_match,"proxy: valid_time - lead_hours (historical forecast, not original run archive)",NOAA ISD via Phase 6 expanded dataset (QC=1),0.0065
43017099999,PARBHANI,19.133,76.833,422.0,2023-08-05T12:00:00,2023-08-03T12:00:00,48,August_2023,30.2,28.3,403.0,19.156414,76.837944,403.0,0.0,28.3,28.3,Open-Meteo Historical Forecast API (best_match/GFS Seamless),Open-Meteo Historical Forecast API (SRTM 90m at snapped grid),Open-Meteo Elevation API (SRTM 90m at station coordinates),best_match,"proxy: valid_time - lead_hours (historical forecast, not original run archive)",NOAA ISD via Phase 6 expanded dataset (QC=1),0.0065
43017099999,PARBHANI,19.133,76.833,422.0,2023-08-04T12:00:00,2023-08-04T00:00:00,12,August_2023,30.0,29.5,403.0,19.156414,76.837944,403.0,0.0,29.5,29.5,Open-Meteo Historical Forecast API (best_match/GFS Seamless),Open-Meteo Historical Forecast API (SRTM 90m at snapped grid),Open-Meteo Elevation API (SRTM 90m at station coordinates),best_match,"proxy: valid_time - lead_hours (historical forecast, not original run archive)",NOAA ISD via Phase 6 expanded dataset (QC=1),0.0065
43017099999,PARBHANI,19.133,76.833,422.0,2023-08-05T12:00:00,2023-08-04T00:00:00,36,August_2023,30.2,28.3,403.0,19.156414,76.837944,403.0,0.0,28.3,28.3,Open-Meteo Historical Forecast API (best_match/GFS Seamless),Open-Meteo Historical Forecast API (SRTM 90m at snapped grid),Open-Meteo Elevation API (SRTM 90m at station coordinates),best_match,"proxy: valid_time - lead_hours (historical forecast, not original run archive)",NOAA ISD via Phase 6 expanded dataset (QC=1),0.0065
43017099999,PARBHANI,19.133,76.833,422.0,2023-08-05T12:00:00,2023-08-04T12:00:00,24,August_2023,30.2,28.3,403.0,19.156414,76.837944,403.0,0.0,28.3,28.3,Open-Meteo Historical Forecast API (best_match/GFS Seamless),Open-Meteo Historical Forecast API (SRTM 90m at snapped grid),Open-Meteo Elevation API (SRTM 90m at station coordinates),best_match,"proxy: valid_time - lead_hours (historical forecast, not original run archive)",NOAA ISD via Phase 6 expanded dataset (QC=1),0.0065
43017099999,PARBHANI,19.133,76.833,422.0,2023-08-06T12:00:00,2023-08-04T12:00:00,48,August_2023,31.2,29.3,403.0,19.156414,76.837944,403.0,0.0,29.3,29.3,Open-Meteo Historical Forecast API (best_match/GFS Seamless),Open-Meteo Historical Forecast API (SRTM 90m at snapped grid),Open-Meteo Elevation API (SRTM 90m at station coordinates),best_match,"proxy: valid_time - lead_hours (historical forecast, not original run archive)",NOAA ISD via Phase 6 expanded dataset (QC=1),0.0065
43017099999,PARBHANI,19.133,76.833,422.0,2023-08-05T12:00:00,2023-08-05T00:00:00,12,August_2023,30.2,28.3,403.0,19.156414,76.837944,403.0,0.0,28.3,28.3,Open-Meteo Historical Forecast API (best_match/GFS Seamless),Open-Meteo Historical Forecast API (SRTM 90m at snapped grid),Open-Meteo Elevation API (SRTM 90m at station coordinates),best_match,"proxy: valid_time - lead_hours (historical forecast, not original run archive)",NOAA ISD via Phase 6 expanded dataset (QC=1),0.0065
43017099999,PARBHANI,19.133,76.833,422.0,2023-08-06T12:00:00,2023-08-05T00:00:00,36,August_2023,31.2,29.3,403.0,19.156414,76.837944,403.0,0.0,29.3,29.3,Open-Meteo Historical Forecast API (best_match/GFS Seamless),Open-Meteo Historical Forecast API (SRTM 90m at snapped grid),Open-Meteo Elevation API (SRTM 90m at station coordinates),best_match,"proxy: valid_time - lead_hours (historical forecast, not original run archive)",NOAA ISD via Phase 6 expanded dataset (QC=1),0.0065
43017099999,PARBHANI,19.133,76.833,422.0,2023-08-06T12:00:00,2023-08-05T12:00:00,24,August_2023,31.2,29.3,403.0,19.156414,76.837944,403.0,0.0,29.3,29.3,Open-Meteo Historical Forecast API (best_match/GFS Seamless),Open-Meteo Historical Forecast API (SRTM 90m at snapped grid),Open-Meteo Elevation API (SRTM 90m at station coordinates),best_match,"proxy: valid_time - lead_hours (historical forecast, not original run archive)",NOAA ISD via Phase 6 expanded dataset (QC=1),0.0065
43017099999,PARBHANI,19.133,76.833,422.0,2023-08-07T12:00:00,2023-08-05T12:00:00,48,August_2023,30.4,29.2,403.0,19.156414,76.837944,403.0,0.0,29.2,29.2,Open-Meteo Historical Forecast API (best_match/GFS Seamless),Open-Meteo Historical Forecast API (SRTM 90m at snapped grid),Open-Meteo Elevation API (SRTM 90m at station coordinates),best_match,"proxy: valid_time - lead_hours (historical forecast, not original run archive)",NOAA ISD via Phase 6 expanded dataset (QC=1),0.0065
43017099999,PARBHANI,19.133,76.833,422.0,2023-08-06T12:00:00,2023-08-06T00:00:00,12,August_2023,31.2,29.3,403.0,19.156414,76.837944,403.0,0.0,29.3,29.3,Open-Meteo Historical Forecast API (best_match/GFS Seamless),Open-Meteo Historical Forecast API (SRTM 90m at snapped grid),Open-Meteo Elevation API (SRTM 90m at station coordinates),best_match,"proxy: valid_time - lead_hours (historical forecast, not original run archive)",NOAA ISD via Phase 6 expanded dataset (QC=1),0.0065
43017099999,PARBHANI,19.133,76.833,422.0,2023-08-07T12:00:00,2023-08-06T00:00:00,36,August_2023,30.4,29.2,403.0,19.156414,76.837944,403.0,0.0,29.2,29.2,Open-Meteo Historical Forecast API (best_match/GFS Seamless),Open-Meteo Historical Forecast API (SRTM 90m at snapped grid),Open-Meteo Elevation API (SRTM 90m at station coordinates),best_match,"proxy: valid_time - lead_hours (historical forecast, not original run archive)",NOAA ISD via Phase 6 expanded dataset (QC=1),0.0065
43017099999,PARBHANI,19.133,76.833,422.0,2023-08-07T12:00:00,2023-08-06T12:00:00,24,August_2023,30.4,29.2,403.0,19.156414,76.837944,403.0,0.0,29.2,29.2,Open-Meteo Historical Forecast API (best_match/GFS Seamless),Open-Meteo Historical Forecast API (SRTM 90m at snapped grid),Open-Meteo Elevation API (SRTM 90m at station coordinates),best_match,"proxy: valid_time - lead_hours (historical forecast, not original run archive)",NOAA ISD via Phase 6 expanded dataset (QC=1),0.0065
43017099999,PARBHANI,19.133,76.833,422.0,2023-08-08T12:00:00,2023-08-06T12:00:00,48,August_2023,30.0,29.6,403.0,19.156414,76.837944,403.0,0.0,29.6,29.6,Open-Meteo Historical Forecast API (best_match/GFS Seamless),Open-Meteo Historical Forecast API (SRTM 90m at snapped grid),Open-Meteo Elevation API (SRTM 90m at station coordinates),best_match,"proxy: valid_time - lead_hours (historical forecast, not original run archive)",NOAA ISD via Phase 6 expanded dataset (QC=1),0.0065
43017099999,PARBHANI,19.133,76.833,422.0,2023-08-07T12:00:00,2023-08-07T00:00:00,12,August_2023,30.4,29.2,403.0,19.156414,76.837944,403.0,0.0,29.2,29.2,Open-Meteo Historical Forecast API (best_match/GFS Seamless),Open-Meteo Historical Forecast API (SRTM 90m at snapped grid),Open-Meteo Elevation API (SRTM 90m at station coordinates),best_match,"proxy: valid_time - lead_hours (historical forecast, not original run archive)",NOAA ISD via Phase 6 expanded dataset (QC=1),0.0065
43017099999,PARBHANI,19.133,76.833,422.0,2023-08-08T12:00:00,2023-08-07T00:00:00,36,August_2023,30.0,29.6,403.0,19.156414,76.837944,403.0,0.0,29.6,29.6,Open-Meteo Historical Forecast API (best_match/GFS Seamless),Open-Meteo Historical Forecast API (SRTM 90m at snapped grid),Open-Meteo Elevation API (SRTM 90m at station coordinates),best_match,"proxy: valid_time - lead_hours (historical forecast, not original run archive)",NOAA ISD via Phase 6 expanded dataset (QC=1),0.0065
43017099999,PARBHANI,19.133,76.833,422.0,2023-08-08T12:00:00,2023-08-07T12:00:00,24,August_2023,30.0,29.6,403.0,19.156414,76.837944,403.0,0.0,29.6,29.6,Open-Meteo Historical Forecast API (best_match/GFS Seamless),Open-Meteo Historical Forecast API (SRTM 90m at snapped grid),Open-Meteo Elevation API (SRTM 90m at station coordinates),best_match,"proxy: valid_time - lead_hours (historical forecast, not original run archive)",NOAA ISD via Phase 6 expanded dataset (QC=1),0.0065
43017099999,PARBHANI,19.133,76.833,422.0,2023-08-09T12:00:00,2023-08-07T12:00:00,48,August_2023,31.4,30.1,403.0,19.156414,76.837944,403.0,0.0,30.1,30.1,Open-Meteo Historical Forecast API (best_match/GFS Seamless),Open-Meteo Historical Forecast API (SRTM 90m at snapped grid),Open-Meteo Elevation API (SRTM 90m at station coordinates),best_match,"proxy: valid_time - lead_hours (historical forecast, not original run archive)",NOAA ISD via Phase 6 expanded dataset (QC=1),0.0065
43017099999,PARBHANI,19.133,76.833,422.0,2023-08-08T12:00:00,2023-08-08T00:00:00,12,August_2023,30.0,29.6,403.0,19.156414,76.837944,403.0,0.0,29.6,29.6,Open-Meteo Historical Forecast API (best_match/GFS Seamless),Open-Meteo Historical Forecast API (SRTM 90m at snapped grid),Open-Meteo Elevation API (SRTM 90m at station coordinates),best_match,"proxy: valid_time - lead_hours (historical forecast, not original run archive)",NOAA ISD via Phase 6 expanded dataset (QC=1),0.0065
43017099999,PARBHANI,19.133,76.833,422.0,2023-08-09T12:00:00,2023-08-08T00:00:00,36,August_2023,31.4,30.1,403.0,19.156414,76.837944,403.0,0.0,30.1,30.1,Open-Meteo Historical Forecast API (best_match/GFS Seamless),Open-Meteo Historical Forecast API (SRTM 90m at snapped grid),Open-Meteo Elevation API (SRTM 90m at station coordinates),best_match,"proxy: valid_time - lead_hours (historical forecast, not original run archive)",NOAA ISD via Phase 6 expanded dataset (QC=1),0.0065
43017099999,PARBHANI,19.133,76.833,422.0,2023-08-09T12:00:00,2023-08-08T12:00:00,24,August_2023,31.4,30.1,403.0,19.156414,76.837944,403.0,0.0,30.1,30.1,Open-Meteo Historical Forecast API (best_match/GFS Seamless),Open-Meteo Historical Forecast API (SRTM 90m at snapped grid),Open-Meteo Elevation API (SRTM 90m at station coordinates),best_match,"proxy: valid_time - lead_hours (historical forecast, not original run archive)",NOAA ISD via Phase 6 expanded dataset (QC=1),0.0065
43017099999,PARBHANI,19.133,76.833,422.0,2023-08-10T12:00:00,2023-08-08T12:00:00,48,August_2023,30.2,29.4,403.0,19.156414,76.837944,403.0,0.0,29.4,29.4,Open-Meteo Historical Forecast API (best_match/GFS Seamless),Open-Meteo Historical Forecast API (SRTM 90m at snapped grid),Open-Meteo Elevation API (SRTM 90m at station coordinates),best_match,"proxy: valid_time - lead_hours (historical forecast, not original run archive)",NOAA ISD via Phase 6 expanded dataset (QC=1),0.0065
43017099999,PARBHANI,19.133,76.833,422.0,2023-08-09T12:00:00,2023-08-09T00:00:00,12,August_2023,31.4,30.1,403.0,19.156414,76.837944,403.0,0.0,30.1,30.1,Open-Meteo Historical Forecast API (best_match/GFS Seamless),Open-Meteo Historical Forecast API (SRTM 90m at snapped grid),Open-Meteo Elevation API (SRTM 90m at station coordinates),best_match,"proxy: valid_time - lead_hours (historical forecast, not original run archive)",NOAA ISD via Phase 6 expanded dataset (QC=1),0.0065
43017099999,PARBHANI,19.133,76.833,422.0,2023-08-10T12:00:00,2023-08-09T00:00:00,36,August_2023,30.2,29.4,403.0,19.156414,76.837944,403.0,0.0,29.4,29.4,Open-Meteo Historical Forecast API (best_match/GFS Seamless),Open-Meteo Historical Forecast API (SRTM 90m at snapped grid),Open-Meteo Elevation API (SRTM 90m at station coordinates),best_match,"proxy: valid_time - lead_hours (historical forecast, not original run archive)",NOAA ISD via Phase 6 expanded dataset (QC=1),0.0065
43017099999,PARBHANI,19.133,76.833,422.0,2023-08-10T12:00:00,2023-08-09T12:00:00,24,August_2023,30.2,29.4,403.0,19.156414,76.837944,403.0,0.0,29.4,29.4,Open-Meteo Historical Forecast API (best_match/GFS Seamless),Open-Meteo Historical Forecast API (SRTM 90m at snapped grid),Open-Meteo Elevation API (SRTM 90m at station coordinates),best_match,"proxy: valid_time - lead_hours (historical forecast, not original run archive)",NOAA ISD via Phase 6 expanded dataset (QC=1),0.0065
43017099999,PARBHANI,19.133,76.833,422.0,2023-08-10T12:00:00,2023-08-10T00:00:00,12,August_2023,30.2,29.4,403.0,19.156414,76.837944,403.0,0.0,29.4,29.4,Open-Meteo Historical Forecast API (best_match/GFS Seamless),Open-Meteo Historical Forecast API (SRTM 90m at snapped grid),Open-Meteo Elevation API (SRTM 90m at station coordinates),best_match,"proxy: valid_time - lead_hours (historical forecast, not original run archive)",NOAA ISD via Phase 6 expanded dataset (QC=1),0.0065
43021099999,NANDED,19.083,77.333,358.0,2023-02-01T12:00:00,2023-02-01T00:00:00,12,February_2023,29.2,27.1,383.0,19.086115,77.295166,383.0,0.0,27.1,27.1,Open-Meteo Historical Forecast API (best_match/GFS Seamless),Open-Meteo Historical Forecast API (SRTM 90m at snapped grid),Open-Meteo Elevation API (SRTM 90m at station coordinates),best_match,"proxy: valid_time - lead_hours (historical forecast, not original run archive)",NOAA ISD via Phase 6 expanded dataset (QC=1),0.0065
43021099999,NANDED,19.083,77.333,358.0,2023-02-02T12:00:00,2023-02-01T00:00:00,36,February_2023,29.0,27.6,383.0,19.086115,77.295166,383.0,0.0,27.6,27.6,Open-Meteo Historical Forecast API (best_match/GFS Seamless),Open-Meteo Historical Forecast API (SRTM 90m at snapped grid),Open-Meteo Elevation API (SRTM 90m at station coordinates),best_match,"proxy: valid_time - lead_hours (historical forecast, not original run archive)",NOAA ISD via Phase 6 expanded dataset (QC=1),0.0065
43021099999,NANDED,19.083,77.333,358.0,2023-02-02T12:00:00,2023-02-01T12:00:00,24,February_2023,29.0,27.6,383.0,19.086115,77.295166,383.0,0.0,27.6,27.6,Open-Meteo Historical Forecast API (best_match/GFS Seamless),Open-Meteo Historical Forecast API (SRTM 90m at snapped grid),Open-Meteo Elevation API (SRTM 90m at station coordinates),best_match,"proxy: valid_time - lead_hours (historical forecast, not original run archive)",NOAA ISD via Phase 6 expanded dataset (QC=1),0.0065
43021099999,NANDED,19.083,77.333,358.0,2023-02-03T12:00:00,2023-02-01T12:00:00,48,February_2023,29.6,28.1,383.0,19.086115,77.295166,383.0,0.0,28.1,28.1,Open-Meteo Historical Forecast API (best_match/GFS Seamless),Open-Meteo Historical Forecast API (SRTM 90m at snapped grid),Open-Meteo Elevation API (SRTM 90m at station coordinates),best_match,"proxy: valid_time - lead_hours (historical forecast, not original run archive)",NOAA ISD via Phase 6 expanded dataset (QC=1),0.0065
43021099999,NANDED,19.083,77.333,358.0,2023-02-02T12:00:00,2023-02-02T00:00:00,12,February_2023,29.0,27.6,383.0,19.086115,77.295166,383.0,0.0,27.6,27.6,Open-Meteo Historical Forecast API (best_match/GFS Seamless),Open-Meteo Historical Forecast API (SRTM 90m at snapped grid),Open-Meteo Elevation API (SRTM 90m at station coordinates),best_match,"proxy: valid_time - lead_hours (historical forecast, not original run archive)",NOAA ISD via Phase 6 expanded dataset (QC=1),0.0065
43021099999,NANDED,19.083,77.333,358.0,2023-02-03T12:00:00,2023-02-02T00:00:00,36,February_2023,29.6,28.1,383.0,19.086115,77.295166,383.0,0.0,28.1,28.1,Open-Meteo Historical Forecast API (best_match/GFS Seamless),Open-Meteo Historical Forecast API (SRTM 90m at snapped grid),Open-Meteo Elevation API (SRTM 90m at station coordinates),best_match,"proxy: valid_time - lead_hours (historical forecast, not original run archive)",NOAA ISD via Phase 6 expanded dataset (QC=1),0.0065
43021099999,NANDED,19.083,77.333,358.0,2023-02-03T12:00:00,2023-02-02T12:00:00,24,February_2023,29.6,28.1,383.0,19.086115,77.295166,383.0,0.0,28.1,28.1,Open-Meteo Historical Forecast API (best_match/GFS Seamless),Open-Meteo Historical Forecast API (SRTM 90m at snapped grid),Open-Meteo Elevation API (SRTM 90m at station coordinates),best_match,"proxy: valid_time - lead_hours (historical forecast, not original run archive)",NOAA ISD via Phase 6 expanded dataset (QC=1),0.0065
43021099999,NANDED,19.083,77.333,358.0,2023-02-04T12:00:00,2023-02-02T12:00:00,48,February_2023,29.0,27.8,383.0,19.086115,77.295166,383.0,0.0,27.8,27.8,Open-Meteo Historical Forecast API (best_match/GFS Seamless),Open-Meteo Historical Forecast API (SRTM 90m at snapped grid),Open-Meteo Elevation API (SRTM 90m at station coordinates),best_match,"proxy: valid_time - lead_hours (historical forecast, not original run archive)",NOAA ISD via Phase 6 expanded dataset (QC=1),0.0065
43021099999,NANDED,19.083,77.333,358.0,2023-02-03T12:00:00,2023-02-03T00:00:00,12,February_2023,29.6,28.1,383.0,19.086115,77.295166,383.0,0.0,28.1,28.1,Open-Meteo Historical Forecast API (best_match/GFS Seamless),Open-Meteo Historical Forecast API (SRTM 90m at snapped grid),Open-Meteo Elevation API (SRTM 90m at station coordinates),best_match,"proxy: valid_time - lead_hours (historical forecast, not original run archive)",NOAA ISD via Phase 6 expanded dataset (QC=1),0.0065
43021099999,NANDED,19.083,77.333,358.0,2023-02-04T12:00:00,2023-02-03T00:00:00,36,February_2023,29.0,27.8,383.0,19.086115,77.295166,383.0,0.0,27.8,27.8,Open-Meteo Historical Forecast API (best_match/GFS Seamless),Open-Meteo Historical Forecast API (SRTM 90m at snapped grid),Open-Meteo Elevation API (SRTM 90m at station coordinates),best_match,"proxy: valid_time - lead_hours (historical forecast, not original run archive)",NOAA ISD via Phase 6 expanded dataset (QC=1),0.0065
43021099999,NANDED,19.083,77.333,358.0,2023-02-04T12:00:00,2023-02-03T12:00:00,24,February_2023,29.0,27.8,383.0,19.086115,77.295166,383.0,0.0,27.8,27.8,Open-Meteo Historical Forecast API (best_match/GFS Seamless),Open-Meteo Historical Forecast API (SRTM 90m at snapped grid),Open-Meteo Elevation API (SRTM 90m at station coordinates),best_match,"proxy: valid_time - lead_hours (historical forecast, not original run archive)",NOAA ISD via Phase 6 expanded dataset (QC=1),0.0065
43021099999,NANDED,19.083,77.333,358.0,2023-02-05T12:00:00,2023-02-03T12:00:00,48,February_2023,31.0,28.6,383.0,19.086115,77.295166,383.0,0.0,28.6,28.6,Open-Meteo Historical Forecast API (best_match/GFS Seamless),Open-Meteo Historical Forecast API (SRTM 90m at snapped grid),Open-Meteo Elevation API (SRTM 90m at station coordinates),best_match,"proxy: valid_time - lead_hours (historical forecast, not original run archive)",NOAA ISD via Phase 6 expanded dataset (QC=1),0.0065
43021099999,NANDED,19.083,77.333,358.0,2023-02-04T12:00:00,2023-02-04T00:00:00,12,February_2023,29.0,27.8,383.0,19.086115,77.295166,383.0,0.0,27.8,27.8,Open-Meteo Historical Forecast API (best_match/GFS Seamless),Open-Meteo Historical Forecast API (SRTM 90m at snapped grid),Open-Meteo Elevation API (SRTM 90m at station coordinates),best_match,"proxy: valid_time - lead_hours (historical forecast, not original run archive)",NOAA ISD via Phase 6 expanded dataset (QC=1),0.0065
43021099999,NANDED,19.083,77.333,358.0,2023-02-05T12:00:00,2023-02-04T00:00:00,36,February_2023,31.0,28.6,383.0,19.086115,77.295166,383.0,0.0,28.6,28.6,Open-Meteo Historical Forecast API (best_match/GFS Seamless),Open-Meteo Historical Forecast API (SRTM 90m at snapped grid),Open-Meteo Elevation API (SRTM 90m at station coordinates),best_match,"proxy: valid_time - lead_hours (historical forecast, not original run archive)",NOAA ISD via Phase 6 expanded dataset (QC=1),0.0065
43021099999,NANDED,19.083,77.333,358.0,2023-02-05T12:00:00,2023-02-04T12:00:00,24,February_2023,31.0,28.6,383.0,19.086115,77.295166,383.0,0.0,28.6,28.6,Open-Meteo Historical Forecast API (best_match/GFS Seamless),Open-Meteo Historical Forecast API (SRTM 90m at snapped grid),Open-Meteo Elevation API (SRTM 90m at station coordinates),best_match,"proxy: valid_time - lead_hours (historical forecast, not original run archive)",NOAA ISD via Phase 6 expanded dataset (QC=1),0.0065
43021099999,NANDED,19.083,77.333,358.0,2023-02-06T12:00:00,2023-02-04T12:00:00,48,February_2023,31.0,30.8,383.0,19.086115,77.295166,383.0,0.0,30.8,30.8,Open-Meteo Historical Forecast API (best_match/GFS Seamless),Open-Meteo Historical Forecast API (SRTM 90m at snapped grid),Open-Meteo Elevation API (SRTM 90m at station coordinates),best_match,"proxy: valid_time - lead_hours (historical forecast, not original run archive)",NOAA ISD via Phase 6 expanded dataset (QC=1),0.0065
43021099999,NANDED,19.083,77.333,358.0,2023-02-05T12:00:00,2023-02-05T00:00:00,12,February_2023,31.0,28.6,383.0,19.086115,77.295166,383.0,0.0,28.6,28.6,Open-Meteo Historical Forecast API (best_match/GFS Seamless),Open-Meteo Historical Forecast API (SRTM 90m at snapped grid),Open-Meteo Elevation API (SRTM 90m at station coordinates),best_match,"proxy: valid_time - lead_hours (historical forecast, not original run archive)",NOAA ISD via Phase 6 expanded dataset (QC=1),0.0065
43021099999,NANDED,19.083,77.333,358.0,2023-02-06T12:00:00,2023-02-05T00:00:00,36,February_2023,31.0,30.8,383.0,19.086115,77.295166,383.0,0.0,30.8,30.8,Open-Meteo Historical Forecast API (best_match/GFS Seamless),Open-Meteo Historical Forecast API (SRTM 90m at snapped grid),Open-Meteo Elevation API (SRTM 90m at station coordinates),best_match,"proxy: valid_time - lead_hours (historical forecast, not original run archive)",NOAA ISD via Phase 6 expanded dataset (QC=1),0.0065
43021099999,NANDED,19.083,77.333,358.0,2023-02-06T12:00:00,2023-02-05T12:00:00,24,February_2023,31.0,30.8,383.0,19.086115,77.295166,383.0,0.0,30.8,30.8,Open-Meteo Historical Forecast API (best_match/GFS Seamless),Open-Meteo Historical Forecast API (SRTM 90m at snapped grid),Open-Meteo Elevation API (SRTM 90m at station coordinates),best_match,"proxy: valid_time - lead_hours (historical forecast, not original run archive)",NOAA ISD via Phase 6 expanded dataset (QC=1),0.0065
43021099999,NANDED,19.083,77.333,358.0,2023-02-07T12:00:00,2023-02-05T12:00:00,48,February_2023,31.6,30.4,383.0,19.086115,77.295166,383.0,0.0,30.4,30.4,Open-Meteo Historical Forecast API (best_match/GFS Seamless),Open-Meteo Historical Forecast API (SRTM 90m at snapped grid),Open-Meteo Elevation API (SRTM 90m at station coordinates),best_match,"proxy: valid_time - lead_hours (historical forecast, not original run archive)",NOAA ISD via Phase 6 expanded dataset (QC=1),0.0065
43021099999,NANDED,19.083,77.333,358.0,2023-02-06T12:00:00,2023-02-06T00:00:00,12,February_2023,31.0,30.8,383.0,19.086115,77.295166,383.0,0.0,30.8,30.8,Open-Meteo Historical Forecast API (best_match/GFS Seamless),Open-Meteo Historical Forecast API (SRTM 90m at snapped grid),Open-Meteo Elevation API (SRTM 90m at station coordinates),best_match,"proxy: valid_time - lead_hours (historical forecast, not original run archive)",NOAA ISD via Phase 6 expanded dataset (QC=1),0.0065
43021099999,NANDED,19.083,77.333,358.0,2023-02-07T12:00:00,2023-02-06T00:00:00,36,February_2023,31.6,30.4,383.0,19.086115,77.295166,383.0,0.0,30.4,30.4,Open-Meteo Historical Forecast API (best_match/GFS Seamless),Open-Meteo Historical Forecast API (SRTM 90m at snapped grid),Open-Meteo Elevation API (SRTM 90m at station coordinates),best_match,"proxy: valid_time - lead_hours (historical forecast, not original run archive)",NOAA ISD via Phase 6 expanded dataset (QC=1),0.0065
43021099999,NANDED,19.083,77.333,358.0,2023-02-07T12:00:00,2023-02-06T12:00:00,24,February_2023,31.6,30.4,383.0,19.086115,77.295166,383.0,0.0,30.4,30.4,Open-Meteo Historical Forecast API (best_match/GFS Seamless),Open-Meteo Historical Forecast API (SRTM 90m at snapped grid),Open-Meteo Elevation API (SRTM 90m at station coordinates),best_match,"proxy: valid_time - lead_hours (historical forecast, not original run archive)",NOAA ISD via Phase 6 expanded dataset (QC=1),0.0065
43021099999,NANDED,19.083,77.333,358.0,2023-02-08T12:00:00,2023-02-06T12:00:00,48,February_2023,31.8,30.4,383.0,19.086115,77.295166,383.0,0.0,30.4,30.4,Open-Meteo Historical Forecast API (best_match/GFS Seamless),Open-Meteo Historical Forecast API (SRTM 90m at snapped grid),Open-Meteo Elevation API (SRTM 90m at station coordinates),best_match,"proxy: valid_time - lead_hours (historical forecast, not original run archive)",NOAA ISD via Phase 6 expanded dataset (QC=1),0.0065
43021099999,NANDED,19.083,77.333,358.0,2023-02-07T12:00:00,2023-02-07T00:00:00,12,February_2023,31.6,30.4,383.0,19.086115,77.295166,383.0,0.0,30.4,30.4,Open-Meteo Historical Forecast API (best_match/GFS Seamless),Open-Meteo Historical Forecast API (SRTM 90m at snapped grid),Open-Meteo Elevation API (SRTM 90m at station coordinates),best_match,"proxy: valid_time - lead_hours (historical forecast, not original run archive)",NOAA ISD via Phase 6 expanded dataset (QC=1),0.0065
43021099999,NANDED,19.083,77.333,358.0,2023-02-08T12:00:00,2023-02-07T00:00:00,36,February_2023,31.8,30.4,383.0,19.086115,77.295166,383.0,0.0,30.4,30.4,Open-Meteo Historical Forecast API (best_match/GFS Seamless),Open-Meteo Historical Forecast API (SRTM 90m at snapped grid),Open-Meteo Elevation API (SRTM 90m at station coordinates),best_match,"proxy: valid_time - lead_hours (historical forecast, not original run archive)",NOAA ISD via Phase 6 expanded dataset (QC=1),0.0065
43021099999,NANDED,19.083,77.333,358.0,2023-02-08T12:00:00,2023-02-07T12:00:00,24,February_2023,31.8,30.4,383.0,19.086115,77.295166,383.0,0.0,30.4,30.4,Open-Meteo Historical Forecast API (best_match/GFS Seamless),Open-Meteo Historical Forecast API (SRTM 90m at snapped grid),Open-Meteo Elevation API (SRTM 90m at station coordinates),best_match,"proxy: valid_time - lead_hours (historical forecast, not original run archive)",NOAA ISD via Phase 6 expanded dataset (QC=1),0.0065
43021099999,NANDED,19.083,77.333,358.0,2023-02-09T12:00:00,2023-02-07T12:00:00,48,February_2023,33.0,30.8,383.0,19.086115,77.295166,383.0,0.0,30.8,30.8,Open-Meteo Historical Forecast API (best_match/GFS Seamless),Open-Meteo Historical Forecast API (SRTM 90m at snapped grid),Open-Meteo Elevation API (SRTM 90m at station coordinates),best_match,"proxy: valid_time - lead_hours (historical forecast, not original run archive)",NOAA ISD via Phase 6 expanded dataset (QC=1),0.0065
43021099999,NANDED,19.083,77.333,358.0,2023-02-08T12:00:00,2023-02-08T00:00:00,12,February_2023,31.8,30.4,383.0,19.086115,77.295166,383.0,0.0,30.4,30.4,Open-Meteo Historical Forecast API (best_match/GFS Seamless),Open-Meteo Historical Forecast API (SRTM 90m at snapped grid),Open-Meteo Elevation API (SRTM 90m at station coordinates),best_match,"proxy: valid_time - lead_hours (historical forecast, not original run archive)",NOAA ISD via Phase 6 expanded dataset (QC=1),0.0065
43021099999,NANDED,19.083,77.333,358.0,2023-02-09T12:00:00,2023-02-08T00:00:00,36,February_2023,33.0,30.8,383.0,19.086115,77.295166,383.0,0.0,30.8,30.8,Open-Meteo Historical Forecast API (best_match/GFS Seamless),Open-Meteo Historical Forecast API (SRTM 90m at snapped grid),Open-Meteo Elevation API (SRTM 90m at station coordinates),best_match,"proxy: valid_time - lead_hours (historical forecast, not original run archive)",NOAA ISD via Phase 6 expanded dataset (QC=1),0.0065
43021099999,NANDED,19.083,77.333,358.0,2023-02-09T12:00:00,2023-02-08T12:00:00,24,February_2023,33.0,30.8,383.0,19.086115,77.295166,383.0,0.0,30.8,30.8,Open-Meteo Historical Forecast API (best_match/GFS Seamless),Open-Meteo Historical Forecast API (SRTM 90m at snapped grid),Open-Meteo Elevation API (SRTM 90m at station coordinates),best_match,"proxy: valid_time - lead_hours (historical forecast, not original run archive)",NOAA ISD via Phase 6 expanded dataset (QC=1),0.0065
43021099999,NANDED,19.083,77.333,358.0,2023-02-10T12:00:00,2023-02-08T12:00:00,48,February_2023,32.0,32.4,383.0,19.086115,77.295166,383.0,0.0,32.4,32.4,Open-Meteo Historical Forecast API (best_match/GFS Seamless),Open-Meteo Historical Forecast API (SRTM 90m at snapped grid),Open-Meteo Elevation API (SRTM 90m at station coordinates),best_match,"proxy: valid_time - lead_hours (historical forecast, not original run archive)",NOAA ISD via Phase 6 expanded dataset (QC=1),0.0065
43021099999,NANDED,19.083,77.333,358.0,2023-02-09T12:00:00,2023-02-09T00:00:00,12,February_2023,33.0,30.8,383.0,19.086115,77.295166,383.0,0.0,30.8,30.8,Open-Meteo Historical Forecast API (best_match/GFS Seamless),Open-Meteo Historical Forecast API (SRTM 90m at snapped grid),Open-Meteo Elevation API (SRTM 90m at station coordinates),best_match,"proxy: valid_time - lead_hours (historical forecast, not original run archive)",NOAA ISD via Phase 6 expanded dataset (QC=1),0.0065
43021099999,NANDED,19.083,77.333,358.0,2023-02-10T12:00:00,2023-02-09T00:00:00,36,February_2023,32.0,32.4,383.0,19.086115,77.295166,383.0,0.0,32.4,32.4,Open-Meteo Historical Forecast API (best_match/GFS Seamless),Open-Meteo Historical Forecast API (SRTM 90m at snapped grid),Open-Meteo Elevation API (SRTM 90m at station coordinates),best_match,"proxy: valid_time - lead_hours (historical forecast, not original run archive)",NOAA ISD via Phase 6 expanded dataset (QC=1),0.0065
43021099999,NANDED,19.083,77.333,358.0,2023-02-10T12:00:00,2023-02-09T12:00:00,24,February_2023,32.0,32.4,383.0,19.086115,77.295166,383.0,0.0,32.4,32.4,Open-Meteo Historical Forecast API (best_match/GFS Seamless),Open-Meteo Historical Forecast API (SRTM 90m at snapped grid),Open-Meteo Elevation API (SRTM 90m at station coordinates),best_match,"proxy: valid_time - lead_hours (historical forecast, not original run archive)",NOAA ISD via Phase 6 expanded dataset (QC=1),0.0065
43021099999,NANDED,19.083,77.333,358.0,2023-02-10T12:00:00,2023-02-10T00:00:00,12,February_2023,32.0,32.4,383.0,19.086115,77.295166,383.0,0.0,32.4,32.4,Open-Meteo Historical Forecast API (best_match/GFS Seamless),Open-Meteo Historical Forecast API (SRTM 90m at snapped grid),Open-Meteo Elevation API (SRTM 90m at station coordinates),best_match,"proxy: valid_time - lead_hours (historical forecast, not original run archive)",NOAA ISD via Phase 6 expanded dataset (QC=1),0.0065
43021099999,NANDED,19.083,77.333,358.0,2023-08-01T12:00:00,2023-08-01T00:00:00,12,August_2023,28.4,27.4,383.0,19.086115,77.295166,383.0,0.0,27.4,27.4,Open-Meteo Historical Forecast API (best_match/GFS Seamless),Open-Meteo Historical Forecast API (SRTM 90m at snapped grid),Open-Meteo Elevation API (SRTM 90m at station coordinates),best_match,"proxy: valid_time - lead_hours (historical forecast, not original run archive)",NOAA ISD via Phase 6 expanded dataset (QC=1),0.0065
43021099999,NANDED,19.083,77.333,358.0,2023-08-02T12:00:00,2023-08-01T00:00:00,36,August_2023,28.8,27.8,383.0,19.086115,77.295166,383.0,0.0,27.8,27.8,Open-Meteo Historical Forecast API (best_match/GFS Seamless),Open-Meteo Historical Forecast API (SRTM 90m at snapped grid),Open-Meteo Elevation API (SRTM 90m at station coordinates),best_match,"proxy: valid_time - lead_hours (historical forecast, not original run archive)",NOAA ISD via Phase 6 expanded dataset (QC=1),0.0065
43021099999,NANDED,19.083,77.333,358.0,2023-08-02T12:00:00,2023-08-01T12:00:00,24,August_2023,28.8,27.8,383.0,19.086115,77.295166,383.0,0.0,27.8,27.8,Open-Meteo Historical Forecast API (best_match/GFS Seamless),Open-Meteo Historical Forecast API (SRTM 90m at snapped grid),Open-Meteo Elevation API (SRTM 90m at station coordinates),best_match,"proxy: valid_time - lead_hours (historical forecast, not original run archive)",NOAA ISD via Phase 6 expanded dataset (QC=1),0.0065
43021099999,NANDED,19.083,77.333,358.0,2023-08-03T12:00:00,2023-08-01T12:00:00,48,August_2023,27.2,26.7,383.0,19.086115,77.295166,383.0,0.0,26.7,26.7,Open-Meteo Historical Forecast API (best_match/GFS Seamless),Open-Meteo Historical Forecast API (SRTM 90m at snapped grid),Open-Meteo Elevation API (SRTM 90m at station coordinates),best_match,"proxy: valid_time - lead_hours (historical forecast, not original run archive)",NOAA ISD via Phase 6 expanded dataset (QC=1),0.0065
43021099999,NANDED,19.083,77.333,358.0,2023-08-02T12:00:00,2023-08-02T00:00:00,12,August_2023,28.8,27.8,383.0,19.086115,77.295166,383.0,0.0,27.8,27.8,Open-Meteo Historical Forecast API (best_match/GFS Seamless),Open-Meteo Historical Forecast API (SRTM 90m at snapped grid),Open-Meteo Elevation API (SRTM 90m at station coordinates),best_match,"proxy: valid_time - lead_hours (historical forecast, not original run archive)",NOAA ISD via Phase 6 expanded dataset (QC=1),0.0065
43021099999,NANDED,19.083,77.333,358.0,2023-08-03T12:00:00,2023-08-02T00:00:00,36,August_2023,27.2,26.7,383.0,19.086115,77.295166,383.0,0.0,26.7,26.7,Open-Meteo Historical Forecast API (best_match/GFS Seamless),Open-Meteo Historical Forecast API (SRTM 90m at snapped grid),Open-Meteo Elevation API (SRTM 90m at station coordinates),best_match,"proxy: valid_time - lead_hours (historical forecast, not original run archive)",NOAA ISD via Phase 6 expanded dataset (QC=1),0.0065
43021099999,NANDED,19.083,77.333,358.0,2023-08-03T12:00:00,2023-08-02T12:00:00,24,August_2023,27.2,26.7,383.0,19.086115,77.295166,383.0,0.0,26.7,26.7,Open-Meteo Historical Forecast API (best_match/GFS Seamless),Open-Meteo Historical Forecast API (SRTM 90m at snapped grid),Open-Meteo Elevation API (SRTM 90m at station coordinates),best_match,"proxy: valid_time - lead_hours (historical forecast, not original run archive)",NOAA ISD via Phase 6 expanded dataset (QC=1),0.0065
43021099999,NANDED,19.083,77.333,358.0,2023-08-03T12:00:00,2023-08-03T00:00:00,12,August_2023,27.2,26.7,383.0,19.086115,77.295166,383.0,0.0,26.7,26.7,Open-Meteo Historical Forecast API (best_match/GFS Seamless),Open-Meteo Historical Forecast API (SRTM 90m at snapped grid),Open-Meteo Elevation API (SRTM 90m at station coordinates),best_match,"proxy: valid_time - lead_hours (historical forecast, not original run archive)",NOAA ISD via Phase 6 expanded dataset (QC=1),0.0065
43021099999,NANDED,19.083,77.333,358.0,2023-08-05T12:00:00,2023-08-03T12:00:00,48,August_2023,28.4,28.4,383.0,19.086115,77.295166,383.0,0.0,28.4,28.4,Open-Meteo Historical Forecast API (best_match/GFS Seamless),Open-Meteo Historical Forecast API (SRTM 90m at snapped grid),Open-Meteo Elevation API (SRTM 90m at station coordinates),best_match,"proxy: valid_time - lead_hours (historical forecast, not original run archive)",NOAA ISD via Phase 6 expanded dataset (QC=1),0.0065
43021099999,NANDED,19.083,77.333,358.0,2023-08-05T12:00:00,2023-08-04T00:00:00,36,August_2023,28.4,28.4,383.0,19.086115,77.295166,383.0,0.0,28.4,28.4,Open-Meteo Historical Forecast API (best_match/GFS Seamless),Open-Meteo Historical Forecast API (SRTM 90m at snapped grid),Open-Meteo Elevation API (SRTM 90m at station coordinates),best_match,"proxy: valid_time - lead_hours (historical forecast, not original run archive)",NOAA ISD via Phase 6 expanded dataset (QC=1),0.0065
43021099999,NANDED,19.083,77.333,358.0,2023-08-05T12:00:00,2023-08-04T12:00:00,24,August_2023,28.4,28.4,383.0,19.086115,77.295166,383.0,0.0,28.4,28.4,Open-Meteo Historical Forecast API (best_match/GFS Seamless),Open-Meteo Historical Forecast API (SRTM 90m at snapped grid),Open-Meteo Elevation API (SRTM 90m at station coordinates),best_match,"proxy: valid_time - lead_hours (historical forecast, not original run archive)",NOAA ISD via Phase 6 expanded dataset (QC=1),0.0065
43021099999,NANDED,19.083,77.333,358.0,2023-08-06T12:00:00,2023-08-04T12:00:00,48,August_2023,30.0,29.2,383.0,19.086115,77.295166,383.0,0.0,29.2,29.2,Open-Meteo Historical Forecast API (best_match/GFS Seamless),Open-Meteo Historical Forecast API (SRTM 90m at snapped grid),Open-Meteo Elevation API (SRTM 90m at station coordinates),best_match,"proxy: valid_time - lead_hours (historical forecast, not original run archive)",NOAA ISD via Phase 6 expanded dataset (QC=1),0.0065
43021099999,NANDED,19.083,77.333,358.0,2023-08-05T12:00:00,2023-08-05T00:00:00,12,August_2023,28.4,28.4,383.0,19.086115,77.295166,383.0,0.0,28.4,28.4,Open-Meteo Historical Forecast API (best_match/GFS Seamless),Open-Meteo Historical Forecast API (SRTM 90m at snapped grid),Open-Meteo Elevation API (SRTM 90m at station coordinates),best_match,"proxy: valid_time - lead_hours (historical forecast, not original run archive)",NOAA ISD via Phase 6 expanded dataset (QC=1),0.0065
43021099999,NANDED,19.083,77.333,358.0,2023-08-06T12:00:00,2023-08-05T00:00:00,36,August_2023,30.0,29.2,383.0,19.086115,77.295166,383.0,0.0,29.2,29.2,Open-Meteo Historical Forecast API (best_match/GFS Seamless),Open-Meteo Historical Forecast API (SRTM 90m at snapped grid),Open-Meteo Elevation API (SRTM 90m at station coordinates),best_match,"proxy: valid_time - lead_hours (historical forecast, not original run archive)",NOAA ISD via Phase 6 expanded dataset (QC=1),0.0065
43021099999,NANDED,19.083,77.333,358.0,2023-08-06T12:00:00,2023-08-05T12:00:00,24,August_2023,30.0,29.2,383.0,19.086115,77.295166,383.0,0.0,29.2,29.2,Open-Meteo Historical Forecast API (best_match/GFS Seamless),Open-Meteo Historical Forecast API (SRTM 90m at snapped grid),Open-Meteo Elevation API (SRTM 90m at station coordinates),best_match,"proxy: valid_time - lead_hours (historical forecast, not original run archive)",NOAA ISD via Phase 6 expanded dataset (QC=1),0.0065
43021099999,NANDED,19.083,77.333,358.0,2023-08-07T12:00:00,2023-08-05T12:00:00,48,August_2023,30.2,29.1,383.0,19.086115,77.295166,383.0,0.0,29.1,29.1,Open-Meteo Historical Forecast API (best_match/GFS Seamless),Open-Meteo Historical Forecast API (SRTM 90m at snapped grid),Open-Meteo Elevation API (SRTM 90m at station coordinates),best_match,"proxy: valid_time - lead_hours (historical forecast, not original run archive)",NOAA ISD via Phase 6 expanded dataset (QC=1),0.0065
43021099999,NANDED,19.083,77.333,358.0,2023-08-06T12:00:00,2023-08-06T00:00:00,12,August_2023,30.0,29.2,383.0,19.086115,77.295166,383.0,0.0,29.2,29.2,Open-Meteo Historical Forecast API (best_match/GFS Seamless),Open-Meteo Historical Forecast API (SRTM 90m at snapped grid),Open-Meteo Elevation API (SRTM 90m at station coordinates),best_match,"proxy: valid_time - lead_hours (historical forecast, not original run archive)",NOAA ISD via Phase 6 expanded dataset (QC=1),0.0065
43021099999,NANDED,19.083,77.333,358.0,2023-08-07T12:00:00,2023-08-06T00:00:00,36,August_2023,30.2,29.1,383.0,19.086115,77.295166,383.0,0.0,29.1,29.1,Open-Meteo Historical Forecast API (best_match/GFS Seamless),Open-Meteo Historical Forecast API (SRTM 90m at snapped grid),Open-Meteo Elevation API (SRTM 90m at station coordinates),best_match,"proxy: valid_time - lead_hours (historical forecast, not original run archive)",NOAA ISD via Phase 6 expanded dataset (QC=1),0.0065
43021099999,NANDED,19.083,77.333,358.0,2023-08-07T12:00:00,2023-08-06T12:00:00,24,August_2023,30.2,29.1,383.0,19.086115,77.295166,383.0,0.0,29.1,29.1,Open-Meteo Historical Forecast API (best_match/GFS Seamless),Open-Meteo Historical Forecast API (SRTM 90m at snapped grid),Open-Meteo Elevation API (SRTM 90m at station coordinates),best_match,"proxy: valid_time - lead_hours (historical forecast, not original run archive)",NOAA ISD via Phase 6 expanded dataset (QC=1),0.0065
43021099999,NANDED,19.083,77.333,358.0,2023-08-08T12:00:00,2023-08-06T12:00:00,48,August_2023,30.8,28.6,383.0,19.086115,77.295166,383.0,0.0,28.6,28.6,Open-Meteo Historical Forecast API (best_match/GFS Seamless),Open-Meteo Historical Forecast API (SRTM 90m at snapped grid),Open-Meteo Elevation API (SRTM 90m at station coordinates),best_match,"proxy: valid_time - lead_hours (historical forecast, not original run archive)",NOAA ISD via Phase 6 expanded dataset (QC=1),0.0065
43021099999,NANDED,19.083,77.333,358.0,2023-08-07T12:00:00,2023-08-07T00:00:00,12,August_2023,30.2,29.1,383.0,19.086115,77.295166,383.0,0.0,29.1,29.1,Open-Meteo Historical Forecast API (best_match/GFS Seamless),Open-Meteo Historical Forecast API (SRTM 90m at snapped grid),Open-Meteo Elevation API (SRTM 90m at station coordinates),best_match,"proxy: valid_time - lead_hours (historical forecast, not original run archive)",NOAA ISD via Phase 6 expanded dataset (QC=1),0.0065
43021099999,NANDED,19.083,77.333,358.0,2023-08-08T12:00:00,2023-08-07T00:00:00,36,August_2023,30.8,28.6,383.0,19.086115,77.295166,383.0,0.0,28.6,28.6,Open-Meteo Historical Forecast API (best_match/GFS Seamless),Open-Meteo Historical Forecast API (SRTM 90m at snapped grid),Open-Meteo Elevation API (SRTM 90m at station coordinates),best_match,"proxy: valid_time - lead_hours (historical forecast, not original run archive)",NOAA ISD via Phase 6 expanded dataset (QC=1),0.0065
43021099999,NANDED,19.083,77.333,358.0,2023-08-08T12:00:00,2023-08-07T12:00:00,24,August_2023,30.8,28.6,383.0,19.086115,77.295166,383.0,0.0,28.6,28.6,Open-Meteo Historical Forecast API (best_match/GFS Seamless),Open-Meteo Historical Forecast API (SRTM 90m at snapped grid),Open-Meteo Elevation API (SRTM 90m at station coordinates),best_match,"proxy: valid_time - lead_hours (historical forecast, not original run archive)",NOAA ISD via Phase 6 expanded dataset (QC=1),0.0065
43021099999,NANDED,19.083,77.333,358.0,2023-08-09T12:00:00,2023-08-07T12:00:00,48,August_2023,30.6,30.2,383.0,19.086115,77.295166,383.0,0.0,30.2,30.2,Open-Meteo Historical Forecast API (best_match/GFS Seamless),Open-Meteo Historical Forecast API (SRTM 90m at snapped grid),Open-Meteo Elevation API (SRTM 90m at station coordinates),best_match,"proxy: valid_time - lead_hours (historical forecast, not original run archive)",NOAA ISD via Phase 6 expanded dataset (QC=1),0.0065
43021099999,NANDED,19.083,77.333,358.0,2023-08-08T12:00:00,2023-08-08T00:00:00,12,August_2023,30.8,28.6,383.0,19.086115,77.295166,383.0,0.0,28.6,28.6,Open-Meteo Historical Forecast API (best_match/GFS Seamless),Open-Meteo Historical Forecast API (SRTM 90m at snapped grid),Open-Meteo Elevation API (SRTM 90m at station coordinates),best_match,"proxy: valid_time - lead_hours (historical forecast, not original run archive)",NOAA ISD via Phase 6 expanded dataset (QC=1),0.0065
43021099999,NANDED,19.083,77.333,358.0,2023-08-09T12:00:00,2023-08-08T00:00:00,36,August_2023,30.6,30.2,383.0,19.086115,77.295166,383.0,0.0,30.2,30.2,Open-Meteo Historical Forecast API (best_match/GFS Seamless),Open-Meteo Historical Forecast API (SRTM 90m at snapped grid),Open-Meteo Elevation API (SRTM 90m at station coordinates),best_match,"proxy: valid_time - lead_hours (historical forecast, not original run archive)",NOAA ISD via Phase 6 expanded dataset (QC=1),0.0065
43021099999,NANDED,19.083,77.333,358.0,2023-08-09T12:00:00,2023-08-08T12:00:00,24,August_2023,30.6,30.2,383.0,19.086115,77.295166,383.0,0.0,30.2,30.2,Open-Meteo Historical Forecast API (best_match/GFS Seamless),Open-Meteo Historical Forecast API (SRTM 90m at snapped grid),Open-Meteo Elevation API (SRTM 90m at station coordinates),best_match,"proxy: valid_time - lead_hours (historical forecast, not original run archive)",NOAA ISD via Phase 6 expanded dataset (QC=1),0.0065
43021099999,NANDED,19.083,77.333,358.0,2023-08-09T12:00:00,2023-08-09T00:00:00,12,August_2023,30.6,30.2,383.0,19.086115,77.295166,383.0,0.0,30.2,30.2,Open-Meteo Historical Forecast API (best_match/GFS Seamless),Open-Meteo Historical Forecast API (SRTM 90m at snapped grid),Open-Meteo Elevation API (SRTM 90m at station coordinates),best_match,"proxy: valid_time - lead_hours (historical forecast, not original run archive)",NOAA ISD via Phase 6 expanded dataset (QC=1),0.0065
43029099999,CHANDRAPUR,19.967,79.3,193.0,2023-02-01T12:00:00,2023-02-01T00:00:00,12,February_2023,29.0,28.1,196.0,19.999998,79.29,196.0,0.0,28.1,28.1,Open-Meteo Historical Forecast API (best_match/GFS Seamless),Open-Meteo Historical Forecast API (SRTM 90m at snapped grid),Open-Meteo Elevation API (SRTM 90m at station coordinates),best_match,"proxy: valid_time - lead_hours (historical forecast, not original run archive)",NOAA ISD via Phase 6 expanded dataset (QC=1),0.0065
43029099999,CHANDRAPUR,19.967,79.3,193.0,2023-02-02T12:00:00,2023-02-01T00:00:00,36,February_2023,28.8,26.1,196.0,19.999998,79.29,196.0,0.0,26.1,26.1,Open-Meteo Historical Forecast API (best_match/GFS Seamless),Open-Meteo Historical Forecast API (SRTM 90m at snapped grid),Open-Meteo Elevation API (SRTM 90m at station coordinates),best_match,"proxy: valid_time - lead_hours (historical forecast, not original run archive)",NOAA ISD via Phase 6 expanded dataset (QC=1),0.0065
43029099999,CHANDRAPUR,19.967,79.3,193.0,2023-02-02T12:00:00,2023-02-01T12:00:00,24,February_2023,28.8,26.1,196.0,19.999998,79.29,196.0,0.0,26.1,26.1,Open-Meteo Historical Forecast API (best_match/GFS Seamless),Open-Meteo Historical Forecast API (SRTM 90m at snapped grid),Open-Meteo Elevation API (SRTM 90m at station coordinates),best_match,"proxy: valid_time - lead_hours (historical forecast, not original run archive)",NOAA ISD via Phase 6 expanded dataset (QC=1),0.0065
43029099999,CHANDRAPUR,19.967,79.3,193.0,2023-02-02T12:00:00,2023-02-02T00:00:00,12,February_2023,28.8,26.1,196.0,19.999998,79.29,196.0,0.0,26.1,26.1,Open-Meteo Historical Forecast API (best_match/GFS Seamless),Open-Meteo Historical Forecast API (SRTM 90m at snapped grid),Open-Meteo Elevation API (SRTM 90m at station coordinates),best_match,"proxy: valid_time - lead_hours (historical forecast, not original run archive)",NOAA ISD via Phase 6 expanded dataset (QC=1),0.0065
43029099999,CHANDRAPUR,19.967,79.3,193.0,2023-02-04T12:00:00,2023-02-02T12:00:00,48,February_2023,29.8,26.4,196.0,19.999998,79.29,196.0,0.0,26.4,26.4,Open-Meteo Historical Forecast API (best_match/GFS Seamless),Open-Meteo Historical Forecast API (SRTM 90m at snapped grid),Open-Meteo Elevation API (SRTM 90m at station coordinates),best_match,"proxy: valid_time - lead_hours (historical forecast, not original run archive)",NOAA ISD via Phase 6 expanded dataset (QC=1),0.0065
43029099999,CHANDRAPUR,19.967,79.3,193.0,2023-02-04T12:00:00,2023-02-03T00:00:00,36,February_2023,29.8,26.4,196.0,19.999998,79.29,196.0,0.0,26.4,26.4,Open-Meteo Historical Forecast API (best_match/GFS Seamless),Open-Meteo Historical Forecast API (SRTM 90m at snapped grid),Open-Meteo Elevation API (SRTM 90m at station coordinates),best_match,"proxy: valid_time - lead_hours (historical forecast, not original run archive)",NOAA ISD via Phase 6 expanded dataset (QC=1),0.0065
43029099999,CHANDRAPUR,19.967,79.3,193.0,2023-02-04T12:00:00,2023-02-03T12:00:00,24,February_2023,29.8,26.4,196.0,19.999998,79.29,196.0,0.0,26.4,26.4,Open-Meteo Historical Forecast API (best_match/GFS Seamless),Open-Meteo Historical Forecast API (SRTM 90m at snapped grid),Open-Meteo Elevation API (SRTM 90m at station coordinates),best_match,"proxy: valid_time - lead_hours (historical forecast, not original run archive)",NOAA ISD via Phase 6 expanded dataset (QC=1),0.0065
43029099999,CHANDRAPUR,19.967,79.3,193.0,2023-02-05T12:00:00,2023-02-03T12:00:00,48,February_2023,30.4,27.4,196.0,19.999998,79.29,196.0,0.0,27.4,27.4,Open-Meteo Historical Forecast API (best_match/GFS Seamless),Open-Meteo Historical Forecast API (SRTM 90m at snapped grid),Open-Meteo Elevation API (SRTM 90m at station coordinates),best_match,"proxy: valid_time - lead_hours (historical forecast, not original run archive)",NOAA ISD via Phase 6 expanded dataset (QC=1),0.0065
43029099999,CHANDRAPUR,19.967,79.3,193.0,2023-02-04T12:00:00,2023-02-04T00:00:00,12,February_2023,29.8,26.4,196.0,19.999998,79.29,196.0,0.0,26.4,26.4,Open-Meteo Historical Forecast API (best_match/GFS Seamless),Open-Meteo Historical Forecast API (SRTM 90m at snapped grid),Open-Meteo Elevation API (SRTM 90m at station coordinates),best_match,"proxy: valid_time - lead_hours (historical forecast, not original run archive)",NOAA ISD via Phase 6 expanded dataset (QC=1),0.0065
43029099999,CHANDRAPUR,19.967,79.3,193.0,2023-02-05T12:00:00,2023-02-04T00:00:00,36,February_2023,30.4,27.4,196.0,19.999998,79.29,196.0,0.0,27.4,27.4,Open-Meteo Historical Forecast API (best_match/GFS Seamless),Open-Meteo Historical Forecast API (SRTM 90m at snapped grid),Open-Meteo Elevation API (SRTM 90m at station coordinates),best_match,"proxy: valid_time - lead_hours (historical forecast, not original run archive)",NOAA ISD via Phase 6 expanded dataset (QC=1),0.0065
43029099999,CHANDRAPUR,19.967,79.3,193.0,2023-02-05T12:00:00,2023-02-04T12:00:00,24,February_2023,30.4,27.4,196.0,19.999998,79.29,196.0,0.0,27.4,27.4,Open-Meteo Historical Forecast API (best_match/GFS Seamless),Open-Meteo Historical Forecast API (SRTM 90m at snapped grid),Open-Meteo Elevation API (SRTM 90m at station coordinates),best_match,"proxy: valid_time - lead_hours (historical forecast, not original run archive)",NOAA ISD via Phase 6 expanded dataset (QC=1),0.0065
43029099999,CHANDRAPUR,19.967,79.3,193.0,2023-02-06T12:00:00,2023-02-04T12:00:00,48,February_2023,31.4,28.8,196.0,19.999998,79.29,196.0,0.0,28.8,28.8,Open-Meteo Historical Forecast API (best_match/GFS Seamless),Open-Meteo Historical Forecast API (SRTM 90m at snapped grid),Open-Meteo Elevation API (SRTM 90m at station coordinates),best_match,"proxy: valid_time - lead_hours (historical forecast, not original run archive)",NOAA ISD via Phase 6 expanded dataset (QC=1),0.0065
43029099999,CHANDRAPUR,19.967,79.3,193.0,2023-02-05T12:00:00,2023-02-05T00:00:00,12,February_2023,30.4,27.4,196.0,19.999998,79.29,196.0,0.0,27.4,27.4,Open-Meteo Historical Forecast API (best_match/GFS Seamless),Open-Meteo Historical Forecast API (SRTM 90m at snapped grid),Open-Meteo Elevation API (SRTM 90m at station coordinates),best_match,"proxy: valid_time - lead_hours (historical forecast, not original run archive)",NOAA ISD via Phase 6 expanded dataset (QC=1),0.0065
43029099999,CHANDRAPUR,19.967,79.3,193.0,2023-02-06T12:00:00,2023-02-05T00:00:00,36,February_2023,31.4,28.8,196.0,19.999998,79.29,196.0,0.0,28.8,28.8,Open-Meteo Historical Forecast API (best_match/GFS Seamless),Open-Meteo Historical Forecast API (SRTM 90m at snapped grid),Open-Meteo Elevation API (SRTM 90m at station coordinates),best_match,"proxy: valid_time - lead_hours (historical forecast, not original run archive)",NOAA ISD via Phase 6 expanded dataset (QC=1),0.0065
43029099999,CHANDRAPUR,19.967,79.3,193.0,2023-02-06T12:00:00,2023-02-05T12:00:00,24,February_2023,31.4,28.8,196.0,19.999998,79.29,196.0,0.0,28.8,28.8,Open-Meteo Historical Forecast API (best_match/GFS Seamless),Open-Meteo Historical Forecast API (SRTM 90m at snapped grid),Open-Meteo Elevation API (SRTM 90m at station coordinates),best_match,"proxy: valid_time - lead_hours (historical forecast, not original run archive)",NOAA ISD via Phase 6 expanded dataset (QC=1),0.0065
43029099999,CHANDRAPUR,19.967,79.3,193.0,2023-02-07T12:00:00,2023-02-05T12:00:00,48,February_2023,31.4,30.0,196.0,19.999998,79.29,196.0,0.0,30.0,30.0,Open-Meteo Historical Forecast API (best_match/GFS Seamless),Open-Meteo Historical Forecast API (SRTM 90m at snapped grid),Open-Meteo Elevation API (SRTM 90m at station coordinates),best_match,"proxy: valid_time - lead_hours (historical forecast, not original run archive)",NOAA ISD via Phase 6 expanded dataset (QC=1),0.0065
43029099999,CHANDRAPUR,19.967,79.3,193.0,2023-02-06T12:00:00,2023-02-06T00:00:00,12,February_2023,31.4,28.8,196.0,19.999998,79.29,196.0,0.0,28.8,28.8,Open-Meteo Historical Forecast API (best_match/GFS Seamless),Open-Meteo Historical Forecast API (SRTM 90m at snapped grid),Open-Meteo Elevation API (SRTM 90m at station coordinates),best_match,"proxy: valid_time - lead_hours (historical forecast, not original run archive)",NOAA ISD via Phase 6 expanded dataset (QC=1),0.0065
43029099999,CHANDRAPUR,19.967,79.3,193.0,2023-02-07T12:00:00,2023-02-06T00:00:00,36,February_2023,31.4,30.0,196.0,19.999998,79.29,196.0,0.0,30.0,30.0,Open-Meteo Historical Forecast API (best_match/GFS Seamless),Open-Meteo Historical Forecast API (SRTM 90m at snapped grid),Open-Meteo Elevation API (SRTM 90m at station coordinates),best_match,"proxy: valid_time - lead_hours (historical forecast, not original run archive)",NOAA ISD via Phase 6 expanded dataset (QC=1),0.0065
43029099999,CHANDRAPUR,19.967,79.3,193.0,2023-02-07T12:00:00,2023-02-06T12:00:00,24,February_2023,31.4,30.0,196.0,19.999998,79.29,196.0,0.0,30.0,30.0,Open-Meteo Historical Forecast API (best_match/GFS Seamless),Open-Meteo Historical Forecast API (SRTM 90m at snapped grid),Open-Meteo Elevation API (SRTM 90m at station coordinates),best_match,"proxy: valid_time - lead_hours (historical forecast, not original run archive)",NOAA ISD via Phase 6 expanded dataset (QC=1),0.0065
43029099999,CHANDRAPUR,19.967,79.3,193.0,2023-02-08T12:00:00,2023-02-06T12:00:00,48,February_2023,31.2,29.2,196.0,19.999998,79.29,196.0,0.0,29.2,29.2,Open-Meteo Historical Forecast API (best_match/GFS Seamless),Open-Meteo Historical Forecast API (SRTM 90m at snapped grid),Open-Meteo Elevation API (SRTM 90m at station coordinates),best_match,"proxy: valid_time - lead_hours (historical forecast, not original run archive)",NOAA ISD via Phase 6 expanded dataset (QC=1),0.0065
43029099999,CHANDRAPUR,19.967,79.3,193.0,2023-02-07T12:00:00,2023-02-07T00:00:00,12,February_2023,31.4,30.0,196.0,19.999998,79.29,196.0,0.0,30.0,30.0,Open-Meteo Historical Forecast API (best_match/GFS Seamless),Open-Meteo Historical Forecast API (SRTM 90m at snapped grid),Open-Meteo Elevation API (SRTM 90m at station coordinates),best_match,"proxy: valid_time - lead_hours (historical forecast, not original run archive)",NOAA ISD via Phase 6 expanded dataset (QC=1),0.0065
43029099999,CHANDRAPUR,19.967,79.3,193.0,2023-02-08T12:00:00,2023-02-07T00:00:00,36,February_2023,31.2,29.2,196.0,19.999998,79.29,196.0,0.0,29.2,29.2,Open-Meteo Historical Forecast API (best_match/GFS Seamless),Open-Meteo Historical Forecast API (SRTM 90m at snapped grid),Open-Meteo Elevation API (SRTM 90m at station coordinates),best_match,"proxy: valid_time - lead_hours (historical forecast, not original run archive)",NOAA ISD via Phase 6 expanded dataset (QC=1),0.0065
43029099999,CHANDRAPUR,19.967,79.3,193.0,2023-02-08T12:00:00,2023-02-07T12:00:00,24,February_2023,31.2,29.2,196.0,19.999998,79.29,196.0,0.0,29.2,29.2,Open-Meteo Historical Forecast API (best_match/GFS Seamless),Open-Meteo Historical Forecast API (SRTM 90m at snapped grid),Open-Meteo Elevation API (SRTM 90m at station coordinates),best_match,"proxy: valid_time - lead_hours (historical forecast, not original run archive)",NOAA ISD via Phase 6 expanded dataset (QC=1),0.0065
43029099999,CHANDRAPUR,19.967,79.3,193.0,2023-02-09T12:00:00,2023-02-07T12:00:00,48,February_2023,31.4,29.0,196.0,19.999998,79.29,196.0,0.0,29.0,29.0,Open-Meteo Historical Forecast API (best_match/GFS Seamless),Open-Meteo Historical Forecast API (SRTM 90m at snapped grid),Open-Meteo Elevation API (SRTM 90m at station coordinates),best_match,"proxy: valid_time - lead_hours (historical forecast, not original run archive)",NOAA ISD via Phase 6 expanded dataset (QC=1),0.0065
43029099999,CHANDRAPUR,19.967,79.3,193.0,2023-02-08T12:00:00,2023-02-08T00:00:00,12,February_2023,31.2,29.2,196.0,19.999998,79.29,196.0,0.0,29.2,29.2,Open-Meteo Historical Forecast API (best_match/GFS Seamless),Open-Meteo Historical Forecast API (SRTM 90m at snapped grid),Open-Meteo Elevation API (SRTM 90m at station coordinates),best_match,"proxy: valid_time - lead_hours (historical forecast, not original run archive)",NOAA ISD via Phase 6 expanded dataset (QC=1),0.0065
43029099999,CHANDRAPUR,19.967,79.3,193.0,2023-02-09T12:00:00,2023-02-08T00:00:00,36,February_2023,31.4,29.0,196.0,19.999998,79.29,196.0,0.0,29.0,29.0,Open-Meteo Historical Forecast API (best_match/GFS Seamless),Open-Meteo Historical Forecast API (SRTM 90m at snapped grid),Open-Meteo Elevation API (SRTM 90m at station coordinates),best_match,"proxy: valid_time - lead_hours (historical forecast, not original run archive)",NOAA ISD via Phase 6 expanded dataset (QC=1),0.0065
43029099999,CHANDRAPUR,19.967,79.3,193.0,2023-02-09T12:00:00,2023-02-08T12:00:00,24,February_2023,31.4,29.0,196.0,19.999998,79.29,196.0,0.0,29.0,29.0,Open-Meteo Historical Forecast API (best_match/GFS Seamless),Open-Meteo Historical Forecast API (SRTM 90m at snapped grid),Open-Meteo Elevation API (SRTM 90m at station coordinates),best_match,"proxy: valid_time - lead_hours (historical forecast, not original run archive)",NOAA ISD via Phase 6 expanded dataset (QC=1),0.0065
43029099999,CHANDRAPUR,19.967,79.3,193.0,2023-02-10T12:00:00,2023-02-08T12:00:00,48,February_2023,32.8,30.9,196.0,19.999998,79.29,196.0,0.0,30.9,30.9,Open-Meteo Historical Forecast API (best_match/GFS Seamless),Open-Meteo Historical Forecast API (SRTM 90m at snapped grid),Open-Meteo Elevation API (SRTM 90m at station coordinates),best_match,"proxy: valid_time - lead_hours (historical forecast, not original run archive)",NOAA ISD via Phase 6 expanded dataset (QC=1),0.0065
43029099999,CHANDRAPUR,19.967,79.3,193.0,2023-02-09T12:00:00,2023-02-09T00:00:00,12,February_2023,31.4,29.0,196.0,19.999998,79.29,196.0,0.0,29.0,29.0,Open-Meteo Historical Forecast API (best_match/GFS Seamless),Open-Meteo Historical Forecast API (SRTM 90m at snapped grid),Open-Meteo Elevation API (SRTM 90m at station coordinates),best_match,"proxy: valid_time - lead_hours (historical forecast, not original run archive)",NOAA ISD via Phase 6 expanded dataset (QC=1),0.0065
43029099999,CHANDRAPUR,19.967,79.3,193.0,2023-02-10T12:00:00,2023-02-09T00:00:00,36,February_2023,32.8,30.9,196.0,19.999998,79.29,196.0,0.0,30.9,30.9,Open-Meteo Historical Forecast API (best_match/GFS Seamless),Open-Meteo Historical Forecast API (SRTM 90m at snapped grid),Open-Meteo Elevation API (SRTM 90m at station coordinates),best_match,"proxy: valid_time - lead_hours (historical forecast, not original run archive)",NOAA ISD via Phase 6 expanded dataset (QC=1),0.0065
43029099999,CHANDRAPUR,19.967,79.3,193.0,2023-02-10T12:00:00,2023-02-09T12:00:00,24,February_2023,32.8,30.9,196.0,19.999998,79.29,196.0,0.0,30.9,30.9,Open-Meteo Historical Forecast API (best_match/GFS Seamless),Open-Meteo Historical Forecast API (SRTM 90m at snapped grid),Open-Meteo Elevation API (SRTM 90m at station coordinates),best_match,"proxy: valid_time - lead_hours (historical forecast, not original run archive)",NOAA ISD via Phase 6 expanded dataset (QC=1),0.0065
43029099999,CHANDRAPUR,19.967,79.3,193.0,2023-02-10T12:00:00,2023-02-10T00:00:00,12,February_2023,32.8,30.9,196.0,19.999998,79.29,196.0,0.0,30.9,30.9,Open-Meteo Historical Forecast API (best_match/GFS Seamless),Open-Meteo Historical Forecast API (SRTM 90m at snapped grid),Open-Meteo Elevation API (SRTM 90m at station coordinates),best_match,"proxy: valid_time - lead_hours (historical forecast, not original run archive)",NOAA ISD via Phase 6 expanded dataset (QC=1),0.0065
43029099999,CHANDRAPUR,19.967,79.3,193.0,2023-08-01T12:00:00,2023-08-01T00:00:00,12,August_2023,28.4,28.6,196.0,19.999998,79.29,196.0,0.0,28.6,28.6,Open-Meteo Historical Forecast API (best_match/GFS Seamless),Open-Meteo Historical Forecast API (SRTM 90m at snapped grid),Open-Meteo Elevation API (SRTM 90m at station coordinates),best_match,"proxy: valid_time - lead_hours (historical forecast, not original run archive)",NOAA ISD via Phase 6 expanded dataset (QC=1),0.0065
43029099999,CHANDRAPUR,19.967,79.3,193.0,2023-08-02T12:00:00,2023-08-01T00:00:00,36,August_2023,27.2,26.4,196.0,19.999998,79.29,196.0,0.0,26.4,26.4,Open-Meteo Historical Forecast API (best_match/GFS Seamless),Open-Meteo Historical Forecast API (SRTM 90m at snapped grid),Open-Meteo Elevation API (SRTM 90m at station coordinates),best_match,"proxy: valid_time - lead_hours (historical forecast, not original run archive)",NOAA ISD via Phase 6 expanded dataset (QC=1),0.0065
43029099999,CHANDRAPUR,19.967,79.3,193.0,2023-08-02T12:00:00,2023-08-01T12:00:00,24,August_2023,27.2,26.4,196.0,19.999998,79.29,196.0,0.0,26.4,26.4,Open-Meteo Historical Forecast API (best_match/GFS Seamless),Open-Meteo Historical Forecast API (SRTM 90m at snapped grid),Open-Meteo Elevation API (SRTM 90m at station coordinates),best_match,"proxy: valid_time - lead_hours (historical forecast, not original run archive)",NOAA ISD via Phase 6 expanded dataset (QC=1),0.0065
43029099999,CHANDRAPUR,19.967,79.3,193.0,2023-08-03T12:00:00,2023-08-01T12:00:00,48,August_2023,25.4,25.6,196.0,19.999998,79.29,196.0,0.0,25.6,25.6,Open-Meteo Historical Forecast API (best_match/GFS Seamless),Open-Meteo Historical Forecast API (SRTM 90m at snapped grid),Open-Meteo Elevation API (SRTM 90m at station coordinates),best_match,"proxy: valid_time - lead_hours (historical forecast, not original run archive)",NOAA ISD via Phase 6 expanded dataset (QC=1),0.0065
43029099999,CHANDRAPUR,19.967,79.3,193.0,2023-08-02T12:00:00,2023-08-02T00:00:00,12,August_2023,27.2,26.4,196.0,19.999998,79.29,196.0,0.0,26.4,26.4,Open-Meteo Historical Forecast API (best_match/GFS Seamless),Open-Meteo Historical Forecast API (SRTM 90m at snapped grid),Open-Meteo Elevation API (SRTM 90m at station coordinates),best_match,"proxy: valid_time - lead_hours (historical forecast, not original run archive)",NOAA ISD via Phase 6 expanded dataset (QC=1),0.0065
43029099999,CHANDRAPUR,19.967,79.3,193.0,2023-08-03T12:00:00,2023-08-02T00:00:00,36,August_2023,25.4,25.6,196.0,19.999998,79.29,196.0,0.0,25.6,25.6,Open-Meteo Historical Forecast API (best_match/GFS Seamless),Open-Meteo Historical Forecast API (SRTM 90m at snapped grid),Open-Meteo Elevation API (SRTM 90m at station coordinates),best_match,"proxy: valid_time - lead_hours (historical forecast, not original run archive)",NOAA ISD via Phase 6 expanded dataset (QC=1),0.0065
43029099999,CHANDRAPUR,19.967,79.3,193.0,2023-08-03T12:00:00,2023-08-02T12:00:00,24,August_2023,25.4,25.6,196.0,19.999998,79.29,196.0,0.0,25.6,25.6,Open-Meteo Historical Forecast API (best_match/GFS Seamless),Open-Meteo Historical Forecast API (SRTM 90m at snapped grid),Open-Meteo Elevation API (SRTM 90m at station coordinates),best_match,"proxy: valid_time - lead_hours (historical forecast, not original run archive)",NOAA ISD via Phase 6 expanded dataset (QC=1),0.0065
43029099999,CHANDRAPUR,19.967,79.3,193.0,2023-08-04T12:00:00,2023-08-02T12:00:00,48,August_2023,25.4,29.4,196.0,19.999998,79.29,196.0,0.0,29.4,29.4,Open-Meteo Historical Forecast API (best_match/GFS Seamless),Open-Meteo Historical Forecast API (SRTM 90m at snapped grid),Open-Meteo Elevation API (SRTM 90m at station coordinates),best_match,"proxy: valid_time - lead_hours (historical forecast, not original run archive)",NOAA ISD via Phase 6 expanded dataset (QC=1),0.0065
43029099999,CHANDRAPUR,19.967,79.3,193.0,2023-08-03T12:00:00,2023-08-03T00:00:00,12,August_2023,25.4,25.6,196.0,19.999998,79.29,196.0,0.0,25.6,25.6,Open-Meteo Historical Forecast API (best_match/GFS Seamless),Open-Meteo Historical Forecast API (SRTM 90m at snapped grid),Open-Meteo Elevation API (SRTM 90m at station coordinates),best_match,"proxy: valid_time - lead_hours (historical forecast, not original run archive)",NOAA ISD via Phase 6 expanded dataset (QC=1),0.0065
43029099999,CHANDRAPUR,19.967,79.3,193.0,2023-08-04T12:00:00,2023-08-03T00:00:00,36,August_2023,25.4,29.4,196.0,19.999998,79.29,196.0,0.0,29.4,29.4,Open-Meteo Historical Forecast API (best_match/GFS Seamless),Open-Meteo Historical Forecast API (SRTM 90m at snapped grid),Open-Meteo Elevation API (SRTM 90m at station coordinates),best_match,"proxy: valid_time - lead_hours (historical forecast, not original run archive)",NOAA ISD via Phase 6 expanded dataset (QC=1),0.0065
43029099999,CHANDRAPUR,19.967,79.3,193.0,2023-08-04T12:00:00,2023-08-03T12:00:00,24,August_2023,25.4,29.4,196.0,19.999998,79.29,196.0,0.0,29.4,29.4,Open-Meteo Historical Forecast API (best_match/GFS Seamless),Open-Meteo Historical Forecast API (SRTM 90m at snapped grid),Open-Meteo Elevation API (SRTM 90m at station coordinates),best_match,"proxy: valid_time - lead_hours (historical forecast, not original run archive)",NOAA ISD via Phase 6 expanded dataset (QC=1),0.0065
43029099999,CHANDRAPUR,19.967,79.3,193.0,2023-08-05T12:00:00,2023-08-03T12:00:00,48,August_2023,33.2,30.4,196.0,19.999998,79.29,196.0,0.0,30.4,30.4,Open-Meteo Historical Forecast API (best_match/GFS Seamless),Open-Meteo Historical Forecast API (SRTM 90m at snapped grid),Open-Meteo Elevation API (SRTM 90m at station coordinates),best_match,"proxy: valid_time - lead_hours (historical forecast, not original run archive)",NOAA ISD via Phase 6 expanded dataset (QC=1),0.0065
43029099999,CHANDRAPUR,19.967,79.3,193.0,2023-08-04T12:00:00,2023-08-04T00:00:00,12,August_2023,25.4,29.4,196.0,19.999998,79.29,196.0,0.0,29.4,29.4,Open-Meteo Historical Forecast API (best_match/GFS Seamless),Open-Meteo Historical Forecast API (SRTM 90m at snapped grid),Open-Meteo Elevation API (SRTM 90m at station coordinates),best_match,"proxy: valid_time - lead_hours (historical forecast, not original run archive)",NOAA ISD via Phase 6 expanded dataset (QC=1),0.0065
43029099999,CHANDRAPUR,19.967,79.3,193.0,2023-08-05T12:00:00,2023-08-04T00:00:00,36,August_2023,33.2,30.4,196.0,19.999998,79.29,196.0,0.0,30.4,30.4,Open-Meteo Historical Forecast API (best_match/GFS Seamless),Open-Meteo Historical Forecast API (SRTM 90m at snapped grid),Open-Meteo Elevation API (SRTM 90m at station coordinates),best_match,"proxy: valid_time - lead_hours (historical forecast, not original run archive)",NOAA ISD via Phase 6 expanded dataset (QC=1),0.0065
43029099999,CHANDRAPUR,19.967,79.3,193.0,2023-08-05T12:00:00,2023-08-04T12:00:00,24,August_2023,33.2,30.4,196.0,19.999998,79.29,196.0,0.0,30.4,30.4,Open-Meteo Historical Forecast API (best_match/GFS Seamless),Open-Meteo Historical Forecast API (SRTM 90m at snapped grid),Open-Meteo Elevation API (SRTM 90m at station coordinates),best_match,"proxy: valid_time - lead_hours (historical forecast, not original run archive)",NOAA ISD via Phase 6 expanded dataset (QC=1),0.0065
43029099999,CHANDRAPUR,19.967,79.3,193.0,2023-08-06T12:00:00,2023-08-04T12:00:00,48,August_2023,30.0,29.5,196.0,19.999998,79.29,196.0,0.0,29.5,29.5,Open-Meteo Historical Forecast API (best_match/GFS Seamless),Open-Meteo Historical Forecast API (SRTM 90m at snapped grid),Open-Meteo Elevation API (SRTM 90m at station coordinates),best_match,"proxy: valid_time - lead_hours (historical forecast, not original run archive)",NOAA ISD via Phase 6 expanded dataset (QC=1),0.0065
43029099999,CHANDRAPUR,19.967,79.3,193.0,2023-08-05T12:00:00,2023-08-05T00:00:00,12,August_2023,33.2,30.4,196.0,19.999998,79.29,196.0,0.0,30.4,30.4,Open-Meteo Historical Forecast API (best_match/GFS Seamless),Open-Meteo Historical Forecast API (SRTM 90m at snapped grid),Open-Meteo Elevation API (SRTM 90m at station coordinates),best_match,"proxy: valid_time - lead_hours (historical forecast, not original run archive)",NOAA ISD via Phase 6 expanded dataset (QC=1),0.0065
43029099999,CHANDRAPUR,19.967,79.3,193.0,2023-08-06T12:00:00,2023-08-05T00:00:00,36,August_2023,30.0,29.5,196.0,19.999998,79.29,196.0,0.0,29.5,29.5,Open-Meteo Historical Forecast API (best_match/GFS Seamless),Open-Meteo Historical Forecast API (SRTM 90m at snapped grid),Open-Meteo Elevation API (SRTM 90m at station coordinates),best_match,"proxy: valid_time - lead_hours (historical forecast, not original run archive)",NOAA ISD via Phase 6 expanded dataset (QC=1),0.0065
43029099999,CHANDRAPUR,19.967,79.3,193.0,2023-08-06T12:00:00,2023-08-05T12:00:00,24,August_2023,30.0,29.5,196.0,19.999998,79.29,196.0,0.0,29.5,29.5,Open-Meteo Historical Forecast API (best_match/GFS Seamless),Open-Meteo Historical Forecast API (SRTM 90m at snapped grid),Open-Meteo Elevation API (SRTM 90m at station coordinates),best_match,"proxy: valid_time - lead_hours (historical forecast, not original run archive)",NOAA ISD via Phase 6 expanded dataset (QC=1),0.0065
43029099999,CHANDRAPUR,19.967,79.3,193.0,2023-08-07T12:00:00,2023-08-05T12:00:00,48,August_2023,30.8,28.5,196.0,19.999998,79.29,196.0,0.0,28.5,28.5,Open-Meteo Historical Forecast API (best_match/GFS Seamless),Open-Meteo Historical Forecast API (SRTM 90m at snapped grid),Open-Meteo Elevation API (SRTM 90m at station coordinates),best_match,"proxy: valid_time - lead_hours (historical forecast, not original run archive)",NOAA ISD via Phase 6 expanded dataset (QC=1),0.0065
43029099999,CHANDRAPUR,19.967,79.3,193.0,2023-08-06T12:00:00,2023-08-06T00:00:00,12,August_2023,30.0,29.5,196.0,19.999998,79.29,196.0,0.0,29.5,29.5,Open-Meteo Historical Forecast API (best_match/GFS Seamless),Open-Meteo Historical Forecast API (SRTM 90m at snapped grid),Open-Meteo Elevation API (SRTM 90m at station coordinates),best_match,"proxy: valid_time - lead_hours (historical forecast, not original run archive)",NOAA ISD via Phase 6 expanded dataset (QC=1),0.0065
43029099999,CHANDRAPUR,19.967,79.3,193.0,2023-08-07T12:00:00,2023-08-06T00:00:00,36,August_2023,30.8,28.5,196.0,19.999998,79.29,196.0,0.0,28.5,28.5,Open-Meteo Historical Forecast API (best_match/GFS Seamless),Open-Meteo Historical Forecast API (SRTM 90m at snapped grid),Open-Meteo Elevation API (SRTM 90m at station coordinates),best_match,"proxy: valid_time - lead_hours (historical forecast, not original run archive)",NOAA ISD via Phase 6 expanded dataset (QC=1),0.0065
43029099999,CHANDRAPUR,19.967,79.3,193.0,2023-08-07T12:00:00,2023-08-06T12:00:00,24,August_2023,30.8,28.5,196.0,19.999998,79.29,196.0,0.0,28.5,28.5,Open-Meteo Historical Forecast API (best_match/GFS Seamless),Open-Meteo Historical Forecast API (SRTM 90m at snapped grid),Open-Meteo Elevation API (SRTM 90m at station coordinates),best_match,"proxy: valid_time - lead_hours (historical forecast, not original run archive)",NOAA ISD via Phase 6 expanded dataset (QC=1),0.0065
43029099999,CHANDRAPUR,19.967,79.3,193.0,2023-08-08T12:00:00,2023-08-06T12:00:00,48,August_2023,31.6,29.1,196.0,19.999998,79.29,196.0,0.0,29.1,29.1,Open-Meteo Historical Forecast API (best_match/GFS Seamless),Open-Meteo Historical Forecast API (SRTM 90m at snapped grid),Open-Meteo Elevation API (SRTM 90m at station coordinates),best_match,"proxy: valid_time - lead_hours (historical forecast, not original run archive)",NOAA ISD via Phase 6 expanded dataset (QC=1),0.0065
43029099999,CHANDRAPUR,19.967,79.3,193.0,2023-08-07T12:00:00,2023-08-07T00:00:00,12,August_2023,30.8,28.5,196.0,19.999998,79.29,196.0,0.0,28.5,28.5,Open-Meteo Historical Forecast API (best_match/GFS Seamless),Open-Meteo Historical Forecast API (SRTM 90m at snapped grid),Open-Meteo Elevation API (SRTM 90m at station coordinates),best_match,"proxy: valid_time - lead_hours (historical forecast, not original run archive)",NOAA ISD via Phase 6 expanded dataset (QC=1),0.0065
43029099999,CHANDRAPUR,19.967,79.3,193.0,2023-08-08T12:00:00,2023-08-07T00:00:00,36,August_2023,31.6,29.1,196.0,19.999998,79.29,196.0,0.0,29.1,29.1,Open-Meteo Historical Forecast API (best_match/GFS Seamless),Open-Meteo Historical Forecast API (SRTM 90m at snapped grid),Open-Meteo Elevation API (SRTM 90m at station coordinates),best_match,"proxy: valid_time - lead_hours (historical forecast, not original run archive)",NOAA ISD via Phase 6 expanded dataset (QC=1),0.0065
43029099999,CHANDRAPUR,19.967,79.3,193.0,2023-08-08T12:00:00,2023-08-07T12:00:00,24,August_2023,31.6,29.1,196.0,19.999998,79.29,196.0,0.0,29.1,29.1,Open-Meteo Historical Forecast API (best_match/GFS Seamless),Open-Meteo Historical Forecast API (SRTM 90m at snapped grid),Open-Meteo Elevation API (SRTM 90m at station coordinates),best_match,"proxy: valid_time - lead_hours (historical forecast, not original run archive)",NOAA ISD via Phase 6 expanded dataset (QC=1),0.0065
43029099999,CHANDRAPUR,19.967,79.3,193.0,2023-08-09T12:00:00,2023-08-07T12:00:00,48,August_2023,30.2,29.6,196.0,19.999998,79.29,196.0,0.0,29.6,29.6,Open-Meteo Historical Forecast API (best_match/GFS Seamless),Open-Meteo Historical Forecast API (SRTM 90m at snapped grid),Open-Meteo Elevation API (SRTM 90m at station coordinates),best_match,"proxy: valid_time - lead_hours (historical forecast, not original run archive)",NOAA ISD via Phase 6 expanded dataset (QC=1),0.0065
43029099999,CHANDRAPUR,19.967,79.3,193.0,2023-08-08T12:00:00,2023-08-08T00:00:00,12,August_2023,31.6,29.1,196.0,19.999998,79.29,196.0,0.0,29.1,29.1,Open-Meteo Historical Forecast API (best_match/GFS Seamless),Open-Meteo Historical Forecast API (SRTM 90m at snapped grid),Open-Meteo Elevation API (SRTM 90m at station coordinates),best_match,"proxy: valid_time - lead_hours (historical forecast, not original run archive)",NOAA ISD via Phase 6 expanded dataset (QC=1),0.0065
43029099999,CHANDRAPUR,19.967,79.3,193.0,2023-08-09T12:00:00,2023-08-08T00:00:00,36,August_2023,30.2,29.6,196.0,19.999998,79.29,196.0,0.0,29.6,29.6,Open-Meteo Historical Forecast API (best_match/GFS Seamless),Open-Meteo Historical Forecast API (SRTM 90m at snapped grid),Open-Meteo Elevation API (SRTM 90m at station coordinates),best_match,"proxy: valid_time - lead_hours (historical forecast, not original run archive)",NOAA ISD via Phase 6 expanded dataset (QC=1),0.0065
43029099999,CHANDRAPUR,19.967,79.3,193.0,2023-08-09T12:00:00,2023-08-08T12:00:00,24,August_2023,30.2,29.6,196.0,19.999998,79.29,196.0,0.0,29.6,29.6,Open-Meteo Historical Forecast API (best_match/GFS Seamless),Open-Meteo Historical Forecast API (SRTM 90m at snapped grid),Open-Meteo Elevation API (SRTM 90m at station coordinates),best_match,"proxy: valid_time - lead_hours (historical forecast, not original run archive)",NOAA ISD via Phase 6 expanded dataset (QC=1),0.0065
43029099999,CHANDRAPUR,19.967,79.3,193.0,2023-08-09T12:00:00,2023-08-09T00:00:00,12,August_2023,30.2,29.6,196.0,19.999998,79.29,196.0,0.0,29.6,29.6,Open-Meteo Historical Forecast API (best_match/GFS Seamless),Open-Meteo Historical Forecast API (SRTM 90m at snapped grid),Open-Meteo Elevation API (SRTM 90m at station coordinates),best_match,"proxy: valid_time - lead_hours (historical forecast, not original run archive)",NOAA ISD via Phase 6 expanded dataset (QC=1),0.0065
43063099999,PUNE,18.533,73.85,558.0,2023-02-01T12:00:00,2023-02-01T00:00:00,12,February_2023,27.2,25.6,559.0,18.523726,73.86876,559.0,0.0,25.6,25.6,Open-Meteo Historical Forecast API (best_match/GFS Seamless),Open-Meteo Historical Forecast API (SRTM 90m at snapped grid),Open-Meteo Elevation API (SRTM 90m at station coordinates),best_match,"proxy: valid_time - lead_hours (historical forecast, not original run archive)",NOAA ISD via Phase 6 expanded dataset (QC=1),0.0065
43063099999,PUNE,18.533,73.85,558.0,2023-02-02T00:00:00,2023-02-01T00:00:00,24,February_2023,15.0,17.0,559.0,18.523726,73.86876,559.0,0.0,17.0,17.0,Open-Meteo Historical Forecast API (best_match/GFS Seamless),Open-Meteo Historical Forecast API (SRTM 90m at snapped grid),Open-Meteo Elevation API (SRTM 90m at station coordinates),best_match,"proxy: valid_time - lead_hours (historical forecast, not original run archive)",NOAA ISD via Phase 6 expanded dataset (QC=1),0.0065
43063099999,PUNE,18.533,73.85,558.0,2023-02-02T12:00:00,2023-02-01T00:00:00,36,February_2023,28.0,28.0,559.0,18.523726,73.86876,559.0,0.0,28.0,28.0,Open-Meteo Historical Forecast API (best_match/GFS Seamless),Open-Meteo Historical Forecast API (SRTM 90m at snapped grid),Open-Meteo Elevation API (SRTM 90m at station coordinates),best_match,"proxy: valid_time - lead_hours (historical forecast, not original run archive)",NOAA ISD via Phase 6 expanded dataset (QC=1),0.0065
43063099999,PUNE,18.533,73.85,558.0,2023-02-03T00:00:00,2023-02-01T00:00:00,48,February_2023,13.0,16.9,559.0,18.523726,73.86876,559.0,0.0,16.9,16.9,Open-Meteo Historical Forecast API (best_match/GFS Seamless),Open-Meteo Historical Forecast API (SRTM 90m at snapped grid),Open-Meteo Elevation API (SRTM 90m at station coordinates),best_match,"proxy: valid_time - lead_hours (historical forecast, not original run archive)",NOAA ISD via Phase 6 expanded dataset (QC=1),0.0065
43063099999,PUNE,18.533,73.85,558.0,2023-02-02T00:00:00,2023-02-01T12:00:00,12,February_2023,15.0,17.0,559.0,18.523726,73.86876,559.0,0.0,17.0,17.0,Open-Meteo Historical Forecast API (best_match/GFS Seamless),Open-Meteo Historical Forecast API (SRTM 90m at snapped grid),Open-Meteo Elevation API (SRTM 90m at station coordinates),best_match,"proxy: valid_time - lead_hours (historical forecast, not original run archive)",NOAA ISD via Phase 6 expanded dataset (QC=1),0.0065
43063099999,PUNE,18.533,73.85,558.0,2023-02-02T12:00:00,2023-02-01T12:00:00,24,February_2023,28.0,28.0,559.0,18.523726,73.86876,559.0,0.0,28.0,28.0,Open-Meteo Historical Forecast API (best_match/GFS Seamless),Open-Meteo Historical Forecast API (SRTM 90m at snapped grid),Open-Meteo Elevation API (SRTM 90m at station coordinates),best_match,"proxy: valid_time - lead_hours (historical forecast, not original run archive)",NOAA ISD via Phase 6 expanded dataset (QC=1),0.0065
43063099999,PUNE,18.533,73.85,558.0,2023-02-03T00:00:00,2023-02-01T12:00:00,36,February_2023,13.0,16.9,559.0,18.523726,73.86876,559.0,0.0,16.9,16.9,Open-Meteo Historical Forecast API (best_match/GFS Seamless),Open-Meteo Historical Forecast API (SRTM 90m at snapped grid),Open-Meteo Elevation API (SRTM 90m at station coordinates),best_match,"proxy: valid_time - lead_hours (historical forecast, not original run archive)",NOAA ISD via Phase 6 expanded dataset (QC=1),0.0065
43063099999,PUNE,18.533,73.85,558.0,2023-02-03T12:00:00,2023-02-01T12:00:00,48,February_2023,28.4,28.3,559.0,18.523726,73.86876,559.0,0.0,28.3,28.3,Open-Meteo Historical Forecast API (best_match/GFS Seamless),Open-Meteo Historical Forecast API (SRTM 90m at snapped grid),Open-Meteo Elevation API (SRTM 90m at station coordinates),best_match,"proxy: valid_time - lead_hours (historical forecast, not original run archive)",NOAA ISD via Phase 6 expanded dataset (QC=1),0.0065
43063099999,PUNE,18.533,73.85,558.0,2023-02-02T12:00:00,2023-02-02T00:00:00,12,February_2023,28.0,28.0,559.0,18.523726,73.86876,559.0,0.0,28.0,28.0,Open-Meteo Historical Forecast API (best_match/GFS Seamless),Open-Meteo Historical Forecast API (SRTM 90m at snapped grid),Open-Meteo Elevation API (SRTM 90m at station coordinates),best_match,"proxy: valid_time - lead_hours (historical forecast, not original run archive)",NOAA ISD via Phase 6 expanded dataset (QC=1),0.0065
43063099999,PUNE,18.533,73.85,558.0,2023-02-03T00:00:00,2023-02-02T00:00:00,24,February_2023,13.0,16.9,559.0,18.523726,73.86876,559.0,0.0,16.9,16.9,Open-Meteo Historical Forecast API (best_match/GFS Seamless),Open-Meteo Historical Forecast API (SRTM 90m at snapped grid),Open-Meteo Elevation API (SRTM 90m at station coordinates),best_match,"proxy: valid_time - lead_hours (historical forecast, not original run archive)",NOAA ISD via Phase 6 expanded dataset (QC=1),0.0065
43063099999,PUNE,18.533,73.85,558.0,2023-02-03T12:00:00,2023-02-02T00:00:00,36,February_2023,28.4,28.3,559.0,18.523726,73.86876,559.0,0.0,28.3,28.3,Open-Meteo Historical Forecast API (best_match/GFS Seamless),Open-Meteo Historical Forecast API (SRTM 90m at snapped grid),Open-Meteo Elevation API (SRTM 90m at station coordinates),best_match,"proxy: valid_time - lead_hours (historical forecast, not original run archive)",NOAA ISD via Phase 6 expanded dataset (QC=1),0.0065
43063099999,PUNE,18.533,73.85,558.0,2023-02-04T00:00:00,2023-02-02T00:00:00,48,February_2023,12.0,16.9,559.0,18.523726,73.86876,559.0,0.0,16.9,16.9,Open-Meteo Historical Forecast API (best_match/GFS Seamless),Open-Meteo Historical Forecast API (SRTM 90m at snapped grid),Open-Meteo Elevation API (SRTM 90m at station coordinates),best_match,"proxy: valid_time - lead_hours (historical forecast, not original run archive)",NOAA ISD via Phase 6 expanded dataset (QC=1),0.0065
43063099999,PUNE,18.533,73.85,558.0,2023-02-03T00:00:00,2023-02-02T12:00:00,12,February_2023,13.0,16.9,559.0,18.523726,73.86876,559.0,0.0,16.9,16.9,Open-Meteo Historical Forecast API (best_match/GFS Seamless),Open-Meteo Historical Forecast API (SRTM 90m at snapped grid),Open-Meteo Elevation API (SRTM 90m at station coordinates),best_match,"proxy: valid_time - lead_hours (historical forecast, not original run archive)",NOAA ISD via Phase 6 expanded dataset (QC=1),0.0065
43063099999,PUNE,18.533,73.85,558.0,2023-02-03T12:00:00,2023-02-02T12:00:00,24,February_2023,28.4,28.3,559.0,18.523726,73.86876,559.0,0.0,28.3,28.3,Open-Meteo Historical Forecast API (best_match/GFS Seamless),Open-Meteo Historical Forecast API (SRTM 90m at snapped grid),Open-Meteo Elevation API (SRTM 90m at station coordinates),best_match,"proxy: valid_time - lead_hours (historical forecast, not original run archive)",NOAA ISD via Phase 6 expanded dataset (QC=1),0.0065
43063099999,PUNE,18.533,73.85,558.0,2023-02-04T00:00:00,2023-02-02T12:00:00,36,February_2023,12.0,16.9,559.0,18.523726,73.86876,559.0,0.0,16.9,16.9,Open-Meteo Historical Forecast API (best_match/GFS Seamless),Open-Meteo Historical Forecast API (SRTM 90m at snapped grid),Open-Meteo Elevation API (SRTM 90m at station coordinates),best_match,"proxy: valid_time - lead_hours (historical forecast, not original run archive)",NOAA ISD via Phase 6 expanded dataset (QC=1),0.0065
43063099999,PUNE,18.533,73.85,558.0,2023-02-04T12:00:00,2023-02-02T12:00:00,48,February_2023,30.0,29.1,559.0,18.523726,73.86876,559.0,0.0,29.1,29.1,Open-Meteo Historical Forecast API (best_match/GFS Seamless),Open-Meteo Historical Forecast API (SRTM 90m at snapped grid),Open-Meteo Elevation API (SRTM 90m at station coordinates),best_match,"proxy: valid_time - lead_hours (historical forecast, not original run archive)",NOAA ISD via Phase 6 expanded dataset (QC=1),0.0065
43063099999,PUNE,18.533,73.85,558.0,2023-02-03T12:00:00,2023-02-03T00:00:00,12,February_2023,28.4,28.3,559.0,18.523726,73.86876,559.0,0.0,28.3,28.3,Open-Meteo Historical Forecast API (best_match/GFS Seamless),Open-Meteo Historical Forecast API (SRTM 90m at snapped grid),Open-Meteo Elevation API (SRTM 90m at station coordinates),best_match,"proxy: valid_time - lead_hours (historical forecast, not original run archive)",NOAA ISD via Phase 6 expanded dataset (QC=1),0.0065
43063099999,PUNE,18.533,73.85,558.0,2023-02-04T00:00:00,2023-02-03T00:00:00,24,February_2023,12.0,16.9,559.0,18.523726,73.86876,559.0,0.0,16.9,16.9,Open-Meteo Historical Forecast API (best_match/GFS Seamless),Open-Meteo Historical Forecast API (SRTM 90m at snapped grid),Open-Meteo Elevation API (SRTM 90m at station coordinates),best_match,"proxy: valid_time - lead_hours (historical forecast, not original run archive)",NOAA ISD via Phase 6 expanded dataset (QC=1),0.0065
43063099999,PUNE,18.533,73.85,558.0,2023-02-04T12:00:00,2023-02-03T00:00:00,36,February_2023,30.0,29.1,559.0,18.523726,73.86876,559.0,0.0,29.1,29.1,Open-Meteo Historical Forecast API (best_match/GFS Seamless),Open-Meteo Historical Forecast API (SRTM 90m at snapped grid),Open-Meteo Elevation API (SRTM 90m at station coordinates),best_match,"proxy: valid_time - lead_hours (historical forecast, not original run archive)",NOAA ISD via Phase 6 expanded dataset (QC=1),0.0065
43063099999,PUNE,18.533,73.85,558.0,2023-02-05T00:00:00,2023-02-03T00:00:00,48,February_2023,12.0,18.3,559.0,18.523726,73.86876,559.0,0.0,18.3,18.3,Open-Meteo Historical Forecast API (best_match/GFS Seamless),Open-Meteo Historical Forecast API (SRTM 90m at snapped grid),Open-Meteo Elevation API (SRTM 90m at station coordinates),best_match,"proxy: valid_time - lead_hours (historical forecast, not original run archive)",NOAA ISD via Phase 6 expanded dataset (QC=1),0.0065
43063099999,PUNE,18.533,73.85,558.0,2023-02-04T00:00:00,2023-02-03T12:00:00,12,February_2023,12.0,16.9,559.0,18.523726,73.86876,559.0,0.0,16.9,16.9,Open-Meteo Historical Forecast API (best_match/GFS Seamless),Open-Meteo Historical Forecast API (SRTM 90m at snapped grid),Open-Meteo Elevation API (SRTM 90m at station coordinates),best_match,"proxy: valid_time - lead_hours (historical forecast, not original run archive)",NOAA ISD via Phase 6 expanded dataset (QC=1),0.0065
43063099999,PUNE,18.533,73.85,558.0,2023-02-04T12:00:00,2023-02-03T12:00:00,24,February_2023,30.0,29.1,559.0,18.523726,73.86876,559.0,0.0,29.1,29.1,Open-Meteo Historical Forecast API (best_match/GFS Seamless),Open-Meteo Historical Forecast API (SRTM 90m at snapped grid),Open-Meteo Elevation API (SRTM 90m at station coordinates),best_match,"proxy: valid_time - lead_hours (historical forecast, not original run archive)",NOAA ISD via Phase 6 expanded dataset (QC=1),0.0065
43063099999,PUNE,18.533,73.85,558.0,2023-02-05T00:00:00,2023-02-03T12:00:00,36,February_2023,12.0,18.3,559.0,18.523726,73.86876,559.0,0.0,18.3,18.3,Open-Meteo Historical Forecast API (best_match/GFS Seamless),Open-Meteo Historical Forecast API (SRTM 90m at snapped grid),Open-Meteo Elevation API (SRTM 90m at station coordinates),best_match,"proxy: valid_time - lead_hours (historical forecast, not original run archive)",NOAA ISD via Phase 6 expanded dataset (QC=1),0.0065
43063099999,PUNE,18.533,73.85,558.0,2023-02-05T12:00:00,2023-02-03T12:00:00,48,February_2023,31.6,30.3,559.0,18.523726,73.86876,559.0,0.0,30.3,30.3,Open-Meteo Historical Forecast API (best_match/GFS Seamless),Open-Meteo Historical Forecast API (SRTM 90m at snapped grid),Open-Meteo Elevation API (SRTM 90m at station coordinates),best_match,"proxy: valid_time - lead_hours (historical forecast, not original run archive)",NOAA ISD via Phase 6 expanded dataset (QC=1),0.0065
43063099999,PUNE,18.533,73.85,558.0,2023-02-04T12:00:00,2023-02-04T00:00:00,12,February_2023,30.0,29.1,559.0,18.523726,73.86876,559.0,0.0,29.1,29.1,Open-Meteo Historical Forecast API (best_match/GFS Seamless),Open-Meteo Historical Forecast API (SRTM 90m at snapped grid),Open-Meteo Elevation API (SRTM 90m at station coordinates),best_match,"proxy: valid_time - lead_hours (historical forecast, not original run archive)",NOAA ISD via Phase 6 expanded dataset (QC=1),0.0065
43063099999,PUNE,18.533,73.85,558.0,2023-02-05T00:00:00,2023-02-04T00:00:00,24,February_2023,12.0,18.3,559.0,18.523726,73.86876,559.0,0.0,18.3,18.3,Open-Meteo Historical Forecast API (best_match/GFS Seamless),Open-Meteo Historical Forecast API (SRTM 90m at snapped grid),Open-Meteo Elevation API (SRTM 90m at station coordinates),best_match,"proxy: valid_time - lead_hours (historical forecast, not original run archive)",NOAA ISD via Phase 6 expanded dataset (QC=1),0.0065
43063099999,PUNE,18.533,73.85,558.0,2023-02-05T12:00:00,2023-02-04T00:00:00,36,February_2023,31.6,30.3,559.0,18.523726,73.86876,559.0,0.0,30.3,30.3,Open-Meteo Historical Forecast API (best_match/GFS Seamless),Open-Meteo Historical Forecast API (SRTM 90m at snapped grid),Open-Meteo Elevation API (SRTM 90m at station coordinates),best_match,"proxy: valid_time - lead_hours (historical forecast, not original run archive)",NOAA ISD via Phase 6 expanded dataset (QC=1),0.0065
43063099999,PUNE,18.533,73.85,558.0,2023-02-06T00:00:00,2023-02-04T00:00:00,48,February_2023,12.6,17.7,559.0,18.523726,73.86876,559.0,0.0,17.7,17.7,Open-Meteo Historical Forecast API (best_match/GFS Seamless),Open-Meteo Historical Forecast API (SRTM 90m at snapped grid),Open-Meteo Elevation API (SRTM 90m at station coordinates),best_match,"proxy: valid_time - lead_hours (historical forecast, not original run archive)",NOAA ISD via Phase 6 expanded dataset (QC=1),0.0065
43063099999,PUNE,18.533,73.85,558.0,2023-02-05T00:00:00,2023-02-04T12:00:00,12,February_2023,12.0,18.3,559.0,18.523726,73.86876,559.0,0.0,18.3,18.3,Open-Meteo Historical Forecast API (best_match/GFS Seamless),Open-Meteo Historical Forecast API (SRTM 90m at snapped grid),Open-Meteo Elevation API (SRTM 90m at station coordinates),best_match,"proxy: valid_time - lead_hours (historical forecast, not original run archive)",NOAA ISD via Phase 6 expanded dataset (QC=1),0.0065
43063099999,PUNE,18.533,73.85,558.0,2023-02-05T12:00:00,2023-02-04T12:00:00,24,February_2023,31.6,30.3,559.0,18.523726,73.86876,559.0,0.0,30.3,30.3,Open-Meteo Historical Forecast API (best_match/GFS Seamless),Open-Meteo Historical Forecast API (SRTM 90m at snapped grid),Open-Meteo Elevation API (SRTM 90m at station coordinates),best_match,"proxy: valid_time - lead_hours (historical forecast, not original run archive)",NOAA ISD via Phase 6 expanded dataset (QC=1),0.0065
43063099999,PUNE,18.533,73.85,558.0,2023-02-06T00:00:00,2023-02-04T12:00:00,36,February_2023,12.6,17.7,559.0,18.523726,73.86876,559.0,0.0,17.7,17.7,Open-Meteo Historical Forecast API (best_match/GFS Seamless),Open-Meteo Historical Forecast API (SRTM 90m at snapped grid),Open-Meteo Elevation API (SRTM 90m at station coordinates),best_match,"proxy: valid_time - lead_hours (historical forecast, not original run archive)",NOAA ISD via Phase 6 expanded dataset (QC=1),0.0065
43063099999,PUNE,18.533,73.85,558.0,2023-02-06T12:00:00,2023-02-04T12:00:00,48,February_2023,30.4,29.6,559.0,18.523726,73.86876,559.0,0.0,29.6,29.6,Open-Meteo Historical Forecast API (best_match/GFS Seamless),Open-Meteo Historical Forecast API (SRTM 90m at snapped grid),Open-Meteo Elevation API (SRTM 90m at station coordinates),best_match,"proxy: valid_time - lead_hours (historical forecast, not original run archive)",NOAA ISD via Phase 6 expanded dataset (QC=1),0.0065
43063099999,PUNE,18.533,73.85,558.0,2023-02-05T12:00:00,2023-02-05T00:00:00,12,February_2023,31.6,30.3,559.0,18.523726,73.86876,559.0,0.0,30.3,30.3,Open-Meteo Historical Forecast API (best_match/GFS Seamless),Open-Meteo Historical Forecast API (SRTM 90m at snapped grid),Open-Meteo Elevation API (SRTM 90m at station coordinates),best_match,"proxy: valid_time - lead_hours (historical forecast, not original run archive)",NOAA ISD via Phase 6 expanded dataset (QC=1),0.0065
43063099999,PUNE,18.533,73.85,558.0,2023-02-06T00:00:00,2023-02-05T00:00:00,24,February_2023,12.6,17.7,559.0,18.523726,73.86876,559.0,0.0,17.7,17.7,Open-Meteo Historical Forecast API (best_match/GFS Seamless),Open-Meteo Historical Forecast API (SRTM 90m at snapped grid),Open-Meteo Elevation API (SRTM 90m at station coordinates),best_match,"proxy: valid_time - lead_hours (historical forecast, not original run archive)",NOAA ISD via Phase 6 expanded dataset (QC=1),0.0065
43063099999,PUNE,18.533,73.85,558.0,2023-02-06T12:00:00,2023-02-05T00:00:00,36,February_2023,30.4,29.6,559.0,18.523726,73.86876,559.0,0.0,29.6,29.6,Open-Meteo Historical Forecast API (best_match/GFS Seamless),Open-Meteo Historical Forecast API (SRTM 90m at snapped grid),Open-Meteo Elevation API (SRTM 90m at station coordinates),best_match,"proxy: valid_time - lead_hours (historical forecast, not original run archive)",NOAA ISD via Phase 6 expanded dataset (QC=1),0.0065
43063099999,PUNE,18.533,73.85,558.0,2023-02-07T00:00:00,2023-02-05T00:00:00,48,February_2023,13.0,16.0,559.0,18.523726,73.86876,559.0,0.0,16.0,16.0,Open-Meteo Historical Forecast API (best_match/GFS Seamless),Open-Meteo Historical Forecast API (SRTM 90m at snapped grid),Open-Meteo Elevation API (SRTM 90m at station coordinates),best_match,"proxy: valid_time - lead_hours (historical forecast, not original run archive)",NOAA ISD via Phase 6 expanded dataset (QC=1),0.0065
43063099999,PUNE,18.533,73.85,558.0,2023-02-06T00:00:00,2023-02-05T12:00:00,12,February_2023,12.6,17.7,559.0,18.523726,73.86876,559.0,0.0,17.7,17.7,Open-Meteo Historical Forecast API (best_match/GFS Seamless),Open-Meteo Historical Forecast API (SRTM 90m at snapped grid),Open-Meteo Elevation API (SRTM 90m at station coordinates),best_match,"proxy: valid_time - lead_hours (historical forecast, not original run archive)",NOAA ISD via Phase 6 expanded dataset (QC=1),0.0065
43063099999,PUNE,18.533,73.85,558.0,2023-02-06T12:00:00,2023-02-05T12:00:00,24,February_2023,30.4,29.6,559.0,18.523726,73.86876,559.0,0.0,29.6,29.6,Open-Meteo Historical Forecast API (best_match/GFS Seamless),Open-Meteo Historical Forecast API (SRTM 90m at snapped grid),Open-Meteo Elevation API (SRTM 90m at station coordinates),best_match,"proxy: valid_time - lead_hours (historical forecast, not original run archive)",NOAA ISD via Phase 6 expanded dataset (QC=1),0.0065
43063099999,PUNE,18.533,73.85,558.0,2023-02-07T00:00:00,2023-02-05T12:00:00,36,February_2023,13.0,16.0,559.0,18.523726,73.86876,559.0,0.0,16.0,16.0,Open-Meteo Historical Forecast API (best_match/GFS Seamless),Open-Meteo Historical Forecast API (SRTM 90m at snapped grid),Open-Meteo Elevation API (SRTM 90m at station coordinates),best_match,"proxy: valid_time - lead_hours (historical forecast, not original run archive)",NOAA ISD via Phase 6 expanded dataset (QC=1),0.0065
43063099999,PUNE,18.533,73.85,558.0,2023-02-07T12:00:00,2023-02-05T12:00:00,48,February_2023,30.8,30.2,559.0,18.523726,73.86876,559.0,0.0,30.2,30.2,Open-Meteo Historical Forecast API (best_match/GFS Seamless),Open-Meteo Historical Forecast API (SRTM 90m at snapped grid),Open-Meteo Elevation API (SRTM 90m at station coordinates),best_match,"proxy: valid_time - lead_hours (historical forecast, not original run archive)",NOAA ISD via Phase 6 expanded dataset (QC=1),0.0065
43063099999,PUNE,18.533,73.85,558.0,2023-02-06T12:00:00,2023-02-06T00:00:00,12,February_2023,30.4,29.6,559.0,18.523726,73.86876,559.0,0.0,29.6,29.6,Open-Meteo Historical Forecast API (best_match/GFS Seamless),Open-Meteo Historical Forecast API (SRTM 90m at snapped grid),Open-Meteo Elevation API (SRTM 90m at station coordinates),best_match,"proxy: valid_time - lead_hours (historical forecast, not original run archive)",NOAA ISD via Phase 6 expanded dataset (QC=1),0.0065
43063099999,PUNE,18.533,73.85,558.0,2023-02-07T00:00:00,2023-02-06T00:00:00,24,February_2023,13.0,16.0,559.0,18.523726,73.86876,559.0,0.0,16.0,16.0,Open-Meteo Historical Forecast API (best_match/GFS Seamless),Open-Meteo Historical Forecast API (SRTM 90m at snapped grid),Open-Meteo Elevation API (SRTM 90m at station coordinates),best_match,"proxy: valid_time - lead_hours (historical forecast, not original run archive)",NOAA ISD via Phase 6 expanded dataset (QC=1),0.0065
43063099999,PUNE,18.533,73.85,558.0,2023-02-07T12:00:00,2023-02-06T00:00:00,36,February_2023,30.8,30.2,559.0,18.523726,73.86876,559.0,0.0,30.2,30.2,Open-Meteo Historical Forecast API (best_match/GFS Seamless),Open-Meteo Historical Forecast API (SRTM 90m at snapped grid),Open-Meteo Elevation API (SRTM 90m at station coordinates),best_match,"proxy: valid_time - lead_hours (historical forecast, not original run archive)",NOAA ISD via Phase 6 expanded dataset (QC=1),0.0065
43063099999,PUNE,18.533,73.85,558.0,2023-02-08T00:00:00,2023-02-06T00:00:00,48,February_2023,13.4,16.4,559.0,18.523726,73.86876,559.0,0.0,16.4,16.4,Open-Meteo Historical Forecast API (best_match/GFS Seamless),Open-Meteo Historical Forecast API (SRTM 90m at snapped grid),Open-Meteo Elevation API (SRTM 90m at station coordinates),best_match,"proxy: valid_time - lead_hours (historical forecast, not original run archive)",NOAA ISD via Phase 6 expanded dataset (QC=1),0.0065
43063099999,PUNE,18.533,73.85,558.0,2023-02-07T00:00:00,2023-02-06T12:00:00,12,February_2023,13.0,16.0,559.0,18.523726,73.86876,559.0,0.0,16.0,16.0,Open-Meteo Historical Forecast API (best_match/GFS Seamless),Open-Meteo Historical Forecast API (SRTM 90m at snapped grid),Open-Meteo Elevation API (SRTM 90m at station coordinates),best_match,"proxy: valid_time - lead_hours (historical forecast, not original run archive)",NOAA ISD via Phase 6 expanded dataset (QC=1),0.0065
43063099999,PUNE,18.533,73.85,558.0,2023-02-07T12:00:00,2023-02-06T12:00:00,24,February_2023,30.8,30.2,559.0,18.523726,73.86876,559.0,0.0,30.2,30.2,Open-Meteo Historical Forecast API (best_match/GFS Seamless),Open-Meteo Historical Forecast API (SRTM 90m at snapped grid),Open-Meteo Elevation API (SRTM 90m at station coordinates),best_match,"proxy: valid_time - lead_hours (historical forecast, not original run archive)",NOAA ISD via Phase 6 expanded dataset (QC=1),0.0065
43063099999,PUNE,18.533,73.85,558.0,2023-02-08T00:00:00,2023-02-06T12:00:00,36,February_2023,13.4,16.4,559.0,18.523726,73.86876,559.0,0.0,16.4,16.4,Open-Meteo Historical Forecast API (best_match/GFS Seamless),Open-Meteo Historical Forecast API (SRTM 90m at snapped grid),Open-Meteo Elevation API (SRTM 90m at station coordinates),best_match,"proxy: valid_time - lead_hours (historical forecast, not original run archive)",NOAA ISD via Phase 6 expanded dataset (QC=1),0.0065
43063099999,PUNE,18.533,73.85,558.0,2023-02-08T12:00:00,2023-02-06T12:00:00,48,February_2023,31.6,31.0,559.0,18.523726,73.86876,559.0,0.0,31.0,31.0,Open-Meteo Historical Forecast API (best_match/GFS Seamless),Open-Meteo Historical Forecast API (SRTM 90m at snapped grid),Open-Meteo Elevation API (SRTM 90m at station coordinates),best_match,"proxy: valid_time - lead_hours (historical forecast, not original run archive)",NOAA ISD via Phase 6 expanded dataset (QC=1),0.0065
43063099999,PUNE,18.533,73.85,558.0,2023-02-07T12:00:00,2023-02-07T00:00:00,12,February_2023,30.8,30.2,559.0,18.523726,73.86876,559.0,0.0,30.2,30.2,Open-Meteo Historical Forecast API (best_match/GFS Seamless),Open-Meteo Historical Forecast API (SRTM 90m at snapped grid),Open-Meteo Elevation API (SRTM 90m at station coordinates),best_match,"proxy: valid_time - lead_hours (historical forecast, not original run archive)",NOAA ISD via Phase 6 expanded dataset (QC=1),0.0065
43063099999,PUNE,18.533,73.85,558.0,2023-02-08T00:00:00,2023-02-07T00:00:00,24,February_2023,13.4,16.4,559.0,18.523726,73.86876,559.0,0.0,16.4,16.4,Open-Meteo Historical Forecast API (best_match/GFS Seamless),Open-Meteo Historical Forecast API (SRTM 90m at snapped grid),Open-Meteo Elevation API (SRTM 90m at station coordinates),best_match,"proxy: valid_time - lead_hours (historical forecast, not original run archive)",NOAA ISD via Phase 6 expanded dataset (QC=1),0.0065
43063099999,PUNE,18.533,73.85,558.0,2023-02-08T12:00:00,2023-02-07T00:00:00,36,February_2023,31.6,31.0,559.0,18.523726,73.86876,559.0,0.0,31.0,31.0,Open-Meteo Historical Forecast API (best_match/GFS Seamless),Open-Meteo Historical Forecast API (SRTM 90m at snapped grid),Open-Meteo Elevation API (SRTM 90m at station coordinates),best_match,"proxy: valid_time - lead_hours (historical forecast, not original run archive)",NOAA ISD via Phase 6 expanded dataset (QC=1),0.0065
43063099999,PUNE,18.533,73.85,558.0,2023-02-09T00:00:00,2023-02-07T00:00:00,48,February_2023,12.6,17.7,559.0,18.523726,73.86876,559.0,0.0,17.7,17.7,Open-Meteo Historical Forecast API (best_match/GFS Seamless),Open-Meteo Historical Forecast API (SRTM 90m at snapped grid),Open-Meteo Elevation API (SRTM 90m at station coordinates),best_match,"proxy: valid_time - lead_hours (historical forecast, not original run archive)",NOAA ISD via Phase 6 expanded dataset (QC=1),0.0065
43063099999,PUNE,18.533,73.85,558.0,2023-02-08T00:00:00,2023-02-07T12:00:00,12,February_2023,13.4,16.4,559.0,18.523726,73.86876,559.0,0.0,16.4,16.4,Open-Meteo Historical Forecast API (best_match/GFS Seamless),Open-Meteo Historical Forecast API (SRTM 90m at snapped grid),Open-Meteo Elevation API (SRTM 90m at station coordinates),best_match,"proxy: valid_time - lead_hours (historical forecast, not original run archive)",NOAA ISD via Phase 6 expanded dataset (QC=1),0.0065
43063099999,PUNE,18.533,73.85,558.0,2023-02-08T12:00:00,2023-02-07T12:00:00,24,February_2023,31.6,31.0,559.0,18.523726,73.86876,559.0,0.0,31.0,31.0,Open-Meteo Historical Forecast API (best_match/GFS Seamless),Open-Meteo Historical Forecast API (SRTM 90m at snapped grid),Open-Meteo Elevation API (SRTM 90m at station coordinates),best_match,"proxy: valid_time - lead_hours (historical forecast, not original run archive)",NOAA ISD via Phase 6 expanded dataset (QC=1),0.0065
43063099999,PUNE,18.533,73.85,558.0,2023-02-09T00:00:00,2023-02-07T12:00:00,36,February_2023,12.6,17.7,559.0,18.523726,73.86876,559.0,0.0,17.7,17.7,Open-Meteo Historical Forecast API (best_match/GFS Seamless),Open-Meteo Historical Forecast API (SRTM 90m at snapped grid),Open-Meteo Elevation API (SRTM 90m at station coordinates),best_match,"proxy: valid_time - lead_hours (historical forecast, not original run archive)",NOAA ISD via Phase 6 expanded dataset (QC=1),0.0065
43063099999,PUNE,18.533,73.85,558.0,2023-02-09T12:00:00,2023-02-07T12:00:00,48,February_2023,32.6,31.9,559.0,18.523726,73.86876,559.0,0.0,31.9,31.9,Open-Meteo Historical Forecast API (best_match/GFS Seamless),Open-Meteo Historical Forecast API (SRTM 90m at snapped grid),Open-Meteo Elevation API (SRTM 90m at station coordinates),best_match,"proxy: valid_time - lead_hours (historical forecast, not original run archive)",NOAA ISD via Phase 6 expanded dataset (QC=1),0.0065
43063099999,PUNE,18.533,73.85,558.0,2023-02-08T12:00:00,2023-02-08T00:00:00,12,February_2023,31.6,31.0,559.0,18.523726,73.86876,559.0,0.0,31.0,31.0,Open-Meteo Historical Forecast API (best_match/GFS Seamless),Open-Meteo Historical Forecast API (SRTM 90m at snapped grid),Open-Meteo Elevation API (SRTM 90m at station coordinates),best_match,"proxy: valid_time - lead_hours (historical forecast, not original run archive)",NOAA ISD via Phase 6 expanded dataset (QC=1),0.0065
43063099999,PUNE,18.533,73.85,558.0,2023-02-09T00:00:00,2023-02-08T00:00:00,24,February_2023,12.6,17.7,559.0,18.523726,73.86876,559.0,0.0,17.7,17.7,Open-Meteo Historical Forecast API (best_match/GFS Seamless),Open-Meteo Historical Forecast API (SRTM 90m at snapped grid),Open-Meteo Elevation API (SRTM 90m at station coordinates),best_match,"proxy: valid_time - lead_hours (historical forecast, not original run archive)",NOAA ISD via Phase 6 expanded dataset (QC=1),0.0065
43063099999,PUNE,18.533,73.85,558.0,2023-02-09T12:00:00,2023-02-08T00:00:00,36,February_2023,32.6,31.9,559.0,18.523726,73.86876,559.0,0.0,31.9,31.9,Open-Meteo Historical Forecast API (best_match/GFS Seamless),Open-Meteo Historical Forecast API (SRTM 90m at snapped grid),Open-Meteo Elevation API (SRTM 90m at station coordinates),best_match,"proxy: valid_time - lead_hours (historical forecast, not original run archive)",NOAA ISD via Phase 6 expanded dataset (QC=1),0.0065
43063099999,PUNE,18.533,73.85,558.0,2023-02-10T00:00:00,2023-02-08T00:00:00,48,February_2023,12.6,20.0,559.0,18.523726,73.86876,559.0,0.0,20.0,20.0,Open-Meteo Historical Forecast API (best_match/GFS Seamless),Open-Meteo Historical Forecast API (SRTM 90m at snapped grid),Open-Meteo Elevation API (SRTM 90m at station coordinates),best_match,"proxy: valid_time - lead_hours (historical forecast, not original run archive)",NOAA ISD via Phase 6 expanded dataset (QC=1),0.0065
43063099999,PUNE,18.533,73.85,558.0,2023-02-09T00:00:00,2023-02-08T12:00:00,12,February_2023,12.6,17.7,559.0,18.523726,73.86876,559.0,0.0,17.7,17.7,Open-Meteo Historical Forecast API (best_match/GFS Seamless),Open-Meteo Historical Forecast API (SRTM 90m at snapped grid),Open-Meteo Elevation API (SRTM 90m at station coordinates),best_match,"proxy: valid_time - lead_hours (historical forecast, not original run archive)",NOAA ISD via Phase 6 expanded dataset (QC=1),0.0065
43063099999,PUNE,18.533,73.85,558.0,2023-02-09T12:00:00,2023-02-08T12:00:00,24,February_2023,32.6,31.9,559.0,18.523726,73.86876,559.0,0.0,31.9,31.9,Open-Meteo Historical Forecast API (best_match/GFS Seamless),Open-Meteo Historical Forecast API (SRTM 90m at snapped grid),Open-Meteo Elevation API (SRTM 90m at station coordinates),best_match,"proxy: valid_time - lead_hours (historical forecast, not original run archive)",NOAA ISD via Phase 6 expanded dataset (QC=1),0.0065
43063099999,PUNE,18.533,73.85,558.0,2023-02-10T00:00:00,2023-02-08T12:00:00,36,February_2023,12.6,20.0,559.0,18.523726,73.86876,559.0,0.0,20.0,20.0,Open-Meteo Historical Forecast API (best_match/GFS Seamless),Open-Meteo Historical Forecast API (SRTM 90m at snapped grid),Open-Meteo Elevation API (SRTM 90m at station coordinates),best_match,"proxy: valid_time - lead_hours (historical forecast, not original run archive)",NOAA ISD via Phase 6 expanded dataset (QC=1),0.0065
43063099999,PUNE,18.533,73.85,558.0,2023-02-10T12:00:00,2023-02-08T12:00:00,48,February_2023,32.8,31.9,559.0,18.523726,73.86876,559.0,0.0,31.9,31.9,Open-Meteo Historical Forecast API (best_match/GFS Seamless),Open-Meteo Historical Forecast API (SRTM 90m at snapped grid),Open-Meteo Elevation API (SRTM 90m at station coordinates),best_match,"proxy: valid_time - lead_hours (historical forecast, not original run archive)",NOAA ISD via Phase 6 expanded dataset (QC=1),0.0065
43063099999,PUNE,18.533,73.85,558.0,2023-02-09T12:00:00,2023-02-09T00:00:00,12,February_2023,32.6,31.9,559.0,18.523726,73.86876,559.0,0.0,31.9,31.9,Open-Meteo Historical Forecast API (best_match/GFS Seamless),Open-Meteo Historical Forecast API (SRTM 90m at snapped grid),Open-Meteo Elevation API (SRTM 90m at station coordinates),best_match,"proxy: valid_time - lead_hours (historical forecast, not original run archive)",NOAA ISD via Phase 6 expanded dataset (QC=1),0.0065
43063099999,PUNE,18.533,73.85,558.0,2023-02-10T00:00:00,2023-02-09T00:00:00,24,February_2023,12.6,20.0,559.0,18.523726,73.86876,559.0,0.0,20.0,20.0,Open-Meteo Historical Forecast API (best_match/GFS Seamless),Open-Meteo Historical Forecast API (SRTM 90m at snapped grid),Open-Meteo Elevation API (SRTM 90m at station coordinates),best_match,"proxy: valid_time - lead_hours (historical forecast, not original run archive)",NOAA ISD via Phase 6 expanded dataset (QC=1),0.0065
43063099999,PUNE,18.533,73.85,558.0,2023-02-10T12:00:00,2023-02-09T00:00:00,36,February_2023,32.8,31.9,559.0,18.523726,73.86876,559.0,0.0,31.9,31.9,Open-Meteo Historical Forecast API (best_match/GFS Seamless),Open-Meteo Historical Forecast API (SRTM 90m at snapped grid),Open-Meteo Elevation API (SRTM 90m at station coordinates),best_match,"proxy: valid_time - lead_hours (historical forecast, not original run archive)",NOAA ISD via Phase 6 expanded dataset (QC=1),0.0065
43063099999,PUNE,18.533,73.85,558.0,2023-02-10T00:00:00,2023-02-09T12:00:00,12,February_2023,12.6,20.0,559.0,18.523726,73.86876,559.0,0.0,20.0,20.0,Open-Meteo Historical Forecast API (best_match/GFS Seamless),Open-Meteo Historical Forecast API (SRTM 90m at snapped grid),Open-Meteo Elevation API (SRTM 90m at station coordinates),best_match,"proxy: valid_time - lead_hours (historical forecast, not original run archive)",NOAA ISD via Phase 6 expanded dataset (QC=1),0.0065
43063099999,PUNE,18.533,73.85,558.0,2023-02-10T12:00:00,2023-02-09T12:00:00,24,February_2023,32.8,31.9,559.0,18.523726,73.86876,559.0,0.0,31.9,31.9,Open-Meteo Historical Forecast API (best_match/GFS Seamless),Open-Meteo Historical Forecast API (SRTM 90m at snapped grid),Open-Meteo Elevation API (SRTM 90m at station coordinates),best_match,"proxy: valid_time - lead_hours (historical forecast, not original run archive)",NOAA ISD via Phase 6 expanded dataset (QC=1),0.0065
43063099999,PUNE,18.533,73.85,558.0,2023-02-10T12:00:00,2023-02-10T00:00:00,12,February_2023,32.8,31.9,559.0,18.523726,73.86876,559.0,0.0,31.9,31.9,Open-Meteo Historical Forecast API (best_match/GFS Seamless),Open-Meteo Historical Forecast API (SRTM 90m at snapped grid),Open-Meteo Elevation API (SRTM 90m at station coordinates),best_match,"proxy: valid_time - lead_hours (historical forecast, not original run archive)",NOAA ISD via Phase 6 expanded dataset (QC=1),0.0065
43063099999,PUNE,18.533,73.85,558.0,2023-08-01T12:00:00,2023-08-01T00:00:00,12,August_2023,25.8,24.9,559.0,18.523726,73.86876,559.0,0.0,24.9,24.9,Open-Meteo Historical Forecast API (best_match/GFS Seamless),Open-Meteo Historical Forecast API (SRTM 90m at snapped grid),Open-Meteo Elevation API (SRTM 90m at station coordinates),best_match,"proxy: valid_time - lead_hours (historical forecast, not original run archive)",NOAA ISD via Phase 6 expanded dataset (QC=1),0.0065
43063099999,PUNE,18.533,73.85,558.0,2023-08-02T00:00:00,2023-08-01T00:00:00,24,August_2023,23.0,22.3,559.0,18.523726,73.86876,559.0,0.0,22.3,22.3,Open-Meteo Historical Forecast API (best_match/GFS Seamless),Open-Meteo Historical Forecast API (SRTM 90m at snapped grid),Open-Meteo Elevation API (SRTM 90m at station coordinates),best_match,"proxy: valid_time - lead_hours (historical forecast, not original run archive)",NOAA ISD via Phase 6 expanded dataset (QC=1),0.0065
43063099999,PUNE,18.533,73.85,558.0,2023-08-02T12:00:00,2023-08-01T00:00:00,36,August_2023,25.6,24.7,559.0,18.523726,73.86876,559.0,0.0,24.7,24.7,Open-Meteo Historical Forecast API (best_match/GFS Seamless),Open-Meteo Historical Forecast API (SRTM 90m at snapped grid),Open-Meteo Elevation API (SRTM 90m at station coordinates),best_match,"proxy: valid_time - lead_hours (historical forecast, not original run archive)",NOAA ISD via Phase 6 expanded dataset (QC=1),0.0065
43063099999,PUNE,18.533,73.85,558.0,2023-08-03T00:00:00,2023-08-01T00:00:00,48,August_2023,23.0,23.0,559.0,18.523726,73.86876,559.0,0.0,23.0,23.0,Open-Meteo Historical Forecast API (best_match/GFS Seamless),Open-Meteo Historical Forecast API (SRTM 90m at snapped grid),Open-Meteo Elevation API (SRTM 90m at station coordinates),best_match,"proxy: valid_time - lead_hours (historical forecast, not original run archive)",NOAA ISD via Phase 6 expanded dataset (QC=1),0.0065
43063099999,PUNE,18.533,73.85,558.0,2023-08-02T00:00:00,2023-08-01T12:00:00,12,August_2023,23.0,22.3,559.0,18.523726,73.86876,559.0,0.0,22.3,22.3,Open-Meteo Historical Forecast API (best_match/GFS Seamless),Open-Meteo Historical Forecast API (SRTM 90m at snapped grid),Open-Meteo Elevation API (SRTM 90m at station coordinates),best_match,"proxy: valid_time - lead_hours (historical forecast, not original run archive)",NOAA ISD via Phase 6 expanded dataset (QC=1),0.0065
43063099999,PUNE,18.533,73.85,558.0,2023-08-02T12:00:00,2023-08-01T12:00:00,24,August_2023,25.6,24.7,559.0,18.523726,73.86876,559.0,0.0,24.7,24.7,Open-Meteo Historical Forecast API (best_match/GFS Seamless),Open-Meteo Historical Forecast API (SRTM 90m at snapped grid),Open-Meteo Elevation API (SRTM 90m at station coordinates),best_match,"proxy: valid_time - lead_hours (historical forecast, not original run archive)",NOAA ISD via Phase 6 expanded dataset (QC=1),0.0065
43063099999,PUNE,18.533,73.85,558.0,2023-08-03T00:00:00,2023-08-01T12:00:00,36,August_2023,23.0,23.0,559.0,18.523726,73.86876,559.0,0.0,23.0,23.0,Open-Meteo Historical Forecast API (best_match/GFS Seamless),Open-Meteo Historical Forecast API (SRTM 90m at snapped grid),Open-Meteo Elevation API (SRTM 90m at station coordinates),best_match,"proxy: valid_time - lead_hours (historical forecast, not original run archive)",NOAA ISD via Phase 6 expanded dataset (QC=1),0.0065
43063099999,PUNE,18.533,73.85,558.0,2023-08-03T12:00:00,2023-08-01T12:00:00,48,August_2023,24.4,24.4,559.0,18.523726,73.86876,559.0,0.0,24.4,24.4,Open-Meteo Historical Forecast API (best_match/GFS Seamless),Open-Meteo Historical Forecast API (SRTM 90m at snapped grid),Open-Meteo Elevation API (SRTM 90m at station coordinates),best_match,"proxy: valid_time - lead_hours (historical forecast, not original run archive)",NOAA ISD via Phase 6 expanded dataset (QC=1),0.0065
43063099999,PUNE,18.533,73.85,558.0,2023-08-02T12:00:00,2023-08-02T00:00:00,12,August_2023,25.6,24.7,559.0,18.523726,73.86876,559.0,0.0,24.7,24.7,Open-Meteo Historical Forecast API (best_match/GFS Seamless),Open-Meteo Historical Forecast API (SRTM 90m at snapped grid),Open-Meteo Elevation API (SRTM 90m at station coordinates),best_match,"proxy: valid_time - lead_hours (historical forecast, not original run archive)",NOAA ISD via Phase 6 expanded dataset (QC=1),0.0065
43063099999,PUNE,18.533,73.85,558.0,2023-08-03T00:00:00,2023-08-02T00:00:00,24,August_2023,23.0,23.0,559.0,18.523726,73.86876,559.0,0.0,23.0,23.0,Open-Meteo Historical Forecast API (best_match/GFS Seamless),Open-Meteo Historical Forecast API (SRTM 90m at snapped grid),Open-Meteo Elevation API (SRTM 90m at station coordinates),best_match,"proxy: valid_time - lead_hours (historical forecast, not original run archive)",NOAA ISD via Phase 6 expanded dataset (QC=1),0.0065
43063099999,PUNE,18.533,73.85,558.0,2023-08-03T12:00:00,2023-08-02T00:00:00,36,August_2023,24.4,24.4,559.0,18.523726,73.86876,559.0,0.0,24.4,24.4,Open-Meteo Historical Forecast API (best_match/GFS Seamless),Open-Meteo Historical Forecast API (SRTM 90m at snapped grid),Open-Meteo Elevation API (SRTM 90m at station coordinates),best_match,"proxy: valid_time - lead_hours (historical forecast, not original run archive)",NOAA ISD via Phase 6 expanded dataset (QC=1),0.0065
43063099999,PUNE,18.533,73.85,558.0,2023-08-04T00:00:00,2023-08-02T00:00:00,48,August_2023,23.4,22.9,559.0,18.523726,73.86876,559.0,0.0,22.9,22.9,Open-Meteo Historical Forecast API (best_match/GFS Seamless),Open-Meteo Historical Forecast API (SRTM 90m at snapped grid),Open-Meteo Elevation API (SRTM 90m at station coordinates),best_match,"proxy: valid_time - lead_hours (historical forecast, not original run archive)",NOAA ISD via Phase 6 expanded dataset (QC=1),0.0065
43063099999,PUNE,18.533,73.85,558.0,2023-08-03T00:00:00,2023-08-02T12:00:00,12,August_2023,23.0,23.0,559.0,18.523726,73.86876,559.0,0.0,23.0,23.0,Open-Meteo Historical Forecast API (best_match/GFS Seamless),Open-Meteo Historical Forecast API (SRTM 90m at snapped grid),Open-Meteo Elevation API (SRTM 90m at station coordinates),best_match,"proxy: valid_time - lead_hours (historical forecast, not original run archive)",NOAA ISD via Phase 6 expanded dataset (QC=1),0.0065
43063099999,PUNE,18.533,73.85,558.0,2023-08-03T12:00:00,2023-08-02T12:00:00,24,August_2023,24.4,24.4,559.0,18.523726,73.86876,559.0,0.0,24.4,24.4,Open-Meteo Historical Forecast API (best_match/GFS Seamless),Open-Meteo Historical Forecast API (SRTM 90m at snapped grid),Open-Meteo Elevation API (SRTM 90m at station coordinates),best_match,"proxy: valid_time - lead_hours (historical forecast, not original run archive)",NOAA ISD via Phase 6 expanded dataset (QC=1),0.0065
43063099999,PUNE,18.533,73.85,558.0,2023-08-04T00:00:00,2023-08-02T12:00:00,36,August_2023,23.4,22.9,559.0,18.523726,73.86876,559.0,0.0,22.9,22.9,Open-Meteo Historical Forecast API (best_match/GFS Seamless),Open-Meteo Historical Forecast API (SRTM 90m at snapped grid),Open-Meteo Elevation API (SRTM 90m at station coordinates),best_match,"proxy: valid_time - lead_hours (historical forecast, not original run archive)",NOAA ISD via Phase 6 expanded dataset (QC=1),0.0065
43063099999,PUNE,18.533,73.85,558.0,2023-08-04T12:00:00,2023-08-02T12:00:00,48,August_2023,25.6,24.7,559.0,18.523726,73.86876,559.0,0.0,24.7,24.7,Open-Meteo Historical Forecast API (best_match/GFS Seamless),Open-Meteo Historical Forecast API (SRTM 90m at snapped grid),Open-Meteo Elevation API (SRTM 90m at station coordinates),best_match,"proxy: valid_time - lead_hours (historical forecast, not original run archive)",NOAA ISD via Phase 6 expanded dataset (QC=1),0.0065
43063099999,PUNE,18.533,73.85,558.0,2023-08-03T12:00:00,2023-08-03T00:00:00,12,August_2023,24.4,24.4,559.0,18.523726,73.86876,559.0,0.0,24.4,24.4,Open-Meteo Historical Forecast API (best_match/GFS Seamless),Open-Meteo Historical Forecast API (SRTM 90m at snapped grid),Open-Meteo Elevation API (SRTM 90m at station coordinates),best_match,"proxy: valid_time - lead_hours (historical forecast, not original run archive)",NOAA ISD via Phase 6 expanded dataset (QC=1),0.0065
43063099999,PUNE,18.533,73.85,558.0,2023-08-04T00:00:00,2023-08-03T00:00:00,24,August_2023,23.4,22.9,559.0,18.523726,73.86876,559.0,0.0,22.9,22.9,Open-Meteo Historical Forecast API (best_match/GFS Seamless),Open-Meteo Historical Forecast API (SRTM 90m at snapped grid),Open-Meteo Elevation API (SRTM 90m at station coordinates),best_match,"proxy: valid_time - lead_hours (historical forecast, not original run archive)",NOAA ISD via Phase 6 expanded dataset (QC=1),0.0065
43063099999,PUNE,18.533,73.85,558.0,2023-08-04T12:00:00,2023-08-03T00:00:00,36,August_2023,25.6,24.7,559.0,18.523726,73.86876,559.0,0.0,24.7,24.7,Open-Meteo Historical Forecast API (best_match/GFS Seamless),Open-Meteo Historical Forecast API (SRTM 90m at snapped grid),Open-Meteo Elevation API (SRTM 90m at station coordinates),best_match,"proxy: valid_time - lead_hours (historical forecast, not original run archive)",NOAA ISD via Phase 6 expanded dataset (QC=1),0.0065
43063099999,PUNE,18.533,73.85,558.0,2023-08-05T00:00:00,2023-08-03T00:00:00,48,August_2023,22.2,22.9,559.0,18.523726,73.86876,559.0,0.0,22.9,22.9,Open-Meteo Historical Forecast API (best_match/GFS Seamless),Open-Meteo Historical Forecast API (SRTM 90m at snapped grid),Open-Meteo Elevation API (SRTM 90m at station coordinates),best_match,"proxy: valid_time - lead_hours (historical forecast, not original run archive)",NOAA ISD via Phase 6 expanded dataset (QC=1),0.0065
43063099999,PUNE,18.533,73.85,558.0,2023-08-04T00:00:00,2023-08-03T12:00:00,12,August_2023,23.4,22.9,559.0,18.523726,73.86876,559.0,0.0,22.9,22.9,Open-Meteo Historical Forecast API (best_match/GFS Seamless),Open-Meteo Historical Forecast API (SRTM 90m at snapped grid),Open-Meteo Elevation API (SRTM 90m at station coordinates),best_match,"proxy: valid_time - lead_hours (historical forecast, not original run archive)",NOAA ISD via Phase 6 expanded dataset (QC=1),0.0065
43063099999,PUNE,18.533,73.85,558.0,2023-08-04T12:00:00,2023-08-03T12:00:00,24,August_2023,25.6,24.7,559.0,18.523726,73.86876,559.0,0.0,24.7,24.7,Open-Meteo Historical Forecast API (best_match/GFS Seamless),Open-Meteo Historical Forecast API (SRTM 90m at snapped grid),Open-Meteo Elevation API (SRTM 90m at station coordinates),best_match,"proxy: valid_time - lead_hours (historical forecast, not original run archive)",NOAA ISD via Phase 6 expanded dataset (QC=1),0.0065
43063099999,PUNE,18.533,73.85,558.0,2023-08-05T00:00:00,2023-08-03T12:00:00,36,August_2023,22.2,22.9,559.0,18.523726,73.86876,559.0,0.0,22.9,22.9,Open-Meteo Historical Forecast API (best_match/GFS Seamless),Open-Meteo Historical Forecast API (SRTM 90m at snapped grid),Open-Meteo Elevation API (SRTM 90m at station coordinates),best_match,"proxy: valid_time - lead_hours (historical forecast, not original run archive)",NOAA ISD via Phase 6 expanded dataset (QC=1),0.0065
43063099999,PUNE,18.533,73.85,558.0,2023-08-05T12:00:00,2023-08-03T12:00:00,48,August_2023,25.2,24.3,559.0,18.523726,73.86876,559.0,0.0,24.3,24.3,Open-Meteo Historical Forecast API (best_match/GFS Seamless),Open-Meteo Historical Forecast API (SRTM 90m at snapped grid),Open-Meteo Elevation API (SRTM 90m at station coordinates),best_match,"proxy: valid_time - lead_hours (historical forecast, not original run archive)",NOAA ISD via Phase 6 expanded dataset (QC=1),0.0065
43063099999,PUNE,18.533,73.85,558.0,2023-08-04T12:00:00,2023-08-04T00:00:00,12,August_2023,25.6,24.7,559.0,18.523726,73.86876,559.0,0.0,24.7,24.7,Open-Meteo Historical Forecast API (best_match/GFS Seamless),Open-Meteo Historical Forecast API (SRTM 90m at snapped grid),Open-Meteo Elevation API (SRTM 90m at station coordinates),best_match,"proxy: valid_time - lead_hours (historical forecast, not original run archive)",NOAA ISD via Phase 6 expanded dataset (QC=1),0.0065
43063099999,PUNE,18.533,73.85,558.0,2023-08-05T00:00:00,2023-08-04T00:00:00,24,August_2023,22.2,22.9,559.0,18.523726,73.86876,559.0,0.0,22.9,22.9,Open-Meteo Historical Forecast API (best_match/GFS Seamless),Open-Meteo Historical Forecast API (SRTM 90m at snapped grid),Open-Meteo Elevation API (SRTM 90m at station coordinates),best_match,"proxy: valid_time - lead_hours (historical forecast, not original run archive)",NOAA ISD via Phase 6 expanded dataset (QC=1),0.0065
43063099999,PUNE,18.533,73.85,558.0,2023-08-05T12:00:00,2023-08-04T00:00:00,36,August_2023,25.2,24.3,559.0,18.523726,73.86876,559.0,0.0,24.3,24.3,Open-Meteo Historical Forecast API (best_match/GFS Seamless),Open-Meteo Historical Forecast API (SRTM 90m at snapped grid),Open-Meteo Elevation API (SRTM 90m at station coordinates),best_match,"proxy: valid_time - lead_hours (historical forecast, not original run archive)",NOAA ISD via Phase 6 expanded dataset (QC=1),0.0065
43063099999,PUNE,18.533,73.85,558.0,2023-08-06T00:00:00,2023-08-04T00:00:00,48,August_2023,22.8,22.7,559.0,18.523726,73.86876,559.0,0.0,22.7,22.7,Open-Meteo Historical Forecast API (best_match/GFS Seamless),Open-Meteo Historical Forecast API (SRTM 90m at snapped grid),Open-Meteo Elevation API (SRTM 90m at station coordinates),best_match,"proxy: valid_time - lead_hours (historical forecast, not original run archive)",NOAA ISD via Phase 6 expanded dataset (QC=1),0.0065
43063099999,PUNE,18.533,73.85,558.0,2023-08-05T00:00:00,2023-08-04T12:00:00,12,August_2023,22.2,22.9,559.0,18.523726,73.86876,559.0,0.0,22.9,22.9,Open-Meteo Historical Forecast API (best_match/GFS Seamless),Open-Meteo Historical Forecast API (SRTM 90m at snapped grid),Open-Meteo Elevation API (SRTM 90m at station coordinates),best_match,"proxy: valid_time - lead_hours (historical forecast, not original run archive)",NOAA ISD via Phase 6 expanded dataset (QC=1),0.0065
43063099999,PUNE,18.533,73.85,558.0,2023-08-05T12:00:00,2023-08-04T12:00:00,24,August_2023,25.2,24.3,559.0,18.523726,73.86876,559.0,0.0,24.3,24.3,Open-Meteo Historical Forecast API (best_match/GFS Seamless),Open-Meteo Historical Forecast API (SRTM 90m at snapped grid),Open-Meteo Elevation API (SRTM 90m at station coordinates),best_match,"proxy: valid_time - lead_hours (historical forecast, not original run archive)",NOAA ISD via Phase 6 expanded dataset (QC=1),0.0065
43063099999,PUNE,18.533,73.85,558.0,2023-08-06T00:00:00,2023-08-04T12:00:00,36,August_2023,22.8,22.7,559.0,18.523726,73.86876,559.0,0.0,22.7,22.7,Open-Meteo Historical Forecast API (best_match/GFS Seamless),Open-Meteo Historical Forecast API (SRTM 90m at snapped grid),Open-Meteo Elevation API (SRTM 90m at station coordinates),best_match,"proxy: valid_time - lead_hours (historical forecast, not original run archive)",NOAA ISD via Phase 6 expanded dataset (QC=1),0.0065
43063099999,PUNE,18.533,73.85,558.0,2023-08-06T12:00:00,2023-08-04T12:00:00,48,August_2023,24.8,24.4,559.0,18.523726,73.86876,559.0,0.0,24.4,24.4,Open-Meteo Historical Forecast API (best_match/GFS Seamless),Open-Meteo Historical Forecast API (SRTM 90m at snapped grid),Open-Meteo Elevation API (SRTM 90m at station coordinates),best_match,"proxy: valid_time - lead_hours (historical forecast, not original run archive)",NOAA ISD via Phase 6 expanded dataset (QC=1),0.0065
43063099999,PUNE,18.533,73.85,558.0,2023-08-05T12:00:00,2023-08-05T00:00:00,12,August_2023,25.2,24.3,559.0,18.523726,73.86876,559.0,0.0,24.3,24.3,Open-Meteo Historical Forecast API (best_match/GFS Seamless),Open-Meteo Historical Forecast API (SRTM 90m at snapped grid),Open-Meteo Elevation API (SRTM 90m at station coordinates),best_match,"proxy: valid_time - lead_hours (historical forecast, not original run archive)",NOAA ISD via Phase 6 expanded dataset (QC=1),0.0065
43063099999,PUNE,18.533,73.85,558.0,2023-08-06T00:00:00,2023-08-05T00:00:00,24,August_2023,22.8,22.7,559.0,18.523726,73.86876,559.0,0.0,22.7,22.7,Open-Meteo Historical Forecast API (best_match/GFS Seamless),Open-Meteo Historical Forecast API (SRTM 90m at snapped grid),Open-Meteo Elevation API (SRTM 90m at station coordinates),best_match,"proxy: valid_time - lead_hours (historical forecast, not original run archive)",NOAA ISD via Phase 6 expanded dataset (QC=1),0.0065
43063099999,PUNE,18.533,73.85,558.0,2023-08-06T12:00:00,2023-08-05T00:00:00,36,August_2023,24.8,24.4,559.0,18.523726,73.86876,559.0,0.0,24.4,24.4,Open-Meteo Historical Forecast API (best_match/GFS Seamless),Open-Meteo Historical Forecast API (SRTM 90m at snapped grid),Open-Meteo Elevation API (SRTM 90m at station coordinates),best_match,"proxy: valid_time - lead_hours (historical forecast, not original run archive)",NOAA ISD via Phase 6 expanded dataset (QC=1),0.0065
43063099999,PUNE,18.533,73.85,558.0,2023-08-07T00:00:00,2023-08-05T00:00:00,48,August_2023,23.4,22.6,559.0,18.523726,73.86876,559.0,0.0,22.6,22.6,Open-Meteo Historical Forecast API (best_match/GFS Seamless),Open-Meteo Historical Forecast API (SRTM 90m at snapped grid),Open-Meteo Elevation API (SRTM 90m at station coordinates),best_match,"proxy: valid_time - lead_hours (historical forecast, not original run archive)",NOAA ISD via Phase 6 expanded dataset (QC=1),0.0065
43063099999,PUNE,18.533,73.85,558.0,2023-08-06T00:00:00,2023-08-05T12:00:00,12,August_2023,22.8,22.7,559.0,18.523726,73.86876,559.0,0.0,22.7,22.7,Open-Meteo Historical Forecast API (best_match/GFS Seamless),Open-Meteo Historical Forecast API (SRTM 90m at snapped grid),Open-Meteo Elevation API (SRTM 90m at station coordinates),best_match,"proxy: valid_time - lead_hours (historical forecast, not original run archive)",NOAA ISD via Phase 6 expanded dataset (QC=1),0.0065
43063099999,PUNE,18.533,73.85,558.0,2023-08-06T12:00:00,2023-08-05T12:00:00,24,August_2023,24.8,24.4,559.0,18.523726,73.86876,559.0,0.0,24.4,24.4,Open-Meteo Historical Forecast API (best_match/GFS Seamless),Open-Meteo Historical Forecast API (SRTM 90m at snapped grid),Open-Meteo Elevation API (SRTM 90m at station coordinates),best_match,"proxy: valid_time - lead_hours (historical forecast, not original run archive)",NOAA ISD via Phase 6 expanded dataset (QC=1),0.0065
43063099999,PUNE,18.533,73.85,558.0,2023-08-07T00:00:00,2023-08-05T12:00:00,36,August_2023,23.4,22.6,559.0,18.523726,73.86876,559.0,0.0,22.6,22.6,Open-Meteo Historical Forecast API (best_match/GFS Seamless),Open-Meteo Historical Forecast API (SRTM 90m at snapped grid),Open-Meteo Elevation API (SRTM 90m at station coordinates),best_match,"proxy: valid_time - lead_hours (historical forecast, not original run archive)",NOAA ISD via Phase 6 expanded dataset (QC=1),0.0065
43063099999,PUNE,18.533,73.85,558.0,2023-08-07T12:00:00,2023-08-05T12:00:00,48,August_2023,26.2,25.2,559.0,18.523726,73.86876,559.0,0.0,25.2,25.2,Open-Meteo Historical Forecast API (best_match/GFS Seamless),Open-Meteo Historical Forecast API (SRTM 90m at snapped grid),Open-Meteo Elevation API (SRTM 90m at station coordinates),best_match,"proxy: valid_time - lead_hours (historical forecast, not original run archive)",NOAA ISD via Phase 6 expanded dataset (QC=1),0.0065
43063099999,PUNE,18.533,73.85,558.0,2023-08-06T12:00:00,2023-08-06T00:00:00,12,August_2023,24.8,24.4,559.0,18.523726,73.86876,559.0,0.0,24.4,24.4,Open-Meteo Historical Forecast API (best_match/GFS Seamless),Open-Meteo Historical Forecast API (SRTM 90m at snapped grid),Open-Meteo Elevation API (SRTM 90m at station coordinates),best_match,"proxy: valid_time - lead_hours (historical forecast, not original run archive)",NOAA ISD via Phase 6 expanded dataset (QC=1),0.0065
43063099999,PUNE,18.533,73.85,558.0,2023-08-07T00:00:00,2023-08-06T00:00:00,24,August_2023,23.4,22.6,559.0,18.523726,73.86876,559.0,0.0,22.6,22.6,Open-Meteo Historical Forecast API (best_match/GFS Seamless),Open-Meteo Historical Forecast API (SRTM 90m at snapped grid),Open-Meteo Elevation API (SRTM 90m at station coordinates),best_match,"proxy: valid_time - lead_hours (historical forecast, not original run archive)",NOAA ISD via Phase 6 expanded dataset (QC=1),0.0065
43063099999,PUNE,18.533,73.85,558.0,2023-08-07T12:00:00,2023-08-06T00:00:00,36,August_2023,26.2,25.2,559.0,18.523726,73.86876,559.0,0.0,25.2,25.2,Open-Meteo Historical Forecast API (best_match/GFS Seamless),Open-Meteo Historical Forecast API (SRTM 90m at snapped grid),Open-Meteo Elevation API (SRTM 90m at station coordinates),best_match,"proxy: valid_time - lead_hours (historical forecast, not original run archive)",NOAA ISD via Phase 6 expanded dataset (QC=1),0.0065
43063099999,PUNE,18.533,73.85,558.0,2023-08-08T00:00:00,2023-08-06T00:00:00,48,August_2023,23.2,23.0,559.0,18.523726,73.86876,559.0,0.0,23.0,23.0,Open-Meteo Historical Forecast API (best_match/GFS Seamless),Open-Meteo Historical Forecast API (SRTM 90m at snapped grid),Open-Meteo Elevation API (SRTM 90m at station coordinates),best_match,"proxy: valid_time - lead_hours (historical forecast, not original run archive)",NOAA ISD via Phase 6 expanded dataset (QC=1),0.0065
43063099999,PUNE,18.533,73.85,558.0,2023-08-07T00:00:00,2023-08-06T12:00:00,12,August_2023,23.4,22.6,559.0,18.523726,73.86876,559.0,0.0,22.6,22.6,Open-Meteo Historical Forecast API (best_match/GFS Seamless),Open-Meteo Historical Forecast API (SRTM 90m at snapped grid),Open-Meteo Elevation API (SRTM 90m at station coordinates),best_match,"proxy: valid_time - lead_hours (historical forecast, not original run archive)",NOAA ISD via Phase 6 expanded dataset (QC=1),0.0065
43063099999,PUNE,18.533,73.85,558.0,2023-08-07T12:00:00,2023-08-06T12:00:00,24,August_2023,26.2,25.2,559.0,18.523726,73.86876,559.0,0.0,25.2,25.2,Open-Meteo Historical Forecast API (best_match/GFS Seamless),Open-Meteo Historical Forecast API (SRTM 90m at snapped grid),Open-Meteo Elevation API (SRTM 90m at station coordinates),best_match,"proxy: valid_time - lead_hours (historical forecast, not original run archive)",NOAA ISD via Phase 6 expanded dataset (QC=1),0.0065
43063099999,PUNE,18.533,73.85,558.0,2023-08-08T00:00:00,2023-08-06T12:00:00,36,August_2023,23.2,23.0,559.0,18.523726,73.86876,559.0,0.0,23.0,23.0,Open-Meteo Historical Forecast API (best_match/GFS Seamless),Open-Meteo Historical Forecast API (SRTM 90m at snapped grid),Open-Meteo Elevation API (SRTM 90m at station coordinates),best_match,"proxy: valid_time - lead_hours (historical forecast, not original run archive)",NOAA ISD via Phase 6 expanded dataset (QC=1),0.0065
43063099999,PUNE,18.533,73.85,558.0,2023-08-08T12:00:00,2023-08-06T12:00:00,48,August_2023,26.2,25.6,559.0,18.523726,73.86876,559.0,0.0,25.6,25.6,Open-Meteo Historical Forecast API (best_match/GFS Seamless),Open-Meteo Historical Forecast API (SRTM 90m at snapped grid),Open-Meteo Elevation API (SRTM 90m at station coordinates),best_match,"proxy: valid_time - lead_hours (historical forecast, not original run archive)",NOAA ISD via Phase 6 expanded dataset (QC=1),0.0065
43063099999,PUNE,18.533,73.85,558.0,2023-08-07T12:00:00,2023-08-07T00:00:00,12,August_2023,26.2,25.2,559.0,18.523726,73.86876,559.0,0.0,25.2,25.2,Open-Meteo Historical Forecast API (best_match/GFS Seamless),Open-Meteo Historical Forecast API (SRTM 90m at snapped grid),Open-Meteo Elevation API (SRTM 90m at station coordinates),best_match,"proxy: valid_time - lead_hours (historical forecast, not original run archive)",NOAA ISD via Phase 6 expanded dataset (QC=1),0.0065
43063099999,PUNE,18.533,73.85,558.0,2023-08-08T00:00:00,2023-08-07T00:00:00,24,August_2023,23.2,23.0,559.0,18.523726,73.86876,559.0,0.0,23.0,23.0,Open-Meteo Historical Forecast API (best_match/GFS Seamless),Open-Meteo Historical Forecast API (SRTM 90m at snapped grid),Open-Meteo Elevation API (SRTM 90m at station coordinates),best_match,"proxy: valid_time - lead_hours (historical forecast, not original run archive)",NOAA ISD via Phase 6 expanded dataset (QC=1),0.0065
43063099999,PUNE,18.533,73.85,558.0,2023-08-08T12:00:00,2023-08-07T00:00:00,36,August_2023,26.2,25.6,559.0,18.523726,73.86876,559.0,0.0,25.6,25.6,Open-Meteo Historical Forecast API (best_match/GFS Seamless),Open-Meteo Historical Forecast API (SRTM 90m at snapped grid),Open-Meteo Elevation API (SRTM 90m at station coordinates),best_match,"proxy: valid_time - lead_hours (historical forecast, not original run archive)",NOAA ISD via Phase 6 expanded dataset (QC=1),0.0065
43063099999,PUNE,18.533,73.85,558.0,2023-08-09T00:00:00,2023-08-07T00:00:00,48,August_2023,23.6,22.5,559.0,18.523726,73.86876,559.0,0.0,22.5,22.5,Open-Meteo Historical Forecast API (best_match/GFS Seamless),Open-Meteo Historical Forecast API (SRTM 90m at snapped grid),Open-Meteo Elevation API (SRTM 90m at station coordinates),best_match,"proxy: valid_time - lead_hours (historical forecast, not original run archive)",NOAA ISD via Phase 6 expanded dataset (QC=1),0.0065
43063099999,PUNE,18.533,73.85,558.0,2023-08-08T00:00:00,2023-08-07T12:00:00,12,August_2023,23.2,23.0,559.0,18.523726,73.86876,559.0,0.0,23.0,23.0,Open-Meteo Historical Forecast API (best_match/GFS Seamless),Open-Meteo Historical Forecast API (SRTM 90m at snapped grid),Open-Meteo Elevation API (SRTM 90m at station coordinates),best_match,"proxy: valid_time - lead_hours (historical forecast, not original run archive)",NOAA ISD via Phase 6 expanded dataset (QC=1),0.0065
43063099999,PUNE,18.533,73.85,558.0,2023-08-08T12:00:00,2023-08-07T12:00:00,24,August_2023,26.2,25.6,559.0,18.523726,73.86876,559.0,0.0,25.6,25.6,Open-Meteo Historical Forecast API (best_match/GFS Seamless),Open-Meteo Historical Forecast API (SRTM 90m at snapped grid),Open-Meteo Elevation API (SRTM 90m at station coordinates),best_match,"proxy: valid_time - lead_hours (historical forecast, not original run archive)",NOAA ISD via Phase 6 expanded dataset (QC=1),0.0065
43063099999,PUNE,18.533,73.85,558.0,2023-08-09T00:00:00,2023-08-07T12:00:00,36,August_2023,23.6,22.5,559.0,18.523726,73.86876,559.0,0.0,22.5,22.5,Open-Meteo Historical Forecast API (best_match/GFS Seamless),Open-Meteo Historical Forecast API (SRTM 90m at snapped grid),Open-Meteo Elevation API (SRTM 90m at station coordinates),best_match,"proxy: valid_time - lead_hours (historical forecast, not original run archive)",NOAA ISD via Phase 6 expanded dataset (QC=1),0.0065
43063099999,PUNE,18.533,73.85,558.0,2023-08-09T12:00:00,2023-08-07T12:00:00,48,August_2023,25.6,25.8,559.0,18.523726,73.86876,559.0,0.0,25.8,25.8,Open-Meteo Historical Forecast API (best_match/GFS Seamless),Open-Meteo Historical Forecast API (SRTM 90m at snapped grid),Open-Meteo Elevation API (SRTM 90m at station coordinates),best_match,"proxy: valid_time - lead_hours (historical forecast, not original run archive)",NOAA ISD via Phase 6 expanded dataset (QC=1),0.0065
43063099999,PUNE,18.533,73.85,558.0,2023-08-08T12:00:00,2023-08-08T00:00:00,12,August_2023,26.2,25.6,559.0,18.523726,73.86876,559.0,0.0,25.6,25.6,Open-Meteo Historical Forecast API (best_match/GFS Seamless),Open-Meteo Historical Forecast API (SRTM 90m at snapped grid),Open-Meteo Elevation API (SRTM 90m at station coordinates),best_match,"proxy: valid_time - lead_hours (historical forecast, not original run archive)",NOAA ISD via Phase 6 expanded dataset (QC=1),0.0065
43063099999,PUNE,18.533,73.85,558.0,2023-08-09T00:00:00,2023-08-08T00:00:00,24,August_2023,23.6,22.5,559.0,18.523726,73.86876,559.0,0.0,22.5,22.5,Open-Meteo Historical Forecast API (best_match/GFS Seamless),Open-Meteo Historical Forecast API (SRTM 90m at snapped grid),Open-Meteo Elevation API (SRTM 90m at station coordinates),best_match,"proxy: valid_time - lead_hours (historical forecast, not original run archive)",NOAA ISD via Phase 6 expanded dataset (QC=1),0.0065
43063099999,PUNE,18.533,73.85,558.0,2023-08-09T12:00:00,2023-08-08T00:00:00,36,August_2023,25.6,25.8,559.0,18.523726,73.86876,559.0,0.0,25.8,25.8,Open-Meteo Historical Forecast API (best_match/GFS Seamless),Open-Meteo Historical Forecast API (SRTM 90m at snapped grid),Open-Meteo Elevation API (SRTM 90m at station coordinates),best_match,"proxy: valid_time - lead_hours (historical forecast, not original run archive)",NOAA ISD via Phase 6 expanded dataset (QC=1),0.0065
43063099999,PUNE,18.533,73.85,558.0,2023-08-10T00:00:00,2023-08-08T00:00:00,48,August_2023,23.0,23.1,559.0,18.523726,73.86876,559.0,0.0,23.1,23.1,Open-Meteo Historical Forecast API (best_match/GFS Seamless),Open-Meteo Historical Forecast API (SRTM 90m at snapped grid),Open-Meteo Elevation API (SRTM 90m at station coordinates),best_match,"proxy: valid_time - lead_hours (historical forecast, not original run archive)",NOAA ISD via Phase 6 expanded dataset (QC=1),0.0065
43063099999,PUNE,18.533,73.85,558.0,2023-08-09T00:00:00,2023-08-08T12:00:00,12,August_2023,23.6,22.5,559.0,18.523726,73.86876,559.0,0.0,22.5,22.5,Open-Meteo Historical Forecast API (best_match/GFS Seamless),Open-Meteo Historical Forecast API (SRTM 90m at snapped grid),Open-Meteo Elevation API (SRTM 90m at station coordinates),best_match,"proxy: valid_time - lead_hours (historical forecast, not original run archive)",NOAA ISD via Phase 6 expanded dataset (QC=1),0.0065
43063099999,PUNE,18.533,73.85,558.0,2023-08-09T12:00:00,2023-08-08T12:00:00,24,August_2023,25.6,25.8,559.0,18.523726,73.86876,559.0,0.0,25.8,25.8,Open-Meteo Historical Forecast API (best_match/GFS Seamless),Open-Meteo Historical Forecast API (SRTM 90m at snapped grid),Open-Meteo Elevation API (SRTM 90m at station coordinates),best_match,"proxy: valid_time - lead_hours (historical forecast, not original run archive)",NOAA ISD via Phase 6 expanded dataset (QC=1),0.0065
43063099999,PUNE,18.533,73.85,558.0,2023-08-10T00:00:00,2023-08-08T12:00:00,36,August_2023,23.0,23.1,559.0,18.523726,73.86876,559.0,0.0,23.1,23.1,Open-Meteo Historical Forecast API (best_match/GFS Seamless),Open-Meteo Historical Forecast API (SRTM 90m at snapped grid),Open-Meteo Elevation API (SRTM 90m at station coordinates),best_match,"proxy: valid_time - lead_hours (historical forecast, not original run archive)",NOAA ISD via Phase 6 expanded dataset (QC=1),0.0065
43063099999,PUNE,18.533,73.85,558.0,2023-08-10T12:00:00,2023-08-08T12:00:00,48,August_2023,27.6,25.7,559.0,18.523726,73.86876,559.0,0.0,25.7,25.7,Open-Meteo Historical Forecast API (best_match/GFS Seamless),Open-Meteo Historical Forecast API (SRTM 90m at snapped grid),Open-Meteo Elevation API (SRTM 90m at station coordinates),best_match,"proxy: valid_time - lead_hours (historical forecast, not original run archive)",NOAA ISD via Phase 6 expanded dataset (QC=1),0.0065
43063099999,PUNE,18.533,73.85,558.0,2023-08-09T12:00:00,2023-08-09T00:00:00,12,August_2023,25.6,25.8,559.0,18.523726,73.86876,559.0,0.0,25.8,25.8,Open-Meteo Historical Forecast API (best_match/GFS Seamless),Open-Meteo Historical Forecast API (SRTM 90m at snapped grid),Open-Meteo Elevation API (SRTM 90m at station coordinates),best_match,"proxy: valid_time - lead_hours (historical forecast, not original run archive)",NOAA ISD via Phase 6 expanded dataset (QC=1),0.0065
43063099999,PUNE,18.533,73.85,558.0,2023-08-10T00:00:00,2023-08-09T00:00:00,24,August_2023,23.0,23.1,559.0,18.523726,73.86876,559.0,0.0,23.1,23.1,Open-Meteo Historical Forecast API (best_match/GFS Seamless),Open-Meteo Historical Forecast API (SRTM 90m at snapped grid),Open-Meteo Elevation API (SRTM 90m at station coordinates),best_match,"proxy: valid_time - lead_hours (historical forecast, not original run archive)",NOAA ISD via Phase 6 expanded dataset (QC=1),0.0065
43063099999,PUNE,18.533,73.85,558.0,2023-08-10T12:00:00,2023-08-09T00:00:00,36,August_2023,27.6,25.7,559.0,18.523726,73.86876,559.0,0.0,25.7,25.7,Open-Meteo Historical Forecast API (best_match/GFS Seamless),Open-Meteo Historical Forecast API (SRTM 90m at snapped grid),Open-Meteo Elevation API (SRTM 90m at station coordinates),best_match,"proxy: valid_time - lead_hours (historical forecast, not original run archive)",NOAA ISD via Phase 6 expanded dataset (QC=1),0.0065
43063099999,PUNE,18.533,73.85,558.0,2023-08-10T00:00:00,2023-08-09T12:00:00,12,August_2023,23.0,23.1,559.0,18.523726,73.86876,559.0,0.0,23.1,23.1,Open-Meteo Historical Forecast API (best_match/GFS Seamless),Open-Meteo Historical Forecast API (SRTM 90m at snapped grid),Open-Meteo Elevation API (SRTM 90m at station coordinates),best_match,"proxy: valid_time - lead_hours (historical forecast, not original run archive)",NOAA ISD via Phase 6 expanded dataset (QC=1),0.0065
43063099999,PUNE,18.533,73.85,558.0,2023-08-10T12:00:00,2023-08-09T12:00:00,24,August_2023,27.6,25.7,559.0,18.523726,73.86876,559.0,0.0,25.7,25.7,Open-Meteo Historical Forecast API (best_match/GFS Seamless),Open-Meteo Historical Forecast API (SRTM 90m at snapped grid),Open-Meteo Elevation API (SRTM 90m at station coordinates),best_match,"proxy: valid_time - lead_hours (historical forecast, not original run archive)",NOAA ISD via Phase 6 expanded dataset (QC=1),0.0065
43063099999,PUNE,18.533,73.85,558.0,2023-08-10T12:00:00,2023-08-10T00:00:00,12,August_2023,27.6,25.7,559.0,18.523726,73.86876,559.0,0.0,25.7,25.7,Open-Meteo Historical Forecast API (best_match/GFS Seamless),Open-Meteo Historical Forecast API (SRTM 90m at snapped grid),Open-Meteo Elevation API (SRTM 90m at station coordinates),best_match,"proxy: valid_time - lead_hours (historical forecast, not original run archive)",NOAA ISD via Phase 6 expanded dataset (QC=1),0.0065
43069099999,BARAMATI,18.15,74.583,551.0,2023-02-01T12:00:00,2023-02-01T00:00:00,12,February_2023,26.6,26.6,550.0,18.172232,74.5614,550.0,0.0,26.6,26.6,Open-Meteo Historical Forecast API (best_match/GFS Seamless),Open-Meteo Historical Forecast API (SRTM 90m at snapped grid),Open-Meteo Elevation API (SRTM 90m at station coordinates),best_match,"proxy: valid_time - lead_hours (historical forecast, not original run archive)",NOAA ISD via Phase 6 expanded dataset (QC=1),0.0065
43069099999,BARAMATI,18.15,74.583,551.0,2023-02-03T12:00:00,2023-02-01T12:00:00,48,February_2023,27.6,28.7,550.0,18.172232,74.5614,550.0,0.0,28.7,28.7,Open-Meteo Historical Forecast API (best_match/GFS Seamless),Open-Meteo Historical Forecast API (SRTM 90m at snapped grid),Open-Meteo Elevation API (SRTM 90m at station coordinates),best_match,"proxy: valid_time - lead_hours (historical forecast, not original run archive)",NOAA ISD via Phase 6 expanded dataset (QC=1),0.0065
43069099999,BARAMATI,18.15,74.583,551.0,2023-02-03T12:00:00,2023-02-02T00:00:00,36,February_2023,27.6,28.7,550.0,18.172232,74.5614,550.0,0.0,28.7,28.7,Open-Meteo Historical Forecast API (best_match/GFS Seamless),Open-Meteo Historical Forecast API (SRTM 90m at snapped grid),Open-Meteo Elevation API (SRTM 90m at station coordinates),best_match,"proxy: valid_time - lead_hours (historical forecast, not original run archive)",NOAA ISD via Phase 6 expanded dataset (QC=1),0.0065
43069099999,BARAMATI,18.15,74.583,551.0,2023-02-03T12:00:00,2023-02-02T12:00:00,24,February_2023,27.6,28.7,550.0,18.172232,74.5614,550.0,0.0,28.7,28.7,Open-Meteo Historical Forecast API (best_match/GFS Seamless),Open-Meteo Historical Forecast API (SRTM 90m at snapped grid),Open-Meteo Elevation API (SRTM 90m at station coordinates),best_match,"proxy: valid_time - lead_hours (historical forecast, not original run archive)",NOAA ISD via Phase 6 expanded dataset (QC=1),0.0065
43069099999,BARAMATI,18.15,74.583,551.0,2023-02-04T12:00:00,2023-02-02T12:00:00,48,February_2023,29.0,29.0,550.0,18.172232,74.5614,550.0,0.0,29.0,29.0,Open-Meteo Historical Forecast API (best_match/GFS Seamless),Open-Meteo Historical Forecast API (SRTM 90m at snapped grid),Open-Meteo Elevation API (SRTM 90m at station coordinates),best_match,"proxy: valid_time - lead_hours (historical forecast, not original run archive)",NOAA ISD via Phase 6 expanded dataset (QC=1),0.0065
43069099999,BARAMATI,18.15,74.583,551.0,2023-02-03T12:00:00,2023-02-03T00:00:00,12,February_2023,27.6,28.7,550.0,18.172232,74.5614,550.0,0.0,28.7,28.7,Open-Meteo Historical Forecast API (best_match/GFS Seamless),Open-Meteo Historical Forecast API (SRTM 90m at snapped grid),Open-Meteo Elevation API (SRTM 90m at station coordinates),best_match,"proxy: valid_time - lead_hours (historical forecast, not original run archive)",NOAA ISD via Phase 6 expanded dataset (QC=1),0.0065
43069099999,BARAMATI,18.15,74.583,551.0,2023-02-04T12:00:00,2023-02-03T00:00:00,36,February_2023,29.0,29.0,550.0,18.172232,74.5614,550.0,0.0,29.0,29.0,Open-Meteo Historical Forecast API (best_match/GFS Seamless),Open-Meteo Historical Forecast API (SRTM 90m at snapped grid),Open-Meteo Elevation API (SRTM 90m at station coordinates),best_match,"proxy: valid_time - lead_hours (historical forecast, not original run archive)",NOAA ISD via Phase 6 expanded dataset (QC=1),0.0065
43069099999,BARAMATI,18.15,74.583,551.0,2023-02-04T12:00:00,2023-02-03T12:00:00,24,February_2023,29.0,29.0,550.0,18.172232,74.5614,550.0,0.0,29.0,29.0,Open-Meteo Historical Forecast API (best_match/GFS Seamless),Open-Meteo Historical Forecast API (SRTM 90m at snapped grid),Open-Meteo Elevation API (SRTM 90m at station coordinates),best_match,"proxy: valid_time - lead_hours (historical forecast, not original run archive)",NOAA ISD via Phase 6 expanded dataset (QC=1),0.0065
43069099999,BARAMATI,18.15,74.583,551.0,2023-02-05T12:00:00,2023-02-03T12:00:00,48,February_2023,29.6,30.2,550.0,18.172232,74.5614,550.0,0.0,30.2,30.2,Open-Meteo Historical Forecast API (best_match/GFS Seamless),Open-Meteo Historical Forecast API (SRTM 90m at snapped grid),Open-Meteo Elevation API (SRTM 90m at station coordinates),best_match,"proxy: valid_time - lead_hours (historical forecast, not original run archive)",NOAA ISD via Phase 6 expanded dataset (QC=1),0.0065
43069099999,BARAMATI,18.15,74.583,551.0,2023-02-04T12:00:00,2023-02-04T00:00:00,12,February_2023,29.0,29.0,550.0,18.172232,74.5614,550.0,0.0,29.0,29.0,Open-Meteo Historical Forecast API (best_match/GFS Seamless),Open-Meteo Historical Forecast API (SRTM 90m at snapped grid),Open-Meteo Elevation API (SRTM 90m at station coordinates),best_match,"proxy: valid_time - lead_hours (historical forecast, not original run archive)",NOAA ISD via Phase 6 expanded dataset (QC=1),0.0065
43069099999,BARAMATI,18.15,74.583,551.0,2023-02-05T12:00:00,2023-02-04T00:00:00,36,February_2023,29.6,30.2,550.0,18.172232,74.5614,550.0,0.0,30.2,30.2,Open-Meteo Historical Forecast API (best_match/GFS Seamless),Open-Meteo Historical Forecast API (SRTM 90m at snapped grid),Open-Meteo Elevation API (SRTM 90m at station coordinates),best_match,"proxy: valid_time - lead_hours (historical forecast, not original run archive)",NOAA ISD via Phase 6 expanded dataset (QC=1),0.0065
43069099999,BARAMATI,18.15,74.583,551.0,2023-02-05T12:00:00,2023-02-04T12:00:00,24,February_2023,29.6,30.2,550.0,18.172232,74.5614,550.0,0.0,30.2,30.2,Open-Meteo Historical Forecast API (best_match/GFS Seamless),Open-Meteo Historical Forecast API (SRTM 90m at snapped grid),Open-Meteo Elevation API (SRTM 90m at station coordinates),best_match,"proxy: valid_time - lead_hours (historical forecast, not original run archive)",NOAA ISD via Phase 6 expanded dataset (QC=1),0.0065
43069099999,BARAMATI,18.15,74.583,551.0,2023-02-06T12:00:00,2023-02-04T12:00:00,48,February_2023,30.2,31.5,550.0,18.172232,74.5614,550.0,0.0,31.5,31.5,Open-Meteo Historical Forecast API (best_match/GFS Seamless),Open-Meteo Historical Forecast API (SRTM 90m at snapped grid),Open-Meteo Elevation API (SRTM 90m at station coordinates),best_match,"proxy: valid_time - lead_hours (historical forecast, not original run archive)",NOAA ISD via Phase 6 expanded dataset (QC=1),0.0065
43069099999,BARAMATI,18.15,74.583,551.0,2023-02-05T12:00:00,2023-02-05T00:00:00,12,February_2023,29.6,30.2,550.0,18.172232,74.5614,550.0,0.0,30.2,30.2,Open-Meteo Historical Forecast API (best_match/GFS Seamless),Open-Meteo Historical Forecast API (SRTM 90m at snapped grid),Open-Meteo Elevation API (SRTM 90m at station coordinates),best_match,"proxy: valid_time - lead_hours (historical forecast, not original run archive)",NOAA ISD via Phase 6 expanded dataset (QC=1),0.0065
43069099999,BARAMATI,18.15,74.583,551.0,2023-02-06T12:00:00,2023-02-05T00:00:00,36,February_2023,30.2,31.5,550.0,18.172232,74.5614,550.0,0.0,31.5,31.5,Open-Meteo Historical Forecast API (best_match/GFS Seamless),Open-Meteo Historical Forecast API (SRTM 90m at snapped grid),Open-Meteo Elevation API (SRTM 90m at station coordinates),best_match,"proxy: valid_time - lead_hours (historical forecast, not original run archive)",NOAA ISD via Phase 6 expanded dataset (QC=1),0.0065
43069099999,BARAMATI,18.15,74.583,551.0,2023-02-06T12:00:00,2023-02-05T12:00:00,24,February_2023,30.2,31.5,550.0,18.172232,74.5614,550.0,0.0,31.5,31.5,Open-Meteo Historical Forecast API (best_match/GFS Seamless),Open-Meteo Historical Forecast API (SRTM 90m at snapped grid),Open-Meteo Elevation API (SRTM 90m at station coordinates),best_match,"proxy: valid_time - lead_hours (historical forecast, not original run archive)",NOAA ISD via Phase 6 expanded dataset (QC=1),0.0065
43069099999,BARAMATI,18.15,74.583,551.0,2023-02-07T12:00:00,2023-02-05T12:00:00,48,February_2023,30.0,30.6,550.0,18.172232,74.5614,550.0,0.0,30.6,30.6,Open-Meteo Historical Forecast API (best_match/GFS Seamless),Open-Meteo Historical Forecast API (SRTM 90m at snapped grid),Open-Meteo Elevation API (SRTM 90m at station coordinates),best_match,"proxy: valid_time - lead_hours (historical forecast, not original run archive)",NOAA ISD via Phase 6 expanded dataset (QC=1),0.0065
43069099999,BARAMATI,18.15,74.583,551.0,2023-02-06T12:00:00,2023-02-06T00:00:00,12,February_2023,30.2,31.5,550.0,18.172232,74.5614,550.0,0.0,31.5,31.5,Open-Meteo Historical Forecast API (best_match/GFS Seamless),Open-Meteo Historical Forecast API (SRTM 90m at snapped grid),Open-Meteo Elevation API (SRTM 90m at station coordinates),best_match,"proxy: valid_time - lead_hours (historical forecast, not original run archive)",NOAA ISD via Phase 6 expanded dataset (QC=1),0.0065
43069099999,BARAMATI,18.15,74.583,551.0,2023-02-07T12:00:00,2023-02-06T00:00:00,36,February_2023,30.0,30.6,550.0,18.172232,74.5614,550.0,0.0,30.6,30.6,Open-Meteo Historical Forecast API (best_match/GFS Seamless),Open-Meteo Historical Forecast API (SRTM 90m at snapped grid),Open-Meteo Elevation API (SRTM 90m at station coordinates),best_match,"proxy: valid_time - lead_hours (historical forecast, not original run archive)",NOAA ISD via Phase 6 expanded dataset (QC=1),0.0065
43069099999,BARAMATI,18.15,74.583,551.0,2023-02-07T12:00:00,2023-02-06T12:00:00,24,February_2023,30.0,30.6,550.0,18.172232,74.5614,550.0,0.0,30.6,30.6,Open-Meteo Historical Forecast API (best_match/GFS Seamless),Open-Meteo Historical Forecast API (SRTM 90m at snapped grid),Open-Meteo Elevation API (SRTM 90m at station coordinates),best_match,"proxy: valid_time - lead_hours (historical forecast, not original run archive)",NOAA ISD via Phase 6 expanded dataset (QC=1),0.0065
43069099999,BARAMATI,18.15,74.583,551.0,2023-02-08T12:00:00,2023-02-06T12:00:00,48,February_2023,30.4,31.0,550.0,18.172232,74.5614,550.0,0.0,31.0,31.0,Open-Meteo Historical Forecast API (best_match/GFS Seamless),Open-Meteo Historical Forecast API (SRTM 90m at snapped grid),Open-Meteo Elevation API (SRTM 90m at station coordinates),best_match,"proxy: valid_time - lead_hours (historical forecast, not original run archive)",NOAA ISD via Phase 6 expanded dataset (QC=1),0.0065
43069099999,BARAMATI,18.15,74.583,551.0,2023-02-07T12:00:00,2023-02-07T00:00:00,12,February_2023,30.0,30.6,550.0,18.172232,74.5614,550.0,0.0,30.6,30.6,Open-Meteo Historical Forecast API (best_match/GFS Seamless),Open-Meteo Historical Forecast API (SRTM 90m at snapped grid),Open-Meteo Elevation API (SRTM 90m at station coordinates),best_match,"proxy: valid_time - lead_hours (historical forecast, not original run archive)",NOAA ISD via Phase 6 expanded dataset (QC=1),0.0065
43069099999,BARAMATI,18.15,74.583,551.0,2023-02-08T12:00:00,2023-02-07T00:00:00,36,February_2023,30.4,31.0,550.0,18.172232,74.5614,550.0,0.0,31.0,31.0,Open-Meteo Historical Forecast API (best_match/GFS Seamless),Open-Meteo Historical Forecast API (SRTM 90m at snapped grid),Open-Meteo Elevation API (SRTM 90m at station coordinates),best_match,"proxy: valid_time - lead_hours (historical forecast, not original run archive)",NOAA ISD via Phase 6 expanded dataset (QC=1),0.0065
43069099999,BARAMATI,18.15,74.583,551.0,2023-02-08T12:00:00,2023-02-07T12:00:00,24,February_2023,30.4,31.0,550.0,18.172232,74.5614,550.0,0.0,31.0,31.0,Open-Meteo Historical Forecast API (best_match/GFS Seamless),Open-Meteo Historical Forecast API (SRTM 90m at snapped grid),Open-Meteo Elevation API (SRTM 90m at station coordinates),best_match,"proxy: valid_time - lead_hours (historical forecast, not original run archive)",NOAA ISD via Phase 6 expanded dataset (QC=1),0.0065
43069099999,BARAMATI,18.15,74.583,551.0,2023-02-08T12:00:00,2023-02-08T00:00:00,12,February_2023,30.4,31.0,550.0,18.172232,74.5614,550.0,0.0,31.0,31.0,Open-Meteo Historical Forecast API (best_match/GFS Seamless),Open-Meteo Historical Forecast API (SRTM 90m at snapped grid),Open-Meteo Elevation API (SRTM 90m at station coordinates),best_match,"proxy: valid_time - lead_hours (historical forecast, not original run archive)",NOAA ISD via Phase 6 expanded dataset (QC=1),0.0065
43069099999,BARAMATI,18.15,74.583,551.0,2023-02-10T12:00:00,2023-02-08T12:00:00,48,February_2023,31.0,31.7,550.0,18.172232,74.5614,550.0,0.0,31.7,31.7,Open-Meteo Historical Forecast API (best_match/GFS Seamless),Open-Meteo Historical Forecast API (SRTM 90m at snapped grid),Open-Meteo Elevation API (SRTM 90m at station coordinates),best_match,"proxy: valid_time - lead_hours (historical forecast, not original run archive)",NOAA ISD via Phase 6 expanded dataset (QC=1),0.0065
43069099999,BARAMATI,18.15,74.583,551.0,2023-02-10T12:00:00,2023-02-09T00:00:00,36,February_2023,31.0,31.7,550.0,18.172232,74.5614,550.0,0.0,31.7,31.7,Open-Meteo Historical Forecast API (best_match/GFS Seamless),Open-Meteo Historical Forecast API (SRTM 90m at snapped grid),Open-Meteo Elevation API (SRTM 90m at station coordinates),best_match,"proxy: valid_time - lead_hours (historical forecast, not original run archive)",NOAA ISD via Phase 6 expanded dataset (QC=1),0.0065
43069099999,BARAMATI,18.15,74.583,551.0,2023-02-10T12:00:00,2023-02-09T12:00:00,24,February_2023,31.0,31.7,550.0,18.172232,74.5614,550.0,0.0,31.7,31.7,Open-Meteo Historical Forecast API (best_match/GFS Seamless),Open-Meteo Historical Forecast API (SRTM 90m at snapped grid),Open-Meteo Elevation API (SRTM 90m at station coordinates),best_match,"proxy: valid_time - lead_hours (historical forecast, not original run archive)",NOAA ISD via Phase 6 expanded dataset (QC=1),0.0065
43069099999,BARAMATI,18.15,74.583,551.0,2023-02-10T12:00:00,2023-02-10T00:00:00,12,February_2023,31.0,31.7,550.0,18.172232,74.5614,550.0,0.0,31.7,31.7,Open-Meteo Historical Forecast API (best_match/GFS Seamless),Open-Meteo Historical Forecast API (SRTM 90m at snapped grid),Open-Meteo Elevation API (SRTM 90m at station coordinates),best_match,"proxy: valid_time - lead_hours (historical forecast, not original run archive)",NOAA ISD via Phase 6 expanded dataset (QC=1),0.0065
43069099999,BARAMATI,18.15,74.583,551.0,2023-08-01T12:00:00,2023-08-01T00:00:00,12,August_2023,27.2,25.9,550.0,18.172232,74.5614,550.0,0.0,25.9,25.9,Open-Meteo Historical Forecast API (best_match/GFS Seamless),Open-Meteo Historical Forecast API (SRTM 90m at snapped grid),Open-Meteo Elevation API (SRTM 90m at station coordinates),best_match,"proxy: valid_time - lead_hours (historical forecast, not original run archive)",NOAA ISD via Phase 6 expanded dataset (QC=1),0.0065
43069099999,BARAMATI,18.15,74.583,551.0,2023-08-02T12:00:00,2023-08-01T00:00:00,36,August_2023,28.6,26.2,550.0,18.172232,74.5614,550.0,0.0,26.2,26.2,Open-Meteo Historical Forecast API (best_match/GFS Seamless),Open-Meteo Historical Forecast API (SRTM 90m at snapped grid),Open-Meteo Elevation API (SRTM 90m at station coordinates),best_match,"proxy: valid_time - lead_hours (historical forecast, not original run archive)",NOAA ISD via Phase 6 expanded dataset (QC=1),0.0065
43069099999,BARAMATI,18.15,74.583,551.0,2023-08-02T12:00:00,2023-08-01T12:00:00,24,August_2023,28.6,26.2,550.0,18.172232,74.5614,550.0,0.0,26.2,26.2,Open-Meteo Historical Forecast API (best_match/GFS Seamless),Open-Meteo Historical Forecast API (SRTM 90m at snapped grid),Open-Meteo Elevation API (SRTM 90m at station coordinates),best_match,"proxy: valid_time - lead_hours (historical forecast, not original run archive)",NOAA ISD via Phase 6 expanded dataset (QC=1),0.0065
43069099999,BARAMATI,18.15,74.583,551.0,2023-08-02T12:00:00,2023-08-02T00:00:00,12,August_2023,28.6,26.2,550.0,18.172232,74.5614,550.0,0.0,26.2,26.2,Open-Meteo Historical Forecast API (best_match/GFS Seamless),Open-Meteo Historical Forecast API (SRTM 90m at snapped grid),Open-Meteo Elevation API (SRTM 90m at station coordinates),best_match,"proxy: valid_time - lead_hours (historical forecast, not original run archive)",NOAA ISD via Phase 6 expanded dataset (QC=1),0.0065
43069099999,BARAMATI,18.15,74.583,551.0,2023-08-04T12:00:00,2023-08-02T12:00:00,48,August_2023,28.2,26.9,550.0,18.172232,74.5614,550.0,0.0,26.9,26.9,Open-Meteo Historical Forecast API (best_match/GFS Seamless),Open-Meteo Historical Forecast API (SRTM 90m at snapped grid),Open-Meteo Elevation API (SRTM 90m at station coordinates),best_match,"proxy: valid_time - lead_hours (historical forecast, not original run archive)",NOAA ISD via Phase 6 expanded dataset (QC=1),0.0065
43069099999,BARAMATI,18.15,74.583,551.0,2023-08-04T12:00:00,2023-08-03T00:00:00,36,August_2023,28.2,26.9,550.0,18.172232,74.5614,550.0,0.0,26.9,26.9,Open-Meteo Historical Forecast API (best_match/GFS Seamless),Open-Meteo Historical Forecast API (SRTM 90m at snapped grid),Open-Meteo Elevation API (SRTM 90m at station coordinates),best_match,"proxy: valid_time - lead_hours (historical forecast, not original run archive)",NOAA ISD via Phase 6 expanded dataset (QC=1),0.0065
43069099999,BARAMATI,18.15,74.583,551.0,2023-08-04T12:00:00,2023-08-03T12:00:00,24,August_2023,28.2,26.9,550.0,18.172232,74.5614,550.0,0.0,26.9,26.9,Open-Meteo Historical Forecast API (best_match/GFS Seamless),Open-Meteo Historical Forecast API (SRTM 90m at snapped grid),Open-Meteo Elevation API (SRTM 90m at station coordinates),best_match,"proxy: valid_time - lead_hours (historical forecast, not original run archive)",NOAA ISD via Phase 6 expanded dataset (QC=1),0.0065
43069099999,BARAMATI,18.15,74.583,551.0,2023-08-05T12:00:00,2023-08-03T12:00:00,48,August_2023,28.8,26.2,550.0,18.172232,74.5614,550.0,0.0,26.2,26.2,Open-Meteo Historical Forecast API (best_match/GFS Seamless),Open-Meteo Historical Forecast API (SRTM 90m at snapped grid),Open-Meteo Elevation API (SRTM 90m at station coordinates),best_match,"proxy: valid_time - lead_hours (historical forecast, not original run archive)",NOAA ISD via Phase 6 expanded dataset (QC=1),0.0065
43069099999,BARAMATI,18.15,74.583,551.0,2023-08-04T12:00:00,2023-08-04T00:00:00,12,August_2023,28.2,26.9,550.0,18.172232,74.5614,550.0,0.0,26.9,26.9,Open-Meteo Historical Forecast API (best_match/GFS Seamless),Open-Meteo Historical Forecast API (SRTM 90m at snapped grid),Open-Meteo Elevation API (SRTM 90m at station coordinates),best_match,"proxy: valid_time - lead_hours (historical forecast, not original run archive)",NOAA ISD via Phase 6 expanded dataset (QC=1),0.0065
43069099999,BARAMATI,18.15,74.583,551.0,2023-08-05T12:00:00,2023-08-04T00:00:00,36,August_2023,28.8,26.2,550.0,18.172232,74.5614,550.0,0.0,26.2,26.2,Open-Meteo Historical Forecast API (best_match/GFS Seamless),Open-Meteo Historical Forecast API (SRTM 90m at snapped grid),Open-Meteo Elevation API (SRTM 90m at station coordinates),best_match,"proxy: valid_time - lead_hours (historical forecast, not original run archive)",NOAA ISD via Phase 6 expanded dataset (QC=1),0.0065
43069099999,BARAMATI,18.15,74.583,551.0,2023-08-05T12:00:00,2023-08-04T12:00:00,24,August_2023,28.8,26.2,550.0,18.172232,74.5614,550.0,0.0,26.2,26.2,Open-Meteo Historical Forecast API (best_match/GFS Seamless),Open-Meteo Historical Forecast API (SRTM 90m at snapped grid),Open-Meteo Elevation API (SRTM 90m at station coordinates),best_match,"proxy: valid_time - lead_hours (historical forecast, not original run archive)",NOAA ISD via Phase 6 expanded dataset (QC=1),0.0065
43069099999,BARAMATI,18.15,74.583,551.0,2023-08-06T12:00:00,2023-08-04T12:00:00,48,August_2023,28.2,26.7,550.0,18.172232,74.5614,550.0,0.0,26.7,26.7,Open-Meteo Historical Forecast API (best_match/GFS Seamless),Open-Meteo Historical Forecast API (SRTM 90m at snapped grid),Open-Meteo Elevation API (SRTM 90m at station coordinates),best_match,"proxy: valid_time - lead_hours (historical forecast, not original run archive)",NOAA ISD via Phase 6 expanded dataset (QC=1),0.0065
43069099999,BARAMATI,18.15,74.583,551.0,2023-08-05T12:00:00,2023-08-05T00:00:00,12,August_2023,28.8,26.2,550.0,18.172232,74.5614,550.0,0.0,26.2,26.2,Open-Meteo Historical Forecast API (best_match/GFS Seamless),Open-Meteo Historical Forecast API (SRTM 90m at snapped grid),Open-Meteo Elevation API (SRTM 90m at station coordinates),best_match,"proxy: valid_time - lead_hours (historical forecast, not original run archive)",NOAA ISD via Phase 6 expanded dataset (QC=1),0.0065
43069099999,BARAMATI,18.15,74.583,551.0,2023-08-06T12:00:00,2023-08-05T00:00:00,36,August_2023,28.2,26.7,550.0,18.172232,74.5614,550.0,0.0,26.7,26.7,Open-Meteo Historical Forecast API (best_match/GFS Seamless),Open-Meteo Historical Forecast API (SRTM 90m at snapped grid),Open-Meteo Elevation API (SRTM 90m at station coordinates),best_match,"proxy: valid_time - lead_hours (historical forecast, not original run archive)",NOAA ISD via Phase 6 expanded dataset (QC=1),0.0065
43069099999,BARAMATI,18.15,74.583,551.0,2023-08-06T12:00:00,2023-08-05T12:00:00,24,August_2023,28.2,26.7,550.0,18.172232,74.5614,550.0,0.0,26.7,26.7,Open-Meteo Historical Forecast API (best_match/GFS Seamless),Open-Meteo Historical Forecast API (SRTM 90m at snapped grid),Open-Meteo Elevation API (SRTM 90m at station coordinates),best_match,"proxy: valid_time - lead_hours (historical forecast, not original run archive)",NOAA ISD via Phase 6 expanded dataset (QC=1),0.0065
43069099999,BARAMATI,18.15,74.583,551.0,2023-08-07T12:00:00,2023-08-05T12:00:00,48,August_2023,28.0,26.9,550.0,18.172232,74.5614,550.0,0.0,26.9,26.9,Open-Meteo Historical Forecast API (best_match/GFS Seamless),Open-Meteo Historical Forecast API (SRTM 90m at snapped grid),Open-Meteo Elevation API (SRTM 90m at station coordinates),best_match,"proxy: valid_time - lead_hours (historical forecast, not original run archive)",NOAA ISD via Phase 6 expanded dataset (QC=1),0.0065
43069099999,BARAMATI,18.15,74.583,551.0,2023-08-06T12:00:00,2023-08-06T00:00:00,12,August_2023,28.2,26.7,550.0,18.172232,74.5614,550.0,0.0,26.7,26.7,Open-Meteo Historical Forecast API (best_match/GFS Seamless),Open-Meteo Historical Forecast API (SRTM 90m at snapped grid),Open-Meteo Elevation API (SRTM 90m at station coordinates),best_match,"proxy: valid_time - lead_hours (historical forecast, not original run archive)",NOAA ISD via Phase 6 expanded dataset (QC=1),0.0065
43069099999,BARAMATI,18.15,74.583,551.0,2023-08-07T12:00:00,2023-08-06T00:00:00,36,August_2023,28.0,26.9,550.0,18.172232,74.5614,550.0,0.0,26.9,26.9,Open-Meteo Historical Forecast API (best_match/GFS Seamless),Open-Meteo Historical Forecast API (SRTM 90m at snapped grid),Open-Meteo Elevation API (SRTM 90m at station coordinates),best_match,"proxy: valid_time - lead_hours (historical forecast, not original run archive)",NOAA ISD via Phase 6 expanded dataset (QC=1),0.0065
43069099999,BARAMATI,18.15,74.583,551.0,2023-08-07T12:00:00,2023-08-06T12:00:00,24,August_2023,28.0,26.9,550.0,18.172232,74.5614,550.0,0.0,26.9,26.9,Open-Meteo Historical Forecast API (best_match/GFS Seamless),Open-Meteo Historical Forecast API (SRTM 90m at snapped grid),Open-Meteo Elevation API (SRTM 90m at station coordinates),best_match,"proxy: valid_time - lead_hours (historical forecast, not original run archive)",NOAA ISD via Phase 6 expanded dataset (QC=1),0.0065
43069099999,BARAMATI,18.15,74.583,551.0,2023-08-07T12:00:00,2023-08-07T00:00:00,12,August_2023,28.0,26.9,550.0,18.172232,74.5614,550.0,0.0,26.9,26.9,Open-Meteo Historical Forecast API (best_match/GFS Seamless),Open-Meteo Historical Forecast API (SRTM 90m at snapped grid),Open-Meteo Elevation API (SRTM 90m at station coordinates),best_match,"proxy: valid_time - lead_hours (historical forecast, not original run archive)",NOAA ISD via Phase 6 expanded dataset (QC=1),0.0065
43069099999,BARAMATI,18.15,74.583,551.0,2023-08-09T12:00:00,2023-08-07T12:00:00,48,August_2023,28.6,28.4,550.0,18.172232,74.5614,550.0,0.0,28.4,28.4,Open-Meteo Historical Forecast API (best_match/GFS Seamless),Open-Meteo Historical Forecast API (SRTM 90m at snapped grid),Open-Meteo Elevation API (SRTM 90m at station coordinates),best_match,"proxy: valid_time - lead_hours (historical forecast, not original run archive)",NOAA ISD via Phase 6 expanded dataset (QC=1),0.0065
43069099999,BARAMATI,18.15,74.583,551.0,2023-08-09T12:00:00,2023-08-08T00:00:00,36,August_2023,28.6,28.4,550.0,18.172232,74.5614,550.0,0.0,28.4,28.4,Open-Meteo Historical Forecast API (best_match/GFS Seamless),Open-Meteo Historical Forecast API (SRTM 90m at snapped grid),Open-Meteo Elevation API (SRTM 90m at station coordinates),best_match,"proxy: valid_time - lead_hours (historical forecast, not original run archive)",NOAA ISD via Phase 6 expanded dataset (QC=1),0.0065
43069099999,BARAMATI,18.15,74.583,551.0,2023-08-09T12:00:00,2023-08-08T12:00:00,24,August_2023,28.6,28.4,550.0,18.172232,74.5614,550.0,0.0,28.4,28.4,Open-Meteo Historical Forecast API (best_match/GFS Seamless),Open-Meteo Historical Forecast API (SRTM 90m at snapped grid),Open-Meteo Elevation API (SRTM 90m at station coordinates),best_match,"proxy: valid_time - lead_hours (historical forecast, not original run archive)",NOAA ISD via Phase 6 expanded dataset (QC=1),0.0065
43069099999,BARAMATI,18.15,74.583,551.0,2023-08-09T12:00:00,2023-08-09T00:00:00,12,August_2023,28.6,28.4,550.0,18.172232,74.5614,550.0,0.0,28.4,28.4,Open-Meteo Historical Forecast API (best_match/GFS Seamless),Open-Meteo Historical Forecast API (SRTM 90m at snapped grid),Open-Meteo Elevation API (SRTM 90m at station coordinates),best_match,"proxy: valid_time - lead_hours (historical forecast, not original run archive)",NOAA ISD via Phase 6 expanded dataset (QC=1),0.0065
43110099999,RATNAGIRI,16.983,73.333,67.0,2023-02-01T12:00:00,2023-02-01T00:00:00,12,February_2023,30.6,30.6,81.0,16.977152,73.346115,81.0,0.0,30.6,30.6,Open-Meteo Historical Forecast API (best_match/GFS Seamless),Open-Meteo Historical Forecast API (SRTM 90m at snapped grid),Open-Meteo Elevation API (SRTM 90m at station coordinates),best_match,"proxy: valid_time - lead_hours (historical forecast, not original run archive)",NOAA ISD via Phase 6 expanded dataset (QC=1),0.0065
43110099999,RATNAGIRI,16.983,73.333,67.0,2023-02-02T00:00:00,2023-02-01T00:00:00,24,February_2023,23.0,24.7,81.0,16.977152,73.346115,81.0,0.0,24.7,24.7,Open-Meteo Historical Forecast API (best_match/GFS Seamless),Open-Meteo Historical Forecast API (SRTM 90m at snapped grid),Open-Meteo Elevation API (SRTM 90m at station coordinates),best_match,"proxy: valid_time - lead_hours (historical forecast, not original run archive)",NOAA ISD via Phase 6 expanded dataset (QC=1),0.0065
43110099999,RATNAGIRI,16.983,73.333,67.0,2023-02-02T12:00:00,2023-02-01T00:00:00,36,February_2023,30.2,30.6,81.0,16.977152,73.346115,81.0,0.0,30.6,30.6,Open-Meteo Historical Forecast API (best_match/GFS Seamless),Open-Meteo Historical Forecast API (SRTM 90m at snapped grid),Open-Meteo Elevation API (SRTM 90m at station coordinates),best_match,"proxy: valid_time - lead_hours (historical forecast, not original run archive)",NOAA ISD via Phase 6 expanded dataset (QC=1),0.0065
43110099999,RATNAGIRI,16.983,73.333,67.0,2023-02-03T00:00:00,2023-02-01T00:00:00,48,February_2023,23.8,22.8,81.0,16.977152,73.346115,81.0,0.0,22.8,22.8,Open-Meteo Historical Forecast API (best_match/GFS Seamless),Open-Meteo Historical Forecast API (SRTM 90m at snapped grid),Open-Meteo Elevation API (SRTM 90m at station coordinates),best_match,"proxy: valid_time - lead_hours (historical forecast, not original run archive)",NOAA ISD via Phase 6 expanded dataset (QC=1),0.0065
43110099999,RATNAGIRI,16.983,73.333,67.0,2023-02-02T00:00:00,2023-02-01T12:00:00,12,February_2023,23.0,24.7,81.0,16.977152,73.346115,81.0,0.0,24.7,24.7,Open-Meteo Historical Forecast API (best_match/GFS Seamless),Open-Meteo Historical Forecast API (SRTM 90m at snapped grid),Open-Meteo Elevation API (SRTM 90m at station coordinates),best_match,"proxy: valid_time - lead_hours (historical forecast, not original run archive)",NOAA ISD via Phase 6 expanded dataset (QC=1),0.0065
43110099999,RATNAGIRI,16.983,73.333,67.0,2023-02-02T12:00:00,2023-02-01T12:00:00,24,February_2023,30.2,30.6,81.0,16.977152,73.346115,81.0,0.0,30.6,30.6,Open-Meteo Historical Forecast API (best_match/GFS Seamless),Open-Meteo Historical Forecast API (SRTM 90m at snapped grid),Open-Meteo Elevation API (SRTM 90m at station coordinates),best_match,"proxy: valid_time - lead_hours (historical forecast, not original run archive)",NOAA ISD via Phase 6 expanded dataset (QC=1),0.0065
43110099999,RATNAGIRI,16.983,73.333,67.0,2023-02-03T00:00:00,2023-02-01T12:00:00,36,February_2023,23.8,22.8,81.0,16.977152,73.346115,81.0,0.0,22.8,22.8,Open-Meteo Historical Forecast API (best_match/GFS Seamless),Open-Meteo Historical Forecast API (SRTM 90m at snapped grid),Open-Meteo Elevation API (SRTM 90m at station coordinates),best_match,"proxy: valid_time - lead_hours (historical forecast, not original run archive)",NOAA ISD via Phase 6 expanded dataset (QC=1),0.0065
43110099999,RATNAGIRI,16.983,73.333,67.0,2023-02-03T12:00:00,2023-02-01T12:00:00,48,February_2023,31.0,28.6,81.0,16.977152,73.346115,81.0,0.0,28.6,28.6,Open-Meteo Historical Forecast API (best_match/GFS Seamless),Open-Meteo Historical Forecast API (SRTM 90m at snapped grid),Open-Meteo Elevation API (SRTM 90m at station coordinates),best_match,"proxy: valid_time - lead_hours (historical forecast, not original run archive)",NOAA ISD via Phase 6 expanded dataset (QC=1),0.0065
43110099999,RATNAGIRI,16.983,73.333,67.0,2023-02-02T12:00:00,2023-02-02T00:00:00,12,February_2023,30.2,30.6,81.0,16.977152,73.346115,81.0,0.0,30.6,30.6,Open-Meteo Historical Forecast API (best_match/GFS Seamless),Open-Meteo Historical Forecast API (SRTM 90m at snapped grid),Open-Meteo Elevation API (SRTM 90m at station coordinates),best_match,"proxy: valid_time - lead_hours (historical forecast, not original run archive)",NOAA ISD via Phase 6 expanded dataset (QC=1),0.0065
43110099999,RATNAGIRI,16.983,73.333,67.0,2023-02-03T00:00:00,2023-02-02T00:00:00,24,February_2023,23.8,22.8,81.0,16.977152,73.346115,81.0,0.0,22.8,22.8,Open-Meteo Historical Forecast API (best_match/GFS Seamless),Open-Meteo Historical Forecast API (SRTM 90m at snapped grid),Open-Meteo Elevation API (SRTM 90m at station coordinates),best_match,"proxy: valid_time - lead_hours (historical forecast, not original run archive)",NOAA ISD via Phase 6 expanded dataset (QC=1),0.0065
43110099999,RATNAGIRI,16.983,73.333,67.0,2023-02-03T12:00:00,2023-02-02T00:00:00,36,February_2023,31.0,28.6,81.0,16.977152,73.346115,81.0,0.0,28.6,28.6,Open-Meteo Historical Forecast API (best_match/GFS Seamless),Open-Meteo Historical Forecast API (SRTM 90m at snapped grid),Open-Meteo Elevation API (SRTM 90m at station coordinates),best_match,"proxy: valid_time - lead_hours (historical forecast, not original run archive)",NOAA ISD via Phase 6 expanded dataset (QC=1),0.0065
43110099999,RATNAGIRI,16.983,73.333,67.0,2023-02-04T00:00:00,2023-02-02T00:00:00,48,February_2023,20.8,21.9,81.0,16.977152,73.346115,81.0,0.0,21.9,21.9,Open-Meteo Historical Forecast API (best_match/GFS Seamless),Open-Meteo Historical Forecast API (SRTM 90m at snapped grid),Open-Meteo Elevation API (SRTM 90m at station coordinates),best_match,"proxy: valid_time - lead_hours (historical forecast, not original run archive)",NOAA ISD via Phase 6 expanded dataset (QC=1),0.0065
43110099999,RATNAGIRI,16.983,73.333,67.0,2023-02-03T00:00:00,2023-02-02T12:00:00,12,February_2023,23.8,22.8,81.0,16.977152,73.346115,81.0,0.0,22.8,22.8,Open-Meteo Historical Forecast API (best_match/GFS Seamless),Open-Meteo Historical Forecast API (SRTM 90m at snapped grid),Open-Meteo Elevation API (SRTM 90m at station coordinates),best_match,"proxy: valid_time - lead_hours (historical forecast, not original run archive)",NOAA ISD via Phase 6 expanded dataset (QC=1),0.0065
43110099999,RATNAGIRI,16.983,73.333,67.0,2023-02-03T12:00:00,2023-02-02T12:00:00,24,February_2023,31.0,28.6,81.0,16.977152,73.346115,81.0,0.0,28.6,28.6,Open-Meteo Historical Forecast API (best_match/GFS Seamless),Open-Meteo Historical Forecast API (SRTM 90m at snapped grid),Open-Meteo Elevation API (SRTM 90m at station coordinates),best_match,"proxy: valid_time - lead_hours (historical forecast, not original run archive)",NOAA ISD via Phase 6 expanded dataset (QC=1),0.0065
43110099999,RATNAGIRI,16.983,73.333,67.0,2023-02-04T00:00:00,2023-02-02T12:00:00,36,February_2023,20.8,21.9,81.0,16.977152,73.346115,81.0,0.0,21.9,21.9,Open-Meteo Historical Forecast API (best_match/GFS Seamless),Open-Meteo Historical Forecast API (SRTM 90m at snapped grid),Open-Meteo Elevation API (SRTM 90m at station coordinates),best_match,"proxy: valid_time - lead_hours (historical forecast, not original run archive)",NOAA ISD via Phase 6 expanded dataset (QC=1),0.0065
43110099999,RATNAGIRI,16.983,73.333,67.0,2023-02-03T12:00:00,2023-02-03T00:00:00,12,February_2023,31.0,28.6,81.0,16.977152,73.346115,81.0,0.0,28.6,28.6,Open-Meteo Historical Forecast API (best_match/GFS Seamless),Open-Meteo Historical Forecast API (SRTM 90m at snapped grid),Open-Meteo Elevation API (SRTM 90m at station coordinates),best_match,"proxy: valid_time - lead_hours (historical forecast, not original run archive)",NOAA ISD via Phase 6 expanded dataset (QC=1),0.0065
43110099999,RATNAGIRI,16.983,73.333,67.0,2023-02-04T00:00:00,2023-02-03T00:00:00,24,February_2023,20.8,21.9,81.0,16.977152,73.346115,81.0,0.0,21.9,21.9,Open-Meteo Historical Forecast API (best_match/GFS Seamless),Open-Meteo Historical Forecast API (SRTM 90m at snapped grid),Open-Meteo Elevation API (SRTM 90m at station coordinates),best_match,"proxy: valid_time - lead_hours (historical forecast, not original run archive)",NOAA ISD via Phase 6 expanded dataset (QC=1),0.0065
43110099999,RATNAGIRI,16.983,73.333,67.0,2023-02-05T00:00:00,2023-02-03T00:00:00,48,February_2023,19.6,22.2,81.0,16.977152,73.346115,81.0,0.0,22.2,22.2,Open-Meteo Historical Forecast API (best_match/GFS Seamless),Open-Meteo Historical Forecast API (SRTM 90m at snapped grid),Open-Meteo Elevation API (SRTM 90m at station coordinates),best_match,"proxy: valid_time - lead_hours (historical forecast, not original run archive)",NOAA ISD via Phase 6 expanded dataset (QC=1),0.0065
43110099999,RATNAGIRI,16.983,73.333,67.0,2023-02-04T00:00:00,2023-02-03T12:00:00,12,February_2023,20.8,21.9,81.0,16.977152,73.346115,81.0,0.0,21.9,21.9,Open-Meteo Historical Forecast API (best_match/GFS Seamless),Open-Meteo Historical Forecast API (SRTM 90m at snapped grid),Open-Meteo Elevation API (SRTM 90m at station coordinates),best_match,"proxy: valid_time - lead_hours (historical forecast, not original run archive)",NOAA ISD via Phase 6 expanded dataset (QC=1),0.0065
43110099999,RATNAGIRI,16.983,73.333,67.0,2023-02-05T00:00:00,2023-02-03T12:00:00,36,February_2023,19.6,22.2,81.0,16.977152,73.346115,81.0,0.0,22.2,22.2,Open-Meteo Historical Forecast API (best_match/GFS Seamless),Open-Meteo Historical Forecast API (SRTM 90m at snapped grid),Open-Meteo Elevation API (SRTM 90m at station coordinates),best_match,"proxy: valid_time - lead_hours (historical forecast, not original run archive)",NOAA ISD via Phase 6 expanded dataset (QC=1),0.0065
43110099999,RATNAGIRI,16.983,73.333,67.0,2023-02-05T12:00:00,2023-02-03T12:00:00,48,February_2023,30.6,28.8,81.0,16.977152,73.346115,81.0,0.0,28.8,28.8,Open-Meteo Historical Forecast API (best_match/GFS Seamless),Open-Meteo Historical Forecast API (SRTM 90m at snapped grid),Open-Meteo Elevation API (SRTM 90m at station coordinates),best_match,"proxy: valid_time - lead_hours (historical forecast, not original run archive)",NOAA ISD via Phase 6 expanded dataset (QC=1),0.0065
43110099999,RATNAGIRI,16.983,73.333,67.0,2023-02-05T00:00:00,2023-02-04T00:00:00,24,February_2023,19.6,22.2,81.0,16.977152,73.346115,81.0,0.0,22.2,22.2,Open-Meteo Historical Forecast API (best_match/GFS Seamless),Open-Meteo Historical Forecast API (SRTM 90m at snapped grid),Open-Meteo Elevation API (SRTM 90m at station coordinates),best_match,"proxy: valid_time - lead_hours (historical forecast, not original run archive)",NOAA ISD via Phase 6 expanded dataset (QC=1),0.0065
43110099999,RATNAGIRI,16.983,73.333,67.0,2023-02-05T12:00:00,2023-02-04T00:00:00,36,February_2023,30.6,28.8,81.0,16.977152,73.346115,81.0,0.0,28.8,28.8,Open-Meteo Historical Forecast API (best_match/GFS Seamless),Open-Meteo Historical Forecast API (SRTM 90m at snapped grid),Open-Meteo Elevation API (SRTM 90m at station coordinates),best_match,"proxy: valid_time - lead_hours (historical forecast, not original run archive)",NOAA ISD via Phase 6 expanded dataset (QC=1),0.0065
43110099999,RATNAGIRI,16.983,73.333,67.0,2023-02-06T00:00:00,2023-02-04T00:00:00,48,February_2023,20.0,23.1,81.0,16.977152,73.346115,81.0,0.0,23.1,23.1,Open-Meteo Historical Forecast API (best_match/GFS Seamless),Open-Meteo Historical Forecast API (SRTM 90m at snapped grid),Open-Meteo Elevation API (SRTM 90m at station coordinates),best_match,"proxy: valid_time - lead_hours (historical forecast, not original run archive)",NOAA ISD via Phase 6 expanded dataset (QC=1),0.0065
43110099999,RATNAGIRI,16.983,73.333,67.0,2023-02-05T00:00:00,2023-02-04T12:00:00,12,February_2023,19.6,22.2,81.0,16.977152,73.346115,81.0,0.0,22.2,22.2,Open-Meteo Historical Forecast API (best_match/GFS Seamless),Open-Meteo Historical Forecast API (SRTM 90m at snapped grid),Open-Meteo Elevation API (SRTM 90m at station coordinates),best_match,"proxy: valid_time - lead_hours (historical forecast, not original run archive)",NOAA ISD via Phase 6 expanded dataset (QC=1),0.0065
43110099999,RATNAGIRI,16.983,73.333,67.0,2023-02-05T12:00:00,2023-02-04T12:00:00,24,February_2023,30.6,28.8,81.0,16.977152,73.346115,81.0,0.0,28.8,28.8,Open-Meteo Historical Forecast API (best_match/GFS Seamless),Open-Meteo Historical Forecast API (SRTM 90m at snapped grid),Open-Meteo Elevation API (SRTM 90m at station coordinates),best_match,"proxy: valid_time - lead_hours (historical forecast, not original run archive)",NOAA ISD via Phase 6 expanded dataset (QC=1),0.0065
43110099999,RATNAGIRI,16.983,73.333,67.0,2023-02-06T00:00:00,2023-02-04T12:00:00,36,February_2023,20.0,23.1,81.0,16.977152,73.346115,81.0,0.0,23.1,23.1,Open-Meteo Historical Forecast API (best_match/GFS Seamless),Open-Meteo Historical Forecast API (SRTM 90m at snapped grid),Open-Meteo Elevation API (SRTM 90m at station coordinates),best_match,"proxy: valid_time - lead_hours (historical forecast, not original run archive)",NOAA ISD via Phase 6 expanded dataset (QC=1),0.0065
43110099999,RATNAGIRI,16.983,73.333,67.0,2023-02-06T12:00:00,2023-02-04T12:00:00,48,February_2023,28.0,27.1,81.0,16.977152,73.346115,81.0,0.0,27.1,27.1,Open-Meteo Historical Forecast API (best_match/GFS Seamless),Open-Meteo Historical Forecast API (SRTM 90m at snapped grid),Open-Meteo Elevation API (SRTM 90m at station coordinates),best_match,"proxy: valid_time - lead_hours (historical forecast, not original run archive)",NOAA ISD via Phase 6 expanded dataset (QC=1),0.0065
43110099999,RATNAGIRI,16.983,73.333,67.0,2023-02-05T12:00:00,2023-02-05T00:00:00,12,February_2023,30.6,28.8,81.0,16.977152,73.346115,81.0,0.0,28.8,28.8,Open-Meteo Historical Forecast API (best_match/GFS Seamless),Open-Meteo Historical Forecast API (SRTM 90m at snapped grid),Open-Meteo Elevation API (SRTM 90m at station coordinates),best_match,"proxy: valid_time - lead_hours (historical forecast, not original run archive)",NOAA ISD via Phase 6 expanded dataset (QC=1),0.0065
43110099999,RATNAGIRI,16.983,73.333,67.0,2023-02-06T00:00:00,2023-02-05T00:00:00,24,February_2023,20.0,23.1,81.0,16.977152,73.346115,81.0,0.0,23.1,23.1,Open-Meteo Historical Forecast API (best_match/GFS Seamless),Open-Meteo Historical Forecast API (SRTM 90m at snapped grid),Open-Meteo Elevation API (SRTM 90m at station coordinates),best_match,"proxy: valid_time - lead_hours (historical forecast, not original run archive)",NOAA ISD via Phase 6 expanded dataset (QC=1),0.0065
43110099999,RATNAGIRI,16.983,73.333,67.0,2023-02-06T12:00:00,2023-02-05T00:00:00,36,February_2023,28.0,27.1,81.0,16.977152,73.346115,81.0,0.0,27.1,27.1,Open-Meteo Historical Forecast API (best_match/GFS Seamless),Open-Meteo Historical Forecast API (SRTM 90m at snapped grid),Open-Meteo Elevation API (SRTM 90m at station coordinates),best_match,"proxy: valid_time - lead_hours (historical forecast, not original run archive)",NOAA ISD via Phase 6 expanded dataset (QC=1),0.0065
43110099999,RATNAGIRI,16.983,73.333,67.0,2023-02-07T00:00:00,2023-02-05T00:00:00,48,February_2023,20.0,21.6,81.0,16.977152,73.346115,81.0,0.0,21.6,21.6,Open-Meteo Historical Forecast API (best_match/GFS Seamless),Open-Meteo Historical Forecast API (SRTM 90m at snapped grid),Open-Meteo Elevation API (SRTM 90m at station coordinates),best_match,"proxy: valid_time - lead_hours (historical forecast, not original run archive)",NOAA ISD via Phase 6 expanded dataset (QC=1),0.0065
43110099999,RATNAGIRI,16.983,73.333,67.0,2023-02-06T00:00:00,2023-02-05T12:00:00,12,February_2023,20.0,23.1,81.0,16.977152,73.346115,81.0,0.0,23.1,23.1,Open-Meteo Historical Forecast API (best_match/GFS Seamless),Open-Meteo Historical Forecast API (SRTM 90m at snapped grid),Open-Meteo Elevation API (SRTM 90m at station coordinates),best_match,"proxy: valid_time - lead_hours (historical forecast, not original run archive)",NOAA ISD via Phase 6 expanded dataset (QC=1),0.0065
43110099999,RATNAGIRI,16.983,73.333,67.0,2023-02-06T12:00:00,2023-02-05T12:00:00,24,February_2023,28.0,27.1,81.0,16.977152,73.346115,81.0,0.0,27.1,27.1,Open-Meteo Historical Forecast API (best_match/GFS Seamless),Open-Meteo Historical Forecast API (SRTM 90m at snapped grid),Open-Meteo Elevation API (SRTM 90m at station coordinates),best_match,"proxy: valid_time - lead_hours (historical forecast, not original run archive)",NOAA ISD via Phase 6 expanded dataset (QC=1),0.0065
43110099999,RATNAGIRI,16.983,73.333,67.0,2023-02-07T00:00:00,2023-02-05T12:00:00,36,February_2023,20.0,21.6,81.0,16.977152,73.346115,81.0,0.0,21.6,21.6,Open-Meteo Historical Forecast API (best_match/GFS Seamless),Open-Meteo Historical Forecast API (SRTM 90m at snapped grid),Open-Meteo Elevation API (SRTM 90m at station coordinates),best_match,"proxy: valid_time - lead_hours (historical forecast, not original run archive)",NOAA ISD via Phase 6 expanded dataset (QC=1),0.0065
43110099999,RATNAGIRI,16.983,73.333,67.0,2023-02-07T12:00:00,2023-02-05T12:00:00,48,February_2023,27.6,26.8,81.0,16.977152,73.346115,81.0,0.0,26.8,26.8,Open-Meteo Historical Forecast API (best_match/GFS Seamless),Open-Meteo Historical Forecast API (SRTM 90m at snapped grid),Open-Meteo Elevation API (SRTM 90m at station coordinates),best_match,"proxy: valid_time - lead_hours (historical forecast, not original run archive)",NOAA ISD via Phase 6 expanded dataset (QC=1),0.0065
43110099999,RATNAGIRI,16.983,73.333,67.0,2023-02-06T12:00:00,2023-02-06T00:00:00,12,February_2023,28.0,27.1,81.0,16.977152,73.346115,81.0,0.0,27.1,27.1,Open-Meteo Historical Forecast API (best_match/GFS Seamless),Open-Meteo Historical Forecast API (SRTM 90m at snapped grid),Open-Meteo Elevation API (SRTM 90m at station coordinates),best_match,"proxy: valid_time - lead_hours (historical forecast, not original run archive)",NOAA ISD via Phase 6 expanded dataset (QC=1),0.0065
43110099999,RATNAGIRI,16.983,73.333,67.0,2023-02-07T00:00:00,2023-02-06T00:00:00,24,February_2023,20.0,21.6,81.0,16.977152,73.346115,81.0,0.0,21.6,21.6,Open-Meteo Historical Forecast API (best_match/GFS Seamless),Open-Meteo Historical Forecast API (SRTM 90m at snapped grid),Open-Meteo Elevation API (SRTM 90m at station coordinates),best_match,"proxy: valid_time - lead_hours (historical forecast, not original run archive)",NOAA ISD via Phase 6 expanded dataset (QC=1),0.0065
43110099999,RATNAGIRI,16.983,73.333,67.0,2023-02-07T12:00:00,2023-02-06T00:00:00,36,February_2023,27.6,26.8,81.0,16.977152,73.346115,81.0,0.0,26.8,26.8,Open-Meteo Historical Forecast API (best_match/GFS Seamless),Open-Meteo Historical Forecast API (SRTM 90m at snapped grid),Open-Meteo Elevation API (SRTM 90m at station coordinates),best_match,"proxy: valid_time - lead_hours (historical forecast, not original run archive)",NOAA ISD via Phase 6 expanded dataset (QC=1),0.0065
43110099999,RATNAGIRI,16.983,73.333,67.0,2023-02-08T00:00:00,2023-02-06T00:00:00,48,February_2023,18.6,19.5,81.0,16.977152,73.346115,81.0,0.0,19.5,19.5,Open-Meteo Historical Forecast API (best_match/GFS Seamless),Open-Meteo Historical Forecast API (SRTM 90m at snapped grid),Open-Meteo Elevation API (SRTM 90m at station coordinates),best_match,"proxy: valid_time - lead_hours (historical forecast, not original run archive)",NOAA ISD via Phase 6 expanded dataset (QC=1),0.0065
43110099999,RATNAGIRI,16.983,73.333,67.0,2023-02-07T00:00:00,2023-02-06T12:00:00,12,February_2023,20.0,21.6,81.0,16.977152,73.346115,81.0,0.0,21.6,21.6,Open-Meteo Historical Forecast API (best_match/GFS Seamless),Open-Meteo Historical Forecast API (SRTM 90m at snapped grid),Open-Meteo Elevation API (SRTM 90m at station coordinates),best_match,"proxy: valid_time - lead_hours (historical forecast, not original run archive)",NOAA ISD via Phase 6 expanded dataset (QC=1),0.0065
43110099999,RATNAGIRI,16.983,73.333,67.0,2023-02-07T12:00:00,2023-02-06T12:00:00,24,February_2023,27.6,26.8,81.0,16.977152,73.346115,81.0,0.0,26.8,26.8,Open-Meteo Historical Forecast API (best_match/GFS Seamless),Open-Meteo Historical Forecast API (SRTM 90m at snapped grid),Open-Meteo Elevation API (SRTM 90m at station coordinates),best_match,"proxy: valid_time - lead_hours (historical forecast, not original run archive)",NOAA ISD via Phase 6 expanded dataset (QC=1),0.0065
43110099999,RATNAGIRI,16.983,73.333,67.0,2023-02-08T00:00:00,2023-02-06T12:00:00,36,February_2023,18.6,19.5,81.0,16.977152,73.346115,81.0,0.0,19.5,19.5,Open-Meteo Historical Forecast API (best_match/GFS Seamless),Open-Meteo Historical Forecast API (SRTM 90m at snapped grid),Open-Meteo Elevation API (SRTM 90m at station coordinates),best_match,"proxy: valid_time - lead_hours (historical forecast, not original run archive)",NOAA ISD via Phase 6 expanded dataset (QC=1),0.0065
43110099999,RATNAGIRI,16.983,73.333,67.0,2023-02-08T12:00:00,2023-02-06T12:00:00,48,February_2023,29.0,27.8,81.0,16.977152,73.346115,81.0,0.0,27.8,27.8,Open-Meteo Historical Forecast API (best_match/GFS Seamless),Open-Meteo Historical Forecast API (SRTM 90m at snapped grid),Open-Meteo Elevation API (SRTM 90m at station coordinates),best_match,"proxy: valid_time - lead_hours (historical forecast, not original run archive)",NOAA ISD via Phase 6 expanded dataset (QC=1),0.0065
43110099999,RATNAGIRI,16.983,73.333,67.0,2023-02-07T12:00:00,2023-02-07T00:00:00,12,February_2023,27.6,26.8,81.0,16.977152,73.346115,81.0,0.0,26.8,26.8,Open-Meteo Historical Forecast API (best_match/GFS Seamless),Open-Meteo Historical Forecast API (SRTM 90m at snapped grid),Open-Meteo Elevation API (SRTM 90m at station coordinates),best_match,"proxy: valid_time - lead_hours (historical forecast, not original run archive)",NOAA ISD via Phase 6 expanded dataset (QC=1),0.0065
43110099999,RATNAGIRI,16.983,73.333,67.0,2023-02-08T00:00:00,2023-02-07T00:00:00,24,February_2023,18.6,19.5,81.0,16.977152,73.346115,81.0,0.0,19.5,19.5,Open-Meteo Historical Forecast API (best_match/GFS Seamless),Open-Meteo Historical Forecast API (SRTM 90m at snapped grid),Open-Meteo Elevation API (SRTM 90m at station coordinates),best_match,"proxy: valid_time - lead_hours (historical forecast, not original run archive)",NOAA ISD via Phase 6 expanded dataset (QC=1),0.0065
43110099999,RATNAGIRI,16.983,73.333,67.0,2023-02-08T12:00:00,2023-02-07T00:00:00,36,February_2023,29.0,27.8,81.0,16.977152,73.346115,81.0,0.0,27.8,27.8,Open-Meteo Historical Forecast API (best_match/GFS Seamless),Open-Meteo Historical Forecast API (SRTM 90m at snapped grid),Open-Meteo Elevation API (SRTM 90m at station coordinates),best_match,"proxy: valid_time - lead_hours (historical forecast, not original run archive)",NOAA ISD via Phase 6 expanded dataset (QC=1),0.0065
43110099999,RATNAGIRI,16.983,73.333,67.0,2023-02-09T00:00:00,2023-02-07T00:00:00,48,February_2023,19.6,22.3,81.0,16.977152,73.346115,81.0,0.0,22.3,22.3,Open-Meteo Historical Forecast API (best_match/GFS Seamless),Open-Meteo Historical Forecast API (SRTM 90m at snapped grid),Open-Meteo Elevation API (SRTM 90m at station coordinates),best_match,"proxy: valid_time - lead_hours (historical forecast, not original run archive)",NOAA ISD via Phase 6 expanded dataset (QC=1),0.0065
43110099999,RATNAGIRI,16.983,73.333,67.0,2023-02-08T00:00:00,2023-02-07T12:00:00,12,February_2023,18.6,19.5,81.0,16.977152,73.346115,81.0,0.0,19.5,19.5,Open-Meteo Historical Forecast API (best_match/GFS Seamless),Open-Meteo Historical Forecast API (SRTM 90m at snapped grid),Open-Meteo Elevation API (SRTM 90m at station coordinates),best_match,"proxy: valid_time - lead_hours (historical forecast, not original run archive)",NOAA ISD via Phase 6 expanded dataset (QC=1),0.0065
43110099999,RATNAGIRI,16.983,73.333,67.0,2023-02-08T12:00:00,2023-02-07T12:00:00,24,February_2023,29.0,27.8,81.0,16.977152,73.346115,81.0,0.0,27.8,27.8,Open-Meteo Historical Forecast API (best_match/GFS Seamless),Open-Meteo Historical Forecast API (SRTM 90m at snapped grid),Open-Meteo Elevation API (SRTM 90m at station coordinates),best_match,"proxy: valid_time - lead_hours (historical forecast, not original run archive)",NOAA ISD via Phase 6 expanded dataset (QC=1),0.0065
43110099999,RATNAGIRI,16.983,73.333,67.0,2023-02-09T00:00:00,2023-02-07T12:00:00,36,February_2023,19.6,22.3,81.0,16.977152,73.346115,81.0,0.0,22.3,22.3,Open-Meteo Historical Forecast API (best_match/GFS Seamless),Open-Meteo Historical Forecast API (SRTM 90m at snapped grid),Open-Meteo Elevation API (SRTM 90m at station coordinates),best_match,"proxy: valid_time - lead_hours (historical forecast, not original run archive)",NOAA ISD via Phase 6 expanded dataset (QC=1),0.0065
43110099999,RATNAGIRI,16.983,73.333,67.0,2023-02-09T12:00:00,2023-02-07T12:00:00,48,February_2023,30.4,29.3,81.0,16.977152,73.346115,81.0,0.0,29.3,29.3,Open-Meteo Historical Forecast API (best_match/GFS Seamless),Open-Meteo Historical Forecast API (SRTM 90m at snapped grid),Open-Meteo Elevation API (SRTM 90m at station coordinates),best_match,"proxy: valid_time - lead_hours (historical forecast, not original run archive)",NOAA ISD via Phase 6 expanded dataset (QC=1),0.0065
43110099999,RATNAGIRI,16.983,73.333,67.0,2023-02-08T12:00:00,2023-02-08T00:00:00,12,February_2023,29.0,27.8,81.0,16.977152,73.346115,81.0,0.0,27.8,27.8,Open-Meteo Historical Forecast API (best_match/GFS Seamless),Open-Meteo Historical Forecast API (SRTM 90m at snapped grid),Open-Meteo Elevation API (SRTM 90m at station coordinates),best_match,"proxy: valid_time - lead_hours (historical forecast, not original run archive)",NOAA ISD via Phase 6 expanded dataset (QC=1),0.0065
43110099999,RATNAGIRI,16.983,73.333,67.0,2023-02-09T00:00:00,2023-02-08T00:00:00,24,February_2023,19.6,22.3,81.0,16.977152,73.346115,81.0,0.0,22.3,22.3,Open-Meteo Historical Forecast API (best_match/GFS Seamless),Open-Meteo Historical Forecast API (SRTM 90m at snapped grid),Open-Meteo Elevation API (SRTM 90m at station coordinates),best_match,"proxy: valid_time - lead_hours (historical forecast, not original run archive)",NOAA ISD via Phase 6 expanded dataset (QC=1),0.0065
43110099999,RATNAGIRI,16.983,73.333,67.0,2023-02-09T12:00:00,2023-02-08T00:00:00,36,February_2023,30.4,29.3,81.0,16.977152,73.346115,81.0,0.0,29.3,29.3,Open-Meteo Historical Forecast API (best_match/GFS Seamless),Open-Meteo Historical Forecast API (SRTM 90m at snapped grid),Open-Meteo Elevation API (SRTM 90m at station coordinates),best_match,"proxy: valid_time - lead_hours (historical forecast, not original run archive)",NOAA ISD via Phase 6 expanded dataset (QC=1),0.0065
43110099999,RATNAGIRI,16.983,73.333,67.0,2023-02-10T00:00:00,2023-02-08T00:00:00,48,February_2023,19.4,23.8,81.0,16.977152,73.346115,81.0,0.0,23.8,23.8,Open-Meteo Historical Forecast API (best_match/GFS Seamless),Open-Meteo Historical Forecast API (SRTM 90m at snapped grid),Open-Meteo Elevation API (SRTM 90m at station coordinates),best_match,"proxy: valid_time - lead_hours (historical forecast, not original run archive)",NOAA ISD via Phase 6 expanded dataset (QC=1),0.0065
43110099999,RATNAGIRI,16.983,73.333,67.0,2023-02-09T00:00:00,2023-02-08T12:00:00,12,February_2023,19.6,22.3,81.0,16.977152,73.346115,81.0,0.0,22.3,22.3,Open-Meteo Historical Forecast API (best_match/GFS Seamless),Open-Meteo Historical Forecast API (SRTM 90m at snapped grid),Open-Meteo Elevation API (SRTM 90m at station coordinates),best_match,"proxy: valid_time - lead_hours (historical forecast, not original run archive)",NOAA ISD via Phase 6 expanded dataset (QC=1),0.0065
43110099999,RATNAGIRI,16.983,73.333,67.0,2023-02-09T12:00:00,2023-02-08T12:00:00,24,February_2023,30.4,29.3,81.0,16.977152,73.346115,81.0,0.0,29.3,29.3,Open-Meteo Historical Forecast API (best_match/GFS Seamless),Open-Meteo Historical Forecast API (SRTM 90m at snapped grid),Open-Meteo Elevation API (SRTM 90m at station coordinates),best_match,"proxy: valid_time - lead_hours (historical forecast, not original run archive)",NOAA ISD via Phase 6 expanded dataset (QC=1),0.0065
43110099999,RATNAGIRI,16.983,73.333,67.0,2023-02-10T00:00:00,2023-02-08T12:00:00,36,February_2023,19.4,23.8,81.0,16.977152,73.346115,81.0,0.0,23.8,23.8,Open-Meteo Historical Forecast API (best_match/GFS Seamless),Open-Meteo Historical Forecast API (SRTM 90m at snapped grid),Open-Meteo Elevation API (SRTM 90m at station coordinates),best_match,"proxy: valid_time - lead_hours (historical forecast, not original run archive)",NOAA ISD via Phase 6 expanded dataset (QC=1),0.0065
43110099999,RATNAGIRI,16.983,73.333,67.0,2023-02-10T12:00:00,2023-02-08T12:00:00,48,February_2023,29.0,29.1,81.0,16.977152,73.346115,81.0,0.0,29.1,29.1,Open-Meteo Historical Forecast API (best_match/GFS Seamless),Open-Meteo Historical Forecast API (SRTM 90m at snapped grid),Open-Meteo Elevation API (SRTM 90m at station coordinates),best_match,"proxy: valid_time - lead_hours (historical forecast, not original run archive)",NOAA ISD via Phase 6 expanded dataset (QC=1),0.0065
43110099999,RATNAGIRI,16.983,73.333,67.0,2023-02-09T12:00:00,2023-02-09T00:00:00,12,February_2023,30.4,29.3,81.0,16.977152,73.346115,81.0,0.0,29.3,29.3,Open-Meteo Historical Forecast API (best_match/GFS Seamless),Open-Meteo Historical Forecast API (SRTM 90m at snapped grid),Open-Meteo Elevation API (SRTM 90m at station coordinates),best_match,"proxy: valid_time - lead_hours (historical forecast, not original run archive)",NOAA ISD via Phase 6 expanded dataset (QC=1),0.0065
43110099999,RATNAGIRI,16.983,73.333,67.0,2023-02-10T00:00:00,2023-02-09T00:00:00,24,February_2023,19.4,23.8,81.0,16.977152,73.346115,81.0,0.0,23.8,23.8,Open-Meteo Historical Forecast API (best_match/GFS Seamless),Open-Meteo Historical Forecast API (SRTM 90m at snapped grid),Open-Meteo Elevation API (SRTM 90m at station coordinates),best_match,"proxy: valid_time - lead_hours (historical forecast, not original run archive)",NOAA ISD via Phase 6 expanded dataset (QC=1),0.0065
43110099999,RATNAGIRI,16.983,73.333,67.0,2023-02-10T12:00:00,2023-02-09T00:00:00,36,February_2023,29.0,29.1,81.0,16.977152,73.346115,81.0,0.0,29.1,29.1,Open-Meteo Historical Forecast API (best_match/GFS Seamless),Open-Meteo Historical Forecast API (SRTM 90m at snapped grid),Open-Meteo Elevation API (SRTM 90m at station coordinates),best_match,"proxy: valid_time - lead_hours (historical forecast, not original run archive)",NOAA ISD via Phase 6 expanded dataset (QC=1),0.0065
43110099999,RATNAGIRI,16.983,73.333,67.0,2023-02-10T00:00:00,2023-02-09T12:00:00,12,February_2023,19.4,23.8,81.0,16.977152,73.346115,81.0,0.0,23.8,23.8,Open-Meteo Historical Forecast API (best_match/GFS Seamless),Open-Meteo Historical Forecast API (SRTM 90m at snapped grid),Open-Meteo Elevation API (SRTM 90m at station coordinates),best_match,"proxy: valid_time - lead_hours (historical forecast, not original run archive)",NOAA ISD via Phase 6 expanded dataset (QC=1),0.0065
43110099999,RATNAGIRI,16.983,73.333,67.0,2023-02-10T12:00:00,2023-02-09T12:00:00,24,February_2023,29.0,29.1,81.0,16.977152,73.346115,81.0,0.0,29.1,29.1,Open-Meteo Historical Forecast API (best_match/GFS Seamless),Open-Meteo Historical Forecast API (SRTM 90m at snapped grid),Open-Meteo Elevation API (SRTM 90m at station coordinates),best_match,"proxy: valid_time - lead_hours (historical forecast, not original run archive)",NOAA ISD via Phase 6 expanded dataset (QC=1),0.0065
43110099999,RATNAGIRI,16.983,73.333,67.0,2023-02-10T12:00:00,2023-02-10T00:00:00,12,February_2023,29.0,29.1,81.0,16.977152,73.346115,81.0,0.0,29.1,29.1,Open-Meteo Historical Forecast API (best_match/GFS Seamless),Open-Meteo Historical Forecast API (SRTM 90m at snapped grid),Open-Meteo Elevation API (SRTM 90m at station coordinates),best_match,"proxy: valid_time - lead_hours (historical forecast, not original run archive)",NOAA ISD via Phase 6 expanded dataset (QC=1),0.0065
43110099999,RATNAGIRI,16.983,73.333,67.0,2023-08-01T12:00:00,2023-08-01T00:00:00,12,August_2023,26.6,25.8,81.0,16.977152,73.346115,81.0,0.0,25.8,25.8,Open-Meteo Historical Forecast API (best_match/GFS Seamless),Open-Meteo Historical Forecast API (SRTM 90m at snapped grid),Open-Meteo Elevation API (SRTM 90m at station coordinates),best_match,"proxy: valid_time - lead_hours (historical forecast, not original run archive)",NOAA ISD via Phase 6 expanded dataset (QC=1),0.0065
43110099999,RATNAGIRI,16.983,73.333,67.0,2023-08-02T12:00:00,2023-08-01T00:00:00,36,August_2023,28.0,23.9,81.0,16.977152,73.346115,81.0,0.0,23.9,23.9,Open-Meteo Historical Forecast API (best_match/GFS Seamless),Open-Meteo Historical Forecast API (SRTM 90m at snapped grid),Open-Meteo Elevation API (SRTM 90m at station coordinates),best_match,"proxy: valid_time - lead_hours (historical forecast, not original run archive)",NOAA ISD via Phase 6 expanded dataset (QC=1),0.0065
43110099999,RATNAGIRI,16.983,73.333,67.0,2023-08-03T00:00:00,2023-08-01T00:00:00,48,August_2023,26.6,24.8,81.0,16.977152,73.346115,81.0,0.0,24.8,24.8,Open-Meteo Historical Forecast API (best_match/GFS Seamless),Open-Meteo Historical Forecast API (SRTM 90m at snapped grid),Open-Meteo Elevation API (SRTM 90m at station coordinates),best_match,"proxy: valid_time - lead_hours (historical forecast, not original run archive)",NOAA ISD via Phase 6 expanded dataset (QC=1),0.0065
43110099999,RATNAGIRI,16.983,73.333,67.0,2023-08-02T12:00:00,2023-08-01T12:00:00,24,August_2023,28.0,23.9,81.0,16.977152,73.346115,81.0,0.0,23.9,23.9,Open-Meteo Historical Forecast API (best_match/GFS Seamless),Open-Meteo Historical Forecast API (SRTM 90m at snapped grid),Open-Meteo Elevation API (SRTM 90m at station coordinates),best_match,"proxy: valid_time - lead_hours (historical forecast, not original run archive)",NOAA ISD via Phase 6 expanded dataset (QC=1),0.0065
43110099999,RATNAGIRI,16.983,73.333,67.0,2023-08-03T00:00:00,2023-08-01T12:00:00,36,August_2023,26.6,24.8,81.0,16.977152,73.346115,81.0,0.0,24.8,24.8,Open-Meteo Historical Forecast API (best_match/GFS Seamless),Open-Meteo Historical Forecast API (SRTM 90m at snapped grid),Open-Meteo Elevation API (SRTM 90m at station coordinates),best_match,"proxy: valid_time - lead_hours (historical forecast, not original run archive)",NOAA ISD via Phase 6 expanded dataset (QC=1),0.0065
43110099999,RATNAGIRI,16.983,73.333,67.0,2023-08-03T12:00:00,2023-08-01T12:00:00,48,August_2023,27.6,25.1,81.0,16.977152,73.346115,81.0,0.0,25.1,25.1,Open-Meteo Historical Forecast API (best_match/GFS Seamless),Open-Meteo Historical Forecast API (SRTM 90m at snapped grid),Open-Meteo Elevation API (SRTM 90m at station coordinates),best_match,"proxy: valid_time - lead_hours (historical forecast, not original run archive)",NOAA ISD via Phase 6 expanded dataset (QC=1),0.0065
43110099999,RATNAGIRI,16.983,73.333,67.0,2023-08-02T12:00:00,2023-08-02T00:00:00,12,August_2023,28.0,23.9,81.0,16.977152,73.346115,81.0,0.0,23.9,23.9,Open-Meteo Historical Forecast API (best_match/GFS Seamless),Open-Meteo Historical Forecast API (SRTM 90m at snapped grid),Open-Meteo Elevation API (SRTM 90m at station coordinates),best_match,"proxy: valid_time - lead_hours (historical forecast, not original run archive)",NOAA ISD via Phase 6 expanded dataset (QC=1),0.0065
43110099999,RATNAGIRI,16.983,73.333,67.0,2023-08-03T00:00:00,2023-08-02T00:00:00,24,August_2023,26.6,24.8,81.0,16.977152,73.346115,81.0,0.0,24.8,24.8,Open-Meteo Historical Forecast API (best_match/GFS Seamless),Open-Meteo Historical Forecast API (SRTM 90m at snapped grid),Open-Meteo Elevation API (SRTM 90m at station coordinates),best_match,"proxy: valid_time - lead_hours (historical forecast, not original run archive)",NOAA ISD via Phase 6 expanded dataset (QC=1),0.0065
43110099999,RATNAGIRI,16.983,73.333,67.0,2023-08-03T12:00:00,2023-08-02T00:00:00,36,August_2023,27.6,25.1,81.0,16.977152,73.346115,81.0,0.0,25.1,25.1,Open-Meteo Historical Forecast API (best_match/GFS Seamless),Open-Meteo Historical Forecast API (SRTM 90m at snapped grid),Open-Meteo Elevation API (SRTM 90m at station coordinates),best_match,"proxy: valid_time - lead_hours (historical forecast, not original run archive)",NOAA ISD via Phase 6 expanded dataset (QC=1),0.0065
43110099999,RATNAGIRI,16.983,73.333,67.0,2023-08-04T00:00:00,2023-08-02T00:00:00,48,August_2023,26.6,24.5,81.0,16.977152,73.346115,81.0,0.0,24.5,24.5,Open-Meteo Historical Forecast API (best_match/GFS Seamless),Open-Meteo Historical Forecast API (SRTM 90m at snapped grid),Open-Meteo Elevation API (SRTM 90m at station coordinates),best_match,"proxy: valid_time - lead_hours (historical forecast, not original run archive)",NOAA ISD via Phase 6 expanded dataset (QC=1),0.0065
43110099999,RATNAGIRI,16.983,73.333,67.0,2023-08-03T00:00:00,2023-08-02T12:00:00,12,August_2023,26.6,24.8,81.0,16.977152,73.346115,81.0,0.0,24.8,24.8,Open-Meteo Historical Forecast API (best_match/GFS Seamless),Open-Meteo Historical Forecast API (SRTM 90m at snapped grid),Open-Meteo Elevation API (SRTM 90m at station coordinates),best_match,"proxy: valid_time - lead_hours (historical forecast, not original run archive)",NOAA ISD via Phase 6 expanded dataset (QC=1),0.0065
43110099999,RATNAGIRI,16.983,73.333,67.0,2023-08-03T12:00:00,2023-08-02T12:00:00,24,August_2023,27.6,25.1,81.0,16.977152,73.346115,81.0,0.0,25.1,25.1,Open-Meteo Historical Forecast API (best_match/GFS Seamless),Open-Meteo Historical Forecast API (SRTM 90m at snapped grid),Open-Meteo Elevation API (SRTM 90m at station coordinates),best_match,"proxy: valid_time - lead_hours (historical forecast, not original run archive)",NOAA ISD via Phase 6 expanded dataset (QC=1),0.0065
43110099999,RATNAGIRI,16.983,73.333,67.0,2023-08-04T00:00:00,2023-08-02T12:00:00,36,August_2023,26.6,24.5,81.0,16.977152,73.346115,81.0,0.0,24.5,24.5,Open-Meteo Historical Forecast API (best_match/GFS Seamless),Open-Meteo Historical Forecast API (SRTM 90m at snapped grid),Open-Meteo Elevation API (SRTM 90m at station coordinates),best_match,"proxy: valid_time - lead_hours (historical forecast, not original run archive)",NOAA ISD via Phase 6 expanded dataset (QC=1),0.0065
43110099999,RATNAGIRI,16.983,73.333,67.0,2023-08-04T12:00:00,2023-08-02T12:00:00,48,August_2023,28.0,25.7,81.0,16.977152,73.346115,81.0,0.0,25.7,25.7,Open-Meteo Historical Forecast API (best_match/GFS Seamless),Open-Meteo Historical Forecast API (SRTM 90m at snapped grid),Open-Meteo Elevation API (SRTM 90m at station coordinates),best_match,"proxy: valid_time - lead_hours (historical forecast, not original run archive)",NOAA ISD via Phase 6 expanded dataset (QC=1),0.0065
43110099999,RATNAGIRI,16.983,73.333,67.0,2023-08-03T12:00:00,2023-08-03T00:00:00,12,August_2023,27.6,25.1,81.0,16.977152,73.346115,81.0,0.0,25.1,25.1,Open-Meteo Historical Forecast API (best_match/GFS Seamless),Open-Meteo Historical Forecast API (SRTM 90m at snapped grid),Open-Meteo Elevation API (SRTM 90m at station coordinates),best_match,"proxy: valid_time - lead_hours (historical forecast, not original run archive)",NOAA ISD via Phase 6 expanded dataset (QC=1),0.0065
43110099999,RATNAGIRI,16.983,73.333,67.0,2023-08-04T00:00:00,2023-08-03T00:00:00,24,August_2023,26.6,24.5,81.0,16.977152,73.346115,81.0,0.0,24.5,24.5,Open-Meteo Historical Forecast API (best_match/GFS Seamless),Open-Meteo Historical Forecast API (SRTM 90m at snapped grid),Open-Meteo Elevation API (SRTM 90m at station coordinates),best_match,"proxy: valid_time - lead_hours (historical forecast, not original run archive)",NOAA ISD via Phase 6 expanded dataset (QC=1),0.0065
43110099999,RATNAGIRI,16.983,73.333,67.0,2023-08-04T12:00:00,2023-08-03T00:00:00,36,August_2023,28.0,25.7,81.0,16.977152,73.346115,81.0,0.0,25.7,25.7,Open-Meteo Historical Forecast API (best_match/GFS Seamless),Open-Meteo Historical Forecast API (SRTM 90m at snapped grid),Open-Meteo Elevation API (SRTM 90m at station coordinates),best_match,"proxy: valid_time - lead_hours (historical forecast, not original run archive)",NOAA ISD via Phase 6 expanded dataset (QC=1),0.0065
43110099999,RATNAGIRI,16.983,73.333,67.0,2023-08-05T00:00:00,2023-08-03T00:00:00,48,August_2023,25.4,25.0,81.0,16.977152,73.346115,81.0,0.0,25.0,25.0,Open-Meteo Historical Forecast API (best_match/GFS Seamless),Open-Meteo Historical Forecast API (SRTM 90m at snapped grid),Open-Meteo Elevation API (SRTM 90m at station coordinates),best_match,"proxy: valid_time - lead_hours (historical forecast, not original run archive)",NOAA ISD via Phase 6 expanded dataset (QC=1),0.0065
43110099999,RATNAGIRI,16.983,73.333,67.0,2023-08-04T00:00:00,2023-08-03T12:00:00,12,August_2023,26.6,24.5,81.0,16.977152,73.346115,81.0,0.0,24.5,24.5,Open-Meteo Historical Forecast API (best_match/GFS Seamless),Open-Meteo Historical Forecast API (SRTM 90m at snapped grid),Open-Meteo Elevation API (SRTM 90m at station coordinates),best_match,"proxy: valid_time - lead_hours (historical forecast, not original run archive)",NOAA ISD via Phase 6 expanded dataset (QC=1),0.0065
43110099999,RATNAGIRI,16.983,73.333,67.0,2023-08-04T12:00:00,2023-08-03T12:00:00,24,August_2023,28.0,25.7,81.0,16.977152,73.346115,81.0,0.0,25.7,25.7,Open-Meteo Historical Forecast API (best_match/GFS Seamless),Open-Meteo Historical Forecast API (SRTM 90m at snapped grid),Open-Meteo Elevation API (SRTM 90m at station coordinates),best_match,"proxy: valid_time - lead_hours (historical forecast, not original run archive)",NOAA ISD via Phase 6 expanded dataset (QC=1),0.0065
43110099999,RATNAGIRI,16.983,73.333,67.0,2023-08-05T00:00:00,2023-08-03T12:00:00,36,August_2023,25.4,25.0,81.0,16.977152,73.346115,81.0,0.0,25.0,25.0,Open-Meteo Historical Forecast API (best_match/GFS Seamless),Open-Meteo Historical Forecast API (SRTM 90m at snapped grid),Open-Meteo Elevation API (SRTM 90m at station coordinates),best_match,"proxy: valid_time - lead_hours (historical forecast, not original run archive)",NOAA ISD via Phase 6 expanded dataset (QC=1),0.0065
43110099999,RATNAGIRI,16.983,73.333,67.0,2023-08-05T12:00:00,2023-08-03T12:00:00,48,August_2023,28.4,26.7,81.0,16.977152,73.346115,81.0,0.0,26.7,26.7,Open-Meteo Historical Forecast API (best_match/GFS Seamless),Open-Meteo Historical Forecast API (SRTM 90m at snapped grid),Open-Meteo Elevation API (SRTM 90m at station coordinates),best_match,"proxy: valid_time - lead_hours (historical forecast, not original run archive)",NOAA ISD via Phase 6 expanded dataset (QC=1),0.0065
43110099999,RATNAGIRI,16.983,73.333,67.0,2023-08-04T12:00:00,2023-08-04T00:00:00,12,August_2023,28.0,25.7,81.0,16.977152,73.346115,81.0,0.0,25.7,25.7,Open-Meteo Historical Forecast API (best_match/GFS Seamless),Open-Meteo Historical Forecast API (SRTM 90m at snapped grid),Open-Meteo Elevation API (SRTM 90m at station coordinates),best_match,"proxy: valid_time - lead_hours (historical forecast, not original run archive)",NOAA ISD via Phase 6 expanded dataset (QC=1),0.0065
43110099999,RATNAGIRI,16.983,73.333,67.0,2023-08-05T00:00:00,2023-08-04T00:00:00,24,August_2023,25.4,25.0,81.0,16.977152,73.346115,81.0,0.0,25.0,25.0,Open-Meteo Historical Forecast API (best_match/GFS Seamless),Open-Meteo Historical Forecast API (SRTM 90m at snapped grid),Open-Meteo Elevation API (SRTM 90m at station coordinates),best_match,"proxy: valid_time - lead_hours (historical forecast, not original run archive)",NOAA ISD via Phase 6 expanded dataset (QC=1),0.0065
43110099999,RATNAGIRI,16.983,73.333,67.0,2023-08-05T12:00:00,2023-08-04T00:00:00,36,August_2023,28.4,26.7,81.0,16.977152,73.346115,81.0,0.0,26.7,26.7,Open-Meteo Historical Forecast API (best_match/GFS Seamless),Open-Meteo Historical Forecast API (SRTM 90m at snapped grid),Open-Meteo Elevation API (SRTM 90m at station coordinates),best_match,"proxy: valid_time - lead_hours (historical forecast, not original run archive)",NOAA ISD via Phase 6 expanded dataset (QC=1),0.0065
43110099999,RATNAGIRI,16.983,73.333,67.0,2023-08-06T00:00:00,2023-08-04T00:00:00,48,August_2023,26.8,24.8,81.0,16.977152,73.346115,81.0,0.0,24.8,24.8,Open-Meteo Historical Forecast API (best_match/GFS Seamless),Open-Meteo Historical Forecast API (SRTM 90m at snapped grid),Open-Meteo Elevation API (SRTM 90m at station coordinates),best_match,"proxy: valid_time - lead_hours (historical forecast, not original run archive)",NOAA ISD via Phase 6 expanded dataset (QC=1),0.0065
43110099999,RATNAGIRI,16.983,73.333,67.0,2023-08-05T00:00:00,2023-08-04T12:00:00,12,August_2023,25.4,25.0,81.0,16.977152,73.346115,81.0,0.0,25.0,25.0,Open-Meteo Historical Forecast API (best_match/GFS Seamless),Open-Meteo Historical Forecast API (SRTM 90m at snapped grid),Open-Meteo Elevation API (SRTM 90m at station coordinates),best_match,"proxy: valid_time - lead_hours (historical forecast, not original run archive)",NOAA ISD via Phase 6 expanded dataset (QC=1),0.0065
43110099999,RATNAGIRI,16.983,73.333,67.0,2023-08-05T12:00:00,2023-08-04T12:00:00,24,August_2023,28.4,26.7,81.0,16.977152,73.346115,81.0,0.0,26.7,26.7,Open-Meteo Historical Forecast API (best_match/GFS Seamless),Open-Meteo Historical Forecast API (SRTM 90m at snapped grid),Open-Meteo Elevation API (SRTM 90m at station coordinates),best_match,"proxy: valid_time - lead_hours (historical forecast, not original run archive)",NOAA ISD via Phase 6 expanded dataset (QC=1),0.0065
43110099999,RATNAGIRI,16.983,73.333,67.0,2023-08-06T00:00:00,2023-08-04T12:00:00,36,August_2023,26.8,24.8,81.0,16.977152,73.346115,81.0,0.0,24.8,24.8,Open-Meteo Historical Forecast API (best_match/GFS Seamless),Open-Meteo Historical Forecast API (SRTM 90m at snapped grid),Open-Meteo Elevation API (SRTM 90m at station coordinates),best_match,"proxy: valid_time - lead_hours (historical forecast, not original run archive)",NOAA ISD via Phase 6 expanded dataset (QC=1),0.0065
43110099999,RATNAGIRI,16.983,73.333,67.0,2023-08-06T12:00:00,2023-08-04T12:00:00,48,August_2023,28.2,26.7,81.0,16.977152,73.346115,81.0,0.0,26.7,26.7,Open-Meteo Historical Forecast API (best_match/GFS Seamless),Open-Meteo Historical Forecast API (SRTM 90m at snapped grid),Open-Meteo Elevation API (SRTM 90m at station coordinates),best_match,"proxy: valid_time - lead_hours (historical forecast, not original run archive)",NOAA ISD via Phase 6 expanded dataset (QC=1),0.0065
43110099999,RATNAGIRI,16.983,73.333,67.0,2023-08-05T12:00:00,2023-08-05T00:00:00,12,August_2023,28.4,26.7,81.0,16.977152,73.346115,81.0,0.0,26.7,26.7,Open-Meteo Historical Forecast API (best_match/GFS Seamless),Open-Meteo Historical Forecast API (SRTM 90m at snapped grid),Open-Meteo Elevation API (SRTM 90m at station coordinates),best_match,"proxy: valid_time - lead_hours (historical forecast, not original run archive)",NOAA ISD via Phase 6 expanded dataset (QC=1),0.0065
43110099999,RATNAGIRI,16.983,73.333,67.0,2023-08-06T00:00:00,2023-08-05T00:00:00,24,August_2023,26.8,24.8,81.0,16.977152,73.346115,81.0,0.0,24.8,24.8,Open-Meteo Historical Forecast API (best_match/GFS Seamless),Open-Meteo Historical Forecast API (SRTM 90m at snapped grid),Open-Meteo Elevation API (SRTM 90m at station coordinates),best_match,"proxy: valid_time - lead_hours (historical forecast, not original run archive)",NOAA ISD via Phase 6 expanded dataset (QC=1),0.0065
43110099999,RATNAGIRI,16.983,73.333,67.0,2023-08-06T12:00:00,2023-08-05T00:00:00,36,August_2023,28.2,26.7,81.0,16.977152,73.346115,81.0,0.0,26.7,26.7,Open-Meteo Historical Forecast API (best_match/GFS Seamless),Open-Meteo Historical Forecast API (SRTM 90m at snapped grid),Open-Meteo Elevation API (SRTM 90m at station coordinates),best_match,"proxy: valid_time - lead_hours (historical forecast, not original run archive)",NOAA ISD via Phase 6 expanded dataset (QC=1),0.0065
43110099999,RATNAGIRI,16.983,73.333,67.0,2023-08-07T00:00:00,2023-08-05T00:00:00,48,August_2023,26.6,24.7,81.0,16.977152,73.346115,81.0,0.0,24.7,24.7,Open-Meteo Historical Forecast API (best_match/GFS Seamless),Open-Meteo Historical Forecast API (SRTM 90m at snapped grid),Open-Meteo Elevation API (SRTM 90m at station coordinates),best_match,"proxy: valid_time - lead_hours (historical forecast, not original run archive)",NOAA ISD via Phase 6 expanded dataset (QC=1),0.0065
43110099999,RATNAGIRI,16.983,73.333,67.0,2023-08-06T00:00:00,2023-08-05T12:00:00,12,August_2023,26.8,24.8,81.0,16.977152,73.346115,81.0,0.0,24.8,24.8,Open-Meteo Historical Forecast API (best_match/GFS Seamless),Open-Meteo Historical Forecast API (SRTM 90m at snapped grid),Open-Meteo Elevation API (SRTM 90m at station coordinates),best_match,"proxy: valid_time - lead_hours (historical forecast, not original run archive)",NOAA ISD via Phase 6 expanded dataset (QC=1),0.0065
43110099999,RATNAGIRI,16.983,73.333,67.0,2023-08-06T12:00:00,2023-08-05T12:00:00,24,August_2023,28.2,26.7,81.0,16.977152,73.346115,81.0,0.0,26.7,26.7,Open-Meteo Historical Forecast API (best_match/GFS Seamless),Open-Meteo Historical Forecast API (SRTM 90m at snapped grid),Open-Meteo Elevation API (SRTM 90m at station coordinates),best_match,"proxy: valid_time - lead_hours (historical forecast, not original run archive)",NOAA ISD via Phase 6 expanded dataset (QC=1),0.0065
43110099999,RATNAGIRI,16.983,73.333,67.0,2023-08-07T00:00:00,2023-08-05T12:00:00,36,August_2023,26.6,24.7,81.0,16.977152,73.346115,81.0,0.0,24.7,24.7,Open-Meteo Historical Forecast API (best_match/GFS Seamless),Open-Meteo Historical Forecast API (SRTM 90m at snapped grid),Open-Meteo Elevation API (SRTM 90m at station coordinates),best_match,"proxy: valid_time - lead_hours (historical forecast, not original run archive)",NOAA ISD via Phase 6 expanded dataset (QC=1),0.0065
43110099999,RATNAGIRI,16.983,73.333,67.0,2023-08-07T12:00:00,2023-08-05T12:00:00,48,August_2023,28.6,26.9,81.0,16.977152,73.346115,81.0,0.0,26.9,26.9,Open-Meteo Historical Forecast API (best_match/GFS Seamless),Open-Meteo Historical Forecast API (SRTM 90m at snapped grid),Open-Meteo Elevation API (SRTM 90m at station coordinates),best_match,"proxy: valid_time - lead_hours (historical forecast, not original run archive)",NOAA ISD via Phase 6 expanded dataset (QC=1),0.0065
43110099999,RATNAGIRI,16.983,73.333,67.0,2023-08-06T12:00:00,2023-08-06T00:00:00,12,August_2023,28.2,26.7,81.0,16.977152,73.346115,81.0,0.0,26.7,26.7,Open-Meteo Historical Forecast API (best_match/GFS Seamless),Open-Meteo Historical Forecast API (SRTM 90m at snapped grid),Open-Meteo Elevation API (SRTM 90m at station coordinates),best_match,"proxy: valid_time - lead_hours (historical forecast, not original run archive)",NOAA ISD via Phase 6 expanded dataset (QC=1),0.0065
43110099999,RATNAGIRI,16.983,73.333,67.0,2023-08-07T00:00:00,2023-08-06T00:00:00,24,August_2023,26.6,24.7,81.0,16.977152,73.346115,81.0,0.0,24.7,24.7,Open-Meteo Historical Forecast API (best_match/GFS Seamless),Open-Meteo Historical Forecast API (SRTM 90m at snapped grid),Open-Meteo Elevation API (SRTM 90m at station coordinates),best_match,"proxy: valid_time - lead_hours (historical forecast, not original run archive)",NOAA ISD via Phase 6 expanded dataset (QC=1),0.0065
43110099999,RATNAGIRI,16.983,73.333,67.0,2023-08-07T12:00:00,2023-08-06T00:00:00,36,August_2023,28.6,26.9,81.0,16.977152,73.346115,81.0,0.0,26.9,26.9,Open-Meteo Historical Forecast API (best_match/GFS Seamless),Open-Meteo Historical Forecast API (SRTM 90m at snapped grid),Open-Meteo Elevation API (SRTM 90m at station coordinates),best_match,"proxy: valid_time - lead_hours (historical forecast, not original run archive)",NOAA ISD via Phase 6 expanded dataset (QC=1),0.0065
43110099999,RATNAGIRI,16.983,73.333,67.0,2023-08-08T00:00:00,2023-08-06T00:00:00,48,August_2023,27.0,24.6,81.0,16.977152,73.346115,81.0,0.0,24.6,24.6,Open-Meteo Historical Forecast API (best_match/GFS Seamless),Open-Meteo Historical Forecast API (SRTM 90m at snapped grid),Open-Meteo Elevation API (SRTM 90m at station coordinates),best_match,"proxy: valid_time - lead_hours (historical forecast, not original run archive)",NOAA ISD via Phase 6 expanded dataset (QC=1),0.0065
43110099999,RATNAGIRI,16.983,73.333,67.0,2023-08-07T00:00:00,2023-08-06T12:00:00,12,August_2023,26.6,24.7,81.0,16.977152,73.346115,81.0,0.0,24.7,24.7,Open-Meteo Historical Forecast API (best_match/GFS Seamless),Open-Meteo Historical Forecast API (SRTM 90m at snapped grid),Open-Meteo Elevation API (SRTM 90m at station coordinates),best_match,"proxy: valid_time - lead_hours (historical forecast, not original run archive)",NOAA ISD via Phase 6 expanded dataset (QC=1),0.0065
43110099999,RATNAGIRI,16.983,73.333,67.0,2023-08-07T12:00:00,2023-08-06T12:00:00,24,August_2023,28.6,26.9,81.0,16.977152,73.346115,81.0,0.0,26.9,26.9,Open-Meteo Historical Forecast API (best_match/GFS Seamless),Open-Meteo Historical Forecast API (SRTM 90m at snapped grid),Open-Meteo Elevation API (SRTM 90m at station coordinates),best_match,"proxy: valid_time - lead_hours (historical forecast, not original run archive)",NOAA ISD via Phase 6 expanded dataset (QC=1),0.0065
43110099999,RATNAGIRI,16.983,73.333,67.0,2023-08-08T00:00:00,2023-08-06T12:00:00,36,August_2023,27.0,24.6,81.0,16.977152,73.346115,81.0,0.0,24.6,24.6,Open-Meteo Historical Forecast API (best_match/GFS Seamless),Open-Meteo Historical Forecast API (SRTM 90m at snapped grid),Open-Meteo Elevation API (SRTM 90m at station coordinates),best_match,"proxy: valid_time - lead_hours (historical forecast, not original run archive)",NOAA ISD via Phase 6 expanded dataset (QC=1),0.0065
43110099999,RATNAGIRI,16.983,73.333,67.0,2023-08-08T12:00:00,2023-08-06T12:00:00,48,August_2023,28.4,27.1,81.0,16.977152,73.346115,81.0,0.0,27.1,27.1,Open-Meteo Historical Forecast API (best_match/GFS Seamless),Open-Meteo Historical Forecast API (SRTM 90m at snapped grid),Open-Meteo Elevation API (SRTM 90m at station coordinates),best_match,"proxy: valid_time - lead_hours (historical forecast, not original run archive)",NOAA ISD via Phase 6 expanded dataset (QC=1),0.0065
43110099999,RATNAGIRI,16.983,73.333,67.0,2023-08-07T12:00:00,2023-08-07T00:00:00,12,August_2023,28.6,26.9,81.0,16.977152,73.346115,81.0,0.0,26.9,26.9,Open-Meteo Historical Forecast API (best_match/GFS Seamless),Open-Meteo Historical Forecast API (SRTM 90m at snapped grid),Open-Meteo Elevation API (SRTM 90m at station coordinates),best_match,"proxy: valid_time - lead_hours (historical forecast, not original run archive)",NOAA ISD via Phase 6 expanded dataset (QC=1),0.0065
43110099999,RATNAGIRI,16.983,73.333,67.0,2023-08-08T00:00:00,2023-08-07T00:00:00,24,August_2023,27.0,24.6,81.0,16.977152,73.346115,81.0,0.0,24.6,24.6,Open-Meteo Historical Forecast API (best_match/GFS Seamless),Open-Meteo Historical Forecast API (SRTM 90m at snapped grid),Open-Meteo Elevation API (SRTM 90m at station coordinates),best_match,"proxy: valid_time - lead_hours (historical forecast, not original run archive)",NOAA ISD via Phase 6 expanded dataset (QC=1),0.0065
43110099999,RATNAGIRI,16.983,73.333,67.0,2023-08-08T12:00:00,2023-08-07T00:00:00,36,August_2023,28.4,27.1,81.0,16.977152,73.346115,81.0,0.0,27.1,27.1,Open-Meteo Historical Forecast API (best_match/GFS Seamless),Open-Meteo Historical Forecast API (SRTM 90m at snapped grid),Open-Meteo Elevation API (SRTM 90m at station coordinates),best_match,"proxy: valid_time - lead_hours (historical forecast, not original run archive)",NOAA ISD via Phase 6 expanded dataset (QC=1),0.0065
43110099999,RATNAGIRI,16.983,73.333,67.0,2023-08-09T00:00:00,2023-08-07T00:00:00,48,August_2023,26.4,24.2,81.0,16.977152,73.346115,81.0,0.0,24.2,24.2,Open-Meteo Historical Forecast API (best_match/GFS Seamless),Open-Meteo Historical Forecast API (SRTM 90m at snapped grid),Open-Meteo Elevation API (SRTM 90m at station coordinates),best_match,"proxy: valid_time - lead_hours (historical forecast, not original run archive)",NOAA ISD via Phase 6 expanded dataset (QC=1),0.0065
43110099999,RATNAGIRI,16.983,73.333,67.0,2023-08-08T00:00:00,2023-08-07T12:00:00,12,August_2023,27.0,24.6,81.0,16.977152,73.346115,81.0,0.0,24.6,24.6,Open-Meteo Historical Forecast API (best_match/GFS Seamless),Open-Meteo Historical Forecast API (SRTM 90m at snapped grid),Open-Meteo Elevation API (SRTM 90m at station coordinates),best_match,"proxy: valid_time - lead_hours (historical forecast, not original run archive)",NOAA ISD via Phase 6 expanded dataset (QC=1),0.0065
43110099999,RATNAGIRI,16.983,73.333,67.0,2023-08-08T12:00:00,2023-08-07T12:00:00,24,August_2023,28.4,27.1,81.0,16.977152,73.346115,81.0,0.0,27.1,27.1,Open-Meteo Historical Forecast API (best_match/GFS Seamless),Open-Meteo Historical Forecast API (SRTM 90m at snapped grid),Open-Meteo Elevation API (SRTM 90m at station coordinates),best_match,"proxy: valid_time - lead_hours (historical forecast, not original run archive)",NOAA ISD via Phase 6 expanded dataset (QC=1),0.0065
43110099999,RATNAGIRI,16.983,73.333,67.0,2023-08-09T00:00:00,2023-08-07T12:00:00,36,August_2023,26.4,24.2,81.0,16.977152,73.346115,81.0,0.0,24.2,24.2,Open-Meteo Historical Forecast API (best_match/GFS Seamless),Open-Meteo Historical Forecast API (SRTM 90m at snapped grid),Open-Meteo Elevation API (SRTM 90m at station coordinates),best_match,"proxy: valid_time - lead_hours (historical forecast, not original run archive)",NOAA ISD via Phase 6 expanded dataset (QC=1),0.0065
43110099999,RATNAGIRI,16.983,73.333,67.0,2023-08-09T12:00:00,2023-08-07T12:00:00,48,August_2023,28.4,27.4,81.0,16.977152,73.346115,81.0,0.0,27.4,27.4,Open-Meteo Historical Forecast API (best_match/GFS Seamless),Open-Meteo Historical Forecast API (SRTM 90m at snapped grid),Open-Meteo Elevation API (SRTM 90m at station coordinates),best_match,"proxy: valid_time - lead_hours (historical forecast, not original run archive)",NOAA ISD via Phase 6 expanded dataset (QC=1),0.0065
43110099999,RATNAGIRI,16.983,73.333,67.0,2023-08-08T12:00:00,2023-08-08T00:00:00,12,August_2023,28.4,27.1,81.0,16.977152,73.346115,81.0,0.0,27.1,27.1,Open-Meteo Historical Forecast API (best_match/GFS Seamless),Open-Meteo Historical Forecast API (SRTM 90m at snapped grid),Open-Meteo Elevation API (SRTM 90m at station coordinates),best_match,"proxy: valid_time - lead_hours (historical forecast, not original run archive)",NOAA ISD via Phase 6 expanded dataset (QC=1),0.0065
43110099999,RATNAGIRI,16.983,73.333,67.0,2023-08-09T00:00:00,2023-08-08T00:00:00,24,August_2023,26.4,24.2,81.0,16.977152,73.346115,81.0,0.0,24.2,24.2,Open-Meteo Historical Forecast API (best_match/GFS Seamless),Open-Meteo Historical Forecast API (SRTM 90m at snapped grid),Open-Meteo Elevation API (SRTM 90m at station coordinates),best_match,"proxy: valid_time - lead_hours (historical forecast, not original run archive)",NOAA ISD via Phase 6 expanded dataset (QC=1),0.0065
43110099999,RATNAGIRI,16.983,73.333,67.0,2023-08-09T12:00:00,2023-08-08T00:00:00,36,August_2023,28.4,27.4,81.0,16.977152,73.346115,81.0,0.0,27.4,27.4,Open-Meteo Historical Forecast API (best_match/GFS Seamless),Open-Meteo Historical Forecast API (SRTM 90m at snapped grid),Open-Meteo Elevation API (SRTM 90m at station coordinates),best_match,"proxy: valid_time - lead_hours (historical forecast, not original run archive)",NOAA ISD via Phase 6 expanded dataset (QC=1),0.0065
43110099999,RATNAGIRI,16.983,73.333,67.0,2023-08-10T00:00:00,2023-08-08T00:00:00,48,August_2023,26.6,23.4,81.0,16.977152,73.346115,81.0,0.0,23.4,23.4,Open-Meteo Historical Forecast API (best_match/GFS Seamless),Open-Meteo Historical Forecast API (SRTM 90m at snapped grid),Open-Meteo Elevation API (SRTM 90m at station coordinates),best_match,"proxy: valid_time - lead_hours (historical forecast, not original run archive)",NOAA ISD via Phase 6 expanded dataset (QC=1),0.0065
43110099999,RATNAGIRI,16.983,73.333,67.0,2023-08-09T00:00:00,2023-08-08T12:00:00,12,August_2023,26.4,24.2,81.0,16.977152,73.346115,81.0,0.0,24.2,24.2,Open-Meteo Historical Forecast API (best_match/GFS Seamless),Open-Meteo Historical Forecast API (SRTM 90m at snapped grid),Open-Meteo Elevation API (SRTM 90m at station coordinates),best_match,"proxy: valid_time - lead_hours (historical forecast, not original run archive)",NOAA ISD via Phase 6 expanded dataset (QC=1),0.0065
43110099999,RATNAGIRI,16.983,73.333,67.0,2023-08-09T12:00:00,2023-08-08T12:00:00,24,August_2023,28.4,27.4,81.0,16.977152,73.346115,81.0,0.0,27.4,27.4,Open-Meteo Historical Forecast API (best_match/GFS Seamless),Open-Meteo Historical Forecast API (SRTM 90m at snapped grid),Open-Meteo Elevation API (SRTM 90m at station coordinates),best_match,"proxy: valid_time - lead_hours (historical forecast, not original run archive)",NOAA ISD via Phase 6 expanded dataset (QC=1),0.0065
43110099999,RATNAGIRI,16.983,73.333,67.0,2023-08-10T00:00:00,2023-08-08T12:00:00,36,August_2023,26.6,23.4,81.0,16.977152,73.346115,81.0,0.0,23.4,23.4,Open-Meteo Historical Forecast API (best_match/GFS Seamless),Open-Meteo Historical Forecast API (SRTM 90m at snapped grid),Open-Meteo Elevation API (SRTM 90m at station coordinates),best_match,"proxy: valid_time - lead_hours (historical forecast, not original run archive)",NOAA ISD via Phase 6 expanded dataset (QC=1),0.0065
43110099999,RATNAGIRI,16.983,73.333,67.0,2023-08-09T12:00:00,2023-08-09T00:00:00,12,August_2023,28.4,27.4,81.0,16.977152,73.346115,81.0,0.0,27.4,27.4,Open-Meteo Historical Forecast API (best_match/GFS Seamless),Open-Meteo Historical Forecast API (SRTM 90m at snapped grid),Open-Meteo Elevation API (SRTM 90m at station coordinates),best_match,"proxy: valid_time - lead_hours (historical forecast, not original run archive)",NOAA ISD via Phase 6 expanded dataset (QC=1),0.0065
43110099999,RATNAGIRI,16.983,73.333,67.0,2023-08-10T00:00:00,2023-08-09T00:00:00,24,August_2023,26.6,23.4,81.0,16.977152,73.346115,81.0,0.0,23.4,23.4,Open-Meteo Historical Forecast API (best_match/GFS Seamless),Open-Meteo Historical Forecast API (SRTM 90m at snapped grid),Open-Meteo Elevation API (SRTM 90m at station coordinates),best_match,"proxy: valid_time - lead_hours (historical forecast, not original run archive)",NOAA ISD via Phase 6 expanded dataset (QC=1),0.0065
43110099999,RATNAGIRI,16.983,73.333,67.0,2023-08-10T00:00:00,2023-08-09T12:00:00,12,August_2023,26.6,23.4,81.0,16.977152,73.346115,81.0,0.0,23.4,23.4,Open-Meteo Historical Forecast API (best_match/GFS Seamless),Open-Meteo Historical Forecast API (SRTM 90m at snapped grid),Open-Meteo Elevation API (SRTM 90m at station coordinates),best_match,"proxy: valid_time - lead_hours (historical forecast, not original run archive)",NOAA ISD via Phase 6 expanded dataset (QC=1),0.0065
43111099999,MAHABALESHWAR,17.933,73.667,1382.0,2023-02-01T12:00:00,2023-02-01T00:00:00,12,February_2023,19.8,21.6,1293.0,17.891035,73.660194,1293.0,0.0,21.6,21.6,Open-Meteo Historical Forecast API (best_match/GFS Seamless),Open-Meteo Historical Forecast API (SRTM 90m at snapped grid),Open-Meteo Elevation API (SRTM 90m at station coordinates),best_match,"proxy: valid_time - lead_hours (historical forecast, not original run archive)",NOAA ISD via Phase 6 expanded dataset (QC=1),0.0065
43111099999,MAHABALESHWAR,17.933,73.667,1382.0,2023-02-02T12:00:00,2023-02-01T00:00:00,36,February_2023,20.6,22.7,1293.0,17.891035,73.660194,1293.0,0.0,22.7,22.7,Open-Meteo Historical Forecast API (best_match/GFS Seamless),Open-Meteo Historical Forecast API (SRTM 90m at snapped grid),Open-Meteo Elevation API (SRTM 90m at station coordinates),best_match,"proxy: valid_time - lead_hours (historical forecast, not original run archive)",NOAA ISD via Phase 6 expanded dataset (QC=1),0.0065
43111099999,MAHABALESHWAR,17.933,73.667,1382.0,2023-02-02T12:00:00,2023-02-01T12:00:00,24,February_2023,20.6,22.7,1293.0,17.891035,73.660194,1293.0,0.0,22.7,22.7,Open-Meteo Historical Forecast API (best_match/GFS Seamless),Open-Meteo Historical Forecast API (SRTM 90m at snapped grid),Open-Meteo Elevation API (SRTM 90m at station coordinates),best_match,"proxy: valid_time - lead_hours (historical forecast, not original run archive)",NOAA ISD via Phase 6 expanded dataset (QC=1),0.0065
43111099999,MAHABALESHWAR,17.933,73.667,1382.0,2023-02-03T12:00:00,2023-02-01T12:00:00,48,February_2023,21.8,23.9,1293.0,17.891035,73.660194,1293.0,0.0,23.9,23.9,Open-Meteo Historical Forecast API (best_match/GFS Seamless),Open-Meteo Historical Forecast API (SRTM 90m at snapped grid),Open-Meteo Elevation API (SRTM 90m at station coordinates),best_match,"proxy: valid_time - lead_hours (historical forecast, not original run archive)",NOAA ISD via Phase 6 expanded dataset (QC=1),0.0065
43111099999,MAHABALESHWAR,17.933,73.667,1382.0,2023-02-02T12:00:00,2023-02-02T00:00:00,12,February_2023,20.6,22.7,1293.0,17.891035,73.660194,1293.0,0.0,22.7,22.7,Open-Meteo Historical Forecast API (best_match/GFS Seamless),Open-Meteo Historical Forecast API (SRTM 90m at snapped grid),Open-Meteo Elevation API (SRTM 90m at station coordinates),best_match,"proxy: valid_time - lead_hours (historical forecast, not original run archive)",NOAA ISD via Phase 6 expanded dataset (QC=1),0.0065
43111099999,MAHABALESHWAR,17.933,73.667,1382.0,2023-02-03T12:00:00,2023-02-02T00:00:00,36,February_2023,21.8,23.9,1293.0,17.891035,73.660194,1293.0,0.0,23.9,23.9,Open-Meteo Historical Forecast API (best_match/GFS Seamless),Open-Meteo Historical Forecast API (SRTM 90m at snapped grid),Open-Meteo Elevation API (SRTM 90m at station coordinates),best_match,"proxy: valid_time - lead_hours (historical forecast, not original run archive)",NOAA ISD via Phase 6 expanded dataset (QC=1),0.0065
43111099999,MAHABALESHWAR,17.933,73.667,1382.0,2023-02-03T12:00:00,2023-02-02T12:00:00,24,February_2023,21.8,23.9,1293.0,17.891035,73.660194,1293.0,0.0,23.9,23.9,Open-Meteo Historical Forecast API (best_match/GFS Seamless),Open-Meteo Historical Forecast API (SRTM 90m at snapped grid),Open-Meteo Elevation API (SRTM 90m at station coordinates),best_match,"proxy: valid_time - lead_hours (historical forecast, not original run archive)",NOAA ISD via Phase 6 expanded dataset (QC=1),0.0065
43111099999,MAHABALESHWAR,17.933,73.667,1382.0,2023-02-04T12:00:00,2023-02-02T12:00:00,48,February_2023,24.0,24.3,1293.0,17.891035,73.660194,1293.0,0.0,24.3,24.3,Open-Meteo Historical Forecast API (best_match/GFS Seamless),Open-Meteo Historical Forecast API (SRTM 90m at snapped grid),Open-Meteo Elevation API (SRTM 90m at station coordinates),best_match,"proxy: valid_time - lead_hours (historical forecast, not original run archive)",NOAA ISD via Phase 6 expanded dataset (QC=1),0.0065
43111099999,MAHABALESHWAR,17.933,73.667,1382.0,2023-02-03T12:00:00,2023-02-03T00:00:00,12,February_2023,21.8,23.9,1293.0,17.891035,73.660194,1293.0,0.0,23.9,23.9,Open-Meteo Historical Forecast API (best_match/GFS Seamless),Open-Meteo Historical Forecast API (SRTM 90m at snapped grid),Open-Meteo Elevation API (SRTM 90m at station coordinates),best_match,"proxy: valid_time - lead_hours (historical forecast, not original run archive)",NOAA ISD via Phase 6 expanded dataset (QC=1),0.0065
43111099999,MAHABALESHWAR,17.933,73.667,1382.0,2023-02-04T12:00:00,2023-02-03T00:00:00,36,February_2023,24.0,24.3,1293.0,17.891035,73.660194,1293.0,0.0,24.3,24.3,Open-Meteo Historical Forecast API (best_match/GFS Seamless),Open-Meteo Historical Forecast API (SRTM 90m at snapped grid),Open-Meteo Elevation API (SRTM 90m at station coordinates),best_match,"proxy: valid_time - lead_hours (historical forecast, not original run archive)",NOAA ISD via Phase 6 expanded dataset (QC=1),0.0065
43111099999,MAHABALESHWAR,17.933,73.667,1382.0,2023-02-04T12:00:00,2023-02-03T12:00:00,24,February_2023,24.0,24.3,1293.0,17.891035,73.660194,1293.0,0.0,24.3,24.3,Open-Meteo Historical Forecast API (best_match/GFS Seamless),Open-Meteo Historical Forecast API (SRTM 90m at snapped grid),Open-Meteo Elevation API (SRTM 90m at station coordinates),best_match,"proxy: valid_time - lead_hours (historical forecast, not original run archive)",NOAA ISD via Phase 6 expanded dataset (QC=1),0.0065
43111099999,MAHABALESHWAR,17.933,73.667,1382.0,2023-02-05T12:00:00,2023-02-03T12:00:00,48,February_2023,23.6,24.3,1293.0,17.891035,73.660194,1293.0,0.0,24.3,24.3,Open-Meteo Historical Forecast API (best_match/GFS Seamless),Open-Meteo Historical Forecast API (SRTM 90m at snapped grid),Open-Meteo Elevation API (SRTM 90m at station coordinates),best_match,"proxy: valid_time - lead_hours (historical forecast, not original run archive)",NOAA ISD via Phase 6 expanded dataset (QC=1),0.0065
43111099999,MAHABALESHWAR,17.933,73.667,1382.0,2023-02-04T12:00:00,2023-02-04T00:00:00,12,February_2023,24.0,24.3,1293.0,17.891035,73.660194,1293.0,0.0,24.3,24.3,Open-Meteo Historical Forecast API (best_match/GFS Seamless),Open-Meteo Historical Forecast API (SRTM 90m at snapped grid),Open-Meteo Elevation API (SRTM 90m at station coordinates),best_match,"proxy: valid_time - lead_hours (historical forecast, not original run archive)",NOAA ISD via Phase 6 expanded dataset (QC=1),0.0065
43111099999,MAHABALESHWAR,17.933,73.667,1382.0,2023-02-05T12:00:00,2023-02-04T00:00:00,36,February_2023,23.6,24.3,1293.0,17.891035,73.660194,1293.0,0.0,24.3,24.3,Open-Meteo Historical Forecast API (best_match/GFS Seamless),Open-Meteo Historical Forecast API (SRTM 90m at snapped grid),Open-Meteo Elevation API (SRTM 90m at station coordinates),best_match,"proxy: valid_time - lead_hours (historical forecast, not original run archive)",NOAA ISD via Phase 6 expanded dataset (QC=1),0.0065
43111099999,MAHABALESHWAR,17.933,73.667,1382.0,2023-02-05T12:00:00,2023-02-04T12:00:00,24,February_2023,23.6,24.3,1293.0,17.891035,73.660194,1293.0,0.0,24.3,24.3,Open-Meteo Historical Forecast API (best_match/GFS Seamless),Open-Meteo Historical Forecast API (SRTM 90m at snapped grid),Open-Meteo Elevation API (SRTM 90m at station coordinates),best_match,"proxy: valid_time - lead_hours (historical forecast, not original run archive)",NOAA ISD via Phase 6 expanded dataset (QC=1),0.0065
43111099999,MAHABALESHWAR,17.933,73.667,1382.0,2023-02-06T12:00:00,2023-02-04T12:00:00,48,February_2023,23.6,23.2,1293.0,17.891035,73.660194,1293.0,0.0,23.2,23.2,Open-Meteo Historical Forecast API (best_match/GFS Seamless),Open-Meteo Historical Forecast API (SRTM 90m at snapped grid),Open-Meteo Elevation API (SRTM 90m at station coordinates),best_match,"proxy: valid_time - lead_hours (historical forecast, not original run archive)",NOAA ISD via Phase 6 expanded dataset (QC=1),0.0065
43111099999,MAHABALESHWAR,17.933,73.667,1382.0,2023-02-05T12:00:00,2023-02-05T00:00:00,12,February_2023,23.6,24.3,1293.0,17.891035,73.660194,1293.0,0.0,24.3,24.3,Open-Meteo Historical Forecast API (best_match/GFS Seamless),Open-Meteo Historical Forecast API (SRTM 90m at snapped grid),Open-Meteo Elevation API (SRTM 90m at station coordinates),best_match,"proxy: valid_time - lead_hours (historical forecast, not original run archive)",NOAA ISD via Phase 6 expanded dataset (QC=1),0.0065
43111099999,MAHABALESHWAR,17.933,73.667,1382.0,2023-02-06T12:00:00,2023-02-05T00:00:00,36,February_2023,23.6,23.2,1293.0,17.891035,73.660194,1293.0,0.0,23.2,23.2,Open-Meteo Historical Forecast API (best_match/GFS Seamless),Open-Meteo Historical Forecast API (SRTM 90m at snapped grid),Open-Meteo Elevation API (SRTM 90m at station coordinates),best_match,"proxy: valid_time - lead_hours (historical forecast, not original run archive)",NOAA ISD via Phase 6 expanded dataset (QC=1),0.0065
43111099999,MAHABALESHWAR,17.933,73.667,1382.0,2023-02-06T12:00:00,2023-02-05T12:00:00,24,February_2023,23.6,23.2,1293.0,17.891035,73.660194,1293.0,0.0,23.2,23.2,Open-Meteo Historical Forecast API (best_match/GFS Seamless),Open-Meteo Historical Forecast API (SRTM 90m at snapped grid),Open-Meteo Elevation API (SRTM 90m at station coordinates),best_match,"proxy: valid_time - lead_hours (historical forecast, not original run archive)",NOAA ISD via Phase 6 expanded dataset (QC=1),0.0065
43111099999,MAHABALESHWAR,17.933,73.667,1382.0,2023-02-07T12:00:00,2023-02-05T12:00:00,48,February_2023,24.0,24.5,1293.0,17.891035,73.660194,1293.0,0.0,24.5,24.5,Open-Meteo Historical Forecast API (best_match/GFS Seamless),Open-Meteo Historical Forecast API (SRTM 90m at snapped grid),Open-Meteo Elevation API (SRTM 90m at station coordinates),best_match,"proxy: valid_time - lead_hours (historical forecast, not original run archive)",NOAA ISD via Phase 6 expanded dataset (QC=1),0.0065
43111099999,MAHABALESHWAR,17.933,73.667,1382.0,2023-02-06T12:00:00,2023-02-06T00:00:00,12,February_2023,23.6,23.2,1293.0,17.891035,73.660194,1293.0,0.0,23.2,23.2,Open-Meteo Historical Forecast API (best_match/GFS Seamless),Open-Meteo Historical Forecast API (SRTM 90m at snapped grid),Open-Meteo Elevation API (SRTM 90m at station coordinates),best_match,"proxy: valid_time - lead_hours (historical forecast, not original run archive)",NOAA ISD via Phase 6 expanded dataset (QC=1),0.0065
43111099999,MAHABALESHWAR,17.933,73.667,1382.0,2023-02-07T12:00:00,2023-02-06T00:00:00,36,February_2023,24.0,24.5,1293.0,17.891035,73.660194,1293.0,0.0,24.5,24.5,Open-Meteo Historical Forecast API (best_match/GFS Seamless),Open-Meteo Historical Forecast API (SRTM 90m at snapped grid),Open-Meteo Elevation API (SRTM 90m at station coordinates),best_match,"proxy: valid_time - lead_hours (historical forecast, not original run archive)",NOAA ISD via Phase 6 expanded dataset (QC=1),0.0065
43111099999,MAHABALESHWAR,17.933,73.667,1382.0,2023-02-07T12:00:00,2023-02-06T12:00:00,24,February_2023,24.0,24.5,1293.0,17.891035,73.660194,1293.0,0.0,24.5,24.5,Open-Meteo Historical Forecast API (best_match/GFS Seamless),Open-Meteo Historical Forecast API (SRTM 90m at snapped grid),Open-Meteo Elevation API (SRTM 90m at station coordinates),best_match,"proxy: valid_time - lead_hours (historical forecast, not original run archive)",NOAA ISD via Phase 6 expanded dataset (QC=1),0.0065
43111099999,MAHABALESHWAR,17.933,73.667,1382.0,2023-02-08T12:00:00,2023-02-06T12:00:00,48,February_2023,24.6,27.1,1293.0,17.891035,73.660194,1293.0,0.0,27.1,27.1,Open-Meteo Historical Forecast API (best_match/GFS Seamless),Open-Meteo Historical Forecast API (SRTM 90m at snapped grid),Open-Meteo Elevation API (SRTM 90m at station coordinates),best_match,"proxy: valid_time - lead_hours (historical forecast, not original run archive)",NOAA ISD via Phase 6 expanded dataset (QC=1),0.0065
43111099999,MAHABALESHWAR,17.933,73.667,1382.0,2023-02-07T12:00:00,2023-02-07T00:00:00,12,February_2023,24.0,24.5,1293.0,17.891035,73.660194,1293.0,0.0,24.5,24.5,Open-Meteo Historical Forecast API (best_match/GFS Seamless),Open-Meteo Historical Forecast API (SRTM 90m at snapped grid),Open-Meteo Elevation API (SRTM 90m at station coordinates),best_match,"proxy: valid_time - lead_hours (historical forecast, not original run archive)",NOAA ISD via Phase 6 expanded dataset (QC=1),0.0065
43111099999,MAHABALESHWAR,17.933,73.667,1382.0,2023-02-08T12:00:00,2023-02-07T00:00:00,36,February_2023,24.6,27.1,1293.0,17.891035,73.660194,1293.0,0.0,27.1,27.1,Open-Meteo Historical Forecast API (best_match/GFS Seamless),Open-Meteo Historical Forecast API (SRTM 90m at snapped grid),Open-Meteo Elevation API (SRTM 90m at station coordinates),best_match,"proxy: valid_time - lead_hours (historical forecast, not original run archive)",NOAA ISD via Phase 6 expanded dataset (QC=1),0.0065
43111099999,MAHABALESHWAR,17.933,73.667,1382.0,2023-02-08T12:00:00,2023-02-07T12:00:00,24,February_2023,24.6,27.1,1293.0,17.891035,73.660194,1293.0,0.0,27.1,27.1,Open-Meteo Historical Forecast API (best_match/GFS Seamless),Open-Meteo Historical Forecast API (SRTM 90m at snapped grid),Open-Meteo Elevation API (SRTM 90m at station coordinates),best_match,"proxy: valid_time - lead_hours (historical forecast, not original run archive)",NOAA ISD via Phase 6 expanded dataset (QC=1),0.0065
43111099999,MAHABALESHWAR,17.933,73.667,1382.0,2023-02-09T12:00:00,2023-02-07T12:00:00,48,February_2023,25.0,27.2,1293.0,17.891035,73.660194,1293.0,0.0,27.2,27.2,Open-Meteo Historical Forecast API (best_match/GFS Seamless),Open-Meteo Historical Forecast API (SRTM 90m at snapped grid),Open-Meteo Elevation API (SRTM 90m at station coordinates),best_match,"proxy: valid_time - lead_hours (historical forecast, not original run archive)",NOAA ISD via Phase 6 expanded dataset (QC=1),0.0065
43111099999,MAHABALESHWAR,17.933,73.667,1382.0,2023-02-08T12:00:00,2023-02-08T00:00:00,12,February_2023,24.6,27.1,1293.0,17.891035,73.660194,1293.0,0.0,27.1,27.1,Open-Meteo Historical Forecast API (best_match/GFS Seamless),Open-Meteo Historical Forecast API (SRTM 90m at snapped grid),Open-Meteo Elevation API (SRTM 90m at station coordinates),best_match,"proxy: valid_time - lead_hours (historical forecast, not original run archive)",NOAA ISD via Phase 6 expanded dataset (QC=1),0.0065
43111099999,MAHABALESHWAR,17.933,73.667,1382.0,2023-02-09T12:00:00,2023-02-08T00:00:00,36,February_2023,25.0,27.2,1293.0,17.891035,73.660194,1293.0,0.0,27.2,27.2,Open-Meteo Historical Forecast API (best_match/GFS Seamless),Open-Meteo Historical Forecast API (SRTM 90m at snapped grid),Open-Meteo Elevation API (SRTM 90m at station coordinates),best_match,"proxy: valid_time - lead_hours (historical forecast, not original run archive)",NOAA ISD via Phase 6 expanded dataset (QC=1),0.0065
43111099999,MAHABALESHWAR,17.933,73.667,1382.0,2023-02-09T12:00:00,2023-02-08T12:00:00,24,February_2023,25.0,27.2,1293.0,17.891035,73.660194,1293.0,0.0,27.2,27.2,Open-Meteo Historical Forecast API (best_match/GFS Seamless),Open-Meteo Historical Forecast API (SRTM 90m at snapped grid),Open-Meteo Elevation API (SRTM 90m at station coordinates),best_match,"proxy: valid_time - lead_hours (historical forecast, not original run archive)",NOAA ISD via Phase 6 expanded dataset (QC=1),0.0065
43111099999,MAHABALESHWAR,17.933,73.667,1382.0,2023-02-10T12:00:00,2023-02-08T12:00:00,48,February_2023,25.2,26.9,1293.0,17.891035,73.660194,1293.0,0.0,26.9,26.9,Open-Meteo Historical Forecast API (best_match/GFS Seamless),Open-Meteo Historical Forecast API (SRTM 90m at snapped grid),Open-Meteo Elevation API (SRTM 90m at station coordinates),best_match,"proxy: valid_time - lead_hours (historical forecast, not original run archive)",NOAA ISD via Phase 6 expanded dataset (QC=1),0.0065
43111099999,MAHABALESHWAR,17.933,73.667,1382.0,2023-02-09T12:00:00,2023-02-09T00:00:00,12,February_2023,25.0,27.2,1293.0,17.891035,73.660194,1293.0,0.0,27.2,27.2,Open-Meteo Historical Forecast API (best_match/GFS Seamless),Open-Meteo Historical Forecast API (SRTM 90m at snapped grid),Open-Meteo Elevation API (SRTM 90m at station coordinates),best_match,"proxy: valid_time - lead_hours (historical forecast, not original run archive)",NOAA ISD via Phase 6 expanded dataset (QC=1),0.0065
43111099999,MAHABALESHWAR,17.933,73.667,1382.0,2023-02-10T12:00:00,2023-02-09T00:00:00,36,February_2023,25.2,26.9,1293.0,17.891035,73.660194,1293.0,0.0,26.9,26.9,Open-Meteo Historical Forecast API (best_match/GFS Seamless),Open-Meteo Historical Forecast API (SRTM 90m at snapped grid),Open-Meteo Elevation API (SRTM 90m at station coordinates),best_match,"proxy: valid_time - lead_hours (historical forecast, not original run archive)",NOAA ISD via Phase 6 expanded dataset (QC=1),0.0065
43111099999,MAHABALESHWAR,17.933,73.667,1382.0,2023-02-10T12:00:00,2023-02-09T12:00:00,24,February_2023,25.2,26.9,1293.0,17.891035,73.660194,1293.0,0.0,26.9,26.9,Open-Meteo Historical Forecast API (best_match/GFS Seamless),Open-Meteo Historical Forecast API (SRTM 90m at snapped grid),Open-Meteo Elevation API (SRTM 90m at station coordinates),best_match,"proxy: valid_time - lead_hours (historical forecast, not original run archive)",NOAA ISD via Phase 6 expanded dataset (QC=1),0.0065
43111099999,MAHABALESHWAR,17.933,73.667,1382.0,2023-02-10T12:00:00,2023-02-10T00:00:00,12,February_2023,25.2,26.9,1293.0,17.891035,73.660194,1293.0,0.0,26.9,26.9,Open-Meteo Historical Forecast API (best_match/GFS Seamless),Open-Meteo Historical Forecast API (SRTM 90m at snapped grid),Open-Meteo Elevation API (SRTM 90m at station coordinates),best_match,"proxy: valid_time - lead_hours (historical forecast, not original run archive)",NOAA ISD via Phase 6 expanded dataset (QC=1),0.0065
43111099999,MAHABALESHWAR,17.933,73.667,1382.0,2023-08-01T12:00:00,2023-08-01T00:00:00,12,August_2023,19.0,17.7,1293.0,17.891035,73.660194,1293.0,0.0,17.7,17.7,Open-Meteo Historical Forecast API (best_match/GFS Seamless),Open-Meteo Historical Forecast API (SRTM 90m at snapped grid),Open-Meteo Elevation API (SRTM 90m at station coordinates),best_match,"proxy: valid_time - lead_hours (historical forecast, not original run archive)",NOAA ISD via Phase 6 expanded dataset (QC=1),0.0065
43111099999,MAHABALESHWAR,17.933,73.667,1382.0,2023-08-02T12:00:00,2023-08-01T00:00:00,36,August_2023,18.6,17.3,1293.0,17.891035,73.660194,1293.0,0.0,17.3,17.3,Open-Meteo Historical Forecast API (best_match/GFS Seamless),Open-Meteo Historical Forecast API (SRTM 90m at snapped grid),Open-Meteo Elevation API (SRTM 90m at station coordinates),best_match,"proxy: valid_time - lead_hours (historical forecast, not original run archive)",NOAA ISD via Phase 6 expanded dataset (QC=1),0.0065
43111099999,MAHABALESHWAR,17.933,73.667,1382.0,2023-08-02T12:00:00,2023-08-01T12:00:00,24,August_2023,18.6,17.3,1293.0,17.891035,73.660194,1293.0,0.0,17.3,17.3,Open-Meteo Historical Forecast API (best_match/GFS Seamless),Open-Meteo Historical Forecast API (SRTM 90m at snapped grid),Open-Meteo Elevation API (SRTM 90m at station coordinates),best_match,"proxy: valid_time - lead_hours (historical forecast, not original run archive)",NOAA ISD via Phase 6 expanded dataset (QC=1),0.0065
43111099999,MAHABALESHWAR,17.933,73.667,1382.0,2023-08-03T12:00:00,2023-08-01T12:00:00,48,August_2023,18.8,17.1,1293.0,17.891035,73.660194,1293.0,0.0,17.1,17.1,Open-Meteo Historical Forecast API (best_match/GFS Seamless),Open-Meteo Historical Forecast API (SRTM 90m at snapped grid),Open-Meteo Elevation API (SRTM 90m at station coordinates),best_match,"proxy: valid_time - lead_hours (historical forecast, not original run archive)",NOAA ISD via Phase 6 expanded dataset (QC=1),0.0065
43111099999,MAHABALESHWAR,17.933,73.667,1382.0,2023-08-02T12:00:00,2023-08-02T00:00:00,12,August_2023,18.6,17.3,1293.0,17.891035,73.660194,1293.0,0.0,17.3,17.3,Open-Meteo Historical Forecast API (best_match/GFS Seamless),Open-Meteo Historical Forecast API (SRTM 90m at snapped grid),Open-Meteo Elevation API (SRTM 90m at station coordinates),best_match,"proxy: valid_time - lead_hours (historical forecast, not original run archive)",NOAA ISD via Phase 6 expanded dataset (QC=1),0.0065
43111099999,MAHABALESHWAR,17.933,73.667,1382.0,2023-08-03T12:00:00,2023-08-02T00:00:00,36,August_2023,18.8,17.1,1293.0,17.891035,73.660194,1293.0,0.0,17.1,17.1,Open-Meteo Historical Forecast API (best_match/GFS Seamless),Open-Meteo Historical Forecast API (SRTM 90m at snapped grid),Open-Meteo Elevation API (SRTM 90m at station coordinates),best_match,"proxy: valid_time - lead_hours (historical forecast, not original run archive)",NOAA ISD via Phase 6 expanded dataset (QC=1),0.0065
43111099999,MAHABALESHWAR,17.933,73.667,1382.0,2023-08-03T12:00:00,2023-08-02T12:00:00,24,August_2023,18.8,17.1,1293.0,17.891035,73.660194,1293.0,0.0,17.1,17.1,Open-Meteo Historical Forecast API (best_match/GFS Seamless),Open-Meteo Historical Forecast API (SRTM 90m at snapped grid),Open-Meteo Elevation API (SRTM 90m at station coordinates),best_match,"proxy: valid_time - lead_hours (historical forecast, not original run archive)",NOAA ISD via Phase 6 expanded dataset (QC=1),0.0065
43111099999,MAHABALESHWAR,17.933,73.667,1382.0,2023-08-04T12:00:00,2023-08-02T12:00:00,48,August_2023,19.0,17.5,1293.0,17.891035,73.660194,1293.0,0.0,17.5,17.5,Open-Meteo Historical Forecast API (best_match/GFS Seamless),Open-Meteo Historical Forecast API (SRTM 90m at snapped grid),Open-Meteo Elevation API (SRTM 90m at station coordinates),best_match,"proxy: valid_time - lead_hours (historical forecast, not original run archive)",NOAA ISD via Phase 6 expanded dataset (QC=1),0.0065
43111099999,MAHABALESHWAR,17.933,73.667,1382.0,2023-08-03T12:00:00,2023-08-03T00:00:00,12,August_2023,18.8,17.1,1293.0,17.891035,73.660194,1293.0,0.0,17.1,17.1,Open-Meteo Historical Forecast API (best_match/GFS Seamless),Open-Meteo Historical Forecast API (SRTM 90m at snapped grid),Open-Meteo Elevation API (SRTM 90m at station coordinates),best_match,"proxy: valid_time - lead_hours (historical forecast, not original run archive)",NOAA ISD via Phase 6 expanded dataset (QC=1),0.0065
43111099999,MAHABALESHWAR,17.933,73.667,1382.0,2023-08-04T12:00:00,2023-08-03T00:00:00,36,August_2023,19.0,17.5,1293.0,17.891035,73.660194,1293.0,0.0,17.5,17.5,Open-Meteo Historical Forecast API (best_match/GFS Seamless),Open-Meteo Historical Forecast API (SRTM 90m at snapped grid),Open-Meteo Elevation API (SRTM 90m at station coordinates),best_match,"proxy: valid_time - lead_hours (historical forecast, not original run archive)",NOAA ISD via Phase 6 expanded dataset (QC=1),0.0065
43111099999,MAHABALESHWAR,17.933,73.667,1382.0,2023-08-04T12:00:00,2023-08-03T12:00:00,24,August_2023,19.0,17.5,1293.0,17.891035,73.660194,1293.0,0.0,17.5,17.5,Open-Meteo Historical Forecast API (best_match/GFS Seamless),Open-Meteo Historical Forecast API (SRTM 90m at snapped grid),Open-Meteo Elevation API (SRTM 90m at station coordinates),best_match,"proxy: valid_time - lead_hours (historical forecast, not original run archive)",NOAA ISD via Phase 6 expanded dataset (QC=1),0.0065
43111099999,MAHABALESHWAR,17.933,73.667,1382.0,2023-08-05T12:00:00,2023-08-03T12:00:00,48,August_2023,19.0,17.7,1293.0,17.891035,73.660194,1293.0,0.0,17.7,17.7,Open-Meteo Historical Forecast API (best_match/GFS Seamless),Open-Meteo Historical Forecast API (SRTM 90m at snapped grid),Open-Meteo Elevation API (SRTM 90m at station coordinates),best_match,"proxy: valid_time - lead_hours (historical forecast, not original run archive)",NOAA ISD via Phase 6 expanded dataset (QC=1),0.0065
43111099999,MAHABALESHWAR,17.933,73.667,1382.0,2023-08-04T12:00:00,2023-08-04T00:00:00,12,August_2023,19.0,17.5,1293.0,17.891035,73.660194,1293.0,0.0,17.5,17.5,Open-Meteo Historical Forecast API (best_match/GFS Seamless),Open-Meteo Historical Forecast API (SRTM 90m at snapped grid),Open-Meteo Elevation API (SRTM 90m at station coordinates),best_match,"proxy: valid_time - lead_hours (historical forecast, not original run archive)",NOAA ISD via Phase 6 expanded dataset (QC=1),0.0065
43111099999,MAHABALESHWAR,17.933,73.667,1382.0,2023-08-05T12:00:00,2023-08-04T00:00:00,36,August_2023,19.0,17.7,1293.0,17.891035,73.660194,1293.0,0.0,17.7,17.7,Open-Meteo Historical Forecast API (best_match/GFS Seamless),Open-Meteo Historical Forecast API (SRTM 90m at snapped grid),Open-Meteo Elevation API (SRTM 90m at station coordinates),best_match,"proxy: valid_time - lead_hours (historical forecast, not original run archive)",NOAA ISD via Phase 6 expanded dataset (QC=1),0.0065
43111099999,MAHABALESHWAR,17.933,73.667,1382.0,2023-08-05T12:00:00,2023-08-04T12:00:00,24,August_2023,19.0,17.7,1293.0,17.891035,73.660194,1293.0,0.0,17.7,17.7,Open-Meteo Historical Forecast API (best_match/GFS Seamless),Open-Meteo Historical Forecast API (SRTM 90m at snapped grid),Open-Meteo Elevation API (SRTM 90m at station coordinates),best_match,"proxy: valid_time - lead_hours (historical forecast, not original run archive)",NOAA ISD via Phase 6 expanded dataset (QC=1),0.0065
43111099999,MAHABALESHWAR,17.933,73.667,1382.0,2023-08-06T12:00:00,2023-08-04T12:00:00,48,August_2023,18.8,17.4,1293.0,17.891035,73.660194,1293.0,0.0,17.4,17.4,Open-Meteo Historical Forecast API (best_match/GFS Seamless),Open-Meteo Historical Forecast API (SRTM 90m at snapped grid),Open-Meteo Elevation API (SRTM 90m at station coordinates),best_match,"proxy: valid_time - lead_hours (historical forecast, not original run archive)",NOAA ISD via Phase 6 expanded dataset (QC=1),0.0065
43111099999,MAHABALESHWAR,17.933,73.667,1382.0,2023-08-05T12:00:00,2023-08-05T00:00:00,12,August_2023,19.0,17.7,1293.0,17.891035,73.660194,1293.0,0.0,17.7,17.7,Open-Meteo Historical Forecast API (best_match/GFS Seamless),Open-Meteo Historical Forecast API (SRTM 90m at snapped grid),Open-Meteo Elevation API (SRTM 90m at station coordinates),best_match,"proxy: valid_time - lead_hours (historical forecast, not original run archive)",NOAA ISD via Phase 6 expanded dataset (QC=1),0.0065
43111099999,MAHABALESHWAR,17.933,73.667,1382.0,2023-08-06T12:00:00,2023-08-05T00:00:00,36,August_2023,18.8,17.4,1293.0,17.891035,73.660194,1293.0,0.0,17.4,17.4,Open-Meteo Historical Forecast API (best_match/GFS Seamless),Open-Meteo Historical Forecast API (SRTM 90m at snapped grid),Open-Meteo Elevation API (SRTM 90m at station coordinates),best_match,"proxy: valid_time - lead_hours (historical forecast, not original run archive)",NOAA ISD via Phase 6 expanded dataset (QC=1),0.0065
43111099999,MAHABALESHWAR,17.933,73.667,1382.0,2023-08-06T12:00:00,2023-08-05T12:00:00,24,August_2023,18.8,17.4,1293.0,17.891035,73.660194,1293.0,0.0,17.4,17.4,Open-Meteo Historical Forecast API (best_match/GFS Seamless),Open-Meteo Historical Forecast API (SRTM 90m at snapped grid),Open-Meteo Elevation API (SRTM 90m at station coordinates),best_match,"proxy: valid_time - lead_hours (historical forecast, not original run archive)",NOAA ISD via Phase 6 expanded dataset (QC=1),0.0065
43111099999,MAHABALESHWAR,17.933,73.667,1382.0,2023-08-07T12:00:00,2023-08-05T12:00:00,48,August_2023,18.6,18.5,1293.0,17.891035,73.660194,1293.0,0.0,18.5,18.5,Open-Meteo Historical Forecast API (best_match/GFS Seamless),Open-Meteo Historical Forecast API (SRTM 90m at snapped grid),Open-Meteo Elevation API (SRTM 90m at station coordinates),best_match,"proxy: valid_time - lead_hours (historical forecast, not original run archive)",NOAA ISD via Phase 6 expanded dataset (QC=1),0.0065
43111099999,MAHABALESHWAR,17.933,73.667,1382.0,2023-08-06T12:00:00,2023-08-06T00:00:00,12,August_2023,18.8,17.4,1293.0,17.891035,73.660194,1293.0,0.0,17.4,17.4,Open-Meteo Historical Forecast API (best_match/GFS Seamless),Open-Meteo Historical Forecast API (SRTM 90m at snapped grid),Open-Meteo Elevation API (SRTM 90m at station coordinates),best_match,"proxy: valid_time - lead_hours (historical forecast, not original run archive)",NOAA ISD via Phase 6 expanded dataset (QC=1),0.0065
43111099999,MAHABALESHWAR,17.933,73.667,1382.0,2023-08-07T12:00:00,2023-08-06T00:00:00,36,August_2023,18.6,18.5,1293.0,17.891035,73.660194,1293.0,0.0,18.5,18.5,Open-Meteo Historical Forecast API (best_match/GFS Seamless),Open-Meteo Historical Forecast API (SRTM 90m at snapped grid),Open-Meteo Elevation API (SRTM 90m at station coordinates),best_match,"proxy: valid_time - lead_hours (historical forecast, not original run archive)",NOAA ISD via Phase 6 expanded dataset (QC=1),0.0065
43111099999,MAHABALESHWAR,17.933,73.667,1382.0,2023-08-07T12:00:00,2023-08-06T12:00:00,24,August_2023,18.6,18.5,1293.0,17.891035,73.660194,1293.0,0.0,18.5,18.5,Open-Meteo Historical Forecast API (best_match/GFS Seamless),Open-Meteo Historical Forecast API (SRTM 90m at snapped grid),Open-Meteo Elevation API (SRTM 90m at station coordinates),best_match,"proxy: valid_time - lead_hours (historical forecast, not original run archive)",NOAA ISD via Phase 6 expanded dataset (QC=1),0.0065
43111099999,MAHABALESHWAR,17.933,73.667,1382.0,2023-08-08T12:00:00,2023-08-06T12:00:00,48,August_2023,18.8,18.7,1293.0,17.891035,73.660194,1293.0,0.0,18.7,18.7,Open-Meteo Historical Forecast API (best_match/GFS Seamless),Open-Meteo Historical Forecast API (SRTM 90m at snapped grid),Open-Meteo Elevation API (SRTM 90m at station coordinates),best_match,"proxy: valid_time - lead_hours (historical forecast, not original run archive)",NOAA ISD via Phase 6 expanded dataset (QC=1),0.0065
43111099999,MAHABALESHWAR,17.933,73.667,1382.0,2023-08-07T12:00:00,2023-08-07T00:00:00,12,August_2023,18.6,18.5,1293.0,17.891035,73.660194,1293.0,0.0,18.5,18.5,Open-Meteo Historical Forecast API (best_match/GFS Seamless),Open-Meteo Historical Forecast API (SRTM 90m at snapped grid),Open-Meteo Elevation API (SRTM 90m at station coordinates),best_match,"proxy: valid_time - lead_hours (historical forecast, not original run archive)",NOAA ISD via Phase 6 expanded dataset (QC=1),0.0065
43111099999,MAHABALESHWAR,17.933,73.667,1382.0,2023-08-08T12:00:00,2023-08-07T00:00:00,36,August_2023,18.8,18.7,1293.0,17.891035,73.660194,1293.0,0.0,18.7,18.7,Open-Meteo Historical Forecast API (best_match/GFS Seamless),Open-Meteo Historical Forecast API (SRTM 90m at snapped grid),Open-Meteo Elevation API (SRTM 90m at station coordinates),best_match,"proxy: valid_time - lead_hours (historical forecast, not original run archive)",NOAA ISD via Phase 6 expanded dataset (QC=1),0.0065
43111099999,MAHABALESHWAR,17.933,73.667,1382.0,2023-08-08T12:00:00,2023-08-07T12:00:00,24,August_2023,18.8,18.7,1293.0,17.891035,73.660194,1293.0,0.0,18.7,18.7,Open-Meteo Historical Forecast API (best_match/GFS Seamless),Open-Meteo Historical Forecast API (SRTM 90m at snapped grid),Open-Meteo Elevation API (SRTM 90m at station coordinates),best_match,"proxy: valid_time - lead_hours (historical forecast, not original run archive)",NOAA ISD via Phase 6 expanded dataset (QC=1),0.0065
43111099999,MAHABALESHWAR,17.933,73.667,1382.0,2023-08-09T12:00:00,2023-08-07T12:00:00,48,August_2023,18.8,19.0,1293.0,17.891035,73.660194,1293.0,0.0,19.0,19.0,Open-Meteo Historical Forecast API (best_match/GFS Seamless),Open-Meteo Historical Forecast API (SRTM 90m at snapped grid),Open-Meteo Elevation API (SRTM 90m at station coordinates),best_match,"proxy: valid_time - lead_hours (historical forecast, not original run archive)",NOAA ISD via Phase 6 expanded dataset (QC=1),0.0065
43111099999,MAHABALESHWAR,17.933,73.667,1382.0,2023-08-08T12:00:00,2023-08-08T00:00:00,12,August_2023,18.8,18.7,1293.0,17.891035,73.660194,1293.0,0.0,18.7,18.7,Open-Meteo Historical Forecast API (best_match/GFS Seamless),Open-Meteo Historical Forecast API (SRTM 90m at snapped grid),Open-Meteo Elevation API (SRTM 90m at station coordinates),best_match,"proxy: valid_time - lead_hours (historical forecast, not original run archive)",NOAA ISD via Phase 6 expanded dataset (QC=1),0.0065
43111099999,MAHABALESHWAR,17.933,73.667,1382.0,2023-08-09T12:00:00,2023-08-08T00:00:00,36,August_2023,18.8,19.0,1293.0,17.891035,73.660194,1293.0,0.0,19.0,19.0,Open-Meteo Historical Forecast API (best_match/GFS Seamless),Open-Meteo Historical Forecast API (SRTM 90m at snapped grid),Open-Meteo Elevation API (SRTM 90m at station coordinates),best_match,"proxy: valid_time - lead_hours (historical forecast, not original run archive)",NOAA ISD via Phase 6 expanded dataset (QC=1),0.0065
43111099999,MAHABALESHWAR,17.933,73.667,1382.0,2023-08-09T12:00:00,2023-08-08T12:00:00,24,August_2023,18.8,19.0,1293.0,17.891035,73.660194,1293.0,0.0,19.0,19.0,Open-Meteo Historical Forecast API (best_match/GFS Seamless),Open-Meteo Historical Forecast API (SRTM 90m at snapped grid),Open-Meteo Elevation API (SRTM 90m at station coordinates),best_match,"proxy: valid_time - lead_hours (historical forecast, not original run archive)",NOAA ISD via Phase 6 expanded dataset (QC=1),0.0065
43111099999,MAHABALESHWAR,17.933,73.667,1382.0,2023-08-10T12:00:00,2023-08-08T12:00:00,48,August_2023,18.6,18.9,1293.0,17.891035,73.660194,1293.0,0.0,18.9,18.9,Open-Meteo Historical Forecast API (best_match/GFS Seamless),Open-Meteo Historical Forecast API (SRTM 90m at snapped grid),Open-Meteo Elevation API (SRTM 90m at station coordinates),best_match,"proxy: valid_time - lead_hours (historical forecast, not original run archive)",NOAA ISD via Phase 6 expanded dataset (QC=1),0.0065
43111099999,MAHABALESHWAR,17.933,73.667,1382.0,2023-08-09T12:00:00,2023-08-09T00:00:00,12,August_2023,18.8,19.0,1293.0,17.891035,73.660194,1293.0,0.0,19.0,19.0,Open-Meteo Historical Forecast API (best_match/GFS Seamless),Open-Meteo Historical Forecast API (SRTM 90m at snapped grid),Open-Meteo Elevation API (SRTM 90m at station coordinates),best_match,"proxy: valid_time - lead_hours (historical forecast, not original run archive)",NOAA ISD via Phase 6 expanded dataset (QC=1),0.0065
43111099999,MAHABALESHWAR,17.933,73.667,1382.0,2023-08-10T12:00:00,2023-08-09T00:00:00,36,August_2023,18.6,18.9,1293.0,17.891035,73.660194,1293.0,0.0,18.9,18.9,Open-Meteo Historical Forecast API (best_match/GFS Seamless),Open-Meteo Historical Forecast API (SRTM 90m at snapped grid),Open-Meteo Elevation API (SRTM 90m at station coordinates),best_match,"proxy: valid_time - lead_hours (historical forecast, not original run archive)",NOAA ISD via Phase 6 expanded dataset (QC=1),0.0065
43111099999,MAHABALESHWAR,17.933,73.667,1382.0,2023-08-10T12:00:00,2023-08-09T12:00:00,24,August_2023,18.6,18.9,1293.0,17.891035,73.660194,1293.0,0.0,18.9,18.9,Open-Meteo Historical Forecast API (best_match/GFS Seamless),Open-Meteo Historical Forecast API (SRTM 90m at snapped grid),Open-Meteo Elevation API (SRTM 90m at station coordinates),best_match,"proxy: valid_time - lead_hours (historical forecast, not original run archive)",NOAA ISD via Phase 6 expanded dataset (QC=1),0.0065
43111099999,MAHABALESHWAR,17.933,73.667,1382.0,2023-08-10T12:00:00,2023-08-10T00:00:00,12,August_2023,18.6,18.9,1293.0,17.891035,73.660194,1293.0,0.0,18.9,18.9,Open-Meteo Historical Forecast API (best_match/GFS Seamless),Open-Meteo Historical Forecast API (SRTM 90m at snapped grid),Open-Meteo Elevation API (SRTM 90m at station coordinates),best_match,"proxy: valid_time - lead_hours (historical forecast, not original run archive)",NOAA ISD via Phase 6 expanded dataset (QC=1),0.0065
43113099999,SATARA,17.517,74.05,612.0,2023-02-01T12:00:00,2023-02-01T00:00:00,12,February_2023,27.4,26.9,641.0,17.539541,74.08696,641.0,0.0,26.9,26.9,Open-Meteo Historical Forecast API (best_match/GFS Seamless),Open-Meteo Historical Forecast API (SRTM 90m at snapped grid),Open-Meteo Elevation API (SRTM 90m at station coordinates),best_match,"proxy: valid_time - lead_hours (historical forecast, not original run archive)",NOAA ISD via Phase 6 expanded dataset (QC=1),0.0065
43113099999,SATARA,17.517,74.05,612.0,2023-02-02T12:00:00,2023-02-01T00:00:00,36,February_2023,28.4,28.1,641.0,17.539541,74.08696,641.0,0.0,28.1,28.1,Open-Meteo Historical Forecast API (best_match/GFS Seamless),Open-Meteo Historical Forecast API (SRTM 90m at snapped grid),Open-Meteo Elevation API (SRTM 90m at station coordinates),best_match,"proxy: valid_time - lead_hours (historical forecast, not original run archive)",NOAA ISD via Phase 6 expanded dataset (QC=1),0.0065
43113099999,SATARA,17.517,74.05,612.0,2023-02-02T12:00:00,2023-02-01T12:00:00,24,February_2023,28.4,28.1,641.0,17.539541,74.08696,641.0,0.0,28.1,28.1,Open-Meteo Historical Forecast API (best_match/GFS Seamless),Open-Meteo Historical Forecast API (SRTM 90m at snapped grid),Open-Meteo Elevation API (SRTM 90m at station coordinates),best_match,"proxy: valid_time - lead_hours (historical forecast, not original run archive)",NOAA ISD via Phase 6 expanded dataset (QC=1),0.0065
43113099999,SATARA,17.517,74.05,612.0,2023-02-03T12:00:00,2023-02-01T12:00:00,48,February_2023,29.0,28.6,641.0,17.539541,74.08696,641.0,0.0,28.6,28.6,Open-Meteo Historical Forecast API (best_match/GFS Seamless),Open-Meteo Historical Forecast API (SRTM 90m at snapped grid),Open-Meteo Elevation API (SRTM 90m at station coordinates),best_match,"proxy: valid_time - lead_hours (historical forecast, not original run archive)",NOAA ISD via Phase 6 expanded dataset (QC=1),0.0065
43113099999,SATARA,17.517,74.05,612.0,2023-02-02T12:00:00,2023-02-02T00:00:00,12,February_2023,28.4,28.1,641.0,17.539541,74.08696,641.0,0.0,28.1,28.1,Open-Meteo Historical Forecast API (best_match/GFS Seamless),Open-Meteo Historical Forecast API (SRTM 90m at snapped grid),Open-Meteo Elevation API (SRTM 90m at station coordinates),best_match,"proxy: valid_time - lead_hours (historical forecast, not original run archive)",NOAA ISD via Phase 6 expanded dataset (QC=1),0.0065
43113099999,SATARA,17.517,74.05,612.0,2023-02-03T12:00:00,2023-02-02T00:00:00,36,February_2023,29.0,28.6,641.0,17.539541,74.08696,641.0,0.0,28.6,28.6,Open-Meteo Historical Forecast API (best_match/GFS Seamless),Open-Meteo Historical Forecast API (SRTM 90m at snapped grid),Open-Meteo Elevation API (SRTM 90m at station coordinates),best_match,"proxy: valid_time - lead_hours (historical forecast, not original run archive)",NOAA ISD via Phase 6 expanded dataset (QC=1),0.0065
43113099999,SATARA,17.517,74.05,612.0,2023-02-03T12:00:00,2023-02-02T12:00:00,24,February_2023,29.0,28.6,641.0,17.539541,74.08696,641.0,0.0,28.6,28.6,Open-Meteo Historical Forecast API (best_match/GFS Seamless),Open-Meteo Historical Forecast API (SRTM 90m at snapped grid),Open-Meteo Elevation API (SRTM 90m at station coordinates),best_match,"proxy: valid_time - lead_hours (historical forecast, not original run archive)",NOAA ISD via Phase 6 expanded dataset (QC=1),0.0065
43113099999,SATARA,17.517,74.05,612.0,2023-02-04T12:00:00,2023-02-02T12:00:00,48,February_2023,30.4,29.0,641.0,17.539541,74.08696,641.0,0.0,29.0,29.0,Open-Meteo Historical Forecast API (best_match/GFS Seamless),Open-Meteo Historical Forecast API (SRTM 90m at snapped grid),Open-Meteo Elevation API (SRTM 90m at station coordinates),best_match,"proxy: valid_time - lead_hours (historical forecast, not original run archive)",NOAA ISD via Phase 6 expanded dataset (QC=1),0.0065
43113099999,SATARA,17.517,74.05,612.0,2023-02-03T12:00:00,2023-02-03T00:00:00,12,February_2023,29.0,28.6,641.0,17.539541,74.08696,641.0,0.0,28.6,28.6,Open-Meteo Historical Forecast API (best_match/GFS Seamless),Open-Meteo Historical Forecast API (SRTM 90m at snapped grid),Open-Meteo Elevation API (SRTM 90m at station coordinates),best_match,"proxy: valid_time - lead_hours (historical forecast, not original run archive)",NOAA ISD via Phase 6 expanded dataset (QC=1),0.0065
43113099999,SATARA,17.517,74.05,612.0,2023-02-04T12:00:00,2023-02-03T00:00:00,36,February_2023,30.4,29.0,641.0,17.539541,74.08696,641.0,0.0,29.0,29.0,Open-Meteo Historical Forecast API (best_match/GFS Seamless),Open-Meteo Historical Forecast API (SRTM 90m at snapped grid),Open-Meteo Elevation API (SRTM 90m at station coordinates),best_match,"proxy: valid_time - lead_hours (historical forecast, not original run archive)",NOAA ISD via Phase 6 expanded dataset (QC=1),0.0065
43113099999,SATARA,17.517,74.05,612.0,2023-02-04T12:00:00,2023-02-03T12:00:00,24,February_2023,30.4,29.0,641.0,17.539541,74.08696,641.0,0.0,29.0,29.0,Open-Meteo Historical Forecast API (best_match/GFS Seamless),Open-Meteo Historical Forecast API (SRTM 90m at snapped grid),Open-Meteo Elevation API (SRTM 90m at station coordinates),best_match,"proxy: valid_time - lead_hours (historical forecast, not original run archive)",NOAA ISD via Phase 6 expanded dataset (QC=1),0.0065
43113099999,SATARA,17.517,74.05,612.0,2023-02-05T12:00:00,2023-02-03T12:00:00,48,February_2023,30.6,28.7,641.0,17.539541,74.08696,641.0,0.0,28.7,28.7,Open-Meteo Historical Forecast API (best_match/GFS Seamless),Open-Meteo Historical Forecast API (SRTM 90m at snapped grid),Open-Meteo Elevation API (SRTM 90m at station coordinates),best_match,"proxy: valid_time - lead_hours (historical forecast, not original run archive)",NOAA ISD via Phase 6 expanded dataset (QC=1),0.0065
43113099999,SATARA,17.517,74.05,612.0,2023-02-04T12:00:00,2023-02-04T00:00:00,12,February_2023,30.4,29.0,641.0,17.539541,74.08696,641.0,0.0,29.0,29.0,Open-Meteo Historical Forecast API (best_match/GFS Seamless),Open-Meteo Historical Forecast API (SRTM 90m at snapped grid),Open-Meteo Elevation API (SRTM 90m at station coordinates),best_match,"proxy: valid_time - lead_hours (historical forecast, not original run archive)",NOAA ISD via Phase 6 expanded dataset (QC=1),0.0065
43113099999,SATARA,17.517,74.05,612.0,2023-02-05T12:00:00,2023-02-04T00:00:00,36,February_2023,30.6,28.7,641.0,17.539541,74.08696,641.0,0.0,28.7,28.7,Open-Meteo Historical Forecast API (best_match/GFS Seamless),Open-Meteo Historical Forecast API (SRTM 90m at snapped grid),Open-Meteo Elevation API (SRTM 90m at station coordinates),best_match,"proxy: valid_time - lead_hours (historical forecast, not original run archive)",NOAA ISD via Phase 6 expanded dataset (QC=1),0.0065
43113099999,SATARA,17.517,74.05,612.0,2023-02-05T12:00:00,2023-02-04T12:00:00,24,February_2023,30.6,28.7,641.0,17.539541,74.08696,641.0,0.0,28.7,28.7,Open-Meteo Historical Forecast API (best_match/GFS Seamless),Open-Meteo Historical Forecast API (SRTM 90m at snapped grid),Open-Meteo Elevation API (SRTM 90m at station coordinates),best_match,"proxy: valid_time - lead_hours (historical forecast, not original run archive)",NOAA ISD via Phase 6 expanded dataset (QC=1),0.0065
43113099999,SATARA,17.517,74.05,612.0,2023-02-06T12:00:00,2023-02-04T12:00:00,48,February_2023,30.2,30.4,641.0,17.539541,74.08696,641.0,0.0,30.4,30.4,Open-Meteo Historical Forecast API (best_match/GFS Seamless),Open-Meteo Historical Forecast API (SRTM 90m at snapped grid),Open-Meteo Elevation API (SRTM 90m at station coordinates),best_match,"proxy: valid_time - lead_hours (historical forecast, not original run archive)",NOAA ISD via Phase 6 expanded dataset (QC=1),0.0065
43113099999,SATARA,17.517,74.05,612.0,2023-02-05T12:00:00,2023-02-05T00:00:00,12,February_2023,30.6,28.7,641.0,17.539541,74.08696,641.0,0.0,28.7,28.7,Open-Meteo Historical Forecast API (best_match/GFS Seamless),Open-Meteo Historical Forecast API (SRTM 90m at snapped grid),Open-Meteo Elevation API (SRTM 90m at station coordinates),best_match,"proxy: valid_time - lead_hours (historical forecast, not original run archive)",NOAA ISD via Phase 6 expanded dataset (QC=1),0.0065
43113099999,SATARA,17.517,74.05,612.0,2023-02-06T12:00:00,2023-02-05T00:00:00,36,February_2023,30.2,30.4,641.0,17.539541,74.08696,641.0,0.0,30.4,30.4,Open-Meteo Historical Forecast API (best_match/GFS Seamless),Open-Meteo Historical Forecast API (SRTM 90m at snapped grid),Open-Meteo Elevation API (SRTM 90m at station coordinates),best_match,"proxy: valid_time - lead_hours (historical forecast, not original run archive)",NOAA ISD via Phase 6 expanded dataset (QC=1),0.0065
43113099999,SATARA,17.517,74.05,612.0,2023-02-06T12:00:00,2023-02-05T12:00:00,24,February_2023,30.2,30.4,641.0,17.539541,74.08696,641.0,0.0,30.4,30.4,Open-Meteo Historical Forecast API (best_match/GFS Seamless),Open-Meteo Historical Forecast API (SRTM 90m at snapped grid),Open-Meteo Elevation API (SRTM 90m at station coordinates),best_match,"proxy: valid_time - lead_hours (historical forecast, not original run archive)",NOAA ISD via Phase 6 expanded dataset (QC=1),0.0065
43113099999,SATARA,17.517,74.05,612.0,2023-02-07T12:00:00,2023-02-05T12:00:00,48,February_2023,30.4,30.4,641.0,17.539541,74.08696,641.0,0.0,30.4,30.4,Open-Meteo Historical Forecast API (best_match/GFS Seamless),Open-Meteo Historical Forecast API (SRTM 90m at snapped grid),Open-Meteo Elevation API (SRTM 90m at station coordinates),best_match,"proxy: valid_time - lead_hours (historical forecast, not original run archive)",NOAA ISD via Phase 6 expanded dataset (QC=1),0.0065
43113099999,SATARA,17.517,74.05,612.0,2023-02-06T12:00:00,2023-02-06T00:00:00,12,February_2023,30.2,30.4,641.0,17.539541,74.08696,641.0,0.0,30.4,30.4,Open-Meteo Historical Forecast API (best_match/GFS Seamless),Open-Meteo Historical Forecast API (SRTM 90m at snapped grid),Open-Meteo Elevation API (SRTM 90m at station coordinates),best_match,"proxy: valid_time - lead_hours (historical forecast, not original run archive)",NOAA ISD via Phase 6 expanded dataset (QC=1),0.0065
43113099999,SATARA,17.517,74.05,612.0,2023-02-07T12:00:00,2023-02-06T00:00:00,36,February_2023,30.4,30.4,641.0,17.539541,74.08696,641.0,0.0,30.4,30.4,Open-Meteo Historical Forecast API (best_match/GFS Seamless),Open-Meteo Historical Forecast API (SRTM 90m at snapped grid),Open-Meteo Elevation API (SRTM 90m at station coordinates),best_match,"proxy: valid_time - lead_hours (historical forecast, not original run archive)",NOAA ISD via Phase 6 expanded dataset (QC=1),0.0065
43113099999,SATARA,17.517,74.05,612.0,2023-02-07T12:00:00,2023-02-06T12:00:00,24,February_2023,30.4,30.4,641.0,17.539541,74.08696,641.0,0.0,30.4,30.4,Open-Meteo Historical Forecast API (best_match/GFS Seamless),Open-Meteo Historical Forecast API (SRTM 90m at snapped grid),Open-Meteo Elevation API (SRTM 90m at station coordinates),best_match,"proxy: valid_time - lead_hours (historical forecast, not original run archive)",NOAA ISD via Phase 6 expanded dataset (QC=1),0.0065
43113099999,SATARA,17.517,74.05,612.0,2023-02-08T12:00:00,2023-02-06T12:00:00,48,February_2023,31.0,31.3,641.0,17.539541,74.08696,641.0,0.0,31.3,31.3,Open-Meteo Historical Forecast API (best_match/GFS Seamless),Open-Meteo Historical Forecast API (SRTM 90m at snapped grid),Open-Meteo Elevation API (SRTM 90m at station coordinates),best_match,"proxy: valid_time - lead_hours (historical forecast, not original run archive)",NOAA ISD via Phase 6 expanded dataset (QC=1),0.0065
43113099999,SATARA,17.517,74.05,612.0,2023-02-07T12:00:00,2023-02-07T00:00:00,12,February_2023,30.4,30.4,641.0,17.539541,74.08696,641.0,0.0,30.4,30.4,Open-Meteo Historical Forecast API (best_match/GFS Seamless),Open-Meteo Historical Forecast API (SRTM 90m at snapped grid),Open-Meteo Elevation API (SRTM 90m at station coordinates),best_match,"proxy: valid_time - lead_hours (historical forecast, not original run archive)",NOAA ISD via Phase 6 expanded dataset (QC=1),0.0065
43113099999,SATARA,17.517,74.05,612.0,2023-02-08T12:00:00,2023-02-07T00:00:00,36,February_2023,31.0,31.3,641.0,17.539541,74.08696,641.0,0.0,31.3,31.3,Open-Meteo Historical Forecast API (best_match/GFS Seamless),Open-Meteo Historical Forecast API (SRTM 90m at snapped grid),Open-Meteo Elevation API (SRTM 90m at station coordinates),best_match,"proxy: valid_time - lead_hours (historical forecast, not original run archive)",NOAA ISD via Phase 6 expanded dataset (QC=1),0.0065
43113099999,SATARA,17.517,74.05,612.0,2023-02-08T12:00:00,2023-02-07T12:00:00,24,February_2023,31.0,31.3,641.0,17.539541,74.08696,641.0,0.0,31.3,31.3,Open-Meteo Historical Forecast API (best_match/GFS Seamless),Open-Meteo Historical Forecast API (SRTM 90m at snapped grid),Open-Meteo Elevation API (SRTM 90m at station coordinates),best_match,"proxy: valid_time - lead_hours (historical forecast, not original run archive)",NOAA ISD via Phase 6 expanded dataset (QC=1),0.0065
43113099999,SATARA,17.517,74.05,612.0,2023-02-09T12:00:00,2023-02-07T12:00:00,48,February_2023,32.0,31.2,641.0,17.539541,74.08696,641.0,0.0,31.2,31.2,Open-Meteo Historical Forecast API (best_match/GFS Seamless),Open-Meteo Historical Forecast API (SRTM 90m at snapped grid),Open-Meteo Elevation API (SRTM 90m at station coordinates),best_match,"proxy: valid_time - lead_hours (historical forecast, not original run archive)",NOAA ISD via Phase 6 expanded dataset (QC=1),0.0065
43113099999,SATARA,17.517,74.05,612.0,2023-02-08T12:00:00,2023-02-08T00:00:00,12,February_2023,31.0,31.3,641.0,17.539541,74.08696,641.0,0.0,31.3,31.3,Open-Meteo Historical Forecast API (best_match/GFS Seamless),Open-Meteo Historical Forecast API (SRTM 90m at snapped grid),Open-Meteo Elevation API (SRTM 90m at station coordinates),best_match,"proxy: valid_time - lead_hours (historical forecast, not original run archive)",NOAA ISD via Phase 6 expanded dataset (QC=1),0.0065
43113099999,SATARA,17.517,74.05,612.0,2023-02-09T12:00:00,2023-02-08T00:00:00,36,February_2023,32.0,31.2,641.0,17.539541,74.08696,641.0,0.0,31.2,31.2,Open-Meteo Historical Forecast API (best_match/GFS Seamless),Open-Meteo Historical Forecast API (SRTM 90m at snapped grid),Open-Meteo Elevation API (SRTM 90m at station coordinates),best_match,"proxy: valid_time - lead_hours (historical forecast, not original run archive)",NOAA ISD via Phase 6 expanded dataset (QC=1),0.0065
43113099999,SATARA,17.517,74.05,612.0,2023-02-09T12:00:00,2023-02-08T12:00:00,24,February_2023,32.0,31.2,641.0,17.539541,74.08696,641.0,0.0,31.2,31.2,Open-Meteo Historical Forecast API (best_match/GFS Seamless),Open-Meteo Historical Forecast API (SRTM 90m at snapped grid),Open-Meteo Elevation API (SRTM 90m at station coordinates),best_match,"proxy: valid_time - lead_hours (historical forecast, not original run archive)",NOAA ISD via Phase 6 expanded dataset (QC=1),0.0065
43113099999,SATARA,17.517,74.05,612.0,2023-02-10T12:00:00,2023-02-08T12:00:00,48,February_2023,32.0,31.6,641.0,17.539541,74.08696,641.0,0.0,31.6,31.6,Open-Meteo Historical Forecast API (best_match/GFS Seamless),Open-Meteo Historical Forecast API (SRTM 90m at snapped grid),Open-Meteo Elevation API (SRTM 90m at station coordinates),best_match,"proxy: valid_time - lead_hours (historical forecast, not original run archive)",NOAA ISD via Phase 6 expanded dataset (QC=1),0.0065
43113099999,SATARA,17.517,74.05,612.0,2023-02-09T12:00:00,2023-02-09T00:00:00,12,February_2023,32.0,31.2,641.0,17.539541,74.08696,641.0,0.0,31.2,31.2,Open-Meteo Historical Forecast API (best_match/GFS Seamless),Open-Meteo Historical Forecast API (SRTM 90m at snapped grid),Open-Meteo Elevation API (SRTM 90m at station coordinates),best_match,"proxy: valid_time - lead_hours (historical forecast, not original run archive)",NOAA ISD via Phase 6 expanded dataset (QC=1),0.0065
43113099999,SATARA,17.517,74.05,612.0,2023-02-10T12:00:00,2023-02-09T00:00:00,36,February_2023,32.0,31.6,641.0,17.539541,74.08696,641.0,0.0,31.6,31.6,Open-Meteo Historical Forecast API (best_match/GFS Seamless),Open-Meteo Historical Forecast API (SRTM 90m at snapped grid),Open-Meteo Elevation API (SRTM 90m at station coordinates),best_match,"proxy: valid_time - lead_hours (historical forecast, not original run archive)",NOAA ISD via Phase 6 expanded dataset (QC=1),0.0065
43113099999,SATARA,17.517,74.05,612.0,2023-02-10T12:00:00,2023-02-09T12:00:00,24,February_2023,32.0,31.6,641.0,17.539541,74.08696,641.0,0.0,31.6,31.6,Open-Meteo Historical Forecast API (best_match/GFS Seamless),Open-Meteo Historical Forecast API (SRTM 90m at snapped grid),Open-Meteo Elevation API (SRTM 90m at station coordinates),best_match,"proxy: valid_time - lead_hours (historical forecast, not original run archive)",NOAA ISD via Phase 6 expanded dataset (QC=1),0.0065
43113099999,SATARA,17.517,74.05,612.0,2023-02-10T12:00:00,2023-02-10T00:00:00,12,February_2023,32.0,31.6,641.0,17.539541,74.08696,641.0,0.0,31.6,31.6,Open-Meteo Historical Forecast API (best_match/GFS Seamless),Open-Meteo Historical Forecast API (SRTM 90m at snapped grid),Open-Meteo Elevation API (SRTM 90m at station coordinates),best_match,"proxy: valid_time - lead_hours (historical forecast, not original run archive)",NOAA ISD via Phase 6 expanded dataset (QC=1),0.0065
43113099999,SATARA,17.517,74.05,612.0,2023-08-02T12:00:00,2023-08-01T00:00:00,36,August_2023,25.4,24.0,641.0,17.539541,74.08696,641.0,0.0,24.0,24.0,Open-Meteo Historical Forecast API (best_match/GFS Seamless),Open-Meteo Historical Forecast API (SRTM 90m at snapped grid),Open-Meteo Elevation API (SRTM 90m at station coordinates),best_match,"proxy: valid_time - lead_hours (historical forecast, not original run archive)",NOAA ISD via Phase 6 expanded dataset (QC=1),0.0065
43113099999,SATARA,17.517,74.05,612.0,2023-08-02T12:00:00,2023-08-01T12:00:00,24,August_2023,25.4,24.0,641.0,17.539541,74.08696,641.0,0.0,24.0,24.0,Open-Meteo Historical Forecast API (best_match/GFS Seamless),Open-Meteo Historical Forecast API (SRTM 90m at snapped grid),Open-Meteo Elevation API (SRTM 90m at station coordinates),best_match,"proxy: valid_time - lead_hours (historical forecast, not original run archive)",NOAA ISD via Phase 6 expanded dataset (QC=1),0.0065
43113099999,SATARA,17.517,74.05,612.0,2023-08-03T12:00:00,2023-08-01T12:00:00,48,August_2023,24.2,23.9,641.0,17.539541,74.08696,641.0,0.0,23.9,23.9,Open-Meteo Historical Forecast API (best_match/GFS Seamless),Open-Meteo Historical Forecast API (SRTM 90m at snapped grid),Open-Meteo Elevation API (SRTM 90m at station coordinates),best_match,"proxy: valid_time - lead_hours (historical forecast, not original run archive)",NOAA ISD via Phase 6 expanded dataset (QC=1),0.0065
43113099999,SATARA,17.517,74.05,612.0,2023-08-02T12:00:00,2023-08-02T00:00:00,12,August_2023,25.4,24.0,641.0,17.539541,74.08696,641.0,0.0,24.0,24.0,Open-Meteo Historical Forecast API (best_match/GFS Seamless),Open-Meteo Historical Forecast API (SRTM 90m at snapped grid),Open-Meteo Elevation API (SRTM 90m at station coordinates),best_match,"proxy: valid_time - lead_hours (historical forecast, not original run archive)",NOAA ISD via Phase 6 expanded dataset (QC=1),0.0065
43113099999,SATARA,17.517,74.05,612.0,2023-08-03T12:00:00,2023-08-02T00:00:00,36,August_2023,24.2,23.9,641.0,17.539541,74.08696,641.0,0.0,23.9,23.9,Open-Meteo Historical Forecast API (best_match/GFS Seamless),Open-Meteo Historical Forecast API (SRTM 90m at snapped grid),Open-Meteo Elevation API (SRTM 90m at station coordinates),best_match,"proxy: valid_time - lead_hours (historical forecast, not original run archive)",NOAA ISD via Phase 6 expanded dataset (QC=1),0.0065
43113099999,SATARA,17.517,74.05,612.0,2023-08-03T12:00:00,2023-08-02T12:00:00,24,August_2023,24.2,23.9,641.0,17.539541,74.08696,641.0,0.0,23.9,23.9,Open-Meteo Historical Forecast API (best_match/GFS Seamless),Open-Meteo Historical Forecast API (SRTM 90m at snapped grid),Open-Meteo Elevation API (SRTM 90m at station coordinates),best_match,"proxy: valid_time - lead_hours (historical forecast, not original run archive)",NOAA ISD via Phase 6 expanded dataset (QC=1),0.0065
43113099999,SATARA,17.517,74.05,612.0,2023-08-04T12:00:00,2023-08-02T12:00:00,48,August_2023,25.4,25.3,641.0,17.539541,74.08696,641.0,0.0,25.3,25.3,Open-Meteo Historical Forecast API (best_match/GFS Seamless),Open-Meteo Historical Forecast API (SRTM 90m at snapped grid),Open-Meteo Elevation API (SRTM 90m at station coordinates),best_match,"proxy: valid_time - lead_hours (historical forecast, not original run archive)",NOAA ISD via Phase 6 expanded dataset (QC=1),0.0065
43113099999,SATARA,17.517,74.05,612.0,2023-08-03T12:00:00,2023-08-03T00:00:00,12,August_2023,24.2,23.9,641.0,17.539541,74.08696,641.0,0.0,23.9,23.9,Open-Meteo Historical Forecast API (best_match/GFS Seamless),Open-Meteo Historical Forecast API (SRTM 90m at snapped grid),Open-Meteo Elevation API (SRTM 90m at station coordinates),best_match,"proxy: valid_time - lead_hours (historical forecast, not original run archive)",NOAA ISD via Phase 6 expanded dataset (QC=1),0.0065
43113099999,SATARA,17.517,74.05,612.0,2023-08-04T12:00:00,2023-08-03T00:00:00,36,August_2023,25.4,25.3,641.0,17.539541,74.08696,641.0,0.0,25.3,25.3,Open-Meteo Historical Forecast API (best_match/GFS Seamless),Open-Meteo Historical Forecast API (SRTM 90m at snapped grid),Open-Meteo Elevation API (SRTM 90m at station coordinates),best_match,"proxy: valid_time - lead_hours (historical forecast, not original run archive)",NOAA ISD via Phase 6 expanded dataset (QC=1),0.0065
43113099999,SATARA,17.517,74.05,612.0,2023-08-04T12:00:00,2023-08-03T12:00:00,24,August_2023,25.4,25.3,641.0,17.539541,74.08696,641.0,0.0,25.3,25.3,Open-Meteo Historical Forecast API (best_match/GFS Seamless),Open-Meteo Historical Forecast API (SRTM 90m at snapped grid),Open-Meteo Elevation API (SRTM 90m at station coordinates),best_match,"proxy: valid_time - lead_hours (historical forecast, not original run archive)",NOAA ISD via Phase 6 expanded dataset (QC=1),0.0065
43113099999,SATARA,17.517,74.05,612.0,2023-08-05T12:00:00,2023-08-03T12:00:00,48,August_2023,24.6,25.1,641.0,17.539541,74.08696,641.0,0.0,25.1,25.1,Open-Meteo Historical Forecast API (best_match/GFS Seamless),Open-Meteo Historical Forecast API (SRTM 90m at snapped grid),Open-Meteo Elevation API (SRTM 90m at station coordinates),best_match,"proxy: valid_time - lead_hours (historical forecast, not original run archive)",NOAA ISD via Phase 6 expanded dataset (QC=1),0.0065
43113099999,SATARA,17.517,74.05,612.0,2023-08-04T12:00:00,2023-08-04T00:00:00,12,August_2023,25.4,25.3,641.0,17.539541,74.08696,641.0,0.0,25.3,25.3,Open-Meteo Historical Forecast API (best_match/GFS Seamless),Open-Meteo Historical Forecast API (SRTM 90m at snapped grid),Open-Meteo Elevation API (SRTM 90m at station coordinates),best_match,"proxy: valid_time - lead_hours (historical forecast, not original run archive)",NOAA ISD via Phase 6 expanded dataset (QC=1),0.0065
43113099999,SATARA,17.517,74.05,612.0,2023-08-05T12:00:00,2023-08-04T00:00:00,36,August_2023,24.6,25.1,641.0,17.539541,74.08696,641.0,0.0,25.1,25.1,Open-Meteo Historical Forecast API (best_match/GFS Seamless),Open-Meteo Historical Forecast API (SRTM 90m at snapped grid),Open-Meteo Elevation API (SRTM 90m at station coordinates),best_match,"proxy: valid_time - lead_hours (historical forecast, not original run archive)",NOAA ISD via Phase 6 expanded dataset (QC=1),0.0065
43113099999,SATARA,17.517,74.05,612.0,2023-08-05T12:00:00,2023-08-04T12:00:00,24,August_2023,24.6,25.1,641.0,17.539541,74.08696,641.0,0.0,25.1,25.1,Open-Meteo Historical Forecast API (best_match/GFS Seamless),Open-Meteo Historical Forecast API (SRTM 90m at snapped grid),Open-Meteo Elevation API (SRTM 90m at station coordinates),best_match,"proxy: valid_time - lead_hours (historical forecast, not original run archive)",NOAA ISD via Phase 6 expanded dataset (QC=1),0.0065
43113099999,SATARA,17.517,74.05,612.0,2023-08-06T12:00:00,2023-08-04T12:00:00,48,August_2023,25.4,24.9,641.0,17.539541,74.08696,641.0,0.0,24.9,24.9,Open-Meteo Historical Forecast API (best_match/GFS Seamless),Open-Meteo Historical Forecast API (SRTM 90m at snapped grid),Open-Meteo Elevation API (SRTM 90m at station coordinates),best_match,"proxy: valid_time - lead_hours (historical forecast, not original run archive)",NOAA ISD via Phase 6 expanded dataset (QC=1),0.0065
43113099999,SATARA,17.517,74.05,612.0,2023-08-05T12:00:00,2023-08-05T00:00:00,12,August_2023,24.6,25.1,641.0,17.539541,74.08696,641.0,0.0,25.1,25.1,Open-Meteo Historical Forecast API (best_match/GFS Seamless),Open-Meteo Historical Forecast API (SRTM 90m at snapped grid),Open-Meteo Elevation API (SRTM 90m at station coordinates),best_match,"proxy: valid_time - lead_hours (historical forecast, not original run archive)",NOAA ISD via Phase 6 expanded dataset (QC=1),0.0065
43113099999,SATARA,17.517,74.05,612.0,2023-08-06T12:00:00,2023-08-05T00:00:00,36,August_2023,25.4,24.9,641.0,17.539541,74.08696,641.0,0.0,24.9,24.9,Open-Meteo Historical Forecast API (best_match/GFS Seamless),Open-Meteo Historical Forecast API (SRTM 90m at snapped grid),Open-Meteo Elevation API (SRTM 90m at station coordinates),best_match,"proxy: valid_time - lead_hours (historical forecast, not original run archive)",NOAA ISD via Phase 6 expanded dataset (QC=1),0.0065
43113099999,SATARA,17.517,74.05,612.0,2023-08-06T12:00:00,2023-08-05T12:00:00,24,August_2023,25.4,24.9,641.0,17.539541,74.08696,641.0,0.0,24.9,24.9,Open-Meteo Historical Forecast API (best_match/GFS Seamless),Open-Meteo Historical Forecast API (SRTM 90m at snapped grid),Open-Meteo Elevation API (SRTM 90m at station coordinates),best_match,"proxy: valid_time - lead_hours (historical forecast, not original run archive)",NOAA ISD via Phase 6 expanded dataset (QC=1),0.0065
43113099999,SATARA,17.517,74.05,612.0,2023-08-07T12:00:00,2023-08-05T12:00:00,48,August_2023,25.0,25.1,641.0,17.539541,74.08696,641.0,0.0,25.1,25.1,Open-Meteo Historical Forecast API (best_match/GFS Seamless),Open-Meteo Historical Forecast API (SRTM 90m at snapped grid),Open-Meteo Elevation API (SRTM 90m at station coordinates),best_match,"proxy: valid_time - lead_hours (historical forecast, not original run archive)",NOAA ISD via Phase 6 expanded dataset (QC=1),0.0065
43113099999,SATARA,17.517,74.05,612.0,2023-08-06T12:00:00,2023-08-06T00:00:00,12,August_2023,25.4,24.9,641.0,17.539541,74.08696,641.0,0.0,24.9,24.9,Open-Meteo Historical Forecast API (best_match/GFS Seamless),Open-Meteo Historical Forecast API (SRTM 90m at snapped grid),Open-Meteo Elevation API (SRTM 90m at station coordinates),best_match,"proxy: valid_time - lead_hours (historical forecast, not original run archive)",NOAA ISD via Phase 6 expanded dataset (QC=1),0.0065
43113099999,SATARA,17.517,74.05,612.0,2023-08-07T12:00:00,2023-08-06T00:00:00,36,August_2023,25.0,25.1,641.0,17.539541,74.08696,641.0,0.0,25.1,25.1,Open-Meteo Historical Forecast API (best_match/GFS Seamless),Open-Meteo Historical Forecast API (SRTM 90m at snapped grid),Open-Meteo Elevation API (SRTM 90m at station coordinates),best_match,"proxy: valid_time - lead_hours (historical forecast, not original run archive)",NOAA ISD via Phase 6 expanded dataset (QC=1),0.0065
43113099999,SATARA,17.517,74.05,612.0,2023-08-07T12:00:00,2023-08-06T12:00:00,24,August_2023,25.0,25.1,641.0,17.539541,74.08696,641.0,0.0,25.1,25.1,Open-Meteo Historical Forecast API (best_match/GFS Seamless),Open-Meteo Historical Forecast API (SRTM 90m at snapped grid),Open-Meteo Elevation API (SRTM 90m at station coordinates),best_match,"proxy: valid_time - lead_hours (historical forecast, not original run archive)",NOAA ISD via Phase 6 expanded dataset (QC=1),0.0065
43113099999,SATARA,17.517,74.05,612.0,2023-08-08T12:00:00,2023-08-06T12:00:00,48,August_2023,25.0,25.7,641.0,17.539541,74.08696,641.0,0.0,25.7,25.7,Open-Meteo Historical Forecast API (best_match/GFS Seamless),Open-Meteo Historical Forecast API (SRTM 90m at snapped grid),Open-Meteo Elevation API (SRTM 90m at station coordinates),best_match,"proxy: valid_time - lead_hours (historical forecast, not original run archive)",NOAA ISD via Phase 6 expanded dataset (QC=1),0.0065
43113099999,SATARA,17.517,74.05,612.0,2023-08-07T12:00:00,2023-08-07T00:00:00,12,August_2023,25.0,25.1,641.0,17.539541,74.08696,641.0,0.0,25.1,25.1,Open-Meteo Historical Forecast API (best_match/GFS Seamless),Open-Meteo Historical Forecast API (SRTM 90m at snapped grid),Open-Meteo Elevation API (SRTM 90m at station coordinates),best_match,"proxy: valid_time - lead_hours (historical forecast, not original run archive)",NOAA ISD via Phase 6 expanded dataset (QC=1),0.0065
43113099999,SATARA,17.517,74.05,612.0,2023-08-08T12:00:00,2023-08-07T00:00:00,36,August_2023,25.0,25.7,641.0,17.539541,74.08696,641.0,0.0,25.7,25.7,Open-Meteo Historical Forecast API (best_match/GFS Seamless),Open-Meteo Historical Forecast API (SRTM 90m at snapped grid),Open-Meteo Elevation API (SRTM 90m at station coordinates),best_match,"proxy: valid_time - lead_hours (historical forecast, not original run archive)",NOAA ISD via Phase 6 expanded dataset (QC=1),0.0065
43113099999,SATARA,17.517,74.05,612.0,2023-08-08T12:00:00,2023-08-07T12:00:00,24,August_2023,25.0,25.7,641.0,17.539541,74.08696,641.0,0.0,25.7,25.7,Open-Meteo Historical Forecast API (best_match/GFS Seamless),Open-Meteo Historical Forecast API (SRTM 90m at snapped grid),Open-Meteo Elevation API (SRTM 90m at station coordinates),best_match,"proxy: valid_time - lead_hours (historical forecast, not original run archive)",NOAA ISD via Phase 6 expanded dataset (QC=1),0.0065
43113099999,SATARA,17.517,74.05,612.0,2023-08-09T12:00:00,2023-08-07T12:00:00,48,August_2023,27.0,27.1,641.0,17.539541,74.08696,641.0,0.0,27.1,27.1,Open-Meteo Historical Forecast API (best_match/GFS Seamless),Open-Meteo Historical Forecast API (SRTM 90m at snapped grid),Open-Meteo Elevation API (SRTM 90m at station coordinates),best_match,"proxy: valid_time - lead_hours (historical forecast, not original run archive)",NOAA ISD via Phase 6 expanded dataset (QC=1),0.0065
43113099999,SATARA,17.517,74.05,612.0,2023-08-08T12:00:00,2023-08-08T00:00:00,12,August_2023,25.0,25.7,641.0,17.539541,74.08696,641.0,0.0,25.7,25.7,Open-Meteo Historical Forecast API (best_match/GFS Seamless),Open-Meteo Historical Forecast API (SRTM 90m at snapped grid),Open-Meteo Elevation API (SRTM 90m at station coordinates),best_match,"proxy: valid_time - lead_hours (historical forecast, not original run archive)",NOAA ISD via Phase 6 expanded dataset (QC=1),0.0065
43113099999,SATARA,17.517,74.05,612.0,2023-08-09T12:00:00,2023-08-08T00:00:00,36,August_2023,27.0,27.1,641.0,17.539541,74.08696,641.0,0.0,27.1,27.1,Open-Meteo Historical Forecast API (best_match/GFS Seamless),Open-Meteo Historical Forecast API (SRTM 90m at snapped grid),Open-Meteo Elevation API (SRTM 90m at station coordinates),best_match,"proxy: valid_time - lead_hours (historical forecast, not original run archive)",NOAA ISD via Phase 6 expanded dataset (QC=1),0.0065
43113099999,SATARA,17.517,74.05,612.0,2023-08-09T12:00:00,2023-08-08T12:00:00,24,August_2023,27.0,27.1,641.0,17.539541,74.08696,641.0,0.0,27.1,27.1,Open-Meteo Historical Forecast API (best_match/GFS Seamless),Open-Meteo Historical Forecast API (SRTM 90m at snapped grid),Open-Meteo Elevation API (SRTM 90m at station coordinates),best_match,"proxy: valid_time - lead_hours (historical forecast, not original run archive)",NOAA ISD via Phase 6 expanded dataset (QC=1),0.0065
43113099999,SATARA,17.517,74.05,612.0,2023-08-10T12:00:00,2023-08-08T12:00:00,48,August_2023,25.6,26.6,641.0,17.539541,74.08696,641.0,0.0,26.6,26.6,Open-Meteo Historical Forecast API (best_match/GFS Seamless),Open-Meteo Historical Forecast API (SRTM 90m at snapped grid),Open-Meteo Elevation API (SRTM 90m at station coordinates),best_match,"proxy: valid_time - lead_hours (historical forecast, not original run archive)",NOAA ISD via Phase 6 expanded dataset (QC=1),0.0065
43113099999,SATARA,17.517,74.05,612.0,2023-08-09T12:00:00,2023-08-09T00:00:00,12,August_2023,27.0,27.1,641.0,17.539541,74.08696,641.0,0.0,27.1,27.1,Open-Meteo Historical Forecast API (best_match/GFS Seamless),Open-Meteo Historical Forecast API (SRTM 90m at snapped grid),Open-Meteo Elevation API (SRTM 90m at station coordinates),best_match,"proxy: valid_time - lead_hours (historical forecast, not original run archive)",NOAA ISD via Phase 6 expanded dataset (QC=1),0.0065
43113099999,SATARA,17.517,74.05,612.0,2023-08-10T12:00:00,2023-08-09T00:00:00,36,August_2023,25.6,26.6,641.0,17.539541,74.08696,641.0,0.0,26.6,26.6,Open-Meteo Historical Forecast API (best_match/GFS Seamless),Open-Meteo Historical Forecast API (SRTM 90m at snapped grid),Open-Meteo Elevation API (SRTM 90m at station coordinates),best_match,"proxy: valid_time - lead_hours (historical forecast, not original run archive)",NOAA ISD via Phase 6 expanded dataset (QC=1),0.0065
43113099999,SATARA,17.517,74.05,612.0,2023-08-10T12:00:00,2023-08-09T12:00:00,24,August_2023,25.6,26.6,641.0,17.539541,74.08696,641.0,0.0,26.6,26.6,Open-Meteo Historical Forecast API (best_match/GFS Seamless),Open-Meteo Historical Forecast API (SRTM 90m at snapped grid),Open-Meteo Elevation API (SRTM 90m at station coordinates),best_match,"proxy: valid_time - lead_hours (historical forecast, not original run archive)",NOAA ISD via Phase 6 expanded dataset (QC=1),0.0065
43113099999,SATARA,17.517,74.05,612.0,2023-08-10T12:00:00,2023-08-10T00:00:00,12,August_2023,25.6,26.6,641.0,17.539541,74.08696,641.0,0.0,26.6,26.6,Open-Meteo Historical Forecast API (best_match/GFS Seamless),Open-Meteo Historical Forecast API (SRTM 90m at snapped grid),Open-Meteo Elevation API (SRTM 90m at station coordinates),best_match,"proxy: valid_time - lead_hours (historical forecast, not original run archive)",NOAA ISD via Phase 6 expanded dataset (QC=1),0.0065
43117099999,SOLAPUR,17.628,75.935,482.8,2023-02-01T12:00:00,2023-02-01T00:00:00,12,February_2023,29.0,29.9,483.0,17.60984,75.89942,483.0,0.0,29.9,29.9,Open-Meteo Historical Forecast API (best_match/GFS Seamless),Open-Meteo Historical Forecast API (SRTM 90m at snapped grid),Open-Meteo Elevation API (SRTM 90m at station coordinates),best_match,"proxy: valid_time - lead_hours (historical forecast, not original run archive)",NOAA ISD via Phase 6 expanded dataset (QC=1),0.0065
43117099999,SOLAPUR,17.628,75.935,482.8,2023-02-02T00:00:00,2023-02-01T00:00:00,24,February_2023,19.6,21.1,483.0,17.60984,75.89942,483.0,0.0,21.1,21.1,Open-Meteo Historical Forecast API (best_match/GFS Seamless),Open-Meteo Historical Forecast API (SRTM 90m at snapped grid),Open-Meteo Elevation API (SRTM 90m at station coordinates),best_match,"proxy: valid_time - lead_hours (historical forecast, not original run archive)",NOAA ISD via Phase 6 expanded dataset (QC=1),0.0065
43117099999,SOLAPUR,17.628,75.935,482.8,2023-02-02T12:00:00,2023-02-01T00:00:00,36,February_2023,30.0,30.8,483.0,17.60984,75.89942,483.0,0.0,30.8,30.8,Open-Meteo Historical Forecast API (best_match/GFS Seamless),Open-Meteo Historical Forecast API (SRTM 90m at snapped grid),Open-Meteo Elevation API (SRTM 90m at station coordinates),best_match,"proxy: valid_time - lead_hours (historical forecast, not original run archive)",NOAA ISD via Phase 6 expanded dataset (QC=1),0.0065
43117099999,SOLAPUR,17.628,75.935,482.8,2023-02-03T00:00:00,2023-02-01T00:00:00,48,February_2023,17.0,20.4,483.0,17.60984,75.89942,483.0,0.0,20.4,20.4,Open-Meteo Historical Forecast API (best_match/GFS Seamless),Open-Meteo Historical Forecast API (SRTM 90m at snapped grid),Open-Meteo Elevation API (SRTM 90m at station coordinates),best_match,"proxy: valid_time - lead_hours (historical forecast, not original run archive)",NOAA ISD via Phase 6 expanded dataset (QC=1),0.0065
43117099999,SOLAPUR,17.628,75.935,482.8,2023-02-02T00:00:00,2023-02-01T12:00:00,12,February_2023,19.6,21.1,483.0,17.60984,75.89942,483.0,0.0,21.1,21.1,Open-Meteo Historical Forecast API (best_match/GFS Seamless),Open-Meteo Historical Forecast API (SRTM 90m at snapped grid),Open-Meteo Elevation API (SRTM 90m at station coordinates),best_match,"proxy: valid_time - lead_hours (historical forecast, not original run archive)",NOAA ISD via Phase 6 expanded dataset (QC=1),0.0065
43117099999,SOLAPUR,17.628,75.935,482.8,2023-02-02T12:00:00,2023-02-01T12:00:00,24,February_2023,30.0,30.8,483.0,17.60984,75.89942,483.0,0.0,30.8,30.8,Open-Meteo Historical Forecast API (best_match/GFS Seamless),Open-Meteo Historical Forecast API (SRTM 90m at snapped grid),Open-Meteo Elevation API (SRTM 90m at station coordinates),best_match,"proxy: valid_time - lead_hours (historical forecast, not original run archive)",NOAA ISD via Phase 6 expanded dataset (QC=1),0.0065
43117099999,SOLAPUR,17.628,75.935,482.8,2023-02-03T00:00:00,2023-02-01T12:00:00,36,February_2023,17.0,20.4,483.0,17.60984,75.89942,483.0,0.0,20.4,20.4,Open-Meteo Historical Forecast API (best_match/GFS Seamless),Open-Meteo Historical Forecast API (SRTM 90m at snapped grid),Open-Meteo Elevation API (SRTM 90m at station coordinates),best_match,"proxy: valid_time - lead_hours (historical forecast, not original run archive)",NOAA ISD via Phase 6 expanded dataset (QC=1),0.0065
43117099999,SOLAPUR,17.628,75.935,482.8,2023-02-03T12:00:00,2023-02-01T12:00:00,48,February_2023,30.8,31.2,483.0,17.60984,75.89942,483.0,0.0,31.2,31.2,Open-Meteo Historical Forecast API (best_match/GFS Seamless),Open-Meteo Historical Forecast API (SRTM 90m at snapped grid),Open-Meteo Elevation API (SRTM 90m at station coordinates),best_match,"proxy: valid_time - lead_hours (historical forecast, not original run archive)",NOAA ISD via Phase 6 expanded dataset (QC=1),0.0065
43117099999,SOLAPUR,17.628,75.935,482.8,2023-02-02T12:00:00,2023-02-02T00:00:00,12,February_2023,30.0,30.8,483.0,17.60984,75.89942,483.0,0.0,30.8,30.8,Open-Meteo Historical Forecast API (best_match/GFS Seamless),Open-Meteo Historical Forecast API (SRTM 90m at snapped grid),Open-Meteo Elevation API (SRTM 90m at station coordinates),best_match,"proxy: valid_time - lead_hours (historical forecast, not original run archive)",NOAA ISD via Phase 6 expanded dataset (QC=1),0.0065
43117099999,SOLAPUR,17.628,75.935,482.8,2023-02-03T00:00:00,2023-02-02T00:00:00,24,February_2023,17.0,20.4,483.0,17.60984,75.89942,483.0,0.0,20.4,20.4,Open-Meteo Historical Forecast API (best_match/GFS Seamless),Open-Meteo Historical Forecast API (SRTM 90m at snapped grid),Open-Meteo Elevation API (SRTM 90m at station coordinates),best_match,"proxy: valid_time - lead_hours (historical forecast, not original run archive)",NOAA ISD via Phase 6 expanded dataset (QC=1),0.0065
43117099999,SOLAPUR,17.628,75.935,482.8,2023-02-03T12:00:00,2023-02-02T00:00:00,36,February_2023,30.8,31.2,483.0,17.60984,75.89942,483.0,0.0,31.2,31.2,Open-Meteo Historical Forecast API (best_match/GFS Seamless),Open-Meteo Historical Forecast API (SRTM 90m at snapped grid),Open-Meteo Elevation API (SRTM 90m at station coordinates),best_match,"proxy: valid_time - lead_hours (historical forecast, not original run archive)",NOAA ISD via Phase 6 expanded dataset (QC=1),0.0065
43117099999,SOLAPUR,17.628,75.935,482.8,2023-02-04T00:00:00,2023-02-02T00:00:00,48,February_2023,18.4,19.3,483.0,17.60984,75.89942,483.0,0.0,19.3,19.3,Open-Meteo Historical Forecast API (best_match/GFS Seamless),Open-Meteo Historical Forecast API (SRTM 90m at snapped grid),Open-Meteo Elevation API (SRTM 90m at station coordinates),best_match,"proxy: valid_time - lead_hours (historical forecast, not original run archive)",NOAA ISD via Phase 6 expanded dataset (QC=1),0.0065
43117099999,SOLAPUR,17.628,75.935,482.8,2023-02-03T00:00:00,2023-02-02T12:00:00,12,February_2023,17.0,20.4,483.0,17.60984,75.89942,483.0,0.0,20.4,20.4,Open-Meteo Historical Forecast API (best_match/GFS Seamless),Open-Meteo Historical Forecast API (SRTM 90m at snapped grid),Open-Meteo Elevation API (SRTM 90m at station coordinates),best_match,"proxy: valid_time - lead_hours (historical forecast, not original run archive)",NOAA ISD via Phase 6 expanded dataset (QC=1),0.0065
43117099999,SOLAPUR,17.628,75.935,482.8,2023-02-03T12:00:00,2023-02-02T12:00:00,24,February_2023,30.8,31.2,483.0,17.60984,75.89942,483.0,0.0,31.2,31.2,Open-Meteo Historical Forecast API (best_match/GFS Seamless),Open-Meteo Historical Forecast API (SRTM 90m at snapped grid),Open-Meteo Elevation API (SRTM 90m at station coordinates),best_match,"proxy: valid_time - lead_hours (historical forecast, not original run archive)",NOAA ISD via Phase 6 expanded dataset (QC=1),0.0065
43117099999,SOLAPUR,17.628,75.935,482.8,2023-02-04T00:00:00,2023-02-02T12:00:00,36,February_2023,18.4,19.3,483.0,17.60984,75.89942,483.0,0.0,19.3,19.3,Open-Meteo Historical Forecast API (best_match/GFS Seamless),Open-Meteo Historical Forecast API (SRTM 90m at snapped grid),Open-Meteo Elevation API (SRTM 90m at station coordinates),best_match,"proxy: valid_time - lead_hours (historical forecast, not original run archive)",NOAA ISD via Phase 6 expanded dataset (QC=1),0.0065
43117099999,SOLAPUR,17.628,75.935,482.8,2023-02-04T12:00:00,2023-02-02T12:00:00,48,February_2023,32.8,31.6,483.0,17.60984,75.89942,483.0,0.0,31.6,31.6,Open-Meteo Historical Forecast API (best_match/GFS Seamless),Open-Meteo Historical Forecast API (SRTM 90m at snapped grid),Open-Meteo Elevation API (SRTM 90m at station coordinates),best_match,"proxy: valid_time - lead_hours (historical forecast, not original run archive)",NOAA ISD via Phase 6 expanded dataset (QC=1),0.0065
43117099999,SOLAPUR,17.628,75.935,482.8,2023-02-03T12:00:00,2023-02-03T00:00:00,12,February_2023,30.8,31.2,483.0,17.60984,75.89942,483.0,0.0,31.2,31.2,Open-Meteo Historical Forecast API (best_match/GFS Seamless),Open-Meteo Historical Forecast API (SRTM 90m at snapped grid),Open-Meteo Elevation API (SRTM 90m at station coordinates),best_match,"proxy: valid_time - lead_hours (historical forecast, not original run archive)",NOAA ISD via Phase 6 expanded dataset (QC=1),0.0065
43117099999,SOLAPUR,17.628,75.935,482.8,2023-02-04T00:00:00,2023-02-03T00:00:00,24,February_2023,18.4,19.3,483.0,17.60984,75.89942,483.0,0.0,19.3,19.3,Open-Meteo Historical Forecast API (best_match/GFS Seamless),Open-Meteo Historical Forecast API (SRTM 90m at snapped grid),Open-Meteo Elevation API (SRTM 90m at station coordinates),best_match,"proxy: valid_time - lead_hours (historical forecast, not original run archive)",NOAA ISD via Phase 6 expanded dataset (QC=1),0.0065
43117099999,SOLAPUR,17.628,75.935,482.8,2023-02-04T12:00:00,2023-02-03T00:00:00,36,February_2023,32.8,31.6,483.0,17.60984,75.89942,483.0,0.0,31.6,31.6,Open-Meteo Historical Forecast API (best_match/GFS Seamless),Open-Meteo Historical Forecast API (SRTM 90m at snapped grid),Open-Meteo Elevation API (SRTM 90m at station coordinates),best_match,"proxy: valid_time - lead_hours (historical forecast, not original run archive)",NOAA ISD via Phase 6 expanded dataset (QC=1),0.0065
43117099999,SOLAPUR,17.628,75.935,482.8,2023-02-05T00:00:00,2023-02-03T00:00:00,48,February_2023,18.6,19.7,483.0,17.60984,75.89942,483.0,0.0,19.7,19.7,Open-Meteo Historical Forecast API (best_match/GFS Seamless),Open-Meteo Historical Forecast API (SRTM 90m at snapped grid),Open-Meteo Elevation API (SRTM 90m at station coordinates),best_match,"proxy: valid_time - lead_hours (historical forecast, not original run archive)",NOAA ISD via Phase 6 expanded dataset (QC=1),0.0065
43117099999,SOLAPUR,17.628,75.935,482.8,2023-02-04T00:00:00,2023-02-03T12:00:00,12,February_2023,18.4,19.3,483.0,17.60984,75.89942,483.0,0.0,19.3,19.3,Open-Meteo Historical Forecast API (best_match/GFS Seamless),Open-Meteo Historical Forecast API (SRTM 90m at snapped grid),Open-Meteo Elevation API (SRTM 90m at station coordinates),best_match,"proxy: valid_time - lead_hours (historical forecast, not original run archive)",NOAA ISD via Phase 6 expanded dataset (QC=1),0.0065
43117099999,SOLAPUR,17.628,75.935,482.8,2023-02-04T12:00:00,2023-02-03T12:00:00,24,February_2023,32.8,31.6,483.0,17.60984,75.89942,483.0,0.0,31.6,31.6,Open-Meteo Historical Forecast API (best_match/GFS Seamless),Open-Meteo Historical Forecast API (SRTM 90m at snapped grid),Open-Meteo Elevation API (SRTM 90m at station coordinates),best_match,"proxy: valid_time - lead_hours (historical forecast, not original run archive)",NOAA ISD via Phase 6 expanded dataset (QC=1),0.0065
43117099999,SOLAPUR,17.628,75.935,482.8,2023-02-05T00:00:00,2023-02-03T12:00:00,36,February_2023,18.6,19.7,483.0,17.60984,75.89942,483.0,0.0,19.7,19.7,Open-Meteo Historical Forecast API (best_match/GFS Seamless),Open-Meteo Historical Forecast API (SRTM 90m at snapped grid),Open-Meteo Elevation API (SRTM 90m at station coordinates),best_match,"proxy: valid_time - lead_hours (historical forecast, not original run archive)",NOAA ISD via Phase 6 expanded dataset (QC=1),0.0065
43117099999,SOLAPUR,17.628,75.935,482.8,2023-02-05T12:00:00,2023-02-03T12:00:00,48,February_2023,32.0,31.8,483.0,17.60984,75.89942,483.0,0.0,31.8,31.8,Open-Meteo Historical Forecast API (best_match/GFS Seamless),Open-Meteo Historical Forecast API (SRTM 90m at snapped grid),Open-Meteo Elevation API (SRTM 90m at station coordinates),best_match,"proxy: valid_time - lead_hours (historical forecast, not original run archive)",NOAA ISD via Phase 6 expanded dataset (QC=1),0.0065
43117099999,SOLAPUR,17.628,75.935,482.8,2023-02-04T12:00:00,2023-02-04T00:00:00,12,February_2023,32.8,31.6,483.0,17.60984,75.89942,483.0,0.0,31.6,31.6,Open-Meteo Historical Forecast API (best_match/GFS Seamless),Open-Meteo Historical Forecast API (SRTM 90m at snapped grid),Open-Meteo Elevation API (SRTM 90m at station coordinates),best_match,"proxy: valid_time - lead_hours (historical forecast, not original run archive)",NOAA ISD via Phase 6 expanded dataset (QC=1),0.0065
43117099999,SOLAPUR,17.628,75.935,482.8,2023-02-05T00:00:00,2023-02-04T00:00:00,24,February_2023,18.6,19.7,483.0,17.60984,75.89942,483.0,0.0,19.7,19.7,Open-Meteo Historical Forecast API (best_match/GFS Seamless),Open-Meteo Historical Forecast API (SRTM 90m at snapped grid),Open-Meteo Elevation API (SRTM 90m at station coordinates),best_match,"proxy: valid_time - lead_hours (historical forecast, not original run archive)",NOAA ISD via Phase 6 expanded dataset (QC=1),0.0065
43117099999,SOLAPUR,17.628,75.935,482.8,2023-02-05T12:00:00,2023-02-04T00:00:00,36,February_2023,32.0,31.8,483.0,17.60984,75.89942,483.0,0.0,31.8,31.8,Open-Meteo Historical Forecast API (best_match/GFS Seamless),Open-Meteo Historical Forecast API (SRTM 90m at snapped grid),Open-Meteo Elevation API (SRTM 90m at station coordinates),best_match,"proxy: valid_time - lead_hours (historical forecast, not original run archive)",NOAA ISD via Phase 6 expanded dataset (QC=1),0.0065
43117099999,SOLAPUR,17.628,75.935,482.8,2023-02-06T00:00:00,2023-02-04T00:00:00,48,February_2023,19.4,20.3,483.0,17.60984,75.89942,483.0,0.0,20.3,20.3,Open-Meteo Historical Forecast API (best_match/GFS Seamless),Open-Meteo Historical Forecast API (SRTM 90m at snapped grid),Open-Meteo Elevation API (SRTM 90m at station coordinates),best_match,"proxy: valid_time - lead_hours (historical forecast, not original run archive)",NOAA ISD via Phase 6 expanded dataset (QC=1),0.0065
43117099999,SOLAPUR,17.628,75.935,482.8,2023-02-05T00:00:00,2023-02-04T12:00:00,12,February_2023,18.6,19.7,483.0,17.60984,75.89942,483.0,0.0,19.7,19.7,Open-Meteo Historical Forecast API (best_match/GFS Seamless),Open-Meteo Historical Forecast API (SRTM 90m at snapped grid),Open-Meteo Elevation API (SRTM 90m at station coordinates),best_match,"proxy: valid_time - lead_hours (historical forecast, not original run archive)",NOAA ISD via Phase 6 expanded dataset (QC=1),0.0065
43117099999,SOLAPUR,17.628,75.935,482.8,2023-02-05T12:00:00,2023-02-04T12:00:00,24,February_2023,32.0,31.8,483.0,17.60984,75.89942,483.0,0.0,31.8,31.8,Open-Meteo Historical Forecast API (best_match/GFS Seamless),Open-Meteo Historical Forecast API (SRTM 90m at snapped grid),Open-Meteo Elevation API (SRTM 90m at station coordinates),best_match,"proxy: valid_time - lead_hours (historical forecast, not original run archive)",NOAA ISD via Phase 6 expanded dataset (QC=1),0.0065
43117099999,SOLAPUR,17.628,75.935,482.8,2023-02-06T00:00:00,2023-02-04T12:00:00,36,February_2023,19.4,20.3,483.0,17.60984,75.89942,483.0,0.0,20.3,20.3,Open-Meteo Historical Forecast API (best_match/GFS Seamless),Open-Meteo Historical Forecast API (SRTM 90m at snapped grid),Open-Meteo Elevation API (SRTM 90m at station coordinates),best_match,"proxy: valid_time - lead_hours (historical forecast, not original run archive)",NOAA ISD via Phase 6 expanded dataset (QC=1),0.0065
43117099999,SOLAPUR,17.628,75.935,482.8,2023-02-06T12:00:00,2023-02-04T12:00:00,48,February_2023,33.0,32.3,483.0,17.60984,75.89942,483.0,0.0,32.3,32.3,Open-Meteo Historical Forecast API (best_match/GFS Seamless),Open-Meteo Historical Forecast API (SRTM 90m at snapped grid),Open-Meteo Elevation API (SRTM 90m at station coordinates),best_match,"proxy: valid_time - lead_hours (historical forecast, not original run archive)",NOAA ISD via Phase 6 expanded dataset (QC=1),0.0065
43117099999,SOLAPUR,17.628,75.935,482.8,2023-02-05T12:00:00,2023-02-05T00:00:00,12,February_2023,32.0,31.8,483.0,17.60984,75.89942,483.0,0.0,31.8,31.8,Open-Meteo Historical Forecast API (best_match/GFS Seamless),Open-Meteo Historical Forecast API (SRTM 90m at snapped grid),Open-Meteo Elevation API (SRTM 90m at station coordinates),best_match,"proxy: valid_time - lead_hours (historical forecast, not original run archive)",NOAA ISD via Phase 6 expanded dataset (QC=1),0.0065
43117099999,SOLAPUR,17.628,75.935,482.8,2023-02-06T00:00:00,2023-02-05T00:00:00,24,February_2023,19.4,20.3,483.0,17.60984,75.89942,483.0,0.0,20.3,20.3,Open-Meteo Historical Forecast API (best_match/GFS Seamless),Open-Meteo Historical Forecast API (SRTM 90m at snapped grid),Open-Meteo Elevation API (SRTM 90m at station coordinates),best_match,"proxy: valid_time - lead_hours (historical forecast, not original run archive)",NOAA ISD via Phase 6 expanded dataset (QC=1),0.0065
43117099999,SOLAPUR,17.628,75.935,482.8,2023-02-06T12:00:00,2023-02-05T00:00:00,36,February_2023,33.0,32.3,483.0,17.60984,75.89942,483.0,0.0,32.3,32.3,Open-Meteo Historical Forecast API (best_match/GFS Seamless),Open-Meteo Historical Forecast API (SRTM 90m at snapped grid),Open-Meteo Elevation API (SRTM 90m at station coordinates),best_match,"proxy: valid_time - lead_hours (historical forecast, not original run archive)",NOAA ISD via Phase 6 expanded dataset (QC=1),0.0065
43117099999,SOLAPUR,17.628,75.935,482.8,2023-02-07T00:00:00,2023-02-05T00:00:00,48,February_2023,19.8,20.9,483.0,17.60984,75.89942,483.0,0.0,20.9,20.9,Open-Meteo Historical Forecast API (best_match/GFS Seamless),Open-Meteo Historical Forecast API (SRTM 90m at snapped grid),Open-Meteo Elevation API (SRTM 90m at station coordinates),best_match,"proxy: valid_time - lead_hours (historical forecast, not original run archive)",NOAA ISD via Phase 6 expanded dataset (QC=1),0.0065
43117099999,SOLAPUR,17.628,75.935,482.8,2023-02-06T00:00:00,2023-02-05T12:00:00,12,February_2023,19.4,20.3,483.0,17.60984,75.89942,483.0,0.0,20.3,20.3,Open-Meteo Historical Forecast API (best_match/GFS Seamless),Open-Meteo Historical Forecast API (SRTM 90m at snapped grid),Open-Meteo Elevation API (SRTM 90m at station coordinates),best_match,"proxy: valid_time - lead_hours (historical forecast, not original run archive)",NOAA ISD via Phase 6 expanded dataset (QC=1),0.0065
43117099999,SOLAPUR,17.628,75.935,482.8,2023-02-06T12:00:00,2023-02-05T12:00:00,24,February_2023,33.0,32.3,483.0,17.60984,75.89942,483.0,0.0,32.3,32.3,Open-Meteo Historical Forecast API (best_match/GFS Seamless),Open-Meteo Historical Forecast API (SRTM 90m at snapped grid),Open-Meteo Elevation API (SRTM 90m at station coordinates),best_match,"proxy: valid_time - lead_hours (historical forecast, not original run archive)",NOAA ISD via Phase 6 expanded dataset (QC=1),0.0065
43117099999,SOLAPUR,17.628,75.935,482.8,2023-02-07T00:00:00,2023-02-05T12:00:00,36,February_2023,19.8,20.9,483.0,17.60984,75.89942,483.0,0.0,20.9,20.9,Open-Meteo Historical Forecast API (best_match/GFS Seamless),Open-Meteo Historical Forecast API (SRTM 90m at snapped grid),Open-Meteo Elevation API (SRTM 90m at station coordinates),best_match,"proxy: valid_time - lead_hours (historical forecast, not original run archive)",NOAA ISD via Phase 6 expanded dataset (QC=1),0.0065
43117099999,SOLAPUR,17.628,75.935,482.8,2023-02-07T12:00:00,2023-02-05T12:00:00,48,February_2023,30.2,32.4,483.0,17.60984,75.89942,483.0,0.0,32.4,32.4,Open-Meteo Historical Forecast API (best_match/GFS Seamless),Open-Meteo Historical Forecast API (SRTM 90m at snapped grid),Open-Meteo Elevation API (SRTM 90m at station coordinates),best_match,"proxy: valid_time - lead_hours (historical forecast, not original run archive)",NOAA ISD via Phase 6 expanded dataset (QC=1),0.0065
43117099999,SOLAPUR,17.628,75.935,482.8,2023-02-06T12:00:00,2023-02-06T00:00:00,12,February_2023,33.0,32.3,483.0,17.60984,75.89942,483.0,0.0,32.3,32.3,Open-Meteo Historical Forecast API (best_match/GFS Seamless),Open-Meteo Historical Forecast API (SRTM 90m at snapped grid),Open-Meteo Elevation API (SRTM 90m at station coordinates),best_match,"proxy: valid_time - lead_hours (historical forecast, not original run archive)",NOAA ISD via Phase 6 expanded dataset (QC=1),0.0065
43117099999,SOLAPUR,17.628,75.935,482.8,2023-02-07T00:00:00,2023-02-06T00:00:00,24,February_2023,19.8,20.9,483.0,17.60984,75.89942,483.0,0.0,20.9,20.9,Open-Meteo Historical Forecast API (best_match/GFS Seamless),Open-Meteo Historical Forecast API (SRTM 90m at snapped grid),Open-Meteo Elevation API (SRTM 90m at station coordinates),best_match,"proxy: valid_time - lead_hours (historical forecast, not original run archive)",NOAA ISD via Phase 6 expanded dataset (QC=1),0.0065
43117099999,SOLAPUR,17.628,75.935,482.8,2023-02-07T12:00:00,2023-02-06T00:00:00,36,February_2023,30.2,32.4,483.0,17.60984,75.89942,483.0,0.0,32.4,32.4,Open-Meteo Historical Forecast API (best_match/GFS Seamless),Open-Meteo Historical Forecast API (SRTM 90m at snapped grid),Open-Meteo Elevation API (SRTM 90m at station coordinates),best_match,"proxy: valid_time - lead_hours (historical forecast, not original run archive)",NOAA ISD via Phase 6 expanded dataset (QC=1),0.0065
43117099999,SOLAPUR,17.628,75.935,482.8,2023-02-08T00:00:00,2023-02-06T00:00:00,48,February_2023,21.8,21.6,483.0,17.60984,75.89942,483.0,0.0,21.6,21.6,Open-Meteo Historical Forecast API (best_match/GFS Seamless),Open-Meteo Historical Forecast API (SRTM 90m at snapped grid),Open-Meteo Elevation API (SRTM 90m at station coordinates),best_match,"proxy: valid_time - lead_hours (historical forecast, not original run archive)",NOAA ISD via Phase 6 expanded dataset (QC=1),0.0065
43117099999,SOLAPUR,17.628,75.935,482.8,2023-02-07T00:00:00,2023-02-06T12:00:00,12,February_2023,19.8,20.9,483.0,17.60984,75.89942,483.0,0.0,20.9,20.9,Open-Meteo Historical Forecast API (best_match/GFS Seamless),Open-Meteo Historical Forecast API (SRTM 90m at snapped grid),Open-Meteo Elevation API (SRTM 90m at station coordinates),best_match,"proxy: valid_time - lead_hours (historical forecast, not original run archive)",NOAA ISD via Phase 6 expanded dataset (QC=1),0.0065
43117099999,SOLAPUR,17.628,75.935,482.8,2023-02-07T12:00:00,2023-02-06T12:00:00,24,February_2023,30.2,32.4,483.0,17.60984,75.89942,483.0,0.0,32.4,32.4,Open-Meteo Historical Forecast API (best_match/GFS Seamless),Open-Meteo Historical Forecast API (SRTM 90m at snapped grid),Open-Meteo Elevation API (SRTM 90m at station coordinates),best_match,"proxy: valid_time - lead_hours (historical forecast, not original run archive)",NOAA ISD via Phase 6 expanded dataset (QC=1),0.0065
43117099999,SOLAPUR,17.628,75.935,482.8,2023-02-08T00:00:00,2023-02-06T12:00:00,36,February_2023,21.8,21.6,483.0,17.60984,75.89942,483.0,0.0,21.6,21.6,Open-Meteo Historical Forecast API (best_match/GFS Seamless),Open-Meteo Historical Forecast API (SRTM 90m at snapped grid),Open-Meteo Elevation API (SRTM 90m at station coordinates),best_match,"proxy: valid_time - lead_hours (historical forecast, not original run archive)",NOAA ISD via Phase 6 expanded dataset (QC=1),0.0065
43117099999,SOLAPUR,17.628,75.935,482.8,2023-02-08T12:00:00,2023-02-06T12:00:00,48,February_2023,33.8,33.5,483.0,17.60984,75.89942,483.0,0.0,33.5,33.5,Open-Meteo Historical Forecast API (best_match/GFS Seamless),Open-Meteo Historical Forecast API (SRTM 90m at snapped grid),Open-Meteo Elevation API (SRTM 90m at station coordinates),best_match,"proxy: valid_time - lead_hours (historical forecast, not original run archive)",NOAA ISD via Phase 6 expanded dataset (QC=1),0.0065
43117099999,SOLAPUR,17.628,75.935,482.8,2023-02-07T12:00:00,2023-02-07T00:00:00,12,February_2023,30.2,32.4,483.0,17.60984,75.89942,483.0,0.0,32.4,32.4,Open-Meteo Historical Forecast API (best_match/GFS Seamless),Open-Meteo Historical Forecast API (SRTM 90m at snapped grid),Open-Meteo Elevation API (SRTM 90m at station coordinates),best_match,"proxy: valid_time - lead_hours (historical forecast, not original run archive)",NOAA ISD via Phase 6 expanded dataset (QC=1),0.0065
43117099999,SOLAPUR,17.628,75.935,482.8,2023-02-08T00:00:00,2023-02-07T00:00:00,24,February_2023,21.8,21.6,483.0,17.60984,75.89942,483.0,0.0,21.6,21.6,Open-Meteo Historical Forecast API (best_match/GFS Seamless),Open-Meteo Historical Forecast API (SRTM 90m at snapped grid),Open-Meteo Elevation API (SRTM 90m at station coordinates),best_match,"proxy: valid_time - lead_hours (historical forecast, not original run archive)",NOAA ISD via Phase 6 expanded dataset (QC=1),0.0065
43117099999,SOLAPUR,17.628,75.935,482.8,2023-02-08T12:00:00,2023-02-07T00:00:00,36,February_2023,33.8,33.5,483.0,17.60984,75.89942,483.0,0.0,33.5,33.5,Open-Meteo Historical Forecast API (best_match/GFS Seamless),Open-Meteo Historical Forecast API (SRTM 90m at snapped grid),Open-Meteo Elevation API (SRTM 90m at station coordinates),best_match,"proxy: valid_time - lead_hours (historical forecast, not original run archive)",NOAA ISD via Phase 6 expanded dataset (QC=1),0.0065
43117099999,SOLAPUR,17.628,75.935,482.8,2023-02-09T00:00:00,2023-02-07T00:00:00,48,February_2023,20.0,20.2,483.0,17.60984,75.89942,483.0,0.0,20.2,20.2,Open-Meteo Historical Forecast API (best_match/GFS Seamless),Open-Meteo Historical Forecast API (SRTM 90m at snapped grid),Open-Meteo Elevation API (SRTM 90m at station coordinates),best_match,"proxy: valid_time - lead_hours (historical forecast, not original run archive)",NOAA ISD via Phase 6 expanded dataset (QC=1),0.0065
43117099999,SOLAPUR,17.628,75.935,482.8,2023-02-08T00:00:00,2023-02-07T12:00:00,12,February_2023,21.8,21.6,483.0,17.60984,75.89942,483.0,0.0,21.6,21.6,Open-Meteo Historical Forecast API (best_match/GFS Seamless),Open-Meteo Historical Forecast API (SRTM 90m at snapped grid),Open-Meteo Elevation API (SRTM 90m at station coordinates),best_match,"proxy: valid_time - lead_hours (historical forecast, not original run archive)",NOAA ISD via Phase 6 expanded dataset (QC=1),0.0065
43117099999,SOLAPUR,17.628,75.935,482.8,2023-02-08T12:00:00,2023-02-07T12:00:00,24,February_2023,33.8,33.5,483.0,17.60984,75.89942,483.0,0.0,33.5,33.5,Open-Meteo Historical Forecast API (best_match/GFS Seamless),Open-Meteo Historical Forecast API (SRTM 90m at snapped grid),Open-Meteo Elevation API (SRTM 90m at station coordinates),best_match,"proxy: valid_time - lead_hours (historical forecast, not original run archive)",NOAA ISD via Phase 6 expanded dataset (QC=1),0.0065
43117099999,SOLAPUR,17.628,75.935,482.8,2023-02-09T00:00:00,2023-02-07T12:00:00,36,February_2023,20.0,20.2,483.0,17.60984,75.89942,483.0,0.0,20.2,20.2,Open-Meteo Historical Forecast API (best_match/GFS Seamless),Open-Meteo Historical Forecast API (SRTM 90m at snapped grid),Open-Meteo Elevation API (SRTM 90m at station coordinates),best_match,"proxy: valid_time - lead_hours (historical forecast, not original run archive)",NOAA ISD via Phase 6 expanded dataset (QC=1),0.0065
43117099999,SOLAPUR,17.628,75.935,482.8,2023-02-09T12:00:00,2023-02-07T12:00:00,48,February_2023,33.0,33.1,483.0,17.60984,75.89942,483.0,0.0,33.1,33.1,Open-Meteo Historical Forecast API (best_match/GFS Seamless),Open-Meteo Historical Forecast API (SRTM 90m at snapped grid),Open-Meteo Elevation API (SRTM 90m at station coordinates),best_match,"proxy: valid_time - lead_hours (historical forecast, not original run archive)",NOAA ISD via Phase 6 expanded dataset (QC=1),0.0065
43117099999,SOLAPUR,17.628,75.935,482.8,2023-02-08T12:00:00,2023-02-08T00:00:00,12,February_2023,33.8,33.5,483.0,17.60984,75.89942,483.0,0.0,33.5,33.5,Open-Meteo Historical Forecast API (best_match/GFS Seamless),Open-Meteo Historical Forecast API (SRTM 90m at snapped grid),Open-Meteo Elevation API (SRTM 90m at station coordinates),best_match,"proxy: valid_time - lead_hours (historical forecast, not original run archive)",NOAA ISD via Phase 6 expanded dataset (QC=1),0.0065
43117099999,SOLAPUR,17.628,75.935,482.8,2023-02-09T00:00:00,2023-02-08T00:00:00,24,February_2023,20.0,20.2,483.0,17.60984,75.89942,483.0,0.0,20.2,20.2,Open-Meteo Historical Forecast API (best_match/GFS Seamless),Open-Meteo Historical Forecast API (SRTM 90m at snapped grid),Open-Meteo Elevation API (SRTM 90m at station coordinates),best_match,"proxy: valid_time - lead_hours (historical forecast, not original run archive)",NOAA ISD via Phase 6 expanded dataset (QC=1),0.0065
43117099999,SOLAPUR,17.628,75.935,482.8,2023-02-09T12:00:00,2023-02-08T00:00:00,36,February_2023,33.0,33.1,483.0,17.60984,75.89942,483.0,0.0,33.1,33.1,Open-Meteo Historical Forecast API (best_match/GFS Seamless),Open-Meteo Historical Forecast API (SRTM 90m at snapped grid),Open-Meteo Elevation API (SRTM 90m at station coordinates),best_match,"proxy: valid_time - lead_hours (historical forecast, not original run archive)",NOAA ISD via Phase 6 expanded dataset (QC=1),0.0065
43117099999,SOLAPUR,17.628,75.935,482.8,2023-02-10T00:00:00,2023-02-08T00:00:00,48,February_2023,18.2,20.2,483.0,17.60984,75.89942,483.0,0.0,20.2,20.2,Open-Meteo Historical Forecast API (best_match/GFS Seamless),Open-Meteo Historical Forecast API (SRTM 90m at snapped grid),Open-Meteo Elevation API (SRTM 90m at station coordinates),best_match,"proxy: valid_time - lead_hours (historical forecast, not original run archive)",NOAA ISD via Phase 6 expanded dataset (QC=1),0.0065
43117099999,SOLAPUR,17.628,75.935,482.8,2023-02-09T00:00:00,2023-02-08T12:00:00,12,February_2023,20.0,20.2,483.0,17.60984,75.89942,483.0,0.0,20.2,20.2,Open-Meteo Historical Forecast API (best_match/GFS Seamless),Open-Meteo Historical Forecast API (SRTM 90m at snapped grid),Open-Meteo Elevation API (SRTM 90m at station coordinates),best_match,"proxy: valid_time - lead_hours (historical forecast, not original run archive)",NOAA ISD via Phase 6 expanded dataset (QC=1),0.0065
43117099999,SOLAPUR,17.628,75.935,482.8,2023-02-09T12:00:00,2023-02-08T12:00:00,24,February_2023,33.0,33.1,483.0,17.60984,75.89942,483.0,0.0,33.1,33.1,Open-Meteo Historical Forecast API (best_match/GFS Seamless),Open-Meteo Historical Forecast API (SRTM 90m at snapped grid),Open-Meteo Elevation API (SRTM 90m at station coordinates),best_match,"proxy: valid_time - lead_hours (historical forecast, not original run archive)",NOAA ISD via Phase 6 expanded dataset (QC=1),0.0065
43117099999,SOLAPUR,17.628,75.935,482.8,2023-02-10T00:00:00,2023-02-08T12:00:00,36,February_2023,18.2,20.2,483.0,17.60984,75.89942,483.0,0.0,20.2,20.2,Open-Meteo Historical Forecast API (best_match/GFS Seamless),Open-Meteo Historical Forecast API (SRTM 90m at snapped grid),Open-Meteo Elevation API (SRTM 90m at station coordinates),best_match,"proxy: valid_time - lead_hours (historical forecast, not original run archive)",NOAA ISD via Phase 6 expanded dataset (QC=1),0.0065
43117099999,SOLAPUR,17.628,75.935,482.8,2023-02-10T12:00:00,2023-02-08T12:00:00,48,February_2023,34.0,33.3,483.0,17.60984,75.89942,483.0,0.0,33.3,33.3,Open-Meteo Historical Forecast API (best_match/GFS Seamless),Open-Meteo Historical Forecast API (SRTM 90m at snapped grid),Open-Meteo Elevation API (SRTM 90m at station coordinates),best_match,"proxy: valid_time - lead_hours (historical forecast, not original run archive)",NOAA ISD via Phase 6 expanded dataset (QC=1),0.0065
43117099999,SOLAPUR,17.628,75.935,482.8,2023-02-09T12:00:00,2023-02-09T00:00:00,12,February_2023,33.0,33.1,483.0,17.60984,75.89942,483.0,0.0,33.1,33.1,Open-Meteo Historical Forecast API (best_match/GFS Seamless),Open-Meteo Historical Forecast API (SRTM 90m at snapped grid),Open-Meteo Elevation API (SRTM 90m at station coordinates),best_match,"proxy: valid_time - lead_hours (historical forecast, not original run archive)",NOAA ISD via Phase 6 expanded dataset (QC=1),0.0065
43117099999,SOLAPUR,17.628,75.935,482.8,2023-02-10T00:00:00,2023-02-09T00:00:00,24,February_2023,18.2,20.2,483.0,17.60984,75.89942,483.0,0.0,20.2,20.2,Open-Meteo Historical Forecast API (best_match/GFS Seamless),Open-Meteo Historical Forecast API (SRTM 90m at snapped grid),Open-Meteo Elevation API (SRTM 90m at station coordinates),best_match,"proxy: valid_time - lead_hours (historical forecast, not original run archive)",NOAA ISD via Phase 6 expanded dataset (QC=1),0.0065
43117099999,SOLAPUR,17.628,75.935,482.8,2023-02-10T12:00:00,2023-02-09T00:00:00,36,February_2023,34.0,33.3,483.0,17.60984,75.89942,483.0,0.0,33.3,33.3,Open-Meteo Historical Forecast API (best_match/GFS Seamless),Open-Meteo Historical Forecast API (SRTM 90m at snapped grid),Open-Meteo Elevation API (SRTM 90m at station coordinates),best_match,"proxy: valid_time - lead_hours (historical forecast, not original run archive)",NOAA ISD via Phase 6 expanded dataset (QC=1),0.0065
43117099999,SOLAPUR,17.628,75.935,482.8,2023-02-10T00:00:00,2023-02-09T12:00:00,12,February_2023,18.2,20.2,483.0,17.60984,75.89942,483.0,0.0,20.2,20.2,Open-Meteo Historical Forecast API (best_match/GFS Seamless),Open-Meteo Historical Forecast API (SRTM 90m at snapped grid),Open-Meteo Elevation API (SRTM 90m at station coordinates),best_match,"proxy: valid_time - lead_hours (historical forecast, not original run archive)",NOAA ISD via Phase 6 expanded dataset (QC=1),0.0065
43117099999,SOLAPUR,17.628,75.935,482.8,2023-02-10T12:00:00,2023-02-09T12:00:00,24,February_2023,34.0,33.3,483.0,17.60984,75.89942,483.0,0.0,33.3,33.3,Open-Meteo Historical Forecast API (best_match/GFS Seamless),Open-Meteo Historical Forecast API (SRTM 90m at snapped grid),Open-Meteo Elevation API (SRTM 90m at station coordinates),best_match,"proxy: valid_time - lead_hours (historical forecast, not original run archive)",NOAA ISD via Phase 6 expanded dataset (QC=1),0.0065
43117099999,SOLAPUR,17.628,75.935,482.8,2023-02-10T12:00:00,2023-02-10T00:00:00,12,February_2023,34.0,33.3,483.0,17.60984,75.89942,483.0,0.0,33.3,33.3,Open-Meteo Historical Forecast API (best_match/GFS Seamless),Open-Meteo Historical Forecast API (SRTM 90m at snapped grid),Open-Meteo Elevation API (SRTM 90m at station coordinates),best_match,"proxy: valid_time - lead_hours (historical forecast, not original run archive)",NOAA ISD via Phase 6 expanded dataset (QC=1),0.0065
43117099999,SOLAPUR,17.628,75.935,482.8,2023-08-01T12:00:00,2023-08-01T00:00:00,12,August_2023,27.6,26.4,483.0,17.60984,75.89942,483.0,0.0,26.4,26.4,Open-Meteo Historical Forecast API (best_match/GFS Seamless),Open-Meteo Historical Forecast API (SRTM 90m at snapped grid),Open-Meteo Elevation API (SRTM 90m at station coordinates),best_match,"proxy: valid_time - lead_hours (historical forecast, not original run archive)",NOAA ISD via Phase 6 expanded dataset (QC=1),0.0065
43117099999,SOLAPUR,17.628,75.935,482.8,2023-08-02T12:00:00,2023-08-01T00:00:00,36,August_2023,28.8,28.2,483.0,17.60984,75.89942,483.0,0.0,28.2,28.2,Open-Meteo Historical Forecast API (best_match/GFS Seamless),Open-Meteo Historical Forecast API (SRTM 90m at snapped grid),Open-Meteo Elevation API (SRTM 90m at station coordinates),best_match,"proxy: valid_time - lead_hours (historical forecast, not original run archive)",NOAA ISD via Phase 6 expanded dataset (QC=1),0.0065
43117099999,SOLAPUR,17.628,75.935,482.8,2023-08-03T00:00:00,2023-08-01T00:00:00,48,August_2023,25.0,23.6,483.0,17.60984,75.89942,483.0,0.0,23.6,23.6,Open-Meteo Historical Forecast API (best_match/GFS Seamless),Open-Meteo Historical Forecast API (SRTM 90m at snapped grid),Open-Meteo Elevation API (SRTM 90m at station coordinates),best_match,"proxy: valid_time - lead_hours (historical forecast, not original run archive)",NOAA ISD via Phase 6 expanded dataset (QC=1),0.0065
43117099999,SOLAPUR,17.628,75.935,482.8,2023-08-02T12:00:00,2023-08-01T12:00:00,24,August_2023,28.8,28.2,483.0,17.60984,75.89942,483.0,0.0,28.2,28.2,Open-Meteo Historical Forecast API (best_match/GFS Seamless),Open-Meteo Historical Forecast API (SRTM 90m at snapped grid),Open-Meteo Elevation API (SRTM 90m at station coordinates),best_match,"proxy: valid_time - lead_hours (historical forecast, not original run archive)",NOAA ISD via Phase 6 expanded dataset (QC=1),0.0065
43117099999,SOLAPUR,17.628,75.935,482.8,2023-08-03T00:00:00,2023-08-01T12:00:00,36,August_2023,25.0,23.6,483.0,17.60984,75.89942,483.0,0.0,23.6,23.6,Open-Meteo Historical Forecast API (best_match/GFS Seamless),Open-Meteo Historical Forecast API (SRTM 90m at snapped grid),Open-Meteo Elevation API (SRTM 90m at station coordinates),best_match,"proxy: valid_time - lead_hours (historical forecast, not original run archive)",NOAA ISD via Phase 6 expanded dataset (QC=1),0.0065
43117099999,SOLAPUR,17.628,75.935,482.8,2023-08-03T12:00:00,2023-08-01T12:00:00,48,August_2023,29.4,26.9,483.0,17.60984,75.89942,483.0,0.0,26.9,26.9,Open-Meteo Historical Forecast API (best_match/GFS Seamless),Open-Meteo Historical Forecast API (SRTM 90m at snapped grid),Open-Meteo Elevation API (SRTM 90m at station coordinates),best_match,"proxy: valid_time - lead_hours (historical forecast, not original run archive)",NOAA ISD via Phase 6 expanded dataset (QC=1),0.0065
43117099999,SOLAPUR,17.628,75.935,482.8,2023-08-02T12:00:00,2023-08-02T00:00:00,12,August_2023,28.8,28.2,483.0,17.60984,75.89942,483.0,0.0,28.2,28.2,Open-Meteo Historical Forecast API (best_match/GFS Seamless),Open-Meteo Historical Forecast API (SRTM 90m at snapped grid),Open-Meteo Elevation API (SRTM 90m at station coordinates),best_match,"proxy: valid_time - lead_hours (historical forecast, not original run archive)",NOAA ISD via Phase 6 expanded dataset (QC=1),0.0065
43117099999,SOLAPUR,17.628,75.935,482.8,2023-08-03T00:00:00,2023-08-02T00:00:00,24,August_2023,25.0,23.6,483.0,17.60984,75.89942,483.0,0.0,23.6,23.6,Open-Meteo Historical Forecast API (best_match/GFS Seamless),Open-Meteo Historical Forecast API (SRTM 90m at snapped grid),Open-Meteo Elevation API (SRTM 90m at station coordinates),best_match,"proxy: valid_time - lead_hours (historical forecast, not original run archive)",NOAA ISD via Phase 6 expanded dataset (QC=1),0.0065
43117099999,SOLAPUR,17.628,75.935,482.8,2023-08-03T12:00:00,2023-08-02T00:00:00,36,August_2023,29.4,26.9,483.0,17.60984,75.89942,483.0,0.0,26.9,26.9,Open-Meteo Historical Forecast API (best_match/GFS Seamless),Open-Meteo Historical Forecast API (SRTM 90m at snapped grid),Open-Meteo Elevation API (SRTM 90m at station coordinates),best_match,"proxy: valid_time - lead_hours (historical forecast, not original run archive)",NOAA ISD via Phase 6 expanded dataset (QC=1),0.0065
43117099999,SOLAPUR,17.628,75.935,482.8,2023-08-03T00:00:00,2023-08-02T12:00:00,12,August_2023,25.0,23.6,483.0,17.60984,75.89942,483.0,0.0,23.6,23.6,Open-Meteo Historical Forecast API (best_match/GFS Seamless),Open-Meteo Historical Forecast API (SRTM 90m at snapped grid),Open-Meteo Elevation API (SRTM 90m at station coordinates),best_match,"proxy: valid_time - lead_hours (historical forecast, not original run archive)",NOAA ISD via Phase 6 expanded dataset (QC=1),0.0065
43117099999,SOLAPUR,17.628,75.935,482.8,2023-08-03T12:00:00,2023-08-02T12:00:00,24,August_2023,29.4,26.9,483.0,17.60984,75.89942,483.0,0.0,26.9,26.9,Open-Meteo Historical Forecast API (best_match/GFS Seamless),Open-Meteo Historical Forecast API (SRTM 90m at snapped grid),Open-Meteo Elevation API (SRTM 90m at station coordinates),best_match,"proxy: valid_time - lead_hours (historical forecast, not original run archive)",NOAA ISD via Phase 6 expanded dataset (QC=1),0.0065
43117099999,SOLAPUR,17.628,75.935,482.8,2023-08-04T12:00:00,2023-08-02T12:00:00,48,August_2023,31.2,29.0,483.0,17.60984,75.89942,483.0,0.0,29.0,29.0,Open-Meteo Historical Forecast API (best_match/GFS Seamless),Open-Meteo Historical Forecast API (SRTM 90m at snapped grid),Open-Meteo Elevation API (SRTM 90m at station coordinates),best_match,"proxy: valid_time - lead_hours (historical forecast, not original run archive)",NOAA ISD via Phase 6 expanded dataset (QC=1),0.0065
43117099999,SOLAPUR,17.628,75.935,482.8,2023-08-03T12:00:00,2023-08-03T00:00:00,12,August_2023,29.4,26.9,483.0,17.60984,75.89942,483.0,0.0,26.9,26.9,Open-Meteo Historical Forecast API (best_match/GFS Seamless),Open-Meteo Historical Forecast API (SRTM 90m at snapped grid),Open-Meteo Elevation API (SRTM 90m at station coordinates),best_match,"proxy: valid_time - lead_hours (historical forecast, not original run archive)",NOAA ISD via Phase 6 expanded dataset (QC=1),0.0065
43117099999,SOLAPUR,17.628,75.935,482.8,2023-08-04T12:00:00,2023-08-03T00:00:00,36,August_2023,31.2,29.0,483.0,17.60984,75.89942,483.0,0.0,29.0,29.0,Open-Meteo Historical Forecast API (best_match/GFS Seamless),Open-Meteo Historical Forecast API (SRTM 90m at snapped grid),Open-Meteo Elevation API (SRTM 90m at station coordinates),best_match,"proxy: valid_time - lead_hours (historical forecast, not original run archive)",NOAA ISD via Phase 6 expanded dataset (QC=1),0.0065
43117099999,SOLAPUR,17.628,75.935,482.8,2023-08-04T12:00:00,2023-08-03T12:00:00,24,August_2023,31.2,29.0,483.0,17.60984,75.89942,483.0,0.0,29.0,29.0,Open-Meteo Historical Forecast API (best_match/GFS Seamless),Open-Meteo Historical Forecast API (SRTM 90m at snapped grid),Open-Meteo Elevation API (SRTM 90m at station coordinates),best_match,"proxy: valid_time - lead_hours (historical forecast, not original run archive)",NOAA ISD via Phase 6 expanded dataset (QC=1),0.0065
43117099999,SOLAPUR,17.628,75.935,482.8,2023-08-05T12:00:00,2023-08-03T12:00:00,48,August_2023,29.6,28.0,483.0,17.60984,75.89942,483.0,0.0,28.0,28.0,Open-Meteo Historical Forecast API (best_match/GFS Seamless),Open-Meteo Historical Forecast API (SRTM 90m at snapped grid),Open-Meteo Elevation API (SRTM 90m at station coordinates),best_match,"proxy: valid_time - lead_hours (historical forecast, not original run archive)",NOAA ISD via Phase 6 expanded dataset (QC=1),0.0065
43117099999,SOLAPUR,17.628,75.935,482.8,2023-08-04T12:00:00,2023-08-04T00:00:00,12,August_2023,31.2,29.0,483.0,17.60984,75.89942,483.0,0.0,29.0,29.0,Open-Meteo Historical Forecast API (best_match/GFS Seamless),Open-Meteo Historical Forecast API (SRTM 90m at snapped grid),Open-Meteo Elevation API (SRTM 90m at station coordinates),best_match,"proxy: valid_time - lead_hours (historical forecast, not original run archive)",NOAA ISD via Phase 6 expanded dataset (QC=1),0.0065
43117099999,SOLAPUR,17.628,75.935,482.8,2023-08-05T12:00:00,2023-08-04T00:00:00,36,August_2023,29.6,28.0,483.0,17.60984,75.89942,483.0,0.0,28.0,28.0,Open-Meteo Historical Forecast API (best_match/GFS Seamless),Open-Meteo Historical Forecast API (SRTM 90m at snapped grid),Open-Meteo Elevation API (SRTM 90m at station coordinates),best_match,"proxy: valid_time - lead_hours (historical forecast, not original run archive)",NOAA ISD via Phase 6 expanded dataset (QC=1),0.0065
43117099999,SOLAPUR,17.628,75.935,482.8,2023-08-05T12:00:00,2023-08-04T12:00:00,24,August_2023,29.6,28.0,483.0,17.60984,75.89942,483.0,0.0,28.0,28.0,Open-Meteo Historical Forecast API (best_match/GFS Seamless),Open-Meteo Historical Forecast API (SRTM 90m at snapped grid),Open-Meteo Elevation API (SRTM 90m at station coordinates),best_match,"proxy: valid_time - lead_hours (historical forecast, not original run archive)",NOAA ISD via Phase 6 expanded dataset (QC=1),0.0065
43117099999,SOLAPUR,17.628,75.935,482.8,2023-08-06T12:00:00,2023-08-04T12:00:00,48,August_2023,29.0,28.5,483.0,17.60984,75.89942,483.0,0.0,28.5,28.5,Open-Meteo Historical Forecast API (best_match/GFS Seamless),Open-Meteo Historical Forecast API (SRTM 90m at snapped grid),Open-Meteo Elevation API (SRTM 90m at station coordinates),best_match,"proxy: valid_time - lead_hours (historical forecast, not original run archive)",NOAA ISD via Phase 6 expanded dataset (QC=1),0.0065
43117099999,SOLAPUR,17.628,75.935,482.8,2023-08-05T12:00:00,2023-08-05T00:00:00,12,August_2023,29.6,28.0,483.0,17.60984,75.89942,483.0,0.0,28.0,28.0,Open-Meteo Historical Forecast API (best_match/GFS Seamless),Open-Meteo Historical Forecast API (SRTM 90m at snapped grid),Open-Meteo Elevation API (SRTM 90m at station coordinates),best_match,"proxy: valid_time - lead_hours (historical forecast, not original run archive)",NOAA ISD via Phase 6 expanded dataset (QC=1),0.0065
43117099999,SOLAPUR,17.628,75.935,482.8,2023-08-06T12:00:00,2023-08-05T00:00:00,36,August_2023,29.0,28.5,483.0,17.60984,75.89942,483.0,0.0,28.5,28.5,Open-Meteo Historical Forecast API (best_match/GFS Seamless),Open-Meteo Historical Forecast API (SRTM 90m at snapped grid),Open-Meteo Elevation API (SRTM 90m at station coordinates),best_match,"proxy: valid_time - lead_hours (historical forecast, not original run archive)",NOAA ISD via Phase 6 expanded dataset (QC=1),0.0065
43117099999,SOLAPUR,17.628,75.935,482.8,2023-08-06T12:00:00,2023-08-05T12:00:00,24,August_2023,29.0,28.5,483.0,17.60984,75.89942,483.0,0.0,28.5,28.5,Open-Meteo Historical Forecast API (best_match/GFS Seamless),Open-Meteo Historical Forecast API (SRTM 90m at snapped grid),Open-Meteo Elevation API (SRTM 90m at station coordinates),best_match,"proxy: valid_time - lead_hours (historical forecast, not original run archive)",NOAA ISD via Phase 6 expanded dataset (QC=1),0.0065
43117099999,SOLAPUR,17.628,75.935,482.8,2023-08-07T12:00:00,2023-08-05T12:00:00,48,August_2023,28.6,29.3,483.0,17.60984,75.89942,483.0,0.0,29.3,29.3,Open-Meteo Historical Forecast API (best_match/GFS Seamless),Open-Meteo Historical Forecast API (SRTM 90m at snapped grid),Open-Meteo Elevation API (SRTM 90m at station coordinates),best_match,"proxy: valid_time - lead_hours (historical forecast, not original run archive)",NOAA ISD via Phase 6 expanded dataset (QC=1),0.0065
43117099999,SOLAPUR,17.628,75.935,482.8,2023-08-06T12:00:00,2023-08-06T00:00:00,12,August_2023,29.0,28.5,483.0,17.60984,75.89942,483.0,0.0,28.5,28.5,Open-Meteo Historical Forecast API (best_match/GFS Seamless),Open-Meteo Historical Forecast API (SRTM 90m at snapped grid),Open-Meteo Elevation API (SRTM 90m at station coordinates),best_match,"proxy: valid_time - lead_hours (historical forecast, not original run archive)",NOAA ISD via Phase 6 expanded dataset (QC=1),0.0065
43117099999,SOLAPUR,17.628,75.935,482.8,2023-08-07T12:00:00,2023-08-06T00:00:00,36,August_2023,28.6,29.3,483.0,17.60984,75.89942,483.0,0.0,29.3,29.3,Open-Meteo Historical Forecast API (best_match/GFS Seamless),Open-Meteo Historical Forecast API (SRTM 90m at snapped grid),Open-Meteo Elevation API (SRTM 90m at station coordinates),best_match,"proxy: valid_time - lead_hours (historical forecast, not original run archive)",NOAA ISD via Phase 6 expanded dataset (QC=1),0.0065
43117099999,SOLAPUR,17.628,75.935,482.8,2023-08-07T12:00:00,2023-08-06T12:00:00,24,August_2023,28.6,29.3,483.0,17.60984,75.89942,483.0,0.0,29.3,29.3,Open-Meteo Historical Forecast API (best_match/GFS Seamless),Open-Meteo Historical Forecast API (SRTM 90m at snapped grid),Open-Meteo Elevation API (SRTM 90m at station coordinates),best_match,"proxy: valid_time - lead_hours (historical forecast, not original run archive)",NOAA ISD via Phase 6 expanded dataset (QC=1),0.0065
43117099999,SOLAPUR,17.628,75.935,482.8,2023-08-08T12:00:00,2023-08-06T12:00:00,48,August_2023,29.8,27.5,483.0,17.60984,75.89942,483.0,0.0,27.5,27.5,Open-Meteo Historical Forecast API (best_match/GFS Seamless),Open-Meteo Historical Forecast API (SRTM 90m at snapped grid),Open-Meteo Elevation API (SRTM 90m at station coordinates),best_match,"proxy: valid_time - lead_hours (historical forecast, not original run archive)",NOAA ISD via Phase 6 expanded dataset (QC=1),0.0065
43117099999,SOLAPUR,17.628,75.935,482.8,2023-08-07T12:00:00,2023-08-07T00:00:00,12,August_2023,28.6,29.3,483.0,17.60984,75.89942,483.0,0.0,29.3,29.3,Open-Meteo Historical Forecast API (best_match/GFS Seamless),Open-Meteo Historical Forecast API (SRTM 90m at snapped grid),Open-Meteo Elevation API (SRTM 90m at station coordinates),best_match,"proxy: valid_time - lead_hours (historical forecast, not original run archive)",NOAA ISD via Phase 6 expanded dataset (QC=1),0.0065
43117099999,SOLAPUR,17.628,75.935,482.8,2023-08-08T12:00:00,2023-08-07T00:00:00,36,August_2023,29.8,27.5,483.0,17.60984,75.89942,483.0,0.0,27.5,27.5,Open-Meteo Historical Forecast API (best_match/GFS Seamless),Open-Meteo Historical Forecast API (SRTM 90m at snapped grid),Open-Meteo Elevation API (SRTM 90m at station coordinates),best_match,"proxy: valid_time - lead_hours (historical forecast, not original run archive)",NOAA ISD via Phase 6 expanded dataset (QC=1),0.0065
43117099999,SOLAPUR,17.628,75.935,482.8,2023-08-08T12:00:00,2023-08-07T12:00:00,24,August_2023,29.8,27.5,483.0,17.60984,75.89942,483.0,0.0,27.5,27.5,Open-Meteo Historical Forecast API (best_match/GFS Seamless),Open-Meteo Historical Forecast API (SRTM 90m at snapped grid),Open-Meteo Elevation API (SRTM 90m at station coordinates),best_match,"proxy: valid_time - lead_hours (historical forecast, not original run archive)",NOAA ISD via Phase 6 expanded dataset (QC=1),0.0065
43117099999,SOLAPUR,17.628,75.935,482.8,2023-08-09T12:00:00,2023-08-07T12:00:00,48,August_2023,31.0,28.8,483.0,17.60984,75.89942,483.0,0.0,28.8,28.8,Open-Meteo Historical Forecast API (best_match/GFS Seamless),Open-Meteo Historical Forecast API (SRTM 90m at snapped grid),Open-Meteo Elevation API (SRTM 90m at station coordinates),best_match,"proxy: valid_time - lead_hours (historical forecast, not original run archive)",NOAA ISD via Phase 6 expanded dataset (QC=1),0.0065
43117099999,SOLAPUR,17.628,75.935,482.8,2023-08-08T12:00:00,2023-08-08T00:00:00,12,August_2023,29.8,27.5,483.0,17.60984,75.89942,483.0,0.0,27.5,27.5,Open-Meteo Historical Forecast API (best_match/GFS Seamless),Open-Meteo Historical Forecast API (SRTM 90m at snapped grid),Open-Meteo Elevation API (SRTM 90m at station coordinates),best_match,"proxy: valid_time - lead_hours (historical forecast, not original run archive)",NOAA ISD via Phase 6 expanded dataset (QC=1),0.0065
43117099999,SOLAPUR,17.628,75.935,482.8,2023-08-09T12:00:00,2023-08-08T00:00:00,36,August_2023,31.0,28.8,483.0,17.60984,75.89942,483.0,0.0,28.8,28.8,Open-Meteo Historical Forecast API (best_match/GFS Seamless),Open-Meteo Historical Forecast API (SRTM 90m at snapped grid),Open-Meteo Elevation API (SRTM 90m at station coordinates),best_match,"proxy: valid_time - lead_hours (historical forecast, not original run archive)",NOAA ISD via Phase 6 expanded dataset (QC=1),0.0065
43117099999,SOLAPUR,17.628,75.935,482.8,2023-08-09T12:00:00,2023-08-08T12:00:00,24,August_2023,31.0,28.8,483.0,17.60984,75.89942,483.0,0.0,28.8,28.8,Open-Meteo Historical Forecast API (best_match/GFS Seamless),Open-Meteo Historical Forecast API (SRTM 90m at snapped grid),Open-Meteo Elevation API (SRTM 90m at station coordinates),best_match,"proxy: valid_time - lead_hours (historical forecast, not original run archive)",NOAA ISD via Phase 6 expanded dataset (QC=1),0.0065
43117099999,SOLAPUR,17.628,75.935,482.8,2023-08-09T12:00:00,2023-08-09T00:00:00,12,August_2023,31.0,28.8,483.0,17.60984,75.89942,483.0,0.0,28.8,28.8,Open-Meteo Historical Forecast API (best_match/GFS Seamless),Open-Meteo Historical Forecast API (SRTM 90m at snapped grid),Open-Meteo Elevation API (SRTM 90m at station coordinates),best_match,"proxy: valid_time - lead_hours (historical forecast, not original run archive)",NOAA ISD via Phase 6 expanded dataset (QC=1),0.0065
43157099999,KOLHAPUR,16.665,74.289,608.4,2023-02-01T12:00:00,2023-02-01T00:00:00,12,February_2023,29.2,28.1,608.0,16.695957,74.26934,608.0,0.0,28.1,28.1,Open-Meteo Historical Forecast API (best_match/GFS Seamless),Open-Meteo Historical Forecast API (SRTM 90m at snapped grid),Open-Meteo Elevation API (SRTM 90m at station coordinates),best_match,"proxy: valid_time - lead_hours (historical forecast, not original run archive)",NOAA ISD via Phase 6 expanded dataset (QC=1),0.0065
43157099999,KOLHAPUR,16.665,74.289,608.4,2023-02-02T12:00:00,2023-02-01T00:00:00,36,February_2023,29.0,28.9,608.0,16.695957,74.26934,608.0,0.0,28.9,28.9,Open-Meteo Historical Forecast API (best_match/GFS Seamless),Open-Meteo Historical Forecast API (SRTM 90m at snapped grid),Open-Meteo Elevation API (SRTM 90m at station coordinates),best_match,"proxy: valid_time - lead_hours (historical forecast, not original run archive)",NOAA ISD via Phase 6 expanded dataset (QC=1),0.0065
43157099999,KOLHAPUR,16.665,74.289,608.4,2023-02-02T12:00:00,2023-02-01T12:00:00,24,February_2023,29.0,28.9,608.0,16.695957,74.26934,608.0,0.0,28.9,28.9,Open-Meteo Historical Forecast API (best_match/GFS Seamless),Open-Meteo Historical Forecast API (SRTM 90m at snapped grid),Open-Meteo Elevation API (SRTM 90m at station coordinates),best_match,"proxy: valid_time - lead_hours (historical forecast, not original run archive)",NOAA ISD via Phase 6 expanded dataset (QC=1),0.0065
43157099999,KOLHAPUR,16.665,74.289,608.4,2023-02-03T12:00:00,2023-02-01T12:00:00,48,February_2023,29.6,29.7,608.0,16.695957,74.26934,608.0,0.0,29.7,29.7,Open-Meteo Historical Forecast API (best_match/GFS Seamless),Open-Meteo Historical Forecast API (SRTM 90m at snapped grid),Open-Meteo Elevation API (SRTM 90m at station coordinates),best_match,"proxy: valid_time - lead_hours (historical forecast, not original run archive)",NOAA ISD via Phase 6 expanded dataset (QC=1),0.0065
43157099999,KOLHAPUR,16.665,74.289,608.4,2023-02-02T12:00:00,2023-02-02T00:00:00,12,February_2023,29.0,28.9,608.0,16.695957,74.26934,608.0,0.0,28.9,28.9,Open-Meteo Historical Forecast API (best_match/GFS Seamless),Open-Meteo Historical Forecast API (SRTM 90m at snapped grid),Open-Meteo Elevation API (SRTM 90m at station coordinates),best_match,"proxy: valid_time - lead_hours (historical forecast, not original run archive)",NOAA ISD via Phase 6 expanded dataset (QC=1),0.0065
43157099999,KOLHAPUR,16.665,74.289,608.4,2023-02-03T12:00:00,2023-02-02T00:00:00,36,February_2023,29.6,29.7,608.0,16.695957,74.26934,608.0,0.0,29.7,29.7,Open-Meteo Historical Forecast API (best_match/GFS Seamless),Open-Meteo Historical Forecast API (SRTM 90m at snapped grid),Open-Meteo Elevation API (SRTM 90m at station coordinates),best_match,"proxy: valid_time - lead_hours (historical forecast, not original run archive)",NOAA ISD via Phase 6 expanded dataset (QC=1),0.0065
43157099999,KOLHAPUR,16.665,74.289,608.4,2023-02-03T12:00:00,2023-02-02T12:00:00,24,February_2023,29.6,29.7,608.0,16.695957,74.26934,608.0,0.0,29.7,29.7,Open-Meteo Historical Forecast API (best_match/GFS Seamless),Open-Meteo Historical Forecast API (SRTM 90m at snapped grid),Open-Meteo Elevation API (SRTM 90m at station coordinates),best_match,"proxy: valid_time - lead_hours (historical forecast, not original run archive)",NOAA ISD via Phase 6 expanded dataset (QC=1),0.0065
43157099999,KOLHAPUR,16.665,74.289,608.4,2023-02-04T12:00:00,2023-02-02T12:00:00,48,February_2023,31.0,30.2,608.0,16.695957,74.26934,608.0,0.0,30.2,30.2,Open-Meteo Historical Forecast API (best_match/GFS Seamless),Open-Meteo Historical Forecast API (SRTM 90m at snapped grid),Open-Meteo Elevation API (SRTM 90m at station coordinates),best_match,"proxy: valid_time - lead_hours (historical forecast, not original run archive)",NOAA ISD via Phase 6 expanded dataset (QC=1),0.0065
43157099999,KOLHAPUR,16.665,74.289,608.4,2023-02-03T12:00:00,2023-02-03T00:00:00,12,February_2023,29.6,29.7,608.0,16.695957,74.26934,608.0,0.0,29.7,29.7,Open-Meteo Historical Forecast API (best_match/GFS Seamless),Open-Meteo Historical Forecast API (SRTM 90m at snapped grid),Open-Meteo Elevation API (SRTM 90m at station coordinates),best_match,"proxy: valid_time - lead_hours (historical forecast, not original run archive)",NOAA ISD via Phase 6 expanded dataset (QC=1),0.0065
43157099999,KOLHAPUR,16.665,74.289,608.4,2023-02-04T12:00:00,2023-02-03T00:00:00,36,February_2023,31.0,30.2,608.0,16.695957,74.26934,608.0,0.0,30.2,30.2,Open-Meteo Historical Forecast API (best_match/GFS Seamless),Open-Meteo Historical Forecast API (SRTM 90m at snapped grid),Open-Meteo Elevation API (SRTM 90m at station coordinates),best_match,"proxy: valid_time - lead_hours (historical forecast, not original run archive)",NOAA ISD via Phase 6 expanded dataset (QC=1),0.0065
43157099999,KOLHAPUR,16.665,74.289,608.4,2023-02-04T12:00:00,2023-02-03T12:00:00,24,February_2023,31.0,30.2,608.0,16.695957,74.26934,608.0,0.0,30.2,30.2,Open-Meteo Historical Forecast API (best_match/GFS Seamless),Open-Meteo Historical Forecast API (SRTM 90m at snapped grid),Open-Meteo Elevation API (SRTM 90m at station coordinates),best_match,"proxy: valid_time - lead_hours (historical forecast, not original run archive)",NOAA ISD via Phase 6 expanded dataset (QC=1),0.0065
43157099999,KOLHAPUR,16.665,74.289,608.4,2023-02-05T12:00:00,2023-02-03T12:00:00,48,February_2023,31.2,30.4,608.0,16.695957,74.26934,608.0,0.0,30.4,30.4,Open-Meteo Historical Forecast API (best_match/GFS Seamless),Open-Meteo Historical Forecast API (SRTM 90m at snapped grid),Open-Meteo Elevation API (SRTM 90m at station coordinates),best_match,"proxy: valid_time - lead_hours (historical forecast, not original run archive)",NOAA ISD via Phase 6 expanded dataset (QC=1),0.0065
43157099999,KOLHAPUR,16.665,74.289,608.4,2023-02-04T12:00:00,2023-02-04T00:00:00,12,February_2023,31.0,30.2,608.0,16.695957,74.26934,608.0,0.0,30.2,30.2,Open-Meteo Historical Forecast API (best_match/GFS Seamless),Open-Meteo Historical Forecast API (SRTM 90m at snapped grid),Open-Meteo Elevation API (SRTM 90m at station coordinates),best_match,"proxy: valid_time - lead_hours (historical forecast, not original run archive)",NOAA ISD via Phase 6 expanded dataset (QC=1),0.0065
43157099999,KOLHAPUR,16.665,74.289,608.4,2023-02-05T12:00:00,2023-02-04T00:00:00,36,February_2023,31.2,30.4,608.0,16.695957,74.26934,608.0,0.0,30.4,30.4,Open-Meteo Historical Forecast API (best_match/GFS Seamless),Open-Meteo Historical Forecast API (SRTM 90m at snapped grid),Open-Meteo Elevation API (SRTM 90m at station coordinates),best_match,"proxy: valid_time - lead_hours (historical forecast, not original run archive)",NOAA ISD via Phase 6 expanded dataset (QC=1),0.0065
43157099999,KOLHAPUR,16.665,74.289,608.4,2023-02-05T12:00:00,2023-02-04T12:00:00,24,February_2023,31.2,30.4,608.0,16.695957,74.26934,608.0,0.0,30.4,30.4,Open-Meteo Historical Forecast API (best_match/GFS Seamless),Open-Meteo Historical Forecast API (SRTM 90m at snapped grid),Open-Meteo Elevation API (SRTM 90m at station coordinates),best_match,"proxy: valid_time - lead_hours (historical forecast, not original run archive)",NOAA ISD via Phase 6 expanded dataset (QC=1),0.0065
43157099999,KOLHAPUR,16.665,74.289,608.4,2023-02-06T12:00:00,2023-02-04T12:00:00,48,February_2023,32.0,31.0,608.0,16.695957,74.26934,608.0,0.0,31.0,31.0,Open-Meteo Historical Forecast API (best_match/GFS Seamless),Open-Meteo Historical Forecast API (SRTM 90m at snapped grid),Open-Meteo Elevation API (SRTM 90m at station coordinates),best_match,"proxy: valid_time - lead_hours (historical forecast, not original run archive)",NOAA ISD via Phase 6 expanded dataset (QC=1),0.0065
43157099999,KOLHAPUR,16.665,74.289,608.4,2023-02-05T12:00:00,2023-02-05T00:00:00,12,February_2023,31.2,30.4,608.0,16.695957,74.26934,608.0,0.0,30.4,30.4,Open-Meteo Historical Forecast API (best_match/GFS Seamless),Open-Meteo Historical Forecast API (SRTM 90m at snapped grid),Open-Meteo Elevation API (SRTM 90m at station coordinates),best_match,"proxy: valid_time - lead_hours (historical forecast, not original run archive)",NOAA ISD via Phase 6 expanded dataset (QC=1),0.0065
43157099999,KOLHAPUR,16.665,74.289,608.4,2023-02-06T12:00:00,2023-02-05T00:00:00,36,February_2023,32.0,31.0,608.0,16.695957,74.26934,608.0,0.0,31.0,31.0,Open-Meteo Historical Forecast API (best_match/GFS Seamless),Open-Meteo Historical Forecast API (SRTM 90m at snapped grid),Open-Meteo Elevation API (SRTM 90m at station coordinates),best_match,"proxy: valid_time - lead_hours (historical forecast, not original run archive)",NOAA ISD via Phase 6 expanded dataset (QC=1),0.0065
43157099999,KOLHAPUR,16.665,74.289,608.4,2023-02-06T12:00:00,2023-02-05T12:00:00,24,February_2023,32.0,31.0,608.0,16.695957,74.26934,608.0,0.0,31.0,31.0,Open-Meteo Historical Forecast API (best_match/GFS Seamless),Open-Meteo Historical Forecast API (SRTM 90m at snapped grid),Open-Meteo Elevation API (SRTM 90m at station coordinates),best_match,"proxy: valid_time - lead_hours (historical forecast, not original run archive)",NOAA ISD via Phase 6 expanded dataset (QC=1),0.0065
43157099999,KOLHAPUR,16.665,74.289,608.4,2023-02-07T12:00:00,2023-02-05T12:00:00,48,February_2023,31.2,30.8,608.0,16.695957,74.26934,608.0,0.0,30.8,30.8,Open-Meteo Historical Forecast API (best_match/GFS Seamless),Open-Meteo Historical Forecast API (SRTM 90m at snapped grid),Open-Meteo Elevation API (SRTM 90m at station coordinates),best_match,"proxy: valid_time - lead_hours (historical forecast, not original run archive)",NOAA ISD via Phase 6 expanded dataset (QC=1),0.0065
43157099999,KOLHAPUR,16.665,74.289,608.4,2023-02-06T12:00:00,2023-02-06T00:00:00,12,February_2023,32.0,31.0,608.0,16.695957,74.26934,608.0,0.0,31.0,31.0,Open-Meteo Historical Forecast API (best_match/GFS Seamless),Open-Meteo Historical Forecast API (SRTM 90m at snapped grid),Open-Meteo Elevation API (SRTM 90m at station coordinates),best_match,"proxy: valid_time - lead_hours (historical forecast, not original run archive)",NOAA ISD via Phase 6 expanded dataset (QC=1),0.0065
43157099999,KOLHAPUR,16.665,74.289,608.4,2023-02-07T12:00:00,2023-02-06T00:00:00,36,February_2023,31.2,30.8,608.0,16.695957,74.26934,608.0,0.0,30.8,30.8,Open-Meteo Historical Forecast API (best_match/GFS Seamless),Open-Meteo Historical Forecast API (SRTM 90m at snapped grid),Open-Meteo Elevation API (SRTM 90m at station coordinates),best_match,"proxy: valid_time - lead_hours (historical forecast, not original run archive)",NOAA ISD via Phase 6 expanded dataset (QC=1),0.0065
43157099999,KOLHAPUR,16.665,74.289,608.4,2023-02-07T12:00:00,2023-02-06T12:00:00,24,February_2023,31.2,30.8,608.0,16.695957,74.26934,608.0,0.0,30.8,30.8,Open-Meteo Historical Forecast API (best_match/GFS Seamless),Open-Meteo Historical Forecast API (SRTM 90m at snapped grid),Open-Meteo Elevation API (SRTM 90m at station coordinates),best_match,"proxy: valid_time - lead_hours (historical forecast, not original run archive)",NOAA ISD via Phase 6 expanded dataset (QC=1),0.0065
43157099999,KOLHAPUR,16.665,74.289,608.4,2023-02-08T12:00:00,2023-02-06T12:00:00,48,February_2023,32.2,32.2,608.0,16.695957,74.26934,608.0,0.0,32.2,32.2,Open-Meteo Historical Forecast API (best_match/GFS Seamless),Open-Meteo Historical Forecast API (SRTM 90m at snapped grid),Open-Meteo Elevation API (SRTM 90m at station coordinates),best_match,"proxy: valid_time - lead_hours (historical forecast, not original run archive)",NOAA ISD via Phase 6 expanded dataset (QC=1),0.0065
43157099999,KOLHAPUR,16.665,74.289,608.4,2023-02-07T12:00:00,2023-02-07T00:00:00,12,February_2023,31.2,30.8,608.0,16.695957,74.26934,608.0,0.0,30.8,30.8,Open-Meteo Historical Forecast API (best_match/GFS Seamless),Open-Meteo Historical Forecast API (SRTM 90m at snapped grid),Open-Meteo Elevation API (SRTM 90m at station coordinates),best_match,"proxy: valid_time - lead_hours (historical forecast, not original run archive)",NOAA ISD via Phase 6 expanded dataset (QC=1),0.0065
43157099999,KOLHAPUR,16.665,74.289,608.4,2023-02-08T12:00:00,2023-02-07T00:00:00,36,February_2023,32.2,32.2,608.0,16.695957,74.26934,608.0,0.0,32.2,32.2,Open-Meteo Historical Forecast API (best_match/GFS Seamless),Open-Meteo Historical Forecast API (SRTM 90m at snapped grid),Open-Meteo Elevation API (SRTM 90m at station coordinates),best_match,"proxy: valid_time - lead_hours (historical forecast, not original run archive)",NOAA ISD via Phase 6 expanded dataset (QC=1),0.0065
43157099999,KOLHAPUR,16.665,74.289,608.4,2023-02-08T12:00:00,2023-02-07T12:00:00,24,February_2023,32.2,32.2,608.0,16.695957,74.26934,608.0,0.0,32.2,32.2,Open-Meteo Historical Forecast API (best_match/GFS Seamless),Open-Meteo Historical Forecast API (SRTM 90m at snapped grid),Open-Meteo Elevation API (SRTM 90m at station coordinates),best_match,"proxy: valid_time - lead_hours (historical forecast, not original run archive)",NOAA ISD via Phase 6 expanded dataset (QC=1),0.0065
43157099999,KOLHAPUR,16.665,74.289,608.4,2023-02-09T12:00:00,2023-02-07T12:00:00,48,February_2023,32.0,32.2,608.0,16.695957,74.26934,608.0,0.0,32.2,32.2,Open-Meteo Historical Forecast API (best_match/GFS Seamless),Open-Meteo Historical Forecast API (SRTM 90m at snapped grid),Open-Meteo Elevation API (SRTM 90m at station coordinates),best_match,"proxy: valid_time - lead_hours (historical forecast, not original run archive)",NOAA ISD via Phase 6 expanded dataset (QC=1),0.0065
43157099999,KOLHAPUR,16.665,74.289,608.4,2023-02-08T12:00:00,2023-02-08T00:00:00,12,February_2023,32.2,32.2,608.0,16.695957,74.26934,608.0,0.0,32.2,32.2,Open-Meteo Historical Forecast API (best_match/GFS Seamless),Open-Meteo Historical Forecast API (SRTM 90m at snapped grid),Open-Meteo Elevation API (SRTM 90m at station coordinates),best_match,"proxy: valid_time - lead_hours (historical forecast, not original run archive)",NOAA ISD via Phase 6 expanded dataset (QC=1),0.0065
43157099999,KOLHAPUR,16.665,74.289,608.4,2023-02-09T12:00:00,2023-02-08T00:00:00,36,February_2023,32.0,32.2,608.0,16.695957,74.26934,608.0,0.0,32.2,32.2,Open-Meteo Historical Forecast API (best_match/GFS Seamless),Open-Meteo Historical Forecast API (SRTM 90m at snapped grid),Open-Meteo Elevation API (SRTM 90m at station coordinates),best_match,"proxy: valid_time - lead_hours (historical forecast, not original run archive)",NOAA ISD via Phase 6 expanded dataset (QC=1),0.0065
43157099999,KOLHAPUR,16.665,74.289,608.4,2023-02-09T12:00:00,2023-02-08T12:00:00,24,February_2023,32.0,32.2,608.0,16.695957,74.26934,608.0,0.0,32.2,32.2,Open-Meteo Historical Forecast API (best_match/GFS Seamless),Open-Meteo Historical Forecast API (SRTM 90m at snapped grid),Open-Meteo Elevation API (SRTM 90m at station coordinates),best_match,"proxy: valid_time - lead_hours (historical forecast, not original run archive)",NOAA ISD via Phase 6 expanded dataset (QC=1),0.0065
43157099999,KOLHAPUR,16.665,74.289,608.4,2023-02-10T12:00:00,2023-02-08T12:00:00,48,February_2023,32.8,32.1,608.0,16.695957,74.26934,608.0,0.0,32.1,32.1,Open-Meteo Historical Forecast API (best_match/GFS Seamless),Open-Meteo Historical Forecast API (SRTM 90m at snapped grid),Open-Meteo Elevation API (SRTM 90m at station coordinates),best_match,"proxy: valid_time - lead_hours (historical forecast, not original run archive)",NOAA ISD via Phase 6 expanded dataset (QC=1),0.0065
43157099999,KOLHAPUR,16.665,74.289,608.4,2023-02-09T12:00:00,2023-02-09T00:00:00,12,February_2023,32.0,32.2,608.0,16.695957,74.26934,608.0,0.0,32.2,32.2,Open-Meteo Historical Forecast API (best_match/GFS Seamless),Open-Meteo Historical Forecast API (SRTM 90m at snapped grid),Open-Meteo Elevation API (SRTM 90m at station coordinates),best_match,"proxy: valid_time - lead_hours (historical forecast, not original run archive)",NOAA ISD via Phase 6 expanded dataset (QC=1),0.0065
43157099999,KOLHAPUR,16.665,74.289,608.4,2023-02-10T12:00:00,2023-02-09T00:00:00,36,February_2023,32.8,32.1,608.0,16.695957,74.26934,608.0,0.0,32.1,32.1,Open-Meteo Historical Forecast API (best_match/GFS Seamless),Open-Meteo Historical Forecast API (SRTM 90m at snapped grid),Open-Meteo Elevation API (SRTM 90m at station coordinates),best_match,"proxy: valid_time - lead_hours (historical forecast, not original run archive)",NOAA ISD via Phase 6 expanded dataset (QC=1),0.0065
43157099999,KOLHAPUR,16.665,74.289,608.4,2023-02-10T12:00:00,2023-02-09T12:00:00,24,February_2023,32.8,32.1,608.0,16.695957,74.26934,608.0,0.0,32.1,32.1,Open-Meteo Historical Forecast API (best_match/GFS Seamless),Open-Meteo Historical Forecast API (SRTM 90m at snapped grid),Open-Meteo Elevation API (SRTM 90m at station coordinates),best_match,"proxy: valid_time - lead_hours (historical forecast, not original run archive)",NOAA ISD via Phase 6 expanded dataset (QC=1),0.0065
43157099999,KOLHAPUR,16.665,74.289,608.4,2023-02-10T12:00:00,2023-02-10T00:00:00,12,February_2023,32.8,32.1,608.0,16.695957,74.26934,608.0,0.0,32.1,32.1,Open-Meteo Historical Forecast API (best_match/GFS Seamless),Open-Meteo Historical Forecast API (SRTM 90m at snapped grid),Open-Meteo Elevation API (SRTM 90m at station coordinates),best_match,"proxy: valid_time - lead_hours (historical forecast, not original run archive)",NOAA ISD via Phase 6 expanded dataset (QC=1),0.0065
43157099999,KOLHAPUR,16.665,74.289,608.4,2023-08-01T12:00:00,2023-08-01T00:00:00,12,August_2023,23.0,23.9,608.0,16.695957,74.26934,608.0,0.0,23.9,23.9,Open-Meteo Historical Forecast API (best_match/GFS Seamless),Open-Meteo Historical Forecast API (SRTM 90m at snapped grid),Open-Meteo Elevation API (SRTM 90m at station coordinates),best_match,"proxy: valid_time - lead_hours (historical forecast, not original run archive)",NOAA ISD via Phase 6 expanded dataset (QC=1),0.0065
43157099999,KOLHAPUR,16.665,74.289,608.4,2023-08-02T12:00:00,2023-08-01T00:00:00,36,August_2023,25.0,23.8,608.0,16.695957,74.26934,608.0,0.0,23.8,23.8,Open-Meteo Historical Forecast API (best_match/GFS Seamless),Open-Meteo Historical Forecast API (SRTM 90m at snapped grid),Open-Meteo Elevation API (SRTM 90m at station coordinates),best_match,"proxy: valid_time - lead_hours (historical forecast, not original run archive)",NOAA ISD via Phase 6 expanded dataset (QC=1),0.0065
43157099999,KOLHAPUR,16.665,74.289,608.4,2023-08-02T12:00:00,2023-08-01T12:00:00,24,August_2023,25.0,23.8,608.0,16.695957,74.26934,608.0,0.0,23.8,23.8,Open-Meteo Historical Forecast API (best_match/GFS Seamless),Open-Meteo Historical Forecast API (SRTM 90m at snapped grid),Open-Meteo Elevation API (SRTM 90m at station coordinates),best_match,"proxy: valid_time - lead_hours (historical forecast, not original run archive)",NOAA ISD via Phase 6 expanded dataset (QC=1),0.0065
43157099999,KOLHAPUR,16.665,74.289,608.4,2023-08-03T12:00:00,2023-08-01T12:00:00,48,August_2023,25.0,23.4,608.0,16.695957,74.26934,608.0,0.0,23.4,23.4,Open-Meteo Historical Forecast API (best_match/GFS Seamless),Open-Meteo Historical Forecast API (SRTM 90m at snapped grid),Open-Meteo Elevation API (SRTM 90m at station coordinates),best_match,"proxy: valid_time - lead_hours (historical forecast, not original run archive)",NOAA ISD via Phase 6 expanded dataset (QC=1),0.0065
43157099999,KOLHAPUR,16.665,74.289,608.4,2023-08-02T12:00:00,2023-08-02T00:00:00,12,August_2023,25.0,23.8,608.0,16.695957,74.26934,608.0,0.0,23.8,23.8,Open-Meteo Historical Forecast API (best_match/GFS Seamless),Open-Meteo Historical Forecast API (SRTM 90m at snapped grid),Open-Meteo Elevation API (SRTM 90m at station coordinates),best_match,"proxy: valid_time - lead_hours (historical forecast, not original run archive)",NOAA ISD via Phase 6 expanded dataset (QC=1),0.0065
43157099999,KOLHAPUR,16.665,74.289,608.4,2023-08-03T12:00:00,2023-08-02T00:00:00,36,August_2023,25.0,23.4,608.0,16.695957,74.26934,608.0,0.0,23.4,23.4,Open-Meteo Historical Forecast API (best_match/GFS Seamless),Open-Meteo Historical Forecast API (SRTM 90m at snapped grid),Open-Meteo Elevation API (SRTM 90m at station coordinates),best_match,"proxy: valid_time - lead_hours (historical forecast, not original run archive)",NOAA ISD via Phase 6 expanded dataset (QC=1),0.0065
43157099999,KOLHAPUR,16.665,74.289,608.4,2023-08-03T12:00:00,2023-08-02T12:00:00,24,August_2023,25.0,23.4,608.0,16.695957,74.26934,608.0,0.0,23.4,23.4,Open-Meteo Historical Forecast API (best_match/GFS Seamless),Open-Meteo Historical Forecast API (SRTM 90m at snapped grid),Open-Meteo Elevation API (SRTM 90m at station coordinates),best_match,"proxy: valid_time - lead_hours (historical forecast, not original run archive)",NOAA ISD via Phase 6 expanded dataset (QC=1),0.0065
43157099999,KOLHAPUR,16.665,74.289,608.4,2023-08-04T12:00:00,2023-08-02T12:00:00,48,August_2023,25.8,24.5,608.0,16.695957,74.26934,608.0,0.0,24.5,24.5,Open-Meteo Historical Forecast API (best_match/GFS Seamless),Open-Meteo Historical Forecast API (SRTM 90m at snapped grid),Open-Meteo Elevation API (SRTM 90m at station coordinates),best_match,"proxy: valid_time - lead_hours (historical forecast, not original run archive)",NOAA ISD via Phase 6 expanded dataset (QC=1),0.0065
43157099999,KOLHAPUR,16.665,74.289,608.4,2023-08-03T12:00:00,2023-08-03T00:00:00,12,August_2023,25.0,23.4,608.0,16.695957,74.26934,608.0,0.0,23.4,23.4,Open-Meteo Historical Forecast API (best_match/GFS Seamless),Open-Meteo Historical Forecast API (SRTM 90m at snapped grid),Open-Meteo Elevation API (SRTM 90m at station coordinates),best_match,"proxy: valid_time - lead_hours (historical forecast, not original run archive)",NOAA ISD via Phase 6 expanded dataset (QC=1),0.0065
43157099999,KOLHAPUR,16.665,74.289,608.4,2023-08-04T12:00:00,2023-08-03T00:00:00,36,August_2023,25.8,24.5,608.0,16.695957,74.26934,608.0,0.0,24.5,24.5,Open-Meteo Historical Forecast API (best_match/GFS Seamless),Open-Meteo Historical Forecast API (SRTM 90m at snapped grid),Open-Meteo Elevation API (SRTM 90m at station coordinates),best_match,"proxy: valid_time - lead_hours (historical forecast, not original run archive)",NOAA ISD via Phase 6 expanded dataset (QC=1),0.0065
43157099999,KOLHAPUR,16.665,74.289,608.4,2023-08-04T12:00:00,2023-08-03T12:00:00,24,August_2023,25.8,24.5,608.0,16.695957,74.26934,608.0,0.0,24.5,24.5,Open-Meteo Historical Forecast API (best_match/GFS Seamless),Open-Meteo Historical Forecast API (SRTM 90m at snapped grid),Open-Meteo Elevation API (SRTM 90m at station coordinates),best_match,"proxy: valid_time - lead_hours (historical forecast, not original run archive)",NOAA ISD via Phase 6 expanded dataset (QC=1),0.0065
43157099999,KOLHAPUR,16.665,74.289,608.4,2023-08-05T12:00:00,2023-08-03T12:00:00,48,August_2023,25.0,24.3,608.0,16.695957,74.26934,608.0,0.0,24.3,24.3,Open-Meteo Historical Forecast API (best_match/GFS Seamless),Open-Meteo Historical Forecast API (SRTM 90m at snapped grid),Open-Meteo Elevation API (SRTM 90m at station coordinates),best_match,"proxy: valid_time - lead_hours (historical forecast, not original run archive)",NOAA ISD via Phase 6 expanded dataset (QC=1),0.0065
43157099999,KOLHAPUR,16.665,74.289,608.4,2023-08-04T12:00:00,2023-08-04T00:00:00,12,August_2023,25.8,24.5,608.0,16.695957,74.26934,608.0,0.0,24.5,24.5,Open-Meteo Historical Forecast API (best_match/GFS Seamless),Open-Meteo Historical Forecast API (SRTM 90m at snapped grid),Open-Meteo Elevation API (SRTM 90m at station coordinates),best_match,"proxy: valid_time - lead_hours (historical forecast, not original run archive)",NOAA ISD via Phase 6 expanded dataset (QC=1),0.0065
43157099999,KOLHAPUR,16.665,74.289,608.4,2023-08-05T12:00:00,2023-08-04T00:00:00,36,August_2023,25.0,24.3,608.0,16.695957,74.26934,608.0,0.0,24.3,24.3,Open-Meteo Historical Forecast API (best_match/GFS Seamless),Open-Meteo Historical Forecast API (SRTM 90m at snapped grid),Open-Meteo Elevation API (SRTM 90m at station coordinates),best_match,"proxy: valid_time - lead_hours (historical forecast, not original run archive)",NOAA ISD via Phase 6 expanded dataset (QC=1),0.0065
43157099999,KOLHAPUR,16.665,74.289,608.4,2023-08-05T12:00:00,2023-08-04T12:00:00,24,August_2023,25.0,24.3,608.0,16.695957,74.26934,608.0,0.0,24.3,24.3,Open-Meteo Historical Forecast API (best_match/GFS Seamless),Open-Meteo Historical Forecast API (SRTM 90m at snapped grid),Open-Meteo Elevation API (SRTM 90m at station coordinates),best_match,"proxy: valid_time - lead_hours (historical forecast, not original run archive)",NOAA ISD via Phase 6 expanded dataset (QC=1),0.0065
43157099999,KOLHAPUR,16.665,74.289,608.4,2023-08-06T12:00:00,2023-08-04T12:00:00,48,August_2023,25.0,24.9,608.0,16.695957,74.26934,608.0,0.0,24.9,24.9,Open-Meteo Historical Forecast API (best_match/GFS Seamless),Open-Meteo Historical Forecast API (SRTM 90m at snapped grid),Open-Meteo Elevation API (SRTM 90m at station coordinates),best_match,"proxy: valid_time - lead_hours (historical forecast, not original run archive)",NOAA ISD via Phase 6 expanded dataset (QC=1),0.0065
43157099999,KOLHAPUR,16.665,74.289,608.4,2023-08-05T12:00:00,2023-08-05T00:00:00,12,August_2023,25.0,24.3,608.0,16.695957,74.26934,608.0,0.0,24.3,24.3,Open-Meteo Historical Forecast API (best_match/GFS Seamless),Open-Meteo Historical Forecast API (SRTM 90m at snapped grid),Open-Meteo Elevation API (SRTM 90m at station coordinates),best_match,"proxy: valid_time - lead_hours (historical forecast, not original run archive)",NOAA ISD via Phase 6 expanded dataset (QC=1),0.0065
43157099999,KOLHAPUR,16.665,74.289,608.4,2023-08-06T12:00:00,2023-08-05T00:00:00,36,August_2023,25.0,24.9,608.0,16.695957,74.26934,608.0,0.0,24.9,24.9,Open-Meteo Historical Forecast API (best_match/GFS Seamless),Open-Meteo Historical Forecast API (SRTM 90m at snapped grid),Open-Meteo Elevation API (SRTM 90m at station coordinates),best_match,"proxy: valid_time - lead_hours (historical forecast, not original run archive)",NOAA ISD via Phase 6 expanded dataset (QC=1),0.0065
43157099999,KOLHAPUR,16.665,74.289,608.4,2023-08-06T12:00:00,2023-08-05T12:00:00,24,August_2023,25.0,24.9,608.0,16.695957,74.26934,608.0,0.0,24.9,24.9,Open-Meteo Historical Forecast API (best_match/GFS Seamless),Open-Meteo Historical Forecast API (SRTM 90m at snapped grid),Open-Meteo Elevation API (SRTM 90m at station coordinates),best_match,"proxy: valid_time - lead_hours (historical forecast, not original run archive)",NOAA ISD via Phase 6 expanded dataset (QC=1),0.0065
43157099999,KOLHAPUR,16.665,74.289,608.4,2023-08-07T12:00:00,2023-08-05T12:00:00,48,August_2023,25.4,24.9,608.0,16.695957,74.26934,608.0,0.0,24.9,24.9,Open-Meteo Historical Forecast API (best_match/GFS Seamless),Open-Meteo Historical Forecast API (SRTM 90m at snapped grid),Open-Meteo Elevation API (SRTM 90m at station coordinates),best_match,"proxy: valid_time - lead_hours (historical forecast, not original run archive)",NOAA ISD via Phase 6 expanded dataset (QC=1),0.0065
43157099999,KOLHAPUR,16.665,74.289,608.4,2023-08-06T12:00:00,2023-08-06T00:00:00,12,August_2023,25.0,24.9,608.0,16.695957,74.26934,608.0,0.0,24.9,24.9,Open-Meteo Historical Forecast API (best_match/GFS Seamless),Open-Meteo Historical Forecast API (SRTM 90m at snapped grid),Open-Meteo Elevation API (SRTM 90m at station coordinates),best_match,"proxy: valid_time - lead_hours (historical forecast, not original run archive)",NOAA ISD via Phase 6 expanded dataset (QC=1),0.0065
43157099999,KOLHAPUR,16.665,74.289,608.4,2023-08-07T12:00:00,2023-08-06T00:00:00,36,August_2023,25.4,24.9,608.0,16.695957,74.26934,608.0,0.0,24.9,24.9,Open-Meteo Historical Forecast API (best_match/GFS Seamless),Open-Meteo Historical Forecast API (SRTM 90m at snapped grid),Open-Meteo Elevation API (SRTM 90m at station coordinates),best_match,"proxy: valid_time - lead_hours (historical forecast, not original run archive)",NOAA ISD via Phase 6 expanded dataset (QC=1),0.0065
43157099999,KOLHAPUR,16.665,74.289,608.4,2023-08-07T12:00:00,2023-08-06T12:00:00,24,August_2023,25.4,24.9,608.0,16.695957,74.26934,608.0,0.0,24.9,24.9,Open-Meteo Historical Forecast API (best_match/GFS Seamless),Open-Meteo Historical Forecast API (SRTM 90m at snapped grid),Open-Meteo Elevation API (SRTM 90m at station coordinates),best_match,"proxy: valid_time - lead_hours (historical forecast, not original run archive)",NOAA ISD via Phase 6 expanded dataset (QC=1),0.0065
43157099999,KOLHAPUR,16.665,74.289,608.4,2023-08-08T12:00:00,2023-08-06T12:00:00,48,August_2023,25.2,25.2,608.0,16.695957,74.26934,608.0,0.0,25.2,25.2,Open-Meteo Historical Forecast API (best_match/GFS Seamless),Open-Meteo Historical Forecast API (SRTM 90m at snapped grid),Open-Meteo Elevation API (SRTM 90m at station coordinates),best_match,"proxy: valid_time - lead_hours (historical forecast, not original run archive)",NOAA ISD via Phase 6 expanded dataset (QC=1),0.0065
43157099999,KOLHAPUR,16.665,74.289,608.4,2023-08-07T12:00:00,2023-08-07T00:00:00,12,August_2023,25.4,24.9,608.0,16.695957,74.26934,608.0,0.0,24.9,24.9,Open-Meteo Historical Forecast API (best_match/GFS Seamless),Open-Meteo Historical Forecast API (SRTM 90m at snapped grid),Open-Meteo Elevation API (SRTM 90m at station coordinates),best_match,"proxy: valid_time - lead_hours (historical forecast, not original run archive)",NOAA ISD via Phase 6 expanded dataset (QC=1),0.0065
43157099999,KOLHAPUR,16.665,74.289,608.4,2023-08-08T12:00:00,2023-08-07T00:00:00,36,August_2023,25.2,25.2,608.0,16.695957,74.26934,608.0,0.0,25.2,25.2,Open-Meteo Historical Forecast API (best_match/GFS Seamless),Open-Meteo Historical Forecast API (SRTM 90m at snapped grid),Open-Meteo Elevation API (SRTM 90m at station coordinates),best_match,"proxy: valid_time - lead_hours (historical forecast, not original run archive)",NOAA ISD via Phase 6 expanded dataset (QC=1),0.0065
43157099999,KOLHAPUR,16.665,74.289,608.4,2023-08-08T12:00:00,2023-08-07T12:00:00,24,August_2023,25.2,25.2,608.0,16.695957,74.26934,608.0,0.0,25.2,25.2,Open-Meteo Historical Forecast API (best_match/GFS Seamless),Open-Meteo Historical Forecast API (SRTM 90m at snapped grid),Open-Meteo Elevation API (SRTM 90m at station coordinates),best_match,"proxy: valid_time - lead_hours (historical forecast, not original run archive)",NOAA ISD via Phase 6 expanded dataset (QC=1),0.0065
43157099999,KOLHAPUR,16.665,74.289,608.4,2023-08-09T12:00:00,2023-08-07T12:00:00,48,August_2023,26.8,26.7,608.0,16.695957,74.26934,608.0,0.0,26.7,26.7,Open-Meteo Historical Forecast API (best_match/GFS Seamless),Open-Meteo Historical Forecast API (SRTM 90m at snapped grid),Open-Meteo Elevation API (SRTM 90m at station coordinates),best_match,"proxy: valid_time - lead_hours (historical forecast, not original run archive)",NOAA ISD via Phase 6 expanded dataset (QC=1),0.0065
43157099999,KOLHAPUR,16.665,74.289,608.4,2023-08-08T12:00:00,2023-08-08T00:00:00,12,August_2023,25.2,25.2,608.0,16.695957,74.26934,608.0,0.0,25.2,25.2,Open-Meteo Historical Forecast API (best_match/GFS Seamless),Open-Meteo Historical Forecast API (SRTM 90m at snapped grid),Open-Meteo Elevation API (SRTM 90m at station coordinates),best_match,"proxy: valid_time - lead_hours (historical forecast, not original run archive)",NOAA ISD via Phase 6 expanded dataset (QC=1),0.0065
43157099999,KOLHAPUR,16.665,74.289,608.4,2023-08-09T12:00:00,2023-08-08T00:00:00,36,August_2023,26.8,26.7,608.0,16.695957,74.26934,608.0,0.0,26.7,26.7,Open-Meteo Historical Forecast API (best_match/GFS Seamless),Open-Meteo Historical Forecast API (SRTM 90m at snapped grid),Open-Meteo Elevation API (SRTM 90m at station coordinates),best_match,"proxy: valid_time - lead_hours (historical forecast, not original run archive)",NOAA ISD via Phase 6 expanded dataset (QC=1),0.0065
43157099999,KOLHAPUR,16.665,74.289,608.4,2023-08-09T12:00:00,2023-08-08T12:00:00,24,August_2023,26.8,26.7,608.0,16.695957,74.26934,608.0,0.0,26.7,26.7,Open-Meteo Historical Forecast API (best_match/GFS Seamless),Open-Meteo Historical Forecast API (SRTM 90m at snapped grid),Open-Meteo Elevation API (SRTM 90m at station coordinates),best_match,"proxy: valid_time - lead_hours (historical forecast, not original run archive)",NOAA ISD via Phase 6 expanded dataset (QC=1),0.0065
43157099999,KOLHAPUR,16.665,74.289,608.4,2023-08-09T12:00:00,2023-08-09T00:00:00,12,August_2023,26.8,26.7,608.0,16.695957,74.26934,608.0,0.0,26.7,26.7,Open-Meteo Historical Forecast API (best_match/GFS Seamless),Open-Meteo Historical Forecast API (SRTM 90m at snapped grid),Open-Meteo Elevation API (SRTM 90m at station coordinates),best_match,"proxy: valid_time - lead_hours (historical forecast, not original run archive)",NOAA ISD via Phase 6 expanded dataset (QC=1),0.0065
43158099999,SANGLI,16.85,74.6,549.0,2023-02-01T12:00:00,2023-02-01T00:00:00,12,February_2023,29.6,28.5,567.0,16.836554,74.58373,567.0,0.0,28.5,28.5,Open-Meteo Historical Forecast API (best_match/GFS Seamless),Open-Meteo Historical Forecast API (SRTM 90m at snapped grid),Open-Meteo Elevation API (SRTM 90m at station coordinates),best_match,"proxy: valid_time - lead_hours (historical forecast, not original run archive)",NOAA ISD via Phase 6 expanded dataset (QC=1),0.0065
43158099999,SANGLI,16.85,74.6,549.0,2023-02-02T12:00:00,2023-02-01T00:00:00,36,February_2023,29.0,29.4,567.0,16.836554,74.58373,567.0,0.0,29.4,29.4,Open-Meteo Historical Forecast API (best_match/GFS Seamless),Open-Meteo Historical Forecast API (SRTM 90m at snapped grid),Open-Meteo Elevation API (SRTM 90m at station coordinates),best_match,"proxy: valid_time - lead_hours (historical forecast, not original run archive)",NOAA ISD via Phase 6 expanded dataset (QC=1),0.0065
43158099999,SANGLI,16.85,74.6,549.0,2023-02-02T12:00:00,2023-02-01T12:00:00,24,February_2023,29.0,29.4,567.0,16.836554,74.58373,567.0,0.0,29.4,29.4,Open-Meteo Historical Forecast API (best_match/GFS Seamless),Open-Meteo Historical Forecast API (SRTM 90m at snapped grid),Open-Meteo Elevation API (SRTM 90m at station coordinates),best_match,"proxy: valid_time - lead_hours (historical forecast, not original run archive)",NOAA ISD via Phase 6 expanded dataset (QC=1),0.0065
43158099999,SANGLI,16.85,74.6,549.0,2023-02-03T12:00:00,2023-02-01T12:00:00,48,February_2023,29.4,29.7,567.0,16.836554,74.58373,567.0,0.0,29.7,29.7,Open-Meteo Historical Forecast API (best_match/GFS Seamless),Open-Meteo Historical Forecast API (SRTM 90m at snapped grid),Open-Meteo Elevation API (SRTM 90m at station coordinates),best_match,"proxy: valid_time - lead_hours (historical forecast, not original run archive)",NOAA ISD via Phase 6 expanded dataset (QC=1),0.0065
43158099999,SANGLI,16.85,74.6,549.0,2023-02-02T12:00:00,2023-02-02T00:00:00,12,February_2023,29.0,29.4,567.0,16.836554,74.58373,567.0,0.0,29.4,29.4,Open-Meteo Historical Forecast API (best_match/GFS Seamless),Open-Meteo Historical Forecast API (SRTM 90m at snapped grid),Open-Meteo Elevation API (SRTM 90m at station coordinates),best_match,"proxy: valid_time - lead_hours (historical forecast, not original run archive)",NOAA ISD via Phase 6 expanded dataset (QC=1),0.0065
43158099999,SANGLI,16.85,74.6,549.0,2023-02-03T12:00:00,2023-02-02T00:00:00,36,February_2023,29.4,29.7,567.0,16.836554,74.58373,567.0,0.0,29.7,29.7,Open-Meteo Historical Forecast API (best_match/GFS Seamless),Open-Meteo Historical Forecast API (SRTM 90m at snapped grid),Open-Meteo Elevation API (SRTM 90m at station coordinates),best_match,"proxy: valid_time - lead_hours (historical forecast, not original run archive)",NOAA ISD via Phase 6 expanded dataset (QC=1),0.0065
43158099999,SANGLI,16.85,74.6,549.0,2023-02-03T12:00:00,2023-02-02T12:00:00,24,February_2023,29.4,29.7,567.0,16.836554,74.58373,567.0,0.0,29.7,29.7,Open-Meteo Historical Forecast API (best_match/GFS Seamless),Open-Meteo Historical Forecast API (SRTM 90m at snapped grid),Open-Meteo Elevation API (SRTM 90m at station coordinates),best_match,"proxy: valid_time - lead_hours (historical forecast, not original run archive)",NOAA ISD via Phase 6 expanded dataset (QC=1),0.0065
43158099999,SANGLI,16.85,74.6,549.0,2023-02-04T12:00:00,2023-02-02T12:00:00,48,February_2023,32.4,30.8,567.0,16.836554,74.58373,567.0,0.0,30.8,30.8,Open-Meteo Historical Forecast API (best_match/GFS Seamless),Open-Meteo Historical Forecast API (SRTM 90m at snapped grid),Open-Meteo Elevation API (SRTM 90m at station coordinates),best_match,"proxy: valid_time - lead_hours (historical forecast, not original run archive)",NOAA ISD via Phase 6 expanded dataset (QC=1),0.0065
43158099999,SANGLI,16.85,74.6,549.0,2023-02-03T12:00:00,2023-02-03T00:00:00,12,February_2023,29.4,29.7,567.0,16.836554,74.58373,567.0,0.0,29.7,29.7,Open-Meteo Historical Forecast API (best_match/GFS Seamless),Open-Meteo Historical Forecast API (SRTM 90m at snapped grid),Open-Meteo Elevation API (SRTM 90m at station coordinates),best_match,"proxy: valid_time - lead_hours (historical forecast, not original run archive)",NOAA ISD via Phase 6 expanded dataset (QC=1),0.0065
43158099999,SANGLI,16.85,74.6,549.0,2023-02-04T12:00:00,2023-02-03T00:00:00,36,February_2023,32.4,30.8,567.0,16.836554,74.58373,567.0,0.0,30.8,30.8,Open-Meteo Historical Forecast API (best_match/GFS Seamless),Open-Meteo Historical Forecast API (SRTM 90m at snapped grid),Open-Meteo Elevation API (SRTM 90m at station coordinates),best_match,"proxy: valid_time - lead_hours (historical forecast, not original run archive)",NOAA ISD via Phase 6 expanded dataset (QC=1),0.0065
43158099999,SANGLI,16.85,74.6,549.0,2023-02-04T12:00:00,2023-02-03T12:00:00,24,February_2023,32.4,30.8,567.0,16.836554,74.58373,567.0,0.0,30.8,30.8,Open-Meteo Historical Forecast API (best_match/GFS Seamless),Open-Meteo Historical Forecast API (SRTM 90m at snapped grid),Open-Meteo Elevation API (SRTM 90m at station coordinates),best_match,"proxy: valid_time - lead_hours (historical forecast, not original run archive)",NOAA ISD via Phase 6 expanded dataset (QC=1),0.0065
43158099999,SANGLI,16.85,74.6,549.0,2023-02-05T12:00:00,2023-02-03T12:00:00,48,February_2023,31.4,31.4,567.0,16.836554,74.58373,567.0,0.0,31.4,31.4,Open-Meteo Historical Forecast API (best_match/GFS Seamless),Open-Meteo Historical Forecast API (SRTM 90m at snapped grid),Open-Meteo Elevation API (SRTM 90m at station coordinates),best_match,"proxy: valid_time - lead_hours (historical forecast, not original run archive)",NOAA ISD via Phase 6 expanded dataset (QC=1),0.0065
43158099999,SANGLI,16.85,74.6,549.0,2023-02-04T12:00:00,2023-02-04T00:00:00,12,February_2023,32.4,30.8,567.0,16.836554,74.58373,567.0,0.0,30.8,30.8,Open-Meteo Historical Forecast API (best_match/GFS Seamless),Open-Meteo Historical Forecast API (SRTM 90m at snapped grid),Open-Meteo Elevation API (SRTM 90m at station coordinates),best_match,"proxy: valid_time - lead_hours (historical forecast, not original run archive)",NOAA ISD via Phase 6 expanded dataset (QC=1),0.0065
43158099999,SANGLI,16.85,74.6,549.0,2023-02-05T12:00:00,2023-02-04T00:00:00,36,February_2023,31.4,31.4,567.0,16.836554,74.58373,567.0,0.0,31.4,31.4,Open-Meteo Historical Forecast API (best_match/GFS Seamless),Open-Meteo Historical Forecast API (SRTM 90m at snapped grid),Open-Meteo Elevation API (SRTM 90m at station coordinates),best_match,"proxy: valid_time - lead_hours (historical forecast, not original run archive)",NOAA ISD via Phase 6 expanded dataset (QC=1),0.0065
43158099999,SANGLI,16.85,74.6,549.0,2023-02-05T12:00:00,2023-02-04T12:00:00,24,February_2023,31.4,31.4,567.0,16.836554,74.58373,567.0,0.0,31.4,31.4,Open-Meteo Historical Forecast API (best_match/GFS Seamless),Open-Meteo Historical Forecast API (SRTM 90m at snapped grid),Open-Meteo Elevation API (SRTM 90m at station coordinates),best_match,"proxy: valid_time - lead_hours (historical forecast, not original run archive)",NOAA ISD via Phase 6 expanded dataset (QC=1),0.0065
43158099999,SANGLI,16.85,74.6,549.0,2023-02-06T12:00:00,2023-02-04T12:00:00,48,February_2023,32.0,31.5,567.0,16.836554,74.58373,567.0,0.0,31.5,31.5,Open-Meteo Historical Forecast API (best_match/GFS Seamless),Open-Meteo Historical Forecast API (SRTM 90m at snapped grid),Open-Meteo Elevation API (SRTM 90m at station coordinates),best_match,"proxy: valid_time - lead_hours (historical forecast, not original run archive)",NOAA ISD via Phase 6 expanded dataset (QC=1),0.0065
43158099999,SANGLI,16.85,74.6,549.0,2023-02-05T12:00:00,2023-02-05T00:00:00,12,February_2023,31.4,31.4,567.0,16.836554,74.58373,567.0,0.0,31.4,31.4,Open-Meteo Historical Forecast API (best_match/GFS Seamless),Open-Meteo Historical Forecast API (SRTM 90m at snapped grid),Open-Meteo Elevation API (SRTM 90m at station coordinates),best_match,"proxy: valid_time - lead_hours (historical forecast, not original run archive)",NOAA ISD via Phase 6 expanded dataset (QC=1),0.0065
43158099999,SANGLI,16.85,74.6,549.0,2023-02-06T12:00:00,2023-02-05T00:00:00,36,February_2023,32.0,31.5,567.0,16.836554,74.58373,567.0,0.0,31.5,31.5,Open-Meteo Historical Forecast API (best_match/GFS Seamless),Open-Meteo Historical Forecast API (SRTM 90m at snapped grid),Open-Meteo Elevation API (SRTM 90m at station coordinates),best_match,"proxy: valid_time - lead_hours (historical forecast, not original run archive)",NOAA ISD via Phase 6 expanded dataset (QC=1),0.0065
43158099999,SANGLI,16.85,74.6,549.0,2023-02-06T12:00:00,2023-02-05T12:00:00,24,February_2023,32.0,31.5,567.0,16.836554,74.58373,567.0,0.0,31.5,31.5,Open-Meteo Historical Forecast API (best_match/GFS Seamless),Open-Meteo Historical Forecast API (SRTM 90m at snapped grid),Open-Meteo Elevation API (SRTM 90m at station coordinates),best_match,"proxy: valid_time - lead_hours (historical forecast, not original run archive)",NOAA ISD via Phase 6 expanded dataset (QC=1),0.0065
43158099999,SANGLI,16.85,74.6,549.0,2023-02-07T12:00:00,2023-02-05T12:00:00,48,February_2023,31.6,31.6,567.0,16.836554,74.58373,567.0,0.0,31.6,31.6,Open-Meteo Historical Forecast API (best_match/GFS Seamless),Open-Meteo Historical Forecast API (SRTM 90m at snapped grid),Open-Meteo Elevation API (SRTM 90m at station coordinates),best_match,"proxy: valid_time - lead_hours (historical forecast, not original run archive)",NOAA ISD via Phase 6 expanded dataset (QC=1),0.0065
43158099999,SANGLI,16.85,74.6,549.0,2023-02-06T12:00:00,2023-02-06T00:00:00,12,February_2023,32.0,31.5,567.0,16.836554,74.58373,567.0,0.0,31.5,31.5,Open-Meteo Historical Forecast API (best_match/GFS Seamless),Open-Meteo Historical Forecast API (SRTM 90m at snapped grid),Open-Meteo Elevation API (SRTM 90m at station coordinates),best_match,"proxy: valid_time - lead_hours (historical forecast, not original run archive)",NOAA ISD via Phase 6 expanded dataset (QC=1),0.0065
43158099999,SANGLI,16.85,74.6,549.0,2023-02-07T12:00:00,2023-02-06T00:00:00,36,February_2023,31.6,31.6,567.0,16.836554,74.58373,567.0,0.0,31.6,31.6,Open-Meteo Historical Forecast API (best_match/GFS Seamless),Open-Meteo Historical Forecast API (SRTM 90m at snapped grid),Open-Meteo Elevation API (SRTM 90m at station coordinates),best_match,"proxy: valid_time - lead_hours (historical forecast, not original run archive)",NOAA ISD via Phase 6 expanded dataset (QC=1),0.0065
43158099999,SANGLI,16.85,74.6,549.0,2023-02-07T12:00:00,2023-02-06T12:00:00,24,February_2023,31.6,31.6,567.0,16.836554,74.58373,567.0,0.0,31.6,31.6,Open-Meteo Historical Forecast API (best_match/GFS Seamless),Open-Meteo Historical Forecast API (SRTM 90m at snapped grid),Open-Meteo Elevation API (SRTM 90m at station coordinates),best_match,"proxy: valid_time - lead_hours (historical forecast, not original run archive)",NOAA ISD via Phase 6 expanded dataset (QC=1),0.0065
43158099999,SANGLI,16.85,74.6,549.0,2023-02-08T12:00:00,2023-02-06T12:00:00,48,February_2023,32.8,32.2,567.0,16.836554,74.58373,567.0,0.0,32.2,32.2,Open-Meteo Historical Forecast API (best_match/GFS Seamless),Open-Meteo Historical Forecast API (SRTM 90m at snapped grid),Open-Meteo Elevation API (SRTM 90m at station coordinates),best_match,"proxy: valid_time - lead_hours (historical forecast, not original run archive)",NOAA ISD via Phase 6 expanded dataset (QC=1),0.0065
43158099999,SANGLI,16.85,74.6,549.0,2023-02-07T12:00:00,2023-02-07T00:00:00,12,February_2023,31.6,31.6,567.0,16.836554,74.58373,567.0,0.0,31.6,31.6,Open-Meteo Historical Forecast API (best_match/GFS Seamless),Open-Meteo Historical Forecast API (SRTM 90m at snapped grid),Open-Meteo Elevation API (SRTM 90m at station coordinates),best_match,"proxy: valid_time - lead_hours (historical forecast, not original run archive)",NOAA ISD via Phase 6 expanded dataset (QC=1),0.0065
43158099999,SANGLI,16.85,74.6,549.0,2023-02-08T12:00:00,2023-02-07T00:00:00,36,February_2023,32.8,32.2,567.0,16.836554,74.58373,567.0,0.0,32.2,32.2,Open-Meteo Historical Forecast API (best_match/GFS Seamless),Open-Meteo Historical Forecast API (SRTM 90m at snapped grid),Open-Meteo Elevation API (SRTM 90m at station coordinates),best_match,"proxy: valid_time - lead_hours (historical forecast, not original run archive)",NOAA ISD via Phase 6 expanded dataset (QC=1),0.0065
43158099999,SANGLI,16.85,74.6,549.0,2023-02-08T12:00:00,2023-02-07T12:00:00,24,February_2023,32.8,32.2,567.0,16.836554,74.58373,567.0,0.0,32.2,32.2,Open-Meteo Historical Forecast API (best_match/GFS Seamless),Open-Meteo Historical Forecast API (SRTM 90m at snapped grid),Open-Meteo Elevation API (SRTM 90m at station coordinates),best_match,"proxy: valid_time - lead_hours (historical forecast, not original run archive)",NOAA ISD via Phase 6 expanded dataset (QC=1),0.0065
43158099999,SANGLI,16.85,74.6,549.0,2023-02-09T12:00:00,2023-02-07T12:00:00,48,February_2023,32.8,32.4,567.0,16.836554,74.58373,567.0,0.0,32.4,32.4,Open-Meteo Historical Forecast API (best_match/GFS Seamless),Open-Meteo Historical Forecast API (SRTM 90m at snapped grid),Open-Meteo Elevation API (SRTM 90m at station coordinates),best_match,"proxy: valid_time - lead_hours (historical forecast, not original run archive)",NOAA ISD via Phase 6 expanded dataset (QC=1),0.0065
43158099999,SANGLI,16.85,74.6,549.0,2023-02-08T12:00:00,2023-02-08T00:00:00,12,February_2023,32.8,32.2,567.0,16.836554,74.58373,567.0,0.0,32.2,32.2,Open-Meteo Historical Forecast API (best_match/GFS Seamless),Open-Meteo Historical Forecast API (SRTM 90m at snapped grid),Open-Meteo Elevation API (SRTM 90m at station coordinates),best_match,"proxy: valid_time - lead_hours (historical forecast, not original run archive)",NOAA ISD via Phase 6 expanded dataset (QC=1),0.0065
43158099999,SANGLI,16.85,74.6,549.0,2023-02-09T12:00:00,2023-02-08T00:00:00,36,February_2023,32.8,32.4,567.0,16.836554,74.58373,567.0,0.0,32.4,32.4,Open-Meteo Historical Forecast API (best_match/GFS Seamless),Open-Meteo Historical Forecast API (SRTM 90m at snapped grid),Open-Meteo Elevation API (SRTM 90m at station coordinates),best_match,"proxy: valid_time - lead_hours (historical forecast, not original run archive)",NOAA ISD via Phase 6 expanded dataset (QC=1),0.0065
43158099999,SANGLI,16.85,74.6,549.0,2023-02-09T12:00:00,2023-02-08T12:00:00,24,February_2023,32.8,32.4,567.0,16.836554,74.58373,567.0,0.0,32.4,32.4,Open-Meteo Historical Forecast API (best_match/GFS Seamless),Open-Meteo Historical Forecast API (SRTM 90m at snapped grid),Open-Meteo Elevation API (SRTM 90m at station coordinates),best_match,"proxy: valid_time - lead_hours (historical forecast, not original run archive)",NOAA ISD via Phase 6 expanded dataset (QC=1),0.0065
43158099999,SANGLI,16.85,74.6,549.0,2023-02-10T12:00:00,2023-02-08T12:00:00,48,February_2023,33.0,32.0,567.0,16.836554,74.58373,567.0,0.0,32.0,32.0,Open-Meteo Historical Forecast API (best_match/GFS Seamless),Open-Meteo Historical Forecast API (SRTM 90m at snapped grid),Open-Meteo Elevation API (SRTM 90m at station coordinates),best_match,"proxy: valid_time - lead_hours (historical forecast, not original run archive)",NOAA ISD via Phase 6 expanded dataset (QC=1),0.0065
43158099999,SANGLI,16.85,74.6,549.0,2023-02-09T12:00:00,2023-02-09T00:00:00,12,February_2023,32.8,32.4,567.0,16.836554,74.58373,567.0,0.0,32.4,32.4,Open-Meteo Historical Forecast API (best_match/GFS Seamless),Open-Meteo Historical Forecast API (SRTM 90m at snapped grid),Open-Meteo Elevation API (SRTM 90m at station coordinates),best_match,"proxy: valid_time - lead_hours (historical forecast, not original run archive)",NOAA ISD via Phase 6 expanded dataset (QC=1),0.0065
43158099999,SANGLI,16.85,74.6,549.0,2023-02-10T12:00:00,2023-02-09T00:00:00,36,February_2023,33.0,32.0,567.0,16.836554,74.58373,567.0,0.0,32.0,32.0,Open-Meteo Historical Forecast API (best_match/GFS Seamless),Open-Meteo Historical Forecast API (SRTM 90m at snapped grid),Open-Meteo Elevation API (SRTM 90m at station coordinates),best_match,"proxy: valid_time - lead_hours (historical forecast, not original run archive)",NOAA ISD via Phase 6 expanded dataset (QC=1),0.0065
43158099999,SANGLI,16.85,74.6,549.0,2023-02-10T12:00:00,2023-02-09T12:00:00,24,February_2023,33.0,32.0,567.0,16.836554,74.58373,567.0,0.0,32.0,32.0,Open-Meteo Historical Forecast API (best_match/GFS Seamless),Open-Meteo Historical Forecast API (SRTM 90m at snapped grid),Open-Meteo Elevation API (SRTM 90m at station coordinates),best_match,"proxy: valid_time - lead_hours (historical forecast, not original run archive)",NOAA ISD via Phase 6 expanded dataset (QC=1),0.0065
43158099999,SANGLI,16.85,74.6,549.0,2023-02-10T12:00:00,2023-02-10T00:00:00,12,February_2023,33.0,32.0,567.0,16.836554,74.58373,567.0,0.0,32.0,32.0,Open-Meteo Historical Forecast API (best_match/GFS Seamless),Open-Meteo Historical Forecast API (SRTM 90m at snapped grid),Open-Meteo Elevation API (SRTM 90m at station coordinates),best_match,"proxy: valid_time - lead_hours (historical forecast, not original run archive)",NOAA ISD via Phase 6 expanded dataset (QC=1),0.0065
43158099999,SANGLI,16.85,74.6,549.0,2023-08-01T12:00:00,2023-08-01T00:00:00,12,August_2023,24.6,25.5,567.0,16.836554,74.58373,567.0,0.0,25.5,25.5,Open-Meteo Historical Forecast API (best_match/GFS Seamless),Open-Meteo Historical Forecast API (SRTM 90m at snapped grid),Open-Meteo Elevation API (SRTM 90m at station coordinates),best_match,"proxy: valid_time - lead_hours (historical forecast, not original run archive)",NOAA ISD via Phase 6 expanded dataset (QC=1),0.0065
43158099999,SANGLI,16.85,74.6,549.0,2023-08-02T12:00:00,2023-08-01T00:00:00,36,August_2023,26.8,25.7,567.0,16.836554,74.58373,567.0,0.0,25.7,25.7,Open-Meteo Historical Forecast API (best_match/GFS Seamless),Open-Meteo Historical Forecast API (SRTM 90m at snapped grid),Open-Meteo Elevation API (SRTM 90m at station coordinates),best_match,"proxy: valid_time - lead_hours (historical forecast, not original run archive)",NOAA ISD via Phase 6 expanded dataset (QC=1),0.0065
43158099999,SANGLI,16.85,74.6,549.0,2023-08-02T12:00:00,2023-08-01T12:00:00,24,August_2023,26.8,25.7,567.0,16.836554,74.58373,567.0,0.0,25.7,25.7,Open-Meteo Historical Forecast API (best_match/GFS Seamless),Open-Meteo Historical Forecast API (SRTM 90m at snapped grid),Open-Meteo Elevation API (SRTM 90m at station coordinates),best_match,"proxy: valid_time - lead_hours (historical forecast, not original run archive)",NOAA ISD via Phase 6 expanded dataset (QC=1),0.0065
43158099999,SANGLI,16.85,74.6,549.0,2023-08-03T12:00:00,2023-08-01T12:00:00,48,August_2023,25.8,25.0,567.0,16.836554,74.58373,567.0,0.0,25.0,25.0,Open-Meteo Historical Forecast API (best_match/GFS Seamless),Open-Meteo Historical Forecast API (SRTM 90m at snapped grid),Open-Meteo Elevation API (SRTM 90m at station coordinates),best_match,"proxy: valid_time - lead_hours (historical forecast, not original run archive)",NOAA ISD via Phase 6 expanded dataset (QC=1),0.0065
43158099999,SANGLI,16.85,74.6,549.0,2023-08-02T12:00:00,2023-08-02T00:00:00,12,August_2023,26.8,25.7,567.0,16.836554,74.58373,567.0,0.0,25.7,25.7,Open-Meteo Historical Forecast API (best_match/GFS Seamless),Open-Meteo Historical Forecast API (SRTM 90m at snapped grid),Open-Meteo Elevation API (SRTM 90m at station coordinates),best_match,"proxy: valid_time - lead_hours (historical forecast, not original run archive)",NOAA ISD via Phase 6 expanded dataset (QC=1),0.0065
43158099999,SANGLI,16.85,74.6,549.0,2023-08-03T12:00:00,2023-08-02T00:00:00,36,August_2023,25.8,25.0,567.0,16.836554,74.58373,567.0,0.0,25.0,25.0,Open-Meteo Historical Forecast API (best_match/GFS Seamless),Open-Meteo Historical Forecast API (SRTM 90m at snapped grid),Open-Meteo Elevation API (SRTM 90m at station coordinates),best_match,"proxy: valid_time - lead_hours (historical forecast, not original run archive)",NOAA ISD via Phase 6 expanded dataset (QC=1),0.0065
43158099999,SANGLI,16.85,74.6,549.0,2023-08-03T12:00:00,2023-08-02T12:00:00,24,August_2023,25.8,25.0,567.0,16.836554,74.58373,567.0,0.0,25.0,25.0,Open-Meteo Historical Forecast API (best_match/GFS Seamless),Open-Meteo Historical Forecast API (SRTM 90m at snapped grid),Open-Meteo Elevation API (SRTM 90m at station coordinates),best_match,"proxy: valid_time - lead_hours (historical forecast, not original run archive)",NOAA ISD via Phase 6 expanded dataset (QC=1),0.0065
43158099999,SANGLI,16.85,74.6,549.0,2023-08-04T12:00:00,2023-08-02T12:00:00,48,August_2023,28.2,26.1,567.0,16.836554,74.58373,567.0,0.0,26.1,26.1,Open-Meteo Historical Forecast API (best_match/GFS Seamless),Open-Meteo Historical Forecast API (SRTM 90m at snapped grid),Open-Meteo Elevation API (SRTM 90m at station coordinates),best_match,"proxy: valid_time - lead_hours (historical forecast, not original run archive)",NOAA ISD via Phase 6 expanded dataset (QC=1),0.0065
43158099999,SANGLI,16.85,74.6,549.0,2023-08-03T12:00:00,2023-08-03T00:00:00,12,August_2023,25.8,25.0,567.0,16.836554,74.58373,567.0,0.0,25.0,25.0,Open-Meteo Historical Forecast API (best_match/GFS Seamless),Open-Meteo Historical Forecast API (SRTM 90m at snapped grid),Open-Meteo Elevation API (SRTM 90m at station coordinates),best_match,"proxy: valid_time - lead_hours (historical forecast, not original run archive)",NOAA ISD via Phase 6 expanded dataset (QC=1),0.0065
43158099999,SANGLI,16.85,74.6,549.0,2023-08-04T12:00:00,2023-08-03T00:00:00,36,August_2023,28.2,26.1,567.0,16.836554,74.58373,567.0,0.0,26.1,26.1,Open-Meteo Historical Forecast API (best_match/GFS Seamless),Open-Meteo Historical Forecast API (SRTM 90m at snapped grid),Open-Meteo Elevation API (SRTM 90m at station coordinates),best_match,"proxy: valid_time - lead_hours (historical forecast, not original run archive)",NOAA ISD via Phase 6 expanded dataset (QC=1),0.0065
43158099999,SANGLI,16.85,74.6,549.0,2023-08-04T12:00:00,2023-08-03T12:00:00,24,August_2023,28.2,26.1,567.0,16.836554,74.58373,567.0,0.0,26.1,26.1,Open-Meteo Historical Forecast API (best_match/GFS Seamless),Open-Meteo Historical Forecast API (SRTM 90m at snapped grid),Open-Meteo Elevation API (SRTM 90m at station coordinates),best_match,"proxy: valid_time - lead_hours (historical forecast, not original run archive)",NOAA ISD via Phase 6 expanded dataset (QC=1),0.0065
43158099999,SANGLI,16.85,74.6,549.0,2023-08-05T12:00:00,2023-08-03T12:00:00,48,August_2023,27.0,25.8,567.0,16.836554,74.58373,567.0,0.0,25.8,25.8,Open-Meteo Historical Forecast API (best_match/GFS Seamless),Open-Meteo Historical Forecast API (SRTM 90m at snapped grid),Open-Meteo Elevation API (SRTM 90m at station coordinates),best_match,"proxy: valid_time - lead_hours (historical forecast, not original run archive)",NOAA ISD via Phase 6 expanded dataset (QC=1),0.0065
43158099999,SANGLI,16.85,74.6,549.0,2023-08-04T12:00:00,2023-08-04T00:00:00,12,August_2023,28.2,26.1,567.0,16.836554,74.58373,567.0,0.0,26.1,26.1,Open-Meteo Historical Forecast API (best_match/GFS Seamless),Open-Meteo Historical Forecast API (SRTM 90m at snapped grid),Open-Meteo Elevation API (SRTM 90m at station coordinates),best_match,"proxy: valid_time - lead_hours (historical forecast, not original run archive)",NOAA ISD via Phase 6 expanded dataset (QC=1),0.0065
43158099999,SANGLI,16.85,74.6,549.0,2023-08-05T12:00:00,2023-08-04T00:00:00,36,August_2023,27.0,25.8,567.0,16.836554,74.58373,567.0,0.0,25.8,25.8,Open-Meteo Historical Forecast API (best_match/GFS Seamless),Open-Meteo Historical Forecast API (SRTM 90m at snapped grid),Open-Meteo Elevation API (SRTM 90m at station coordinates),best_match,"proxy: valid_time - lead_hours (historical forecast, not original run archive)",NOAA ISD via Phase 6 expanded dataset (QC=1),0.0065
43158099999,SANGLI,16.85,74.6,549.0,2023-08-05T12:00:00,2023-08-04T12:00:00,24,August_2023,27.0,25.8,567.0,16.836554,74.58373,567.0,0.0,25.8,25.8,Open-Meteo Historical Forecast API (best_match/GFS Seamless),Open-Meteo Historical Forecast API (SRTM 90m at snapped grid),Open-Meteo Elevation API (SRTM 90m at station coordinates),best_match,"proxy: valid_time - lead_hours (historical forecast, not original run archive)",NOAA ISD via Phase 6 expanded dataset (QC=1),0.0065
43158099999,SANGLI,16.85,74.6,549.0,2023-08-06T12:00:00,2023-08-04T12:00:00,48,August_2023,26.2,26.5,567.0,16.836554,74.58373,567.0,0.0,26.5,26.5,Open-Meteo Historical Forecast API (best_match/GFS Seamless),Open-Meteo Historical Forecast API (SRTM 90m at snapped grid),Open-Meteo Elevation API (SRTM 90m at station coordinates),best_match,"proxy: valid_time - lead_hours (historical forecast, not original run archive)",NOAA ISD via Phase 6 expanded dataset (QC=1),0.0065
43158099999,SANGLI,16.85,74.6,549.0,2023-08-05T12:00:00,2023-08-05T00:00:00,12,August_2023,27.0,25.8,567.0,16.836554,74.58373,567.0,0.0,25.8,25.8,Open-Meteo Historical Forecast API (best_match/GFS Seamless),Open-Meteo Historical Forecast API (SRTM 90m at snapped grid),Open-Meteo Elevation API (SRTM 90m at station coordinates),best_match,"proxy: valid_time - lead_hours (historical forecast, not original run archive)",NOAA ISD via Phase 6 expanded dataset (QC=1),0.0065
43158099999,SANGLI,16.85,74.6,549.0,2023-08-06T12:00:00,2023-08-05T00:00:00,36,August_2023,26.2,26.5,567.0,16.836554,74.58373,567.0,0.0,26.5,26.5,Open-Meteo Historical Forecast API (best_match/GFS Seamless),Open-Meteo Historical Forecast API (SRTM 90m at snapped grid),Open-Meteo Elevation API (SRTM 90m at station coordinates),best_match,"proxy: valid_time - lead_hours (historical forecast, not original run archive)",NOAA ISD via Phase 6 expanded dataset (QC=1),0.0065
43158099999,SANGLI,16.85,74.6,549.0,2023-08-06T12:00:00,2023-08-05T12:00:00,24,August_2023,26.2,26.5,567.0,16.836554,74.58373,567.0,0.0,26.5,26.5,Open-Meteo Historical Forecast API (best_match/GFS Seamless),Open-Meteo Historical Forecast API (SRTM 90m at snapped grid),Open-Meteo Elevation API (SRTM 90m at station coordinates),best_match,"proxy: valid_time - lead_hours (historical forecast, not original run archive)",NOAA ISD via Phase 6 expanded dataset (QC=1),0.0065
43158099999,SANGLI,16.85,74.6,549.0,2023-08-07T12:00:00,2023-08-05T12:00:00,48,August_2023,27.6,26.9,567.0,16.836554,74.58373,567.0,0.0,26.9,26.9,Open-Meteo Historical Forecast API (best_match/GFS Seamless),Open-Meteo Historical Forecast API (SRTM 90m at snapped grid),Open-Meteo Elevation API (SRTM 90m at station coordinates),best_match,"proxy: valid_time - lead_hours (historical forecast, not original run archive)",NOAA ISD via Phase 6 expanded dataset (QC=1),0.0065
43158099999,SANGLI,16.85,74.6,549.0,2023-08-06T12:00:00,2023-08-06T00:00:00,12,August_2023,26.2,26.5,567.0,16.836554,74.58373,567.0,0.0,26.5,26.5,Open-Meteo Historical Forecast API (best_match/GFS Seamless),Open-Meteo Historical Forecast API (SRTM 90m at snapped grid),Open-Meteo Elevation API (SRTM 90m at station coordinates),best_match,"proxy: valid_time - lead_hours (historical forecast, not original run archive)",NOAA ISD via Phase 6 expanded dataset (QC=1),0.0065
43158099999,SANGLI,16.85,74.6,549.0,2023-08-07T12:00:00,2023-08-06T00:00:00,36,August_2023,27.6,26.9,567.0,16.836554,74.58373,567.0,0.0,26.9,26.9,Open-Meteo Historical Forecast API (best_match/GFS Seamless),Open-Meteo Historical Forecast API (SRTM 90m at snapped grid),Open-Meteo Elevation API (SRTM 90m at station coordinates),best_match,"proxy: valid_time - lead_hours (historical forecast, not original run archive)",NOAA ISD via Phase 6 expanded dataset (QC=1),0.0065
43158099999,SANGLI,16.85,74.6,549.0,2023-08-07T12:00:00,2023-08-06T12:00:00,24,August_2023,27.6,26.9,567.0,16.836554,74.58373,567.0,0.0,26.9,26.9,Open-Meteo Historical Forecast API (best_match/GFS Seamless),Open-Meteo Historical Forecast API (SRTM 90m at snapped grid),Open-Meteo Elevation API (SRTM 90m at station coordinates),best_match,"proxy: valid_time - lead_hours (historical forecast, not original run archive)",NOAA ISD via Phase 6 expanded dataset (QC=1),0.0065
43158099999,SANGLI,16.85,74.6,549.0,2023-08-08T12:00:00,2023-08-06T12:00:00,48,August_2023,27.6,26.9,567.0,16.836554,74.58373,567.0,0.0,26.9,26.9,Open-Meteo Historical Forecast API (best_match/GFS Seamless),Open-Meteo Historical Forecast API (SRTM 90m at snapped grid),Open-Meteo Elevation API (SRTM 90m at station coordinates),best_match,"proxy: valid_time - lead_hours (historical forecast, not original run archive)",NOAA ISD via Phase 6 expanded dataset (QC=1),0.0065
43158099999,SANGLI,16.85,74.6,549.0,2023-08-07T12:00:00,2023-08-07T00:00:00,12,August_2023,27.6,26.9,567.0,16.836554,74.58373,567.0,0.0,26.9,26.9,Open-Meteo Historical Forecast API (best_match/GFS Seamless),Open-Meteo Historical Forecast API (SRTM 90m at snapped grid),Open-Meteo Elevation API (SRTM 90m at station coordinates),best_match,"proxy: valid_time - lead_hours (historical forecast, not original run archive)",NOAA ISD via Phase 6 expanded dataset (QC=1),0.0065
43158099999,SANGLI,16.85,74.6,549.0,2023-08-08T12:00:00,2023-08-07T00:00:00,36,August_2023,27.6,26.9,567.0,16.836554,74.58373,567.0,0.0,26.9,26.9,Open-Meteo Historical Forecast API (best_match/GFS Seamless),Open-Meteo Historical Forecast API (SRTM 90m at snapped grid),Open-Meteo Elevation API (SRTM 90m at station coordinates),best_match,"proxy: valid_time - lead_hours (historical forecast, not original run archive)",NOAA ISD via Phase 6 expanded dataset (QC=1),0.0065
43158099999,SANGLI,16.85,74.6,549.0,2023-08-08T12:00:00,2023-08-07T12:00:00,24,August_2023,27.6,26.9,567.0,16.836554,74.58373,567.0,0.0,26.9,26.9,Open-Meteo Historical Forecast API (best_match/GFS Seamless),Open-Meteo Historical Forecast API (SRTM 90m at snapped grid),Open-Meteo Elevation API (SRTM 90m at station coordinates),best_match,"proxy: valid_time - lead_hours (historical forecast, not original run archive)",NOAA ISD via Phase 6 expanded dataset (QC=1),0.0065
43158099999,SANGLI,16.85,74.6,549.0,2023-08-09T12:00:00,2023-08-07T12:00:00,48,August_2023,28.8,27.6,567.0,16.836554,74.58373,567.0,0.0,27.6,27.6,Open-Meteo Historical Forecast API (best_match/GFS Seamless),Open-Meteo Historical Forecast API (SRTM 90m at snapped grid),Open-Meteo Elevation API (SRTM 90m at station coordinates),best_match,"proxy: valid_time - lead_hours (historical forecast, not original run archive)",NOAA ISD via Phase 6 expanded dataset (QC=1),0.0065
43158099999,SANGLI,16.85,74.6,549.0,2023-08-08T12:00:00,2023-08-08T00:00:00,12,August_2023,27.6,26.9,567.0,16.836554,74.58373,567.0,0.0,26.9,26.9,Open-Meteo Historical Forecast API (best_match/GFS Seamless),Open-Meteo Historical Forecast API (SRTM 90m at snapped grid),Open-Meteo Elevation API (SRTM 90m at station coordinates),best_match,"proxy: valid_time - lead_hours (historical forecast, not original run archive)",NOAA ISD via Phase 6 expanded dataset (QC=1),0.0065
43158099999,SANGLI,16.85,74.6,549.0,2023-08-09T12:00:00,2023-08-08T00:00:00,36,August_2023,28.8,27.6,567.0,16.836554,74.58373,567.0,0.0,27.6,27.6,Open-Meteo Historical Forecast API (best_match/GFS Seamless),Open-Meteo Historical Forecast API (SRTM 90m at snapped grid),Open-Meteo Elevation API (SRTM 90m at station coordinates),best_match,"proxy: valid_time - lead_hours (historical forecast, not original run archive)",NOAA ISD via Phase 6 expanded dataset (QC=1),0.0065
43158099999,SANGLI,16.85,74.6,549.0,2023-08-09T12:00:00,2023-08-08T12:00:00,24,August_2023,28.8,27.6,567.0,16.836554,74.58373,567.0,0.0,27.6,27.6,Open-Meteo Historical Forecast API (best_match/GFS Seamless),Open-Meteo Historical Forecast API (SRTM 90m at snapped grid),Open-Meteo Elevation API (SRTM 90m at station coordinates),best_match,"proxy: valid_time - lead_hours (historical forecast, not original run archive)",NOAA ISD via Phase 6 expanded dataset (QC=1),0.0065
43158099999,SANGLI,16.85,74.6,549.0,2023-08-09T12:00:00,2023-08-09T00:00:00,12,August_2023,28.8,27.6,567.0,16.836554,74.58373,567.0,0.0,27.6,27.6,Open-Meteo Historical Forecast API (best_match/GFS Seamless),Open-Meteo Historical Forecast API (SRTM 90m at snapped grid),Open-Meteo Elevation API (SRTM 90m at station coordinates),best_match,"proxy: valid_time - lead_hours (historical forecast, not original run archive)",NOAA ISD via Phase 6 expanded dataset (QC=1),0.0065
