station_id,station_name,station_type,station_lat,station_lon,observation_time,forecast_issue_time,forecast_valid_time,lead_time_hours,observed_temperature_c,gfs_temperature_c,station_elevation_m,gfs_reference_elevation_m,elevation_difference_m,gfs_nearest_lat,gfs_nearest_lon,gfs_node00_temperature_c,gfs_node01_temperature_c,gfs_node10_temperature_c,gfs_node11_temperature_c,observation_qc,forecast_cycle,forecast_hour,forecast_source,forecast_file,obs_dt,b0,b1,b2,month,b3_spatial,b3_temporal,b4_spatial,b4_temp_aug,b4_temp_feb
42851099999,JALGAON,Synoptic/Airport,21.05,75.5666666,2023-02-01T12:00:00,2023-02-01T00:00:00,2023-02-01T12:00:00,12,28.0,29.18,201.0,212.38,-11.38,21.0,75.5,29.18,28.46,27.6,26.7,1,00z,12,NOAA NCEI GFS Archive,experiments/phase6/data/raw/gfs_20230201_00_012_subset.grib2,2023-02-01 12:00:00,29.18,28.662400201599983,29.25397,2,29.03510980966325,30.22836942675159,29.697267421738495,,30.259397391242732
42871099999,GONDIA ARPT/BIRSI,Synoptic/Airport,21.524467,80.287997,2023-02-01T12:00:00,2023-02-01T00:00:00,2023-02-01T12:00:00,12,27.0,27.28,300.84,301.18,-0.34,21.5,80.25,27.28,26.92,26.76,24.82,1,00z,12,NOAA NCEI GFS Archive,experiments/phase6/data/raw/gfs_20230201_00_012_subset.grib2,2023-02-01 12:00:00,27.28,27.150890836697265,27.282210000000003,2,27.13510980966325,28.328369426751596,27.400128200977367,,28.278768446997145
42920099999,OZAR AIR FORCE STATION /NASHIK ARPT,Synoptic/Airport,20.119156,73.914097,2023-02-01T12:00:00,2023-02-01T00:00:00,2023-02-01T12:00:00,12,25.0,26.9,598.02,584.38,13.64,20.0,74.0,26.54,26.9,25.84,25.75,1,00z,12,NOAA NCEI GFS Archive,experiments/phase6/data/raw/gfs_20230201_00_012_subset.grib2,2023-02-01 12:00:00,26.9,26.3018802566496,26.811339999999998,2,26.82743138634764,27.94836942675159,26.96457137066732,,27.79405156187413
42933099999,AKOLA,Synoptic/Airport,20.7,77.0333333,2023-02-01T12:00:00,2023-02-01T00:00:00,2023-02-01T12:00:00,12,27.8,29.33,282.0,280.22,1.78,20.75,77.0,28.55,28.55,29.33,29.15,1,00z,12,NOAA NCEI GFS Archive,experiments/phase6/data/raw/gfs_20230201_00_012_subset.grib2,2023-02-01 12:00:00,29.33,29.154800019200003,29.31843,2,29.71302931596091,30.37836942675159,30.075149862235843,,30.310167101844467
42939099999,WARDHA,Synoptic/Airport,20.6666666,78.5833333,2023-02-01T12:00:00,2023-02-01T00:00:00,2023-02-01T12:00:00,12,28.2,28.73,283.0,275.58,7.42,20.75,78.5,28.69,28.75,28.73,28.41,1,00z,12,NOAA NCEI GFS Archive,experiments/phase6/data/raw/gfs_20230201_00_012_subset.grib2,2023-02-01 12:00:00,28.73,28.652222271111093,28.68177,2,28.59682551319648,29.778369426751592,28.988310544772364,,29.66849761291676
42943099999,YEOTMAL,Synoptic/Airport,20.4,78.15,2023-02-01T12:00:00,2023-02-01T00:00:00,2023-02-01T12:00:00,12,27.0,28.55,451.0,308.86,142.14,20.5,78.25,28.48,28.24,28.68,28.55,1,00z,12,NOAA NCEI GFS Archive,experiments/phase6/data/raw/gfs_20230201_00_012_subset.grib2,2023-02-01 12:00:00,28.55,28.4956,27.62609,2,28.40510980966325,29.598369426751592,27.97928457866721,,28.47488426580322
43014099999,AURANGABAD,Synoptic/Airport,19.863169,75.398206,2023-02-01T12:00:00,2023-02-01T00:00:00,2023-02-01T12:00:00,12,26.0,28.18,582.47,556.06,26.41,19.75,75.5,28.65,28.18,26.3,26.15,1,00z,12,NOAA NCEI GFS Archive,experiments/phase6/data/raw/gfs_20230201_00_012_subset.grib2,2023-02-01 12:00:00,28.18,27.393458423047687,28.008335,2,28.26796986518636,29.22836942675159,28.431382229259906,,28.976297102763507
43017099999,PARBHANI,Synoptic/Airport,19.1333333,76.8333333,2023-02-01T12:00:00,2023-02-01T00:00:00,2023-02-01T12:00:00,12,27.4,29.0,422.0,405.66,16.34,19.25,76.75,29.32,29.24,29.0,28.99,1,00z,12,NOAA NCEI GFS Archive,experiments/phase6/data/raw/gfs_20230201_00_012_subset.grib2,2023-02-01 12:00:00,29.0,29.13511115635556,28.89379,2,28.86682551319648,30.04836942675159,29.240387127338252,,29.87102081794049
43021099999,NANDED,Synoptic/Airport,19.0833333,77.3333333,2023-02-01T12:00:00,2023-02-01T00:00:00,2023-02-01T12:00:00,12,29.2,29.06,358.0,399.74,-41.74,19.0,77.25,29.06,29.1,28.83,28.4,1,00z,12,NOAA NCEI GFS Archive,experiments/phase6/data/raw/gfs_20230201_00_012_subset.grib2,2023-02-01 12:00:00,29.06,28.94444451155554,29.33131,2,28.91510980966325,30.10836942675159,29.750371124445106,,30.368028872277474
43029099999,CHANDRAPUR,Synoptic/Airport,19.9666666,79.3,2023-02-01T12:00:00,2023-02-01T00:00:00,2023-02-01T12:00:00,12,29.0,29.45,193.0,200.22,-7.22,20.0,79.25,29.6,29.81,29.45,29.21,1,00z,12,NOAA NCEI GFS Archive,experiments/phase6/data/raw/gfs_20230201_00_012_subset.grib2,2023-02-01 12:00:00,29.45,29.434000064000003,29.49693,2,29.37743138634764,30.49836942675159,30.147020955009037,,30.49774234433508
43063099999,PUNE,Synoptic/Airport,18.5333333,73.85,2023-02-01T12:00:00,2023-02-01T00:00:00,2023-02-01T12:00:00,12,27.2,27.94,558.0,677.98,-119.98,18.5,73.75,27.94,28.54,28.25,28.6,1,00z,12,NOAA NCEI GFS Archive,experiments/phase6/data/raw/gfs_20230201_00_012_subset.grib2,2023-02-01 12:00:00,27.94,28.207999971999985,28.71987,2,28.02796986518636,28.988369426751596,29.316337218494017,,29.838276274294806
43069099999,BARAMATI,Synoptic/Airport,18.15,74.5833333,2023-02-01T12:00:00,2023-02-01T00:00:00,2023-02-01T12:00:00,12,26.6,29.14,551.0,580.7,-29.7,18.25,74.5,28.6,29.27,29.14,29.64,1,00z,12,NOAA NCEI GFS Archive,experiments/phase6/data/raw/gfs_20230201_00_012_subset.grib2,2023-02-01 12:00:00,29.14,29.11333325760001,29.33305,2,29.067431386347643,30.188369426751592,29.92346780814971,,30.357317618988763
43110099999,RATNAGIRI,Synoptic/Airport,16.9833333,73.3333333,2023-02-01T12:00:00,2023-02-01T00:00:00,2023-02-01T12:00:00,12,30.6,27.27,67.0,36.22,30.78,17.0,73.25,27.2,32.33,27.27,31.53,1,00z,12,NOAA NCEI GFS Archive,experiments/phase6/data/raw/gfs_20230201_00_012_subset.grib2,2023-02-01 12:00:00,27.27,28.704666120266765,27.06993,2,27.13682551319648,28.31836942675159,27.154131913807515,,28.03458539341904
43111099999,MAHABALESHWAR,Synoptic/Airport,17.9333333,73.6666666,2023-02-01T12:00:00,2023-02-01T00:00:00,2023-02-01T12:00:00,12,19.8,26.22,1382.0,888.7,493.3,18.0,73.75,31.9,27.62,32.16,26.22,1,00z,12,NOAA NCEI GFS Archive,experiments/phase6/data/raw/gfs_20230201_00_012_subset.grib2,2023-02-01 12:00:00,26.22,28.425779356622176,23.01355,2,26.60302931596091,27.26836942675159,24.658151759958002,,23.505211211480738
43113099999,SATARA,Synoptic/Airport,17.5166666,74.05,2023-02-01T12:00:00,2023-02-01T00:00:00,2023-02-01T12:00:00,12,27.4,27.69,612.0,746.14,-134.14,17.5,74.0,27.69,27.95,27.43,27.11,1,00z,12,NOAA NCEI GFS Archive,experiments/phase6/data/raw/gfs_20230201_00_012_subset.grib2,2023-02-01 12:00:00,27.69,27.7169334336,28.56191,2,27.77796986518636,28.738369426751596,29.15625184044739,,29.695161268882945
43117099999,SOLAPUR,Synoptic/Airport,17.627958,75.934842,2023-02-01T12:00:00,2023-02-01T00:00:00,2023-02-01T12:00:00,12,29.0,30.11,482.8,492.06,-9.26,17.75,76.0,30.84,30.74,30.39,30.11,1,00z,12,NOAA NCEI GFS Archive,experiments/phase6/data/raw/gfs_20230201_00_012_subset.grib2,2023-02-01 12:00:00,30.11,30.467621003608315,30.170189999999998,2,30.49302931596091,31.15836942675159,31.02848176263225,,31.172242278172842
43157099999,KOLHAPUR,Synoptic/Airport,16.664658,74.289353,2023-02-01T12:00:00,2023-02-01T00:00:00,2023-02-01T12:00:00,12,29.2,29.25,608.38,591.9,16.48,16.75,74.25,29.55,29.64,29.25,29.72,1,00z,12,NOAA NCEI GFS Archive,experiments/phase6/data/raw/gfs_20230201_00_012_subset.grib2,2023-02-01 12:00:00,29.25,29.40597458054593,29.14288,2,29.63302931596091,30.29836942675159,29.928380366296594,,30.11964441745361
43158099999,SANGLI,Synoptic/Airport,16.85,74.6,2023-02-01T12:00:00,2023-02-01T00:00:00,2023-02-01T12:00:00,12,29.6,29.72,549.0,562.78,-13.78,16.75,74.5,29.72,29.82,29.5,29.01,1,00z,12,NOAA NCEI GFS Archive,experiments/phase6/data/raw/gfs_20230201_00_012_subset.grib2,2023-02-01 12:00:00,29.72,29.5776,29.809569999999997,2,29.64743138634764,30.76836942675159,30.512396487844846,,30.81676148635506
42933099999,AKOLA,Synoptic/Airport,20.7,77.0333333,2023-02-02T00:00:00,2023-02-01T00:00:00,2023-02-02T00:00:00,24,15.7,18.58,282.0,280.22,1.78,20.75,77.0,18.03,18.03,18.58,18.18,1,00z,24,NOAA NCEI GFS Archive,experiments/phase6/data/raw/gfs_20230201_00_024_subset.grib2,2023-02-02 00:00:00,18.58,18.427333376000004,18.56843,2,18.96302931596091,19.62836942675159,17.44965243318969,,19.685918953170237
43014099999,AURANGABAD,Synoptic/Airport,19.863169,75.398206,2023-02-02T00:00:00,2023-02-01T00:00:00,2023-02-02T00:00:00,24,16.0,18.49,582.47,556.06,26.41,19.75,75.5,19.23,18.49,17.34,16.91,1,00z,24,NOAA NCEI GFS Archive,experiments/phase6/data/raw/gfs_20230201_00_024_subset.grib2,2023-02-02 00:00:00,18.49,18.01894333107744,18.318334999999998,2,18.57796986518636,19.53836942675159,17.915726805178615,,19.41068019872521
43063099999,PUNE,Synoptic/Airport,18.5333333,73.85,2023-02-02T00:00:00,2023-02-01T00:00:00,2023-02-02T00:00:00,24,15.0,18.2,558.0,677.98,-119.98,18.5,73.75,18.2,17.72,17.95,18.5,1,00z,24,NOAA NCEI GFS Archive,experiments/phase6/data/raw/gfs_20230201_00_024_subset.grib2,2023-02-02 00:00:00,18.2,18.029599978400004,18.97987,2,18.28796986518636,19.24836942675159,18.746514872508516,,20.222723934188775
43110099999,RATNAGIRI,Synoptic/Airport,16.9833333,73.3333333,2023-02-02T00:00:00,2023-02-01T00:00:00,2023-02-02T00:00:00,24,23.0,24.19,67.0,36.22,30.78,17.0,73.25,25.34,21.31,24.19,21.04,1,00z,24,NOAA NCEI GFS Archive,experiments/phase6/data/raw/gfs_20230201_00_024_subset.grib2,2023-02-02 00:00:00,24.19,23.19711165315548,23.98993,2,24.056825513196483,25.238369426751596,23.552287443204506,,25.070433137535016
43117099999,SOLAPUR,Synoptic/Airport,17.627958,75.934842,2023-02-02T00:00:00,2023-02-01T00:00:00,2023-02-02T00:00:00,24,19.6,21.42,482.8,492.06,-9.26,17.75,76.0,21.82,21.72,21.33,21.42,1,00z,24,NOAA NCEI GFS Archive,experiments/phase6/data/raw/gfs_20230201_00_024_subset.grib2,2023-02-02 00:00:00,21.42,21.567167638413444,21.48019,2,21.803029315960917,22.468369426751597,20.815474980990864,,22.605334095489205
42851099999,JALGAON,Synoptic/Airport,21.05,75.5666666,2023-02-02T12:00:00,2023-02-01T00:00:00,2023-02-02T12:00:00,36,29.0,29.24,201.0,212.38,-11.38,21.0,75.5,29.24,28.66,28.29,27.22,1,00z,36,NOAA NCEI GFS Archive,experiments/phase6/data/raw/gfs_20230201_00_036_subset.grib2,2023-02-02 12:00:00,29.24,28.869200180799982,29.313969999999998,2,29.09510980966325,30.28836942675159,29.675059435461513,,30.543061126300636
42871099999,GONDIA ARPT/BIRSI,Synoptic/Airport,21.524467,80.287997,2023-02-02T12:00:00,2023-02-01T00:00:00,2023-02-02T12:00:00,36,27.0,26.36,300.84,301.18,-0.34,21.5,80.25,26.36,25.54,26.24,23.28,1,00z,36,NOAA NCEI GFS Archive,experiments/phase6/data/raw/gfs_20230201_00_036_subset.grib2,2023-02-02 12:00:00,26.36,26.19179369021022,26.36221,2,26.21510980966325,27.40836942675159,26.22941720790922,,27.58369763512749
42920099999,OZAR AIR FORCE STATION /NASHIK ARPT,Synoptic/Airport,20.119156,73.914097,2023-02-02T12:00:00,2023-02-01T00:00:00,2023-02-02T12:00:00,36,26.0,27.91,598.02,584.38,13.64,20.0,74.0,27.36,27.91,26.9,26.84,1,00z,36,NOAA NCEI GFS Archive,experiments/phase6/data/raw/gfs_20230201_00_036_subset.grib2,2023-02-02 12:00:00,27.91,27.31092769279168,27.82134,2,27.83743138634764,28.95836942675159,28.090177672209485,,29.02648858221896
42933099999,AKOLA,Synoptic/Airport,20.7,77.0333333,2023-02-02T12:00:00,2023-02-01T00:00:00,2023-02-02T12:00:00,36,28.6,29.51,282.0,280.22,1.78,20.75,77.0,28.61,28.38,29.51,29.13,1,00z,36,NOAA NCEI GFS Archive,experiments/phase6/data/raw/gfs_20230201_00_036_subset.grib2,2023-02-02 12:00:00,29.51,29.28333338,29.498430000000003,2,29.893029315960916,30.558369426751597,30.213862400131575,,30.713675883464933
42939099999,WARDHA,Synoptic/Airport,20.6666666,78.5833333,2023-02-02T12:00:00,2023-02-01T00:00:00,2023-02-02T12:00:00,36,29.2,28.31,283.0,275.58,7.42,20.75,78.5,28.1,28.11,28.31,27.95,1,00z,36,NOAA NCEI GFS Archive,experiments/phase6/data/raw/gfs_20230201_00_036_subset.grib2,2023-02-02 12:00:00,28.31,28.16111111955553,28.26177,2,28.17682551319648,29.35836942675159,28.39138890940937,,29.47278116172443
42943099999,YEOTMAL,Synoptic/Airport,20.4,78.15,2023-02-02T12:00:00,2023-02-01T00:00:00,2023-02-02T12:00:00,36,27.5,28.05,451.0,308.86,142.14,20.5,78.25,28.25,27.84,28.17,28.05,1,00z,36,NOAA NCEI GFS Archive,experiments/phase6/data/raw/gfs_20230201_00_036_subset.grib2,2023-02-02 12:00:00,28.05,28.060399999999994,27.12609,2,27.90510980966325,29.098369426751592,27.300789159938134,,28.19927111690252
43014099999,AURANGABAD,Synoptic/Airport,19.863169,75.398206,2023-02-02T12:00:00,2023-02-01T00:00:00,2023-02-02T12:00:00,36,27.0,28.47,582.47,556.06,26.41,19.75,75.5,29.06,28.47,27.72,27.48,1,00z,36,NOAA NCEI GFS Archive,experiments/phase6/data/raw/gfs_20230201_00_036_subset.grib2,2023-02-02 12:00:00,28.47,28.1975730189584,28.298334999999998,2,28.55796986518636,29.51836942675159,28.709338458213534,,29.489663843732984
43017099999,PARBHANI,Synoptic/Airport,19.1333333,76.8333333,2023-02-02T12:00:00,2023-02-01T00:00:00,2023-02-02T12:00:00,36,27.7,28.9,422.0,405.66,16.34,19.25,76.75,29.26,29.17,28.9,28.93,1,00z,36,NOAA NCEI GFS Archive,experiments/phase6/data/raw/gfs_20230201_00_036_subset.grib2,2023-02-02 12:00:00,28.9,29.05933337946667,28.793789999999998,2,28.76682551319648,29.94836942675159,29.01178701425222,,29.994891157581648
43021099999,NANDED,Synoptic/Airport,19.0833333,77.3333333,2023-02-02T12:00:00,2023-02-01T00:00:00,2023-02-02T12:00:00,36,29.0,28.99,358.0,399.74,-41.74,19.0,77.25,28.99,29.01,28.79,28.35,1,00z,36,NOAA NCEI GFS Archive,experiments/phase6/data/raw/gfs_20230201_00_036_subset.grib2,2023-02-02 12:00:00,28.99,28.878888953777764,29.261309999999998,2,28.84510980966325,30.03836942675159,29.575810698491747,,30.521860473559272
43029099999,CHANDRAPUR,Synoptic/Airport,19.9666666,79.3,2023-02-02T12:00:00,2023-02-01T00:00:00,2023-02-02T12:00:00,36,28.8,28.63,193.0,200.22,-7.22,20.0,79.25,28.9,28.91,28.63,28.29,1,00z,36,NOAA NCEI GFS Archive,experiments/phase6/data/raw/gfs_20230201_00_036_subset.grib2,2023-02-02 12:00:00,28.63,28.607333424000004,28.67693,2,28.55743138634764,29.67836942675159,29.086493921889637,,29.902542404600887
43063099999,PUNE,Synoptic/Airport,18.5333333,73.85,2023-02-02T12:00:00,2023-02-01T00:00:00,2023-02-02T12:00:00,36,28.0,28.55,558.0,677.98,-119.98,18.5,73.75,28.55,29.04,28.94,29.43,1,00z,36,NOAA NCEI GFS Archive,experiments/phase6/data/raw/gfs_20230201_00_036_subset.grib2,2023-02-02 12:00:00,28.55,28.797999947999983,29.32987,2,28.63796986518636,29.598369426751592,29.94096174763459,,30.67122980609777
43110099999,RATNAGIRI,Synoptic/Airport,16.9833333,73.3333333,2023-02-02T12:00:00,2023-02-01T00:00:00,2023-02-02T12:00:00,36,30.2,27.78,67.0,36.22,30.78,17.0,73.25,28.15,34.49,27.78,34.21,1,00z,36,NOAA NCEI GFS Archive,experiments/phase6/data/raw/gfs_20230201_00_036_subset.grib2,2023-02-02 12:00:00,27.78,29.94599918880017,27.57993,2,27.64682551319648,28.828369426751596,27.62764470256195,,28.767668053086542
43111099999,MAHABALESHWAR,Synoptic/Airport,17.9333333,73.6666666,2023-02-02T12:00:00,2023-02-01T00:00:00,2023-02-02T12:00:00,36,20.6,26.7,1382.0,888.7,493.3,18.0,73.75,33.32,28.08,33.09,26.7,1,00z,36,NOAA NCEI GFS Archive,experiments/phase6/data/raw/gfs_20230201_00_036_subset.grib2,2023-02-02 12:00:00,26.7,29.095779532888866,23.49355,2,27.08302931596091,27.74836942675159,25.14819788728161,,24.2083326095076
43113099999,SATARA,Synoptic/Airport,17.5166666,74.05,2023-02-02T12:00:00,2023-02-01T00:00:00,2023-02-02T12:00:00,36,28.4,27.95,612.0,746.14,-134.14,17.5,74.0,27.95,28.49,27.84,27.74,1,00z,36,NOAA NCEI GFS Archive,experiments/phase6/data/raw/gfs_20230201_00_036_subset.grib2,2023-02-02 12:00:00,27.95,28.04213339679999,28.82191,2,28.03796986518636,28.99836942675159,29.401707916258488,,30.17856674821178
43117099999,SOLAPUR,Synoptic/Airport,17.627958,75.934842,2023-02-02T12:00:00,2023-02-01T00:00:00,2023-02-02T12:00:00,36,30.0,30.57,482.8,492.06,-9.26,17.75,76.0,31.34,31.18,30.95,30.57,1,00z,36,NOAA NCEI GFS Archive,experiments/phase6/data/raw/gfs_20230201_00_036_subset.grib2,2023-02-02 12:00:00,30.57,30.93883155552128,30.63019,2,30.95302931596091,31.618369426751592,31.495105650660665,,31.85538950177261
43157099999,KOLHAPUR,Synoptic/Airport,16.664658,74.289353,2023-02-02T12:00:00,2023-02-01T00:00:00,2023-02-02T12:00:00,36,29.0,29.86,608.38,591.9,16.48,16.75,74.25,29.77,29.69,29.86,30.02,1,00z,36,NOAA NCEI GFS Archive,experiments/phase6/data/raw/gfs_20230201_00_036_subset.grib2,2023-02-02 12:00:00,29.86,29.84156629929216,29.75288,2,30.24302931596091,30.90836942675159,30.57067104903895,,30.952597949256575
43158099999,SANGLI,Synoptic/Airport,16.85,74.6,2023-02-02T12:00:00,2023-02-01T00:00:00,2023-02-02T12:00:00,36,29.0,30.02,549.0,562.78,-13.78,16.75,74.5,30.02,29.9,30.18,29.5,1,00z,36,NOAA NCEI GFS Archive,experiments/phase6/data/raw/gfs_20230201_00_036_subset.grib2,2023-02-02 12:00:00,30.02,29.94640000000001,30.109569999999998,2,29.94743138634764,31.06836942675159,30.78983083987351,,31.34011531453808
42933099999,AKOLA,Synoptic/Airport,20.7,77.0333333,2023-02-03T00:00:00,2023-02-01T00:00:00,2023-02-03T00:00:00,48,13.2,18.12,282.0,280.22,1.78,20.75,77.0,17.93,17.86,18.12,17.98,1,00z,48,NOAA NCEI GFS Archive,experiments/phase6/data/raw/gfs_20230201_00_048_subset.grib2,2023-02-03 00:00:00,18.12,18.0652000168,18.108430000000002,2,18.503029315960912,19.168369426751592,16.83885331363928,,19.450254153123723
43014099999,AURANGABAD,Synoptic/Airport,19.863169,75.398206,2023-02-03T00:00:00,2023-02-01T00:00:00,2023-02-03T00:00:00,48,14.0,18.07,582.47,556.06,26.41,19.75,75.5,18.52,18.07,17.43,16.77,1,00z,48,NOAA NCEI GFS Archive,experiments/phase6/data/raw/gfs_20230201_00_048_subset.grib2,2023-02-03 00:00:00,18.07,17.70345734862496,17.898335,2,18.15796986518636,19.118369426751592,17.424512743092464,,19.21496374753288
43063099999,PUNE,Synoptic/Airport,18.5333333,73.85,2023-02-03T00:00:00,2023-02-01T00:00:00,2023-02-03T00:00:00,48,13.0,17.9,558.0,677.98,-119.98,18.5,73.75,17.9,17.33,18.02,18.35,1,00z,48,NOAA NCEI GFS Archive,experiments/phase6/data/raw/gfs_20230201_00_048_subset.grib2,2023-02-03 00:00:00,17.9,17.735999936000006,18.679869999999998,2,17.987969865186358,18.94836942675159,18.385301422992463,,20.146852529559002
43110099999,RATNAGIRI,Synoptic/Airport,16.9833333,73.3333333,2023-02-03T00:00:00,2023-02-01T00:00:00,2023-02-03T00:00:00,48,23.8,23.93,67.0,36.22,30.78,17.0,73.25,25.06,21.29,23.93,20.98,1,00z,48,NOAA NCEI GFS Archive,experiments/phase6/data/raw/gfs_20230201_00_048_subset.grib2,2023-02-03 00:00:00,23.93,23.003778292622147,23.72993,2,23.79682551319648,24.97836942675159,23.139526568979992,,25.03451008175943
43117099999,SOLAPUR,Synoptic/Airport,17.627958,75.934842,2023-02-03T00:00:00,2023-02-01T00:00:00,2023-02-03T00:00:00,48,17.0,20.61,482.8,492.06,-9.26,17.75,76.0,20.73,20.53,20.71,20.61,1,00z,48,NOAA NCEI GFS Archive,experiments/phase6/data/raw/gfs_20230201_00_048_subset.grib2,2023-02-03 00:00:00,20.61,20.6097329802176,20.670189999999998,2,20.99302931596091,21.65836942675159,19.794786673774592,,22.020121242968557
42933099999,AKOLA,Synoptic/Airport,20.7,77.0333333,2023-02-02T00:00:00,2023-02-01T12:00:00,2023-02-02T00:00:00,12,15.7,18.14,282.0,280.22,1.78,20.75,77.0,17.73,17.72,18.14,17.76,1,12z,12,NOAA NCEI GFS Archive,experiments/phase6/data/raw/gfs_20230201_12_012_subset.grib2,2023-02-02 00:00:00,18.14,18.01720004080001,18.12843,2,18.523029315960912,19.188369426751592,16.97040697657597,,19.134616509885877
43014099999,AURANGABAD,Synoptic/Airport,19.863169,75.398206,2023-02-02T00:00:00,2023-02-01T12:00:00,2023-02-02T00:00:00,12,16.0,18.11,582.47,556.06,26.41,19.75,75.5,18.99,18.11,16.95,16.57,1,12z,12,NOAA NCEI GFS Archive,experiments/phase6/data/raw/gfs_20230201_12_012_subset.grib2,2023-02-02 00:00:00,18.11,17.679034438511998,17.938335,2,18.19796986518636,19.15836942675159,17.522164157752016,,18.91930027872213
43063099999,PUNE,Synoptic/Airport,18.5333333,73.85,2023-02-02T00:00:00,2023-02-01T12:00:00,2023-02-02T00:00:00,12,15.0,17.83,558.0,677.98,-119.98,18.5,73.75,17.83,17.65,17.87,18.52,1,12z,12,NOAA NCEI GFS Archive,experiments/phase6/data/raw/gfs_20230201_12_012_subset.grib2,2023-02-02 00:00:00,17.83,17.8075999504,18.609869999999997,2,17.917969865186357,18.87836942675159,18.363785609462756,,19.741331101399236
43110099999,RATNAGIRI,Synoptic/Airport,16.9833333,73.3333333,2023-02-02T00:00:00,2023-02-01T12:00:00,2023-02-02T00:00:00,12,23.0,24.07,67.0,36.22,30.78,17.0,73.25,25.19,21.38,24.07,21.0,1,12z,12,NOAA NCEI GFS Archive,experiments/phase6/data/raw/gfs_20230201_12_012_subset.grib2,2023-02-02 00:00:00,24.07,23.10488942124437,23.86993,2,23.93682551319648,25.118369426751592,23.470916691037885,,24.838717485084143
43117099999,SOLAPUR,Synoptic/Airport,17.627958,75.934842,2023-02-02T00:00:00,2023-02-01T12:00:00,2023-02-02T00:00:00,12,19.6,21.25,482.8,492.06,-9.26,17.75,76.0,21.39,21.83,21.3,21.25,1,12z,12,NOAA NCEI GFS Archive,experiments/phase6/data/raw/gfs_20230201_12_012_subset.grib2,2023-02-02 00:00:00,21.25,21.483825260933763,21.31019,2,21.63302931596091,22.29836942675159,20.652429754862233,,22.323683006970597
42851099999,JALGAON,Synoptic/Airport,21.05,75.5666666,2023-02-02T12:00:00,2023-02-01T12:00:00,2023-02-02T12:00:00,24,29.0,28.95,201.0,212.38,-11.38,21.0,75.5,28.95,28.42,27.85,26.69,1,12z,24,NOAA NCEI GFS Archive,experiments/phase6/data/raw/gfs_20230201_12_024_subset.grib2,2023-02-02 12:00:00,28.95,28.555066841599984,29.02397,2,28.80510980966325,29.99836942675159,29.381458549247245,,30.141564991219475
42871099999,GONDIA ARPT/BIRSI,Synoptic/Airport,21.524467,80.287997,2023-02-02T12:00:00,2023-02-01T12:00:00,2023-02-02T12:00:00,24,27.0,26.19,300.84,301.18,-0.34,21.5,80.25,26.19,25.25,26.31,23.24,1,12z,24,NOAA NCEI GFS Archive,experiments/phase6/data/raw/gfs_20230201_12_024_subset.grib2,2023-02-02 12:00:00,26.19,26.02719219782606,26.192210000000003,2,26.04510980966325,27.238369426751596,26.076449342934687,,27.302046546608885
42920099999,OZAR AIR FORCE STATION /NASHIK ARPT,Synoptic/Airport,20.119156,73.914097,2023-02-02T12:00:00,2023-02-01T12:00:00,2023-02-02T12:00:00,24,26.0,27.46,598.02,584.38,13.64,20.0,74.0,27.0,27.46,26.65,26.24,1,12z,24,NOAA NCEI GFS Archive,experiments/phase6/data/raw/gfs_20230201_12_024_subset.grib2,2023-02-02 12:00:00,27.46,26.862940341522556,27.37134,2,27.387431386347643,28.508369426751592,27.59307798231621,,28.46519905172105
42933099999,AKOLA,Synoptic/Airport,20.7,77.0333333,2023-02-02T12:00:00,2023-02-01T12:00:00,2023-02-02T12:00:00,24,28.6,28.84,282.0,280.22,1.78,20.75,77.0,27.87,27.78,28.84,28.35,1,12z,24,NOAA NCEI GFS Archive,experiments/phase6/data/raw/gfs_20230201_12_024_subset.grib2,2023-02-02 12:00:00,28.84,28.591333388,28.82843,2,29.22302931596091,29.88836942675159,29.465261191623146,,29.932670434269
42939099999,WARDHA,Synoptic/Airport,20.6666666,78.5833333,2023-02-02T12:00:00,2023-02-01T12:00:00,2023-02-02T12:00:00,24,29.2,28.01,283.0,275.58,7.42,20.75,78.5,28.05,27.91,28.01,27.65,1,12z,24,NOAA NCEI GFS Archive,experiments/phase6/data/raw/gfs_20230201_12_024_subset.grib2,2023-02-02 12:00:00,28.01,27.92777784622221,27.96177,2,27.876825513196483,29.058369426751597,28.10283730096196,,29.061297939429725
42943099999,YEOTMAL,Synoptic/Airport,20.4,78.15,2023-02-02T12:00:00,2023-02-01T12:00:00,2023-02-02T12:00:00,24,27.5,27.74,451.0,308.86,142.14,20.5,78.25,27.84,27.66,27.73,27.74,1,12z,24,NOAA NCEI GFS Archive,experiments/phase6/data/raw/gfs_20230201_12_024_subset.grib2,2023-02-02 12:00:00,27.74,27.7344,26.81609,2,27.59510980966325,28.78836942675159,26.983749436850573,,27.77780080739426
43014099999,AURANGABAD,Synoptic/Airport,19.863169,75.398206,2023-02-02T12:00:00,2023-02-01T12:00:00,2023-02-02T12:00:00,24,27.0,28.17,582.47,556.06,26.41,19.75,75.5,28.68,28.17,27.15,26.84,1,12z,24,NOAA NCEI GFS Archive,experiments/phase6/data/raw/gfs_20230201_12_024_subset.grib2,2023-02-02 12:00:00,28.17,27.7387369194048,27.998335,2,28.25796986518636,29.218369426751597,28.402442885833672,,29.078180621438275
43017099999,PARBHANI,Synoptic/Airport,19.1333333,76.8333333,2023-02-02T12:00:00,2023-02-01T12:00:00,2023-02-02T12:00:00,24,27.7,28.52,422.0,405.66,16.34,19.25,76.75,28.86,28.67,28.52,28.45,1,12z,24,NOAA NCEI GFS Archive,experiments/phase6/data/raw/gfs_20230201_12_024_subset.grib2,2023-02-02 12:00:00,28.52,28.636666723466668,28.41379,2,28.38682551319648,29.56836942675159,28.631155025235568,,29.503511237578568
43021099999,NANDED,Synoptic/Airport,19.0833333,77.3333333,2023-02-02T12:00:00,2023-02-01T12:00:00,2023-02-02T12:00:00,24,29.0,28.39,358.0,399.74,-41.74,19.0,77.25,28.39,28.21,28.25,27.67,1,12z,24,NOAA NCEI GFS Archive,experiments/phase6/data/raw/gfs_20230201_12_024_subset.grib2,2023-02-02 12:00:00,28.39,28.23888896711109,28.66131,2,28.24510980966325,29.438369426751592,28.9189078407415,,29.81076463485817
43029099999,CHANDRAPUR,Synoptic/Airport,19.9666666,79.3,2023-02-02T12:00:00,2023-02-01T12:00:00,2023-02-02T12:00:00,24,28.8,28.0,193.0,200.22,-7.22,20.0,79.25,28.04,27.72,28.0,27.45,1,12z,24,NOAA NCEI GFS Archive,experiments/phase6/data/raw/gfs_20230201_12_024_subset.grib2,2023-02-02 12:00:00,28.0,27.901466689600007,28.04693,2,27.92743138634764,29.04836942675159,28.374364723668997,,29.16148530425914
43063099999,PUNE,Synoptic/Airport,18.5333333,73.85,2023-02-02T12:00:00,2023-02-01T12:00:00,2023-02-02T12:00:00,24,28.0,28.34,558.0,677.98,-119.98,18.5,73.75,28.34,28.88,28.76,29.09,1,12z,24,NOAA NCEI GFS Archive,experiments/phase6/data/raw/gfs_20230201_12_024_subset.grib2,2023-02-02 12:00:00,28.34,28.600799955199985,29.11987,2,28.42796986518636,29.38836942675159,29.731566634682302,,30.349630368724977
43110099999,RATNAGIRI,Synoptic/Airport,16.9833333,73.3333333,2023-02-02T12:00:00,2023-02-01T12:00:00,2023-02-02T12:00:00,24,30.2,27.8,67.0,36.22,30.78,17.0,73.25,28.13,34.59,27.8,34.08,1,12z,24,NOAA NCEI GFS Archive,experiments/phase6/data/raw/gfs_20230201_12_024_subset.grib2,2023-02-02 12:00:00,27.8,29.919332546400163,27.59993,2,27.66682551319648,28.848369426751592,27.707414616391496,,28.67577162162532
43111099999,MAHABALESHWAR,Synoptic/Airport,17.9333333,73.6666666,2023-02-02T12:00:00,2023-02-01T12:00:00,2023-02-02T12:00:00,24,20.6,26.33,1382.0,888.7,493.3,18.0,73.75,33.0,27.74,32.55,26.33,1,12z,24,NOAA NCEI GFS Archive,experiments/phase6/data/raw/gfs_20230201_12_024_subset.grib2,2023-02-02 12:00:00,26.33,28.694001735733316,23.123549999999998,2,26.71302931596091,27.37836942675159,24.75093026820106,,23.726939776718062
43113099999,SATARA,Synoptic/Airport,17.5166666,74.05,2023-02-02T12:00:00,2023-02-01T12:00:00,2023-02-02T12:00:00,24,28.4,27.77,612.0,746.14,-134.14,17.5,74.0,27.77,28.42,27.55,27.55,1,12z,24,NOAA NCEI GFS Archive,experiments/phase6/data/raw/gfs_20230201_12_024_subset.grib2,2023-02-02 12:00:00,27.77,27.876666759999992,28.64191,2,27.85796986518636,28.81836942675159,29.224812956448726,,29.88692857247963
43117099999,SOLAPUR,Synoptic/Airport,17.627958,75.934842,2023-02-02T12:00:00,2023-02-01T12:00:00,2023-02-02T12:00:00,24,30.0,29.66,482.8,492.06,-9.26,17.75,76.0,30.58,30.32,30.14,29.66,1,12z,24,NOAA NCEI GFS Archive,experiments/phase6/data/raw/gfs_20230201_12_024_subset.grib2,2023-02-02 12:00:00,29.66,30.079303155521277,29.72019,2,30.04302931596091,30.70836942675159,30.465437570609932,,30.83469395945156
43157099999,KOLHAPUR,Synoptic/Airport,16.664658,74.289353,2023-02-02T12:00:00,2023-02-01T12:00:00,2023-02-02T12:00:00,24,29.0,29.67,608.38,591.9,16.48,16.75,74.25,29.29,29.16,29.67,29.77,1,12z,24,NOAA NCEI GFS Archive,experiments/phase6/data/raw/gfs_20230201_12_024_subset.grib2,2023-02-02 12:00:00,29.67,29.543662213488325,29.562880000000003,2,30.053029315960917,30.718369426751597,30.38420358361513,,30.65097268631088
43158099999,SANGLI,Synoptic/Airport,16.85,74.6,2023-02-02T12:00:00,2023-02-01T12:00:00,2023-02-02T12:00:00,24,29.0,29.77,549.0,562.78,-13.78,16.75,74.5,29.77,29.6,29.85,29.08,1,12z,24,NOAA NCEI GFS Archive,experiments/phase6/data/raw/gfs_20230201_12_024_subset.grib2,2023-02-02 12:00:00,29.77,29.63800000000001,29.859569999999998,2,29.69743138634764,30.81836942675159,30.531652825899528,,30.978567528311107
42933099999,AKOLA,Synoptic/Airport,20.7,77.0333333,2023-02-03T00:00:00,2023-02-01T12:00:00,2023-02-03T00:00:00,36,13.2,17.7,282.0,280.22,1.78,20.75,77.0,17.04,17.76,17.7,17.6,1,12z,36,NOAA NCEI GFS Archive,experiments/phase6/data/raw/gfs_20230201_12_036_subset.grib2,2023-02-03 00:00:00,17.7,17.576533324799996,17.68843,2,18.08302931596091,18.74836942675159,16.383030096320745,,18.918925884266454
43014099999,AURANGABAD,Synoptic/Airport,19.863169,75.398206,2023-02-03T00:00:00,2023-02-01T12:00:00,2023-02-03T00:00:00,36,14.0,17.45,582.47,556.06,26.41,19.75,75.5,18.21,17.45,16.7,15.9,1,12z,36,NOAA NCEI GFS Archive,experiments/phase6/data/raw/gfs_20230201_12_036_subset.grib2,2023-02-03 00:00:00,17.45,17.06517871211904,17.278335,2,17.53796986518636,18.49836942675159,16.770948870525654,,18.48389373440468
43063099999,PUNE,Synoptic/Airport,18.5333333,73.85,2023-02-03T00:00:00,2023-02-01T12:00:00,2023-02-03T00:00:00,36,13.0,17.49,558.0,677.98,-119.98,18.5,73.75,17.49,16.99,17.65,17.97,1,12z,36,NOAA NCEI GFS Archive,experiments/phase6/data/raw/gfs_20230201_12_036_subset.grib2,2023-02-03 00:00:00,17.49,17.355066601600004,18.269869999999997,2,17.577969865186358,18.53836942675159,17.959238622423335,,19.62551134791528
43110099999,RATNAGIRI,Synoptic/Airport,16.9833333,73.3333333,2023-02-03T00:00:00,2023-02-01T12:00:00,2023-02-03T00:00:00,36,23.8,23.44,67.0,36.22,30.78,17.0,73.25,24.75,21.03,23.44,20.42,1,12z,36,NOAA NCEI GFS Archive,experiments/phase6/data/raw/gfs_20230201_12_036_subset.grib2,2023-02-03 00:00:00,23.44,22.50511166355548,23.23993,2,23.306825513196483,24.488369426751596,22.632284056680632,,24.433272202407338
43117099999,SOLAPUR,Synoptic/Airport,17.627958,75.934842,2023-02-03T00:00:00,2023-02-01T12:00:00,2023-02-03T00:00:00,36,17.0,20.21,482.8,492.06,-9.26,17.75,76.0,20.6,20.29,20.5,20.21,1,12z,36,NOAA NCEI GFS Archive,experiments/phase6/data/raw/gfs_20230201_12_036_subset.grib2,2023-02-03 00:00:00,20.21,20.32718136404352,20.27019,2,20.593029315960912,21.258369426751592,19.362385695751254,,21.508767148538382
42851099999,JALGAON,Synoptic/Airport,21.05,75.5666666,2023-02-03T12:00:00,2023-02-01T12:00:00,2023-02-03T12:00:00,48,32.4,29.57,201.0,212.38,-11.38,21.0,75.5,29.57,29.34,28.49,27.8,1,12z,48,NOAA NCEI GFS Archive,experiments/phase6/data/raw/gfs_20230201_12_048_subset.grib2,2023-02-03 12:00:00,29.57,29.26813341919999,29.64397,2,29.42510980966325,30.618369426751592,30.01553799542236,,30.98450561023599
42871099999,GONDIA ARPT/BIRSI,Synoptic/Airport,21.524467,80.287997,2023-02-03T12:00:00,2023-02-01T12:00:00,2023-02-03T12:00:00,48,29.4,27.12,300.84,301.18,-0.34,21.5,80.25,27.12,26.36,27.24,24.2,1,12z,48,NOAA NCEI GFS Archive,experiments/phase6/data/raw/gfs_20230201_12_048_subset.grib2,2023-02-03 12:00:00,27.12,26.982318823588464,27.122210000000003,2,26.97510980966325,28.168369426751592,27.07383076064578,,28.45458686924534
42920099999,OZAR AIR FORCE STATION /NASHIK ARPT,Synoptic/Airport,20.119156,73.914097,2023-02-03T12:00:00,2023-02-01T12:00:00,2023-02-03T12:00:00,48,27.0,28.51,598.02,584.38,13.64,20.0,74.0,28.37,28.51,28.0,28.0,1,12z,48,NOAA NCEI GFS Archive,experiments/phase6/data/raw/gfs_20230201_12_048_subset.grib2,2023-02-03 12:00:00,28.51,28.24174440162432,28.42134,2,28.437431386347644,29.558369426751597,28.766468619042232,,29.737584420920065
42933099999,AKOLA,Synoptic/Airport,20.7,77.0333333,2023-02-03T12:00:00,2023-02-01T12:00:00,2023-02-03T12:00:00,48,28.0,29.49,282.0,280.22,1.78,20.75,77.0,28.68,28.68,29.49,29.09,1,12z,48,NOAA NCEI GFS Archive,experiments/phase6/data/raw/gfs_20230201_12_048_subset.grib2,2023-02-03 12:00:00,29.49,29.285333376,29.47843,2,29.87302931596091,30.53836942675159,30.15439635295588,,30.805572314926152
42939099999,WARDHA,Synoptic/Airport,20.6666666,78.5833333,2023-02-03T12:00:00,2023-02-01T12:00:00,2023-02-03T12:00:00,48,29.1,28.42,283.0,275.58,7.42,20.75,78.5,28.45,28.43,28.42,28.07,1,12z,48,NOAA NCEI GFS Archive,experiments/phase6/data/raw/gfs_20230201_12_048_subset.grib2,2023-02-03 12:00:00,28.42,28.35000006933332,28.37177,2,28.286825513196483,29.468369426751597,28.461249614004835,,29.69450972696176
42943099999,YEOTMAL,Synoptic/Airport,20.4,78.15,2023-02-03T12:00:00,2023-02-01T12:00:00,2023-02-03T12:00:00,48,26.5,28.28,451.0,308.86,142.14,20.5,78.25,28.53,28.13,28.32,28.28,1,12z,48,NOAA NCEI GFS Archive,experiments/phase6/data/raw/gfs_20230201_12_048_subset.grib2,2023-02-03 12:00:00,28.28,28.2936,27.356090000000002,2,28.13510980966325,29.328369426751596,27.524073535532533,,28.540844728702403
43014099999,AURANGABAD,Synoptic/Airport,19.863169,75.398206,2023-02-03T12:00:00,2023-02-01T12:00:00,2023-02-03T12:00:00,48,27.0,28.89,582.47,556.06,26.41,19.75,75.5,29.21,28.89,28.01,28.35,1,12z,48,NOAA NCEI GFS Archive,experiments/phase6/data/raw/gfs_20230201_12_048_subset.grib2,2023-02-03 12:00:00,28.89,28.654200870035844,28.718335,2,28.97796986518636,29.938369426751592,29.146234643163503,,30.020992112590253
43017099999,PARBHANI,Synoptic/Airport,19.1333333,76.8333333,2023-02-03T12:00:00,2023-02-01T12:00:00,2023-02-03T12:00:00,48,28.4,29.66,422.0,405.66,16.34,19.25,76.75,29.78,29.73,29.66,29.67,1,12z,48,NOAA NCEI GFS Archive,experiments/phase6/data/raw/gfs_20230201_12_048_subset.grib2,2023-02-03 12:00:00,29.66,29.710000015733332,29.55379,2,29.52682551319648,30.70836942675159,29.82980081097277,,30.865780391699502
43021099999,NANDED,Synoptic/Airport,19.0833333,77.3333333,2023-02-03T12:00:00,2023-02-01T12:00:00,2023-02-03T12:00:00,48,29.6,29.5,358.0,399.74,-41.74,19.0,77.25,29.5,29.4,29.49,28.82,1,12z,48,NOAA NCEI GFS Archive,experiments/phase6/data/raw/gfs_20230201_12_048_subset.grib2,2023-02-03 12:00:00,29.5,29.400000065333312,29.77131,2,29.35510980966325,30.54836942675159,30.127238790312195,,31.14307252733846
43063099999,PUNE,Synoptic/Airport,18.5333333,73.85,2023-02-03T12:00:00,2023-02-01T12:00:00,2023-02-03T12:00:00,48,28.4,28.99,558.0,677.98,-119.98,18.5,73.75,28.99,29.14,29.16,29.37,1,12z,48,NOAA NCEI GFS Archive,experiments/phase6/data/raw/gfs_20230201_12_048_subset.grib2,2023-02-03 12:00:00,28.99,29.075866640799997,29.769869999999997,2,29.07796986518636,30.03836942675159,30.399524701346238,,31.222532249382127
43069099999,BARAMATI,Synoptic/Airport,18.15,74.5833333,2023-02-03T12:00:00,2023-02-01T12:00:00,2023-02-03T12:00:00,48,27.6,29.62,551.0,580.7,-29.7,18.25,74.5,29.4,29.53,29.62,30.08,1,12z,48,NOAA NCEI GFS Archive,experiments/phase6/data/raw/gfs_20230201_12_048_subset.grib2,2023-02-03 12:00:00,29.62,29.64133328960001,29.81305,2,29.547431386347643,30.668369426751592,30.3754575875806,,31.17230962290394
43110099999,RATNAGIRI,Synoptic/Airport,16.9833333,73.3333333,2023-02-03T12:00:00,2023-02-01T12:00:00,2023-02-03T12:00:00,48,31.0,27.46,67.0,36.22,30.78,17.0,73.25,27.38,31.94,27.46,32.34,1,12z,48,NOAA NCEI GFS Archive,experiments/phase6/data/raw/gfs_20230201_12_048_subset.grib2,2023-02-03 12:00:00,27.46,29.07422154951125,27.25993,2,27.32682551319648,28.508369426751592,27.202573361597743,,28.559951868141365
43111099999,MAHABALESHWAR,Synoptic/Airport,17.9333333,73.6666666,2023-02-03T12:00:00,2023-02-01T12:00:00,2023-02-03T12:00:00,48,21.8,27.62,1382.0,888.7,493.3,18.0,73.75,33.46,28.8,33.47,27.62,1,12z,48,NOAA NCEI GFS Archive,experiments/phase6/data/raw/gfs_20230201_12_048_subset.grib2,2023-02-03 12:00:00,27.62,29.778890468711083,24.41355,2,28.003029315960912,28.668369426751592,26.18957708697994,,25.239015239042196
43113099999,SATARA,Synoptic/Airport,17.5166666,74.05,2023-02-03T12:00:00,2023-02-01T12:00:00,2023-02-03T12:00:00,48,29.0,28.52,612.0,746.14,-134.14,17.5,74.0,28.52,28.63,28.47,28.18,1,12z,48,NOAA NCEI GFS Archive,experiments/phase6/data/raw/gfs_20230201_12_048_subset.grib2,2023-02-03 12:00:00,28.52,28.533333368,29.39191,2,28.60796986518636,29.56836942675159,30.001104866921086,,30.859701325272248
43117099999,SOLAPUR,Synoptic/Airport,17.627958,75.934842,2023-02-03T12:00:00,2023-02-01T12:00:00,2023-02-03T12:00:00,48,30.8,30.7,482.8,492.06,-9.26,17.75,76.0,31.32,31.48,30.66,30.7,1,12z,48,NOAA NCEI GFS Archive,experiments/phase6/data/raw/gfs_20230201_12_048_subset.grib2,2023-02-03 12:00:00,30.7,31.055077895738883,30.760189999999998,2,31.08302931596091,31.74836942675159,31.611306398198913,,32.097092241437025
43157099999,KOLHAPUR,Synoptic/Airport,16.664658,74.289353,2023-02-03T12:00:00,2023-02-01T12:00:00,2023-02-03T12:00:00,48,29.6,30.74,608.38,591.9,16.48,16.75,74.25,30.64,30.46,30.74,30.8,1,12z,48,NOAA NCEI GFS Archive,experiments/phase6/data/raw/gfs_20230201_12_048_subset.grib2,2023-02-03 12:00:00,30.74,30.70241141929216,30.63288,2,31.12302931596091,31.78836942675159,31.565205770146893,,31.943332229936985
43158099999,SANGLI,Synoptic/Airport,16.85,74.6,2023-02-03T12:00:00,2023-02-01T12:00:00,2023-02-03T12:00:00,48,29.4,30.8,549.0,562.78,-13.78,16.75,74.5,30.8,30.56,30.5,29.74,1,12z,48,NOAA NCEI GFS Archive,experiments/phase6/data/raw/gfs_20230201_12_048_subset.grib2,2023-02-03 12:00:00,30.8,30.500800000000005,30.88957,2,30.727431386347643,31.848369426751592,31.681151295033622,,32.23097872308303
42851099999,JALGAON,Synoptic/Airport,21.05,75.5666666,2023-08-01T12:00:00,2023-08-01T00:00:00,2023-08-01T12:00:00,12,31.6,29.26,201.0,212.38,-11.38,21.0,75.5,29.26,30.06,28.76,28.86,1,00z,12,NOAA NCEI GFS Archive,experiments/phase6/data/raw/gfs_20230801_00_012_subset.grib2,2023-08-01 12:00:00,29.26,29.335999824000016,29.33397,8,29.11510980966325,28.34763428571429,29.791022769231652,29.251871389045416,
42871099999,GONDIA ARPT/BIRSI,Synoptic/Airport,21.524467,80.287997,2023-08-01T12:00:00,2023-08-01T00:00:00,2023-08-01T12:00:00,12,29.0,26.96,300.84,301.18,-0.34,21.5,80.25,26.96,26.56,27.46,25.96,1,00z,12,NOAA NCEI GFS Archive,experiments/phase6/data/raw/gfs_20230801_00_012_subset.grib2,2023-08-01 12:00:00,26.96,26.931776562257596,26.962210000000002,8,26.81510980966325,26.047634285714288,27.02510681100474,26.13906805109072,
42933099999,AKOLA,Synoptic/Airport,20.7,77.0333333,2023-08-01T12:00:00,2023-08-01T00:00:00,2023-08-01T12:00:00,12,29.0,30.16,282.0,280.22,1.78,20.75,77.0,28.86,28.46,30.16,29.46,1,00z,12,NOAA NCEI GFS Archive,experiments/phase6/data/raw/gfs_20230801_00_012_subset.grib2,2023-08-01 12:00:00,30.16,29.814666752000008,30.14843,8,30.54302931596091,29.247634285714287,31.04717279298631,30.356739514516086,
42939099999,WARDHA,Synoptic/Airport,20.6666666,78.5833333,2023-08-01T12:00:00,2023-08-01T00:00:00,2023-08-01T12:00:00,12,29.7,29.86,283.0,275.58,7.42,20.75,78.5,30.16,30.36,29.86,29.96,1,00z,12,NOAA NCEI GFS Archive,experiments/phase6/data/raw/gfs_20230801_00_012_subset.grib2,2023-08-01 12:00:00,29.86,30.004444515555555,29.81177,8,29.72682551319648,28.947634285714287,30.28894592031289,29.923526122076115,
42943099999,YEOTMAL,Synoptic/Airport,20.4,78.15,2023-08-01T12:00:00,2023-08-01T00:00:00,2023-08-01T12:00:00,12,28.0,29.36,451.0,308.86,142.14,20.5,78.25,28.76,28.66,29.26,29.36,1,00z,12,NOAA NCEI GFS Archive,experiments/phase6/data/raw/gfs_20230801_00_012_subset.grib2,2023-08-01 12:00:00,29.36,29.072000000000003,28.43609,8,29.21510980966325,28.447634285714287,28.928557472035415,28.390039920433715,
43014099999,AURANGABAD,Synoptic/Airport,19.863169,75.398206,2023-08-01T12:00:00,2023-08-01T00:00:00,2023-08-01T12:00:00,12,26.0,27.86,582.47,556.06,26.41,19.75,75.5,28.66,27.86,27.26,27.66,1,00z,12,NOAA NCEI GFS Archive,experiments/phase6/data/raw/gfs_20230801_00_012_subset.grib2,2023-08-01 12:00:00,27.86,27.8740230364288,27.688335,8,27.94796986518636,26.947634285714287,28.08471392907296,27.155939095955297,
43017099999,PARBHANI,Synoptic/Airport,19.1333333,76.8333333,2023-08-01T12:00:00,2023-08-01T00:00:00,2023-08-01T12:00:00,12,30.4,29.26,422.0,405.66,16.34,19.25,76.75,29.26,29.56,29.26,28.96,1,00z,12,NOAA NCEI GFS Archive,experiments/phase6/data/raw/gfs_20230801_00_012_subset.grib2,2023-08-01 12:00:00,29.26,29.253333362666652,29.15379,8,29.126825513196483,28.34763428571429,29.539648364188288,29.072380655093923,
43021099999,NANDED,Synoptic/Airport,19.0833333,77.3333333,2023-08-01T12:00:00,2023-08-01T00:00:00,2023-08-01T12:00:00,12,28.4,29.26,358.0,399.74,-41.74,19.0,77.25,29.26,29.36,28.36,27.56,1,00z,12,NOAA NCEI GFS Archive,experiments/phase6/data/raw/gfs_20230801_00_012_subset.grib2,2023-08-01 12:00:00,29.26,28.89333351999998,29.53131,8,29.11510980966325,28.34763428571429,29.984759493178,29.448456478611334,
43029099999,CHANDRAPUR,Synoptic/Airport,19.9666666,79.3,2023-08-01T12:00:00,2023-08-01T00:00:00,2023-08-01T12:00:00,12,28.4,28.16,193.0,200.22,-7.22,20.0,79.25,27.96,27.86,28.16,27.66,1,00z,12,NOAA NCEI GFS Archive,experiments/phase6/data/raw/gfs_20230801_00_012_subset.grib2,2023-08-01 12:00:00,28.16,28.04399996800001,28.20693,8,28.08743138634764,27.247634285714287,28.605976145329574,27.770391508716415,
43063099999,PUNE,Synoptic/Airport,18.5333333,73.85,2023-08-01T12:00:00,2023-08-01T00:00:00,2023-08-01T12:00:00,12,25.8,22.56,558.0,677.98,-119.98,18.5,73.75,22.56,23.96,22.86,24.06,1,00z,12,NOAA NCEI GFS Archive,experiments/phase6/data/raw/gfs_20230801_00_012_subset.grib2,2023-08-01 12:00:00,22.56,23.149333303999967,23.339869999999998,8,22.64796986518636,21.64763428571429,23.48797642160102,21.095579887022527,
43069099999,BARAMATI,Synoptic/Airport,18.15,74.5833333,2023-08-01T12:00:00,2023-08-01T00:00:00,2023-08-01T12:00:00,12,27.2,24.96,551.0,580.7,-29.7,18.25,74.5,25.36,26.46,24.96,26.26,1,00z,12,NOAA NCEI GFS Archive,experiments/phase6/data/raw/gfs_20230801_00_012_subset.grib2,2023-08-01 12:00:00,24.96,25.526666504000037,25.15305,8,24.887431386347643,24.047634285714288,24.930004781436413,23.68455378783262,
43110099999,RATNAGIRI,Synoptic/Airport,16.9833333,73.3333333,2023-08-01T12:00:00,2023-08-01T00:00:00,2023-08-01T12:00:00,12,26.6,26.56,67.0,36.22,30.78,17.0,73.25,26.56,26.06,26.56,25.96,1,00z,12,NOAA NCEI GFS Archive,experiments/phase6/data/raw/gfs_20230801_00_012_subset.grib2,2023-08-01 12:00:00,26.56,26.36222230577776,26.35993,8,26.42682551319648,25.64763428571429,26.336918536255503,25.40863701552663,
43111099999,MAHABALESHWAR,Synoptic/Airport,17.9333333,73.6666666,2023-08-01T12:00:00,2023-08-01T00:00:00,2023-08-01T12:00:00,12,19.0,20.36,1382.0,888.7,493.3,18.0,73.75,24.16,20.86,23.96,20.36,1,00z,12,NOAA NCEI GFS Archive,experiments/phase6/data/raw/gfs_20230801_00_012_subset.grib2,2023-08-01 12:00:00,20.36,21.666667658666668,17.15355,8,20.74302931596091,19.447634285714287,17.79543564646677,14.215422636779621,
43117099999,SOLAPUR,Synoptic/Airport,17.627958,75.934842,2023-08-01T12:00:00,2023-08-01T00:00:00,2023-08-01T12:00:00,12,27.6,28.46,482.8,492.06,-9.26,17.75,76.0,28.26,28.66,28.46,28.46,1,00z,12,NOAA NCEI GFS Archive,experiments/phase6/data/raw/gfs_20230801_00_012_subset.grib2,2023-08-01 12:00:00,28.46,28.506740719129603,28.52019,8,28.843029315960912,27.547634285714288,29.09614702077892,28.180294416227618,
43157099999,KOLHAPUR,Synoptic/Airport,16.664658,74.289353,2023-08-01T12:00:00,2023-08-01T00:00:00,2023-08-01T12:00:00,12,23.0,22.96,608.38,591.9,16.48,16.75,74.25,22.26,22.96,22.96,23.76,1,00z,12,NOAA NCEI GFS Archive,experiments/phase6/data/raw/gfs_20230801_00_012_subset.grib2,2023-08-01 12:00:00,22.96,22.84159845803842,22.852880000000003,8,23.343029315960912,22.047634285714288,22.562086107958738,20.740907849152606,
43158099999,SANGLI,Synoptic/Airport,16.85,74.6,2023-08-01T12:00:00,2023-08-01T00:00:00,2023-08-01T12:00:00,12,24.6,23.76,549.0,562.78,-13.78,16.75,74.5,23.76,24.46,23.86,23.96,1,00z,12,NOAA NCEI GFS Archive,experiments/phase6/data/raw/gfs_20230801_00_012_subset.grib2,2023-08-01 12:00:00,23.76,23.98399999999999,23.84957,8,23.687431386347644,22.84763428571429,23.392530545449812,21.994695112496913,
42933099999,AKOLA,Synoptic/Airport,20.7,77.0333333,2023-08-02T00:00:00,2023-08-01T00:00:00,2023-08-02T00:00:00,24,25.4,24.71,282.0,280.22,1.78,20.75,77.0,24.11,24.01,24.71,24.51,1,00z,24,NOAA NCEI GFS Archive,experiments/phase6/data/raw/gfs_20230801_00_024_subset.grib2,2023-08-02 00:00:00,24.71,24.566000024,24.698430000000002,8,25.093029315960912,23.797634285714288,24.628568777166016,22.91587526338757,
43014099999,AURANGABAD,Synoptic/Airport,19.863169,75.398206,2023-08-02T00:00:00,2023-08-01T00:00:00,2023-08-02T00:00:00,24,23.2,23.21,582.47,556.06,26.41,19.75,75.5,23.41,23.21,22.31,22.41,1,00z,24,NOAA NCEI GFS Archive,experiments/phase6/data/raw/gfs_20230801_00_024_subset.grib2,2023-08-02 00:00:00,23.21,22.8739987591072,23.038335,8,23.29796986518636,22.297634285714288,23.02908423293604,20.772924532075415,
43063099999,PUNE,Synoptic/Airport,18.5333333,73.85,2023-08-02T00:00:00,2023-08-01T00:00:00,2023-08-02T00:00:00,24,23.0,21.51,558.0,677.98,-119.98,18.5,73.75,21.51,22.21,21.61,22.21,1,00z,24,NOAA NCEI GFS Archive,experiments/phase6/data/raw/gfs_20230801_00_024_subset.grib2,2023-08-02 00:00:00,21.51,21.797999991999983,22.28987,8,21.59796986518636,20.59763428571429,22.33236510256722,19.47288891576149,
42851099999,JALGAON,Synoptic/Airport,21.05,75.5666666,2023-08-02T12:00:00,2023-08-01T00:00:00,2023-08-02T12:00:00,36,29.8,28.33,201.0,212.38,-11.38,21.0,75.5,28.33,28.23,26.93,26.53,1,00z,36,NOAA NCEI GFS Archive,experiments/phase6/data/raw/gfs_20230801_00_036_subset.grib2,2023-08-02 12:00:00,28.33,28.007333375999995,28.403969999999997,8,28.18510980966325,27.41763428571429,28.60859235772686,27.553594614124457,
42871099999,GONDIA ARPT/BIRSI,Synoptic/Airport,21.524467,80.287997,2023-08-02T12:00:00,2023-08-01T00:00:00,2023-08-02T12:00:00,36,26.0,24.03,300.84,301.18,-0.34,21.5,80.25,24.03,23.33,24.23,22.73,1,00z,36,NOAA NCEI GFS Archive,experiments/phase6/data/raw/gfs_20230801_00_036_subset.grib2,2023-08-02 12:00:00,24.03,23.931282190732787,24.032210000000003,8,23.88510980966325,23.11763428571429,23.498792712171046,21.796167058048184,
42933099999,AKOLA,Synoptic/Airport,20.7,77.0333333,2023-08-02T12:00:00,2023-08-01T00:00:00,2023-08-02T12:00:00,36,28.8,26.33,282.0,280.22,1.78,20.75,77.0,25.73,25.63,26.33,25.73,1,00z,36,NOAA NCEI GFS Archive,experiments/phase6/data/raw/gfs_20230801_00_036_subset.grib2,2023-08-02 12:00:00,26.33,26.143333400000003,26.31843,8,26.71302931596091,25.41763428571429,26.489726352196058,24.823757623318834,
42939099999,WARDHA,Synoptic/Airport,20.6666666,78.5833333,2023-08-02T12:00:00,2023-08-01T00:00:00,2023-08-02T12:00:00,36,28.0,24.83,283.0,275.58,7.42,20.75,78.5,25.13,25.33,24.83,24.93,1,00z,36,NOAA NCEI GFS Archive,experiments/phase6/data/raw/gfs_20230801_00_036_subset.grib2,2023-08-02 12:00:00,24.83,24.97444451555556,24.781769999999998,8,24.69682551319648,23.91763428571429,24.385892354647392,22.803769700005915,
42943099999,YEOTMAL,Synoptic/Airport,20.4,78.15,2023-08-02T12:00:00,2023-08-01T00:00:00,2023-08-02T12:00:00,36,27.0,24.93,451.0,308.86,142.14,20.5,78.25,24.83,24.23,25.03,24.93,1,00z,36,NOAA NCEI GFS Archive,experiments/phase6/data/raw/gfs_20230801_00_036_subset.grib2,2023-08-02 12:00:00,24.93,24.76999999999999,24.00609,8,24.78510980966325,24.017634285714287,23.644330607705037,22.06367076379999,
43014099999,AURANGABAD,Synoptic/Airport,19.863169,75.398206,2023-08-02T12:00:00,2023-08-01T00:00:00,2023-08-02T12:00:00,36,26.8,25.53,582.47,556.06,26.41,19.75,75.5,25.73,25.53,24.23,24.53,1,00z,36,NOAA NCEI GFS Archive,experiments/phase6/data/raw/gfs_20230801_00_036_subset.grib2,2023-08-02 12:00:00,25.53,25.066599798512005,25.358335,8,25.61796986518636,24.61763428571429,25.524323450245987,23.606425368349235,
43017099999,PARBHANI,Synoptic/Airport,19.1333333,76.8333333,2023-08-02T12:00:00,2023-08-01T00:00:00,2023-08-02T12:00:00,36,28.6,26.63,422.0,405.66,16.34,19.25,76.75,27.03,26.83,26.63,26.33,1,00z,36,NOAA NCEI GFS Archive,experiments/phase6/data/raw/gfs_20230801_00_036_subset.grib2,2023-08-02 12:00:00,26.63,26.73222231377777,26.523789999999998,8,26.49682551319648,25.717634285714286,26.399006215600014,25.12617329476962,
43021099999,NANDED,Synoptic/Airport,19.0833333,77.3333333,2023-08-02T12:00:00,2023-08-01T00:00:00,2023-08-02T12:00:00,36,28.8,26.53,358.0,399.74,-41.74,19.0,77.25,26.53,26.63,26.03,25.73,1,00z,36,NOAA NCEI GFS Archive,experiments/phase6/data/raw/gfs_20230801_00_036_subset.grib2,2023-08-02 12:00:00,26.53,26.352222311111102,26.80131,8,26.38510980966325,25.61763428571429,26.692833763077193,25.370017907380955,
43029099999,CHANDRAPUR,Synoptic/Airport,19.9666666,79.3,2023-08-02T12:00:00,2023-08-01T00:00:00,2023-08-02T12:00:00,36,27.2,25.03,193.0,200.22,-7.22,20.0,79.25,24.93,24.73,25.03,24.23,1,00z,36,NOAA NCEI GFS Archive,experiments/phase6/data/raw/gfs_20230801_00_036_subset.grib2,2023-08-02 12:00:00,25.03,24.87266667200001,25.07693,8,24.957431386347643,24.11763428571429,24.785903755342304,23.163028093861723,
43063099999,PUNE,Synoptic/Airport,18.5333333,73.85,2023-08-02T12:00:00,2023-08-01T00:00:00,2023-08-02T12:00:00,36,25.6,22.33,558.0,677.98,-119.98,18.5,73.75,22.33,23.43,22.93,23.83,1,00z,36,NOAA NCEI GFS Archive,experiments/phase6/data/raw/gfs_20230801_00_036_subset.grib2,2023-08-02 12:00:00,22.33,22.83933326399997,23.109869999999997,8,22.41796986518636,21.41763428571429,23.202596662750864,20.322921588444125,
43069099999,BARAMATI,Synoptic/Airport,18.15,74.5833333,2023-08-02T12:00:00,2023-08-01T00:00:00,2023-08-02T12:00:00,36,28.6,23.93,551.0,580.7,-29.7,18.25,74.5,24.63,25.53,23.93,24.83,1,00z,36,NOAA NCEI GFS Archive,experiments/phase6/data/raw/gfs_20230801_00_036_subset.grib2,2023-08-02 12:00:00,23.93,24.509999880000027,24.12305,8,23.85743138634764,23.017634285714287,23.618609988601754,21.854045802005587,
43110099999,RATNAGIRI,Synoptic/Airport,16.9833333,73.3333333,2023-08-02T12:00:00,2023-08-01T00:00:00,2023-08-02T12:00:00,36,28.0,26.63,67.0,36.22,30.78,17.0,73.25,26.73,25.63,26.63,25.63,1,00z,36,NOAA NCEI GFS Archive,experiments/phase6/data/raw/gfs_20230801_00_036_subset.grib2,2023-08-02 12:00:00,26.63,26.301111254222192,26.42993,8,26.49682551319648,25.717634285714286,26.303989231879108,25.032672349666466,
43111099999,MAHABALESHWAR,Synoptic/Airport,17.9333333,73.6666666,2023-08-02T12:00:00,2023-08-01T00:00:00,2023-08-02T12:00:00,36,18.6,20.13,1382.0,888.7,493.3,18.0,73.75,24.43,20.43,24.23,20.13,1,00z,36,NOAA NCEI GFS Archive,experiments/phase6/data/raw/gfs_20230801_00_036_subset.grib2,2023-08-02 12:00:00,20.13,21.567778899555563,16.92355,8,20.51302931596091,19.217634285714286,17.453992278811064,13.442764338201219,
43113099999,SATARA,Synoptic/Airport,17.5166666,74.05,2023-08-02T12:00:00,2023-08-01T00:00:00,2023-08-02T12:00:00,36,25.4,21.23,612.0,746.14,-134.14,17.5,74.0,21.23,22.13,21.13,21.53,1,00z,36,NOAA NCEI GFS Archive,experiments/phase6/data/raw/gfs_20230801_00_036_subset.grib2,2023-08-02 12:00:00,21.23,21.396666719999992,22.10191,8,21.31796986518636,20.317634285714288,22.121673612332668,18.960066175863734,
43117099999,SOLAPUR,Synoptic/Airport,17.627958,75.934842,2023-08-02T12:00:00,2023-08-01T00:00:00,2023-08-02T12:00:00,36,28.8,26.23,482.8,492.06,-9.26,17.75,76.0,26.23,26.33,26.23,26.23,1,00z,36,NOAA NCEI GFS Archive,experiments/phase6/data/raw/gfs_20230801_00_036_subset.grib2,2023-08-02 12:00:00,26.23,26.2660935797824,26.29019,8,26.61302931596091,25.317634285714288,26.41247972360402,24.763011899527633,
43157099999,KOLHAPUR,Synoptic/Airport,16.664658,74.289353,2023-08-02T12:00:00,2023-08-01T00:00:00,2023-08-02T12:00:00,36,25.0,22.63,608.38,591.9,16.48,16.75,74.25,22.43,22.93,22.63,23.33,1,00z,36,NOAA NCEI GFS Archive,experiments/phase6/data/raw/gfs_20230801_00_036_subset.grib2,2023-08-02 12:00:00,22.63,22.66116771607681,22.52288,8,23.01302931596091,21.717634285714286,22.10353154382707,19.836018339668122,
43158099999,SANGLI,Synoptic/Airport,16.85,74.6,2023-08-02T12:00:00,2023-08-01T00:00:00,2023-08-02T12:00:00,36,26.8,23.33,549.0,562.78,-13.78,16.75,74.5,23.33,23.63,23.63,23.43,1,00z,36,NOAA NCEI GFS Archive,experiments/phase6/data/raw/gfs_20230801_00_036_subset.grib2,2023-08-02 12:00:00,23.33,23.49,23.419569999999997,8,23.25743138634764,22.41763428571429,22.797900780373038,20.957574392106345,
42933099999,AKOLA,Synoptic/Airport,20.7,77.0333333,2023-08-03T00:00:00,2023-08-01T00:00:00,2023-08-03T00:00:00,48,25.2,24.52,282.0,280.22,1.78,20.75,77.0,24.12,23.42,24.52,23.92,1,00z,48,NOAA NCEI GFS Archive,experiments/phase6/data/raw/gfs_20230801_00_048_subset.grib2,2023-08-03 00:00:00,24.52,24.35733341600001,24.50843,8,24.90302931596091,23.607634285714287,24.33396988810069,22.196109449171598,
43014099999,AURANGABAD,Synoptic/Airport,19.863169,75.398206,2023-08-03T00:00:00,2023-08-01T00:00:00,2023-08-03T00:00:00,48,24.0,22.92,582.47,556.06,26.41,19.75,75.5,23.32,22.92,22.12,22.32,1,00z,48,NOAA NCEI GFS Archive,experiments/phase6/data/raw/gfs_20230801_00_048_subset.grib2,2023-08-03 00:00:00,22.92,22.7006735182144,22.748335,8,23.00796986518636,22.00763428571429,22.67870416780083,19.920927506953365,
43063099999,PUNE,Synoptic/Airport,18.5333333,73.85,2023-08-03T00:00:00,2023-08-01T00:00:00,2023-08-03T00:00:00,48,23.0,21.72,558.0,677.98,-119.98,18.5,73.75,21.72,22.32,21.92,22.42,1,00z,48,NOAA NCEI GFS Archive,experiments/phase6/data/raw/gfs_20230801_00_048_subset.grib2,2023-08-03 00:00:00,21.72,21.981333311999983,22.499869999999998,8,21.80796986518636,20.80763428571429,22.523654256474106,19.282047945169833,
43110099999,RATNAGIRI,Synoptic/Airport,16.9833333,73.3333333,2023-08-03T00:00:00,2023-08-01T00:00:00,2023-08-03T00:00:00,48,26.6,26.12,67.0,36.22,30.78,17.0,73.25,26.52,24.62,26.12,24.12,1,00z,48,NOAA NCEI GFS Archive,experiments/phase6/data/raw/gfs_20230801_00_048_subset.grib2,2023-08-03 00:00:00,26.12,25.48222254577772,25.91993,8,25.98682551319648,25.20763428571429,25.66022698706296,24.124029917298255,
43117099999,SOLAPUR,Synoptic/Airport,17.627958,75.934842,2023-08-03T00:00:00,2023-08-01T00:00:00,2023-08-03T00:00:00,48,25.0,23.42,482.8,492.06,-9.26,17.75,76.0,23.72,23.52,23.62,23.42,1,00z,48,NOAA NCEI GFS Archive,experiments/phase6/data/raw/gfs_20230801_00_048_subset.grib2,2023-08-03 00:00:00,23.42,23.5209432,23.48019,8,23.803029315960917,22.50763428571429,23.085611294749057,20.813051616319605,
42933099999,AKOLA,Synoptic/Airport,20.7,77.0333333,2023-08-02T00:00:00,2023-08-01T12:00:00,2023-08-02T00:00:00,12,25.4,24.57,282.0,280.22,1.78,20.75,77.0,24.07,23.87,24.57,24.27,1,12z,12,NOAA NCEI GFS Archive,experiments/phase6/data/raw/gfs_20230801_12_012_subset.grib2,2023-08-02 00:00:00,24.57,24.432666704000003,24.55843,8,24.95302931596091,23.657634285714288,24.500656909980172,22.96501482486627,
43014099999,AURANGABAD,Synoptic/Airport,19.863169,75.398206,2023-08-02T00:00:00,2023-08-01T12:00:00,2023-08-02T00:00:00,12,23.2,23.27,582.47,556.06,26.41,19.75,75.5,23.57,23.27,22.57,22.87,1,12z,12,NOAA NCEI GFS Archive,experiments/phase6/data/raw/gfs_20230801_12_012_subset.grib2,2023-08-02 00:00:00,23.27,23.100491118214403,23.098335,8,23.35796986518636,22.357634285714287,23.112190498266486,21.08652651536627,
43063099999,PUNE,Synoptic/Airport,18.5333333,73.85,2023-08-02T00:00:00,2023-08-01T12:00:00,2023-08-02T00:00:00,12,23.0,21.87,558.0,677.98,-119.98,18.5,73.75,21.87,22.57,22.07,22.47,1,12z,12,NOAA NCEI GFS Archive,experiments/phase6/data/raw/gfs_20230801_12_012_subset.grib2,2023-08-02 00:00:00,21.87,22.160666655999982,22.64987,8,21.95796986518636,20.95763428571429,22.740472899322924,20.183184531770586,
42851099999,JALGAON,Synoptic/Airport,21.05,75.5666666,2023-08-02T12:00:00,2023-08-01T12:00:00,2023-08-02T12:00:00,24,29.8,28.57,201.0,212.38,-11.38,21.0,75.5,28.57,28.77,26.87,26.77,1,12z,24,NOAA NCEI GFS Archive,experiments/phase6/data/raw/gfs_20230801_12_024_subset.grib2,2023-08-02 12:00:00,28.57,28.267333296,28.64397,8,28.42510980966325,27.657634285714288,28.936120648654754,28.10521277704626,
42871099999,GONDIA ARPT/BIRSI,Synoptic/Airport,21.524467,80.287997,2023-08-02T12:00:00,2023-08-01T12:00:00,2023-08-02T12:00:00,24,26.0,23.77,300.84,301.18,-0.34,21.5,80.25,23.77,23.07,23.47,22.57,1,12z,24,NOAA NCEI GFS Archive,experiments/phase6/data/raw/gfs_20230801_12_024_subset.grib2,2023-08-02 12:00:00,23.77,23.631273047683187,23.77221,8,23.62510980966325,22.857634285714287,23.24035008126671,21.686629166439587,
42933099999,AKOLA,Synoptic/Airport,20.7,77.0333333,2023-08-02T12:00:00,2023-08-01T12:00:00,2023-08-02T12:00:00,24,28.8,27.97,282.0,280.22,1.78,20.75,77.0,26.97,26.47,27.97,27.27,1,12z,24,NOAA NCEI GFS Archive,experiments/phase6/data/raw/gfs_20230801_12_024_subset.grib2,2023-08-02 12:00:00,27.97,27.68200008800001,27.95843,8,28.35302931596091,27.05763428571429,28.446393782282296,27.226612738925745,
42939099999,WARDHA,Synoptic/Airport,20.6666666,78.5833333,2023-08-02T12:00:00,2023-08-01T12:00:00,2023-08-02T12:00:00,24,28.0,25.97,283.0,275.58,7.42,20.75,78.5,26.37,26.37,25.97,26.17,1,12z,24,NOAA NCEI GFS Archive,experiments/phase6/data/raw/gfs_20230801_12_024_subset.grib2,2023-08-02 12:00:00,25.97,26.1477778488889,25.92177,8,25.83682551319648,25.05763428571429,25.754787596446313,24.54546876108243,
42943099999,YEOTMAL,Synoptic/Airport,20.4,78.15,2023-08-02T12:00:00,2023-08-01T12:00:00,2023-08-02T12:00:00,24,27.0,26.27,451.0,308.86,142.14,20.5,78.25,26.17,26.27,26.57,26.27,1,12z,24,NOAA NCEI GFS Archive,experiments/phase6/data/raw/gfs_20230801_12_024_subset.grib2,2023-08-02 12:00:00,26.27,26.325999999999997,25.34609,8,26.12510980966325,25.357634285714287,25.26099492666383,24.069832246688662,
43014099999,AURANGABAD,Synoptic/Airport,19.863169,75.398206,2023-08-02T12:00:00,2023-08-01T12:00:00,2023-08-02T12:00:00,24,26.8,27.37,582.47,556.06,26.41,19.75,75.5,27.57,27.37,26.17,26.47,1,12z,24,NOAA NCEI GFS Archive,experiments/phase6/data/raw/gfs_20230801_12_024_subset.grib2,2023-08-02 12:00:00,27.37,26.951867398512007,27.198335,8,27.45796986518636,26.45763428571429,27.53577213536631,26.2737429057683,
43017099999,PARBHANI,Synoptic/Airport,19.1333333,76.8333333,2023-08-02T12:00:00,2023-08-01T12:00:00,2023-08-02T12:00:00,24,28.6,28.07,422.0,405.66,16.34,19.25,76.75,27.87,27.77,28.07,27.77,1,12z,24,NOAA NCEI GFS Archive,experiments/phase6/data/raw/gfs_20230801_12_024_subset.grib2,2023-08-02 12:00:00,28.07,27.907777787555546,27.96379,8,27.93682551319648,27.157634285714288,28.113202884533592,27.26456598856437,
43021099999,NANDED,Synoptic/Airport,19.0833333,77.3333333,2023-08-02T12:00:00,2023-08-01T12:00:00,2023-08-02T12:00:00,24,28.8,27.57,358.0,399.74,-41.74,19.0,77.25,27.57,27.57,27.27,26.67,1,12z,24,NOAA NCEI GFS Archive,experiments/phase6/data/raw/gfs_20230801_12_024_subset.grib2,2023-08-02 12:00:00,27.57,27.40333342666665,27.84131,8,27.42510980966325,26.657634285714288,27.95791552893665,26.979485757551387,
43029099999,CHANDRAPUR,Synoptic/Airport,19.9666666,79.3,2023-08-02T12:00:00,2023-08-01T12:00:00,2023-08-02T12:00:00,24,27.2,26.07,193.0,200.22,-7.22,20.0,79.25,25.97,25.87,26.07,25.87,1,12z,24,NOAA NCEI GFS Archive,experiments/phase6/data/raw/gfs_20230801_12_024_subset.grib2,2023-08-02 12:00:00,26.07,26.019333312000004,26.11693,8,25.997431386347643,25.157634285714288,26.068770551047784,24.772495944032155,
43063099999,PUNE,Synoptic/Airport,18.5333333,73.85,2023-08-02T12:00:00,2023-08-01T12:00:00,2023-08-02T12:00:00,24,25.6,22.47,558.0,677.98,-119.98,18.5,73.75,22.47,23.57,23.17,24.17,1,12z,24,NOAA NCEI GFS Archive,experiments/phase6/data/raw/gfs_20230801_12_024_subset.grib2,2023-08-02 12:00:00,22.47,22.99799991199997,23.249869999999998,8,22.55796986518636,21.55763428571429,23.372370003128047,20.742308540459845,
43069099999,BARAMATI,Synoptic/Airport,18.15,74.5833333,2023-08-02T12:00:00,2023-08-01T12:00:00,2023-08-02T12:00:00,24,28.6,24.37,551.0,580.7,-29.7,18.25,74.5,25.17,25.77,24.37,25.37,1,12z,24,NOAA NCEI GFS Archive,experiments/phase6/data/raw/gfs_20230801_12_024_subset.grib2,2023-08-02 12:00:00,24.37,24.969999888000025,24.56305,8,24.297431386347643,23.45763428571429,24.184711756549348,22.670126386739543,
43110099999,RATNAGIRI,Synoptic/Airport,16.9833333,73.3333333,2023-08-02T12:00:00,2023-08-01T12:00:00,2023-08-02T12:00:00,24,28.0,26.67,67.0,36.22,30.78,17.0,73.25,26.87,25.87,26.67,25.87,1,12z,24,NOAA NCEI GFS Archive,experiments/phase6/data/raw/gfs_20230801_12_024_subset.grib2,2023-08-02 12:00:00,26.67,26.41222234844443,26.46993,8,26.536825513196483,25.75763428571429,26.406779240850973,25.31982809077611,
43111099999,MAHABALESHWAR,Synoptic/Airport,17.9333333,73.6666666,2023-08-02T12:00:00,2023-08-01T12:00:00,2023-08-02T12:00:00,24,18.6,20.07,1382.0,888.7,493.3,18.0,73.75,24.37,20.47,24.07,20.07,1,12z,24,NOAA NCEI GFS Archive,experiments/phase6/data/raw/gfs_20230801_12_024_subset.grib2,2023-08-02 12:00:00,20.07,21.50111221955556,16.86355,8,20.45302931596091,19.157634285714288,17.41976936880599,13.597688868404783,
43113099999,SATARA,Synoptic/Airport,17.5166666,74.05,2023-08-02T12:00:00,2023-08-01T12:00:00,2023-08-02T12:00:00,24,25.4,21.27,612.0,746.14,-134.14,17.5,74.0,21.27,22.47,21.37,21.77,1,12z,24,NOAA NCEI GFS Archive,experiments/phase6/data/raw/gfs_20230801_12_024_subset.grib2,2023-08-02 12:00:00,21.27,21.506000015999984,22.14191,8,21.35796986518636,20.357634285714287,22.18311310890143,19.247221916973377,
43117099999,SOLAPUR,Synoptic/Airport,17.627958,75.934842,2023-08-02T12:00:00,2023-08-01T12:00:00,2023-08-02T12:00:00,24,28.8,27.57,482.8,492.06,-9.26,17.75,76.0,28.07,28.27,27.67,27.57,1,12z,24,NOAA NCEI GFS Archive,experiments/phase6/data/raw/gfs_20230801_12_024_subset.grib2,2023-08-02 12:00:00,27.57,27.899611139347204,27.63019,8,27.95302931596091,26.657634285714288,28.017813564262376,26.769173382416305,
43157099999,KOLHAPUR,Synoptic/Airport,16.664658,74.289353,2023-08-02T12:00:00,2023-08-01T12:00:00,2023-08-02T12:00:00,24,25.0,23.47,608.38,591.9,16.48,16.75,74.25,23.07,23.97,23.47,24.37,1,12z,24,NOAA NCEI GFS Archive,experiments/phase6/data/raw/gfs_20230801_12_024_subset.grib2,2023-08-02 12:00:00,23.47,23.475123600000018,23.36288,8,23.85302931596091,22.55763428571429,23.12330940210563,21.181023768026396,
43158099999,SANGLI,Synoptic/Airport,16.85,74.6,2023-08-02T12:00:00,2023-08-01T12:00:00,2023-08-02T12:00:00,24,26.8,24.37,549.0,562.78,-13.78,16.75,74.5,24.37,24.87,24.37,24.37,1,12z,24,NOAA NCEI GFS Archive,experiments/phase6/data/raw/gfs_20230801_12_024_subset.grib2,2023-08-02 12:00:00,24.37,24.489999999999995,24.45957,8,24.297431386347643,23.45763428571429,24.080767576078525,22.56704224227678,
42933099999,AKOLA,Synoptic/Airport,20.7,77.0333333,2023-08-03T00:00:00,2023-08-01T12:00:00,2023-08-03T00:00:00,36,25.2,24.62,282.0,280.22,1.78,20.75,77.0,24.02,23.82,24.62,24.22,1,12z,36,NOAA NCEI GFS Archive,experiments/phase6/data/raw/gfs_20230801_12_036_subset.grib2,2023-08-03 00:00:00,24.62,24.452000048,24.608430000000002,8,25.003029315960912,23.70763428571429,24.487124892457153,22.562603916824887,
43014099999,AURANGABAD,Synoptic/Airport,19.863169,75.398206,2023-08-03T00:00:00,2023-08-01T12:00:00,2023-08-03T00:00:00,36,24.0,23.02,582.47,556.06,26.41,19.75,75.5,23.52,23.02,22.12,22.22,1,12z,36,NOAA NCEI GFS Archive,experiments/phase6/data/raw/gfs_20230801_12_036_subset.grib2,2023-08-03 00:00:00,23.02,22.7508559182144,22.848335,8,23.10796986518636,22.107634285714287,22.805143970654647,20.28742197460665,
43063099999,PUNE,Synoptic/Airport,18.5333333,73.85,2023-08-03T00:00:00,2023-08-01T12:00:00,2023-08-03T00:00:00,36,23.0,21.72,558.0,677.98,-119.98,18.5,73.75,21.72,22.52,21.82,22.32,1,12z,36,NOAA NCEI GFS Archive,experiments/phase6/data/raw/gfs_20230801_12_036_subset.grib2,2023-08-03 00:00:00,21.72,22.037333335999985,22.499869999999998,8,21.80796986518636,20.80763428571429,22.541760215519503,19.51631120191704,
43110099999,RATNAGIRI,Synoptic/Airport,16.9833333,73.3333333,2023-08-03T00:00:00,2023-08-01T12:00:00,2023-08-03T00:00:00,36,26.6,25.92,67.0,36.22,30.78,17.0,73.25,26.42,24.52,25.92,24.02,1,12z,36,NOAA NCEI GFS Archive,experiments/phase6/data/raw/gfs_20230801_12_036_subset.grib2,2023-08-03 00:00:00,25.92,25.32000031999995,25.71993,8,25.786825513196483,25.00763428571429,25.4867758543271,24.09383075223331,
43117099999,SOLAPUR,Synoptic/Airport,17.627958,75.934842,2023-08-03T00:00:00,2023-08-01T12:00:00,2023-08-03T00:00:00,36,25.0,23.62,482.8,492.06,-9.26,17.75,76.0,23.82,23.82,23.82,23.62,1,12z,36,NOAA NCEI GFS Archive,experiments/phase6/data/raw/gfs_20230801_12_036_subset.grib2,2023-08-03 00:00:00,23.62,23.7443135595648,23.68019,8,24.003029315960912,22.70763428571429,23.355877495581474,21.311777294878972,
42851099999,JALGAON,Synoptic/Airport,21.05,75.5666666,2023-08-03T12:00:00,2023-08-01T12:00:00,2023-08-03T12:00:00,48,27.2,26.65,201.0,212.38,-11.38,21.0,75.5,26.65,26.35,25.85,25.25,1,12z,48,NOAA NCEI GFS Archive,experiments/phase6/data/raw/gfs_20230801_12_048_subset.grib2,2023-08-03 12:00:00,26.65,26.39400009599999,26.723969999999998,8,26.50510980966325,25.73763428571429,26.593467811922153,25.097847014155118,
42871099999,GONDIA ARPT/BIRSI,Synoptic/Airport,21.524467,80.287997,2023-08-03T12:00:00,2023-08-01T12:00:00,2023-08-03T12:00:00,48,24.4,23.25,300.84,301.18,-0.34,21.5,80.25,23.25,22.45,22.95,21.55,1,12z,48,NOAA NCEI GFS Archive,experiments/phase6/data/raw/gfs_20230801_12_048_subset.grib2,2023-08-03 12:00:00,23.25,23.09012434304958,23.25221,8,23.10510980966325,22.337634285714287,22.538415825664345,20.530500356233556,
42933099999,AKOLA,Synoptic/Airport,20.7,77.0333333,2023-08-03T12:00:00,2023-08-01T12:00:00,2023-08-03T12:00:00,48,26.2,24.95,282.0,280.22,1.78,20.75,77.0,24.85,24.35,24.95,24.65,1,12z,48,NOAA NCEI GFS Archive,experiments/phase6/data/raw/gfs_20230801_12_048_subset.grib2,2023-08-03 12:00:00,24.95,24.884666712000005,24.93843,8,25.33302931596091,24.037634285714287,24.837548032947318,22.764703656067738,
42939099999,WARDHA,Synoptic/Airport,20.6666666,78.5833333,2023-08-03T12:00:00,2023-08-01T12:00:00,2023-08-03T12:00:00,48,25.0,24.75,283.0,275.58,7.42,20.75,78.5,25.05,25.45,24.75,24.95,1,12z,48,NOAA NCEI GFS Archive,experiments/phase6/data/raw/gfs_20230801_12_048_subset.grib2,2023-08-03 12:00:00,24.75,24.93888895111111,24.70177,8,24.61682551319648,23.837634285714287,24.237062155390912,22.463721474533845,
42943099999,YEOTMAL,Synoptic/Airport,20.4,78.15,2023-08-03T12:00:00,2023-08-01T12:00:00,2023-08-03T12:00:00,48,24.0,24.65,451.0,308.86,142.14,20.5,78.25,25.05,24.95,24.55,24.65,1,12z,48,NOAA NCEI GFS Archive,experiments/phase6/data/raw/gfs_20230801_12_048_subset.grib2,2023-08-03 12:00:00,24.65,24.762,23.72609,8,24.50510980966325,23.73763428571429,23.269924643030564,21.459160116515758,
43014099999,AURANGABAD,Synoptic/Airport,19.863169,75.398206,2023-08-03T12:00:00,2023-08-01T12:00:00,2023-08-03T12:00:00,48,25.6,26.65,582.47,556.06,26.41,19.75,75.5,27.15,26.65,25.55,25.75,1,12z,48,NOAA NCEI GFS Archive,experiments/phase6/data/raw/gfs_20230801_12_048_subset.grib2,2023-08-03 12:00:00,26.65,26.3171564379168,26.478334999999998,8,26.73796986518636,25.73763428571429,26.719556541854892,24.85315167375011,
43017099999,PARBHANI,Synoptic/Airport,19.1333333,76.8333333,2023-08-03T12:00:00,2023-08-01T12:00:00,2023-08-03T12:00:00,48,27.2,25.85,422.0,405.66,16.34,19.25,76.75,26.35,25.55,25.85,25.25,1,12z,48,NOAA NCEI GFS Archive,experiments/phase6/data/raw/gfs_20230801_12_048_subset.grib2,2023-08-03 12:00:00,25.85,25.85222237244443,25.74379,8,25.716825513196483,24.93763428571429,25.44447268636268,23.860506592954998,
43021099999,NANDED,Synoptic/Airport,19.0833333,77.3333333,2023-08-03T12:00:00,2023-08-01T12:00:00,2023-08-03T12:00:00,48,27.2,25.35,358.0,399.74,-41.74,19.0,77.25,25.35,25.35,25.05,24.55,1,12z,48,NOAA NCEI GFS Archive,experiments/phase6/data/raw/gfs_20230801_12_048_subset.grib2,2023-08-03 12:00:00,25.35,25.19444452888888,25.62131,8,25.20510980966325,24.43763428571429,25.263680139104714,23.575426361942014,
43029099999,CHANDRAPUR,Synoptic/Airport,19.9666666,79.3,2023-08-03T12:00:00,2023-08-01T12:00:00,2023-08-03T12:00:00,48,25.4,24.65,193.0,200.22,-7.22,20.0,79.25,24.75,24.55,24.65,24.35,1,12z,48,NOAA NCEI GFS Archive,experiments/phase6/data/raw/gfs_20230801_12_048_subset.grib2,2023-08-03 12:00:00,24.65,24.606000032000004,24.69693,8,24.57743138634764,23.73763428571429,24.291478490170494,22.42628623567141,
43063099999,PUNE,Synoptic/Airport,18.5333333,73.85,2023-08-03T12:00:00,2023-08-01T12:00:00,2023-08-03T12:00:00,48,24.4,22.45,558.0,677.98,-119.98,18.5,73.75,22.45,23.35,22.95,23.75,1,12z,48,NOAA NCEI GFS Archive,experiments/phase6/data/raw/gfs_20230801_12_048_subset.grib2,2023-08-03 12:00:00,22.45,22.87133327199998,23.22987,8,22.53796986518636,21.537634285714287,23.31449131627557,20.24733578478421,
43110099999,RATNAGIRI,Synoptic/Airport,16.9833333,73.3333333,2023-08-03T12:00:00,2023-08-01T12:00:00,2023-08-03T12:00:00,48,27.6,26.55,67.0,36.22,30.78,17.0,73.25,26.85,25.85,26.55,25.85,1,12z,48,NOAA NCEI GFS Archive,experiments/phase6/data/raw/gfs_20230801_12_048_subset.grib2,2023-08-03 12:00:00,26.55,26.33000012266665,26.34993,8,26.41682551319648,25.637634285714288,26.155159032622628,24.692624124194396,
43111099999,MAHABALESHWAR,Synoptic/Airport,17.9333333,73.6666666,2023-08-03T12:00:00,2023-08-01T12:00:00,2023-08-03T12:00:00,48,18.8,20.25,1382.0,888.7,493.3,18.0,73.75,24.45,20.55,24.25,20.25,1,12z,48,NOAA NCEI GFS Archive,experiments/phase6/data/raw/gfs_20230801_12_048_subset.grib2,2023-08-03 12:00:00,20.25,21.654445539555564,17.04355,8,20.63302931596091,19.337634285714287,17.55848190670172,13.367178534541303,
43113099999,SATARA,Synoptic/Airport,17.5166666,74.05,2023-08-03T12:00:00,2023-08-01T12:00:00,2023-08-03T12:00:00,48,24.2,21.75,612.0,746.14,-134.14,17.5,74.0,21.75,22.65,21.85,22.35,1,12z,48,NOAA NCEI GFS Archive,experiments/phase6/data/raw/gfs_20230801_12_048_subset.grib2,2023-08-03 12:00:00,21.75,21.93133332799999,22.62191,8,21.83796986518636,20.837634285714287,22.666903641091054,19.413405215828135,
43117099999,SOLAPUR,Synoptic/Airport,17.627958,75.934842,2023-08-03T12:00:00,2023-08-01T12:00:00,2023-08-03T12:00:00,48,29.4,27.45,482.8,492.06,-9.26,17.75,76.0,27.75,27.85,27.45,27.45,1,12z,48,NOAA NCEI GFS Archive,experiments/phase6/data/raw/gfs_20230801_12_048_subset.grib2,2023-08-03 12:00:00,27.45,27.632543979782405,27.510189999999998,8,27.83302931596091,26.537634285714287,27.805192512730226,26.141969415834588,
43157099999,KOLHAPUR,Synoptic/Airport,16.664658,74.289353,2023-08-03T12:00:00,2023-08-01T12:00:00,2023-08-03T12:00:00,48,25.0,23.25,608.38,591.9,16.48,16.75,74.25,22.65,23.55,23.25,24.05,1,12z,48,NOAA NCEI GFS Archive,experiments/phase6/data/raw/gfs_20230801_12_048_subset.grib2,2023-08-03 12:00:00,23.25,23.176482341961616,23.14288,8,23.63302931596091,22.337634285714287,22.793577154097523,20.421588590538605,
43158099999,SANGLI,Synoptic/Airport,16.85,74.6,2023-08-03T12:00:00,2023-08-01T12:00:00,2023-08-03T12:00:00,48,25.8,24.05,549.0,562.78,-13.78,16.75,74.5,24.05,24.55,24.15,23.95,1,12z,48,NOAA NCEI GFS Archive,experiments/phase6/data/raw/gfs_20230801_12_048_subset.grib2,2023-08-03 12:00:00,24.05,24.177999999999997,24.13957,8,23.977431386347643,23.137634285714288,23.617544732757366,21.675375853882908,
42851099999,JALGAON,Synoptic/Airport,21.05,75.5666666,2023-02-02T12:00:00,2023-02-02T00:00:00,2023-02-02T12:00:00,12,29.0,28.97,201.0,212.38,-11.38,21.0,75.5,28.97,28.49,28.18,26.89,1,00z,12,NOAA NCEI GFS Archive,experiments/phase6/data/raw/gfs_20230202_00_012_subset.grib2,2023-02-02 12:00:00,28.97,28.640800171199984,29.043969999999998,2,28.82510980966325,30.01836942675159,29.45115963456896,,30.049668559758253
42871099999,GONDIA ARPT/BIRSI,Synoptic/Airport,21.524467,80.287997,2023-02-02T12:00:00,2023-02-02T00:00:00,2023-02-02T12:00:00,12,27.0,26.25,300.84,301.18,-0.34,21.5,80.25,26.25,25.43,26.18,23.13,1,00z,12,NOAA NCEI GFS Archive,experiments/phase6/data/raw/gfs_20230202_00_012_subset.grib2,2023-02-02 12:00:00,26.25,26.08534836166766,26.25221,2,26.10510980966325,27.29836942675159,26.19302810200298,,27.25009846400185
42920099999,OZAR AIR FORCE STATION /NASHIK ARPT,Synoptic/Airport,20.119156,73.914097,2023-02-02T12:00:00,2023-02-02T00:00:00,2023-02-02T12:00:00,12,26.0,27.72,598.02,584.38,13.64,20.0,74.0,27.25,27.72,26.76,26.39,1,00z,12,NOAA NCEI GFS Archive,experiments/phase6/data/raw/gfs_20230202_00_012_subset.grib2,2023-02-02 12:00:00,27.72,27.06216236974592,27.631339999999998,2,27.64743138634764,28.76836942675159,27.944150241936434,,28.612992713384948
42933099999,AKOLA,Synoptic/Airport,20.7,77.0333333,2023-02-02T12:00:00,2023-02-02T00:00:00,2023-02-02T12:00:00,12,28.6,28.87,282.0,280.22,1.78,20.75,77.0,27.94,27.82,28.87,28.4,1,00z,12,NOAA NCEI GFS Archive,experiments/phase6/data/raw/gfs_20230202_00_012_subset.grib2,2023-02-02 12:00:00,28.87,28.630666720000004,28.858430000000002,2,29.253029315960912,29.918369426751592,29.536438358446432,,29.85076109002133
42939099999,WARDHA,Synoptic/Airport,20.6666666,78.5833333,2023-02-02T12:00:00,2023-02-02T00:00:00,2023-02-02T12:00:00,12,29.2,27.82,283.0,275.58,7.42,20.75,78.5,27.91,27.67,27.82,27.36,1,00z,12,NOAA NCEI GFS Archive,experiments/phase6/data/raw/gfs_20230202_00_012_subset.grib2,2023-02-02 12:00:00,27.82,27.721111206222204,27.77177,2,27.68682551319648,28.868369426751592,27.94089621579725,,28.759672676484026
42943099999,YEOTMAL,Synoptic/Airport,20.4,78.15,2023-02-02T12:00:00,2023-02-02T00:00:00,2023-02-02T12:00:00,12,27.5,27.85,451.0,308.86,142.14,20.5,78.25,27.86,27.64,27.82,27.85,1,00z,12,NOAA NCEI GFS Archive,experiments/phase6/data/raw/gfs_20230202_00_012_subset.grib2,2023-02-02 12:00:00,27.85,27.794000000000004,26.926090000000002,2,27.70510980966325,28.898369426751596,27.158925288102093,,27.77578816085496
43014099999,AURANGABAD,Synoptic/Airport,19.863169,75.398206,2023-02-02T12:00:00,2023-02-02T00:00:00,2023-02-02T12:00:00,12,27.0,28.19,582.47,556.06,26.41,19.75,75.5,28.78,28.19,27.2,26.97,1,00z,12,NOAA NCEI GFS Archive,experiments/phase6/data/raw/gfs_20230202_00_012_subset.grib2,2023-02-02 12:00:00,28.19,27.811614350928643,28.018335,2,28.27796986518636,29.238369426751596,28.44221561364075,,28.986284189977056
43017099999,PARBHANI,Synoptic/Airport,19.1333333,76.8333333,2023-02-02T12:00:00,2023-02-02T00:00:00,2023-02-02T12:00:00,12,27.7,28.52,422.0,405.66,16.34,19.25,76.75,29.03,28.87,28.52,28.48,1,00z,12,NOAA NCEI GFS Archive,experiments/phase6/data/raw/gfs_20230202_00_012_subset.grib2,2023-02-02 12:00:00,28.52,28.726000075466665,28.41379,2,28.38682551319648,29.56836942675159,28.68790484392281,,29.391640631690255
43021099999,NANDED,Synoptic/Airport,19.0833333,77.3333333,2023-02-02T12:00:00,2023-02-02T00:00:00,2023-02-02T12:00:00,12,29.0,28.59,358.0,399.74,-41.74,19.0,77.25,28.59,28.47,28.25,27.8,1,00z,12,NOAA NCEI GFS Archive,experiments/phase6/data/raw/gfs_20230202_00_012_subset.grib2,2023-02-02 12:00:00,28.59,28.40000009066665,28.86131,2,28.44510980966325,29.63836942675159,29.199558457922816,,29.898635773240787
43029099999,CHANDRAPUR,Synoptic/Airport,19.9666666,79.3,2023-02-02T12:00:00,2023-02-02T00:00:00,2023-02-02T12:00:00,12,28.8,27.92,193.0,200.22,-7.22,20.0,79.25,28.22,28.08,27.92,27.41,1,00z,12,NOAA NCEI GFS Archive,experiments/phase6/data/raw/gfs_20230202_00_012_subset.grib2,2023-02-02 12:00:00,27.92,27.86786676640001,27.96693,2,27.847431386347644,28.968369426751597,28.31927013422642,,28.969718000662457
43063099999,PUNE,Synoptic/Airport,18.5333333,73.85,2023-02-02T12:00:00,2023-02-02T00:00:00,2023-02-02T12:00:00,12,28.0,28.36,558.0,677.98,-119.98,18.5,73.75,28.36,28.77,28.86,29.13,1,00z,12,NOAA NCEI GFS Archive,experiments/phase6/data/raw/gfs_20230202_00_012_subset.grib2,2023-02-02 12:00:00,28.36,28.583199940799982,29.13987,2,28.44796986518636,29.40836942675159,29.77133936248938,,30.257733937263758
43110099999,RATNAGIRI,Synoptic/Airport,16.9833333,73.3333333,2023-02-02T12:00:00,2023-02-02T00:00:00,2023-02-02T12:00:00,12,30.2,27.43,67.0,36.22,30.78,17.0,73.25,27.99,34.49,27.43,34.16,1,00z,12,NOAA NCEI GFS Archive,experiments/phase6/data/raw/gfs_20230202_00_012_subset.grib2,2023-02-02 12:00:00,27.43,29.705554724711288,27.22993,2,27.29682551319648,28.47836942675159,27.338292674945997,,28.194378788835785
43111099999,MAHABALESHWAR,Synoptic/Airport,17.9333333,73.6666666,2023-02-02T12:00:00,2023-02-02T00:00:00,2023-02-02T12:00:00,12,20.6,26.54,1382.0,888.7,493.3,18.0,73.75,32.8,28.07,32.68,26.54,1,00z,12,NOAA NCEI GFS Archive,experiments/phase6/data/raw/gfs_20230202_00_012_subset.grib2,2023-02-02 12:00:00,26.54,28.8693350117333,23.33355,2,26.92302931596091,27.58836942675159,25.032907588681073,,23.82479800231423
43113099999,SATARA,Synoptic/Airport,17.5166666,74.05,2023-02-02T12:00:00,2023-02-02T00:00:00,2023-02-02T12:00:00,12,28.4,28.13,612.0,746.14,-134.14,17.5,74.0,28.13,28.61,27.89,27.9,1,00z,12,NOAA NCEI GFS Archive,experiments/phase6/data/raw/gfs_20230202_00_012_subset.grib2,2023-02-02 12:00:00,28.13,28.2037334224,29.00191,2,28.21796986518636,29.17836942675159,29.632920753204434,,30.13459310627899
43117099999,SOLAPUR,Synoptic/Airport,17.627958,75.934842,2023-02-02T12:00:00,2023-02-02T00:00:00,2023-02-02T12:00:00,12,30.0,30.35,482.8,492.06,-9.26,17.75,76.0,30.97,30.76,30.82,30.35,1,00z,12,NOAA NCEI GFS Archive,experiments/phase6/data/raw/gfs_20230202_00_012_subset.grib2,2023-02-02 12:00:00,30.35,30.63956554743424,30.41019,2,30.733029315960916,31.398369426751596,31.309548634174554,,31.41193237129796
43157099999,KOLHAPUR,Synoptic/Airport,16.664658,74.289353,2023-02-02T12:00:00,2023-02-02T00:00:00,2023-02-02T12:00:00,12,29.0,29.71,608.38,591.9,16.48,16.75,74.25,29.59,29.7,29.71,29.95,1,00z,12,NOAA NCEI GFS Archive,experiments/phase6/data/raw/gfs_20230202_00_012_subset.grib2,2023-02-02 12:00:00,29.71,29.699829115449926,29.602880000000003,2,30.093029315960912,30.758369426751592,30.467091870086012,,30.57905042927675
43158099999,SANGLI,Synoptic/Airport,16.85,74.6,2023-02-02T12:00:00,2023-02-02T00:00:00,2023-02-02T12:00:00,12,29.0,29.95,549.0,562.78,-13.78,16.75,74.5,29.95,30.04,29.88,29.35,1,00z,12,NOAA NCEI GFS Archive,experiments/phase6/data/raw/gfs_20230202_00_012_subset.grib2,2023-02-02 12:00:00,29.95,29.8588,30.039569999999998,2,29.87743138634764,30.99836942675159,30.787156415152037,,31.04646449226663
42933099999,AKOLA,Synoptic/Airport,20.7,77.0333333,2023-02-03T00:00:00,2023-02-02T00:00:00,2023-02-03T00:00:00,24,13.2,17.52,282.0,280.22,1.78,20.75,77.0,17.46,17.45,17.52,17.09,1,00z,24,NOAA NCEI GFS Archive,experiments/phase6/data/raw/gfs_20230202_00_024_subset.grib2,2023-02-03 00:00:00,17.52,17.461866712800003,17.50843,2,17.90302931596091,18.56836942675159,16.20827375054452,,18.627287708534304
43014099999,AURANGABAD,Synoptic/Airport,19.863169,75.398206,2023-02-03T00:00:00,2023-02-02T00:00:00,2023-02-03T00:00:00,24,14.0,17.45,582.47,556.06,26.41,19.75,75.5,18.26,17.45,16.85,16.13,1,00z,24,NOAA NCEI GFS Archive,experiments/phase6/data/raw/gfs_20230202_00_024_subset.grib2,2023-02-03 00:00:00,17.45,17.16569154773216,17.278335,2,17.53796986518636,18.49836942675159,16.78905482957105,,18.372023128516368
43063099999,PUNE,Synoptic/Airport,18.5333333,73.85,2023-02-03T00:00:00,2023-02-02T00:00:00,2023-02-03T00:00:00,24,13.0,17.89,558.0,677.98,-119.98,18.5,73.75,17.89,17.71,17.83,18.45,1,00z,24,NOAA NCEI GFS Archive,experiments/phase6/data/raw/gfs_20230202_00_024_subset.grib2,2023-02-03 00:00:00,17.89,17.852666632000002,18.66987,2,17.97796986518636,18.938369426751592,18.410679956702413,,19.913124230568833
43110099999,RATNAGIRI,Synoptic/Airport,16.9833333,73.3333333,2023-02-03T00:00:00,2023-02-02T00:00:00,2023-02-03T00:00:00,24,23.8,23.61,67.0,36.22,30.78,17.0,73.25,25.04,21.06,23.61,20.72,1,00z,24,NOAA NCEI GFS Archive,experiments/phase6/data/raw/gfs_20230202_00_024_subset.grib2,2023-02-03 00:00:00,23.61,22.71777831502215,23.40993,2,23.47682551319648,24.65836942675159,22.88470468407751,,24.491182079149315
43117099999,SOLAPUR,Synoptic/Airport,17.627958,75.934842,2023-02-03T00:00:00,2023-02-02T00:00:00,2023-02-03T00:00:00,24,17.0,20.07,482.8,492.06,-9.26,17.75,76.0,20.23,20.19,20.18,20.07,1,00z,24,NOAA NCEI GFS Archive,experiments/phase6/data/raw/gfs_20230202_00_024_subset.grib2,2023-02-03 00:00:00,20.07,20.14834342584768,20.13019,2,20.45302931596091,21.118369426751592,19.23447382856541,,21.257077321660418
42851099999,JALGAON,Synoptic/Airport,21.05,75.5666666,2023-02-03T12:00:00,2023-02-02T00:00:00,2023-02-03T12:00:00,36,32.4,29.69,201.0,212.38,-11.38,21.0,75.5,29.69,29.38,28.64,27.78,1,00z,36,NOAA NCEI GFS Archive,experiments/phase6/data/raw/gfs_20230202_00_036_subset.grib2,2023-02-03 12:00:00,29.69,29.36800011199999,29.76397,2,29.54510980966325,30.738369426751596,30.20243326511052,,30.992480050910235
42871099999,GONDIA ARPT/BIRSI,Synoptic/Airport,21.524467,80.287997,2023-02-03T12:00:00,2023-02-02T00:00:00,2023-02-03T12:00:00,36,29.4,27.12,300.84,301.18,-0.34,21.5,80.25,27.12,26.2,27.25,24.25,1,00z,36,NOAA NCEI GFS Archive,experiments/phase6/data/raw/gfs_20230202_00_036_subset.grib2,2023-02-03 12:00:00,27.12,26.96195437590526,27.122210000000003,2,26.97510980966325,28.168369426751592,27.120093009094205,,28.342716263357026
42920099999,OZAR AIR FORCE STATION /NASHIK ARPT,Synoptic/Airport,20.119156,73.914097,2023-02-03T12:00:00,2023-02-02T00:00:00,2023-02-03T12:00:00,36,27.0,28.53,598.02,584.38,13.64,20.0,74.0,28.26,28.53,28.21,28.17,1,00z,36,NOAA NCEI GFS Archive,experiments/phase6/data/raw/gfs_20230202_00_036_subset.grib2,2023-02-03 12:00:00,28.53,28.31640997502528,28.44134,2,28.457431386347643,29.578369426751596,28.830834867559304,,29.645687989458846
42933099999,AKOLA,Synoptic/Airport,20.7,77.0333333,2023-02-03T12:00:00,2023-02-02T00:00:00,2023-02-03T12:00:00,36,28.0,29.45,282.0,280.22,1.78,20.75,77.0,28.63,28.45,29.45,28.91,1,00z,36,NOAA NCEI GFS Archive,experiments/phase6/data/raw/gfs_20230202_00_036_subset.grib2,2023-02-03 12:00:00,29.45,29.223600062400003,29.43843,2,29.83302931596091,30.49836942675159,30.143595682245998,,30.653753360183654
42939099999,WARDHA,Synoptic/Airport,20.6666666,78.5833333,2023-02-03T12:00:00,2023-02-02T00:00:00,2023-02-03T12:00:00,36,29.1,28.31,283.0,275.58,7.42,20.75,78.5,28.28,28.32,28.31,28.01,1,00z,36,NOAA NCEI GFS Archive,experiments/phase6/data/raw/gfs_20230202_00_036_subset.grib2,2023-02-03 12:00:00,28.31,28.237777824888877,28.26177,2,28.17682551319648,29.35836942675159,28.39138890940937,,29.47278116172443
42943099999,YEOTMAL,Synoptic/Airport,20.4,78.15,2023-02-03T12:00:00,2023-02-02T00:00:00,2023-02-03T12:00:00,36,26.5,28.07,451.0,308.86,142.14,20.5,78.25,28.16,27.86,28.05,28.07,1,00z,36,NOAA NCEI GFS Archive,experiments/phase6/data/raw/gfs_20230202_00_036_subset.grib2,2023-02-03 12:00:00,28.07,28.0292,27.14609,2,27.92510980966325,29.118369426751592,27.324227996811423,,28.21924529132961
43014099999,AURANGABAD,Synoptic/Airport,19.863169,75.398206,2023-02-03T12:00:00,2023-02-02T00:00:00,2023-02-03T12:00:00,36,27.0,29.0,582.47,556.06,26.41,19.75,75.5,29.34,29.0,28.26,28.43,1,00z,36,NOAA NCEI GFS Archive,experiments/phase6/data/raw/gfs_20230202_00_036_subset.grib2,2023-02-03 12:00:00,29.0,28.78641193048224,28.828335,2,29.08796986518636,30.04836942675159,29.28350783039816,,30.01897946605095
43017099999,PARBHANI,Synoptic/Airport,19.1333333,76.8333333,2023-02-03T12:00:00,2023-02-02T00:00:00,2023-02-03T12:00:00,36,28.4,29.14,422.0,405.66,16.34,19.25,76.75,29.37,29.24,29.14,29.0,1,00z,36,NOAA NCEI GFS Archive,experiments/phase6/data/raw/gfs_20230202_00_036_subset.grib2,2023-02-03 12:00:00,29.14,29.20222227137777,29.03379,2,29.00682551319648,30.188369426751592,29.288028155959946,,30.234581250706768
43021099999,NANDED,Synoptic/Airport,19.0833333,77.3333333,2023-02-03T12:00:00,2023-02-02T00:00:00,2023-02-03T12:00:00,36,29.6,29.08,358.0,399.74,-41.74,19.0,77.25,29.08,29.07,28.76,28.3,1,00z,36,NOAA NCEI GFS Archive,experiments/phase6/data/raw/gfs_20230202_00_036_subset.grib2,2023-02-03 12:00:00,29.08,28.920000083999987,29.351309999999998,2,28.93510980966325,30.12836942675159,29.681285464421546,,30.611744258481192
43063099999,PUNE,Synoptic/Airport,18.5333333,73.85,2023-02-03T12:00:00,2023-02-02T00:00:00,2023-02-03T12:00:00,36,28.4,28.87,558.0,677.98,-119.98,18.5,73.75,28.87,29.08,29.25,29.41,1,00z,36,NOAA NCEI GFS Archive,experiments/phase6/data/raw/gfs_20230202_00_036_subset.grib2,2023-02-03 12:00:00,28.87,29.00199995199999,29.64987,2,28.95796986518636,29.918369426751592,30.287630047821533,,30.99081659693126
43069099999,BARAMATI,Synoptic/Airport,18.15,74.5833333,2023-02-03T12:00:00,2023-02-02T00:00:00,2023-02-03T12:00:00,36,27.6,29.37,551.0,580.7,-29.7,18.25,74.5,29.06,29.67,29.37,29.84,1,00z,36,NOAA NCEI GFS Archive,experiments/phase6/data/raw/gfs_20230202_00_036_subset.grib2,2023-02-03 12:00:00,29.37,29.42133326320001,29.56305,2,29.297431386347643,30.418369426751592,30.11727957360662,,30.81076183667696
43110099999,RATNAGIRI,Synoptic/Airport,16.9833333,73.3333333,2023-02-03T12:00:00,2023-02-02T00:00:00,2023-02-03T12:00:00,36,31.0,27.27,67.0,36.22,30.78,17.0,73.25,27.56,31.95,27.27,31.07,1,00z,36,NOAA NCEI GFS Archive,experiments/phase6/data/raw/gfs_20230202_00_036_subset.grib2,2023-02-03 12:00:00,27.27,28.56911066408897,27.06993,2,27.13682551319648,28.31836942675159,27.040632276433037,,28.258326605195666
43111099999,MAHABALESHWAR,Synoptic/Airport,17.9333333,73.6666666,2023-02-03T12:00:00,2023-02-02T00:00:00,2023-02-03T12:00:00,36,21.8,27.22,1382.0,888.7,493.3,18.0,73.75,32.97,28.19,32.82,27.22,1,00z,36,NOAA NCEI GFS Archive,experiments/phase6/data/raw/gfs_20230202_00_036_subset.grib2,2023-02-03 12:00:00,27.22,29.27244597235554,24.01355,2,27.60302931596091,28.26836942675159,25.7571761089566,,24.72766114461202
43113099999,SATARA,Synoptic/Airport,17.5166666,74.05,2023-02-03T12:00:00,2023-02-02T00:00:00,2023-02-03T12:00:00,36,29.0,28.62,612.0,746.14,-134.14,17.5,74.0,28.62,29.02,27.83,28.05,1,00z,36,NOAA NCEI GFS Archive,experiments/phase6/data/raw/gfs_20230202_00_036_subset.grib2,2023-02-03 12:00:00,28.62,28.644933553599994,29.49191,2,28.70796986518636,29.668369426751592,30.127544669774903,,30.8477015915194
43117099999,SOLAPUR,Synoptic/Airport,17.627958,75.934842,2023-02-03T12:00:00,2023-02-02T00:00:00,2023-02-03T12:00:00,36,30.8,30.95,482.8,492.06,-9.26,17.75,76.0,31.35,31.41,31.03,30.95,1,00z,36,NOAA NCEI GFS Archive,experiments/phase6/data/raw/gfs_20230202_00_036_subset.grib2,2023-02-03 12:00:00,30.95,31.177595331695365,31.010189999999998,2,31.33302931596091,31.99836942675159,31.94012819726931,,32.23489881588738
43157099999,KOLHAPUR,Synoptic/Airport,16.664658,74.289353,2023-02-03T12:00:00,2023-02-02T00:00:00,2023-02-03T12:00:00,36,29.6,30.13,608.38,591.9,16.48,16.75,74.25,30.14,30.28,30.13,30.42,1,00z,36,NOAA NCEI GFS Archive,experiments/phase6/data/raw/gfs_20230202_00_036_subset.grib2,2023-02-03 12:00:00,30.13,30.171002847057608,30.02288,2,30.51302931596091,31.17836942675159,30.88687127952404,,31.22224930402233
43158099999,SANGLI,Synoptic/Airport,16.85,74.6,2023-02-03T12:00:00,2023-02-02T00:00:00,2023-02-03T12:00:00,36,29.4,30.42,549.0,562.78,-13.78,16.75,74.5,30.42,30.39,30.41,29.63,1,00z,36,NOAA NCEI GFS Archive,experiments/phase6/data/raw/gfs_20230202_00_036_subset.grib2,2023-02-03 12:00:00,30.42,30.28400000000001,30.50957,2,30.347431386347644,31.468369426751597,31.267674191712103,,31.739598803079947
42933099999,AKOLA,Synoptic/Airport,20.7,77.0333333,2023-02-04T00:00:00,2023-02-02T00:00:00,2023-02-04T00:00:00,48,13.1,17.92,282.0,280.22,1.78,20.75,77.0,18.17,18.05,17.92,17.67,1,00z,48,NOAA NCEI GFS Archive,experiments/phase6/data/raw/gfs_20230202_00_048_subset.grib2,2023-02-04 00:00:00,17.92,17.940133363200005,17.908430000000003,2,18.303029315960917,18.968369426751597,16.60463092068736,,19.250512408852792
43014099999,AURANGABAD,Synoptic/Airport,19.863169,75.398206,2023-02-04T00:00:00,2023-02-02T00:00:00,2023-02-04T00:00:00,48,12.8,17.31,582.47,556.06,26.41,19.75,75.5,17.86,17.31,16.65,16.38,1,00z,48,NOAA NCEI GFS Archive,experiments/phase6/data/raw/gfs_20230202_00_048_subset.grib2,2023-02-04 00:00:00,17.31,17.061348855166717,17.138334999999998,2,17.397969865186358,18.35836942675159,16.60117553014847,,18.455945119303344
43063099999,PUNE,Synoptic/Airport,18.5333333,73.85,2023-02-04T00:00:00,2023-02-02T00:00:00,2023-02-04T00:00:00,48,12.0,18.5,558.0,677.98,-119.98,18.5,73.75,18.5,17.88,18.7,18.84,1,00z,48,NOAA NCEI GFS Archive,experiments/phase6/data/raw/gfs_20230202_00_048_subset.grib2,2023-02-04 00:00:00,18.5,18.319199932800007,19.27987,2,18.58796986518636,19.54836942675159,19.035304485842985,,20.746077762371797
43110099999,RATNAGIRI,Synoptic/Airport,16.9833333,73.3333333,2023-02-04T00:00:00,2023-02-02T00:00:00,2023-02-04T00:00:00,48,20.8,23.48,67.0,36.22,30.78,17.0,73.25,25.1,20.28,23.48,19.83,1,00z,48,NOAA NCEI GFS Archive,experiments/phase6/data/raw/gfs_20230202_00_048_subset.grib2,2023-02-04 00:00:00,23.48,22.34533399439991,23.27993,2,23.34682551319648,24.528369426751592,22.621574428278013,,24.585091157149837
43117099999,SOLAPUR,Synoptic/Airport,17.627958,75.934842,2023-02-04T00:00:00,2023-02-02T00:00:00,2023-02-04T00:00:00,48,18.4,20.45,482.8,492.06,-9.26,17.75,76.0,20.78,20.67,20.71,20.45,1,00z,48,NOAA NCEI GFS Archive,experiments/phase6/data/raw/gfs_20230202_00_048_subset.grib2,2023-02-04 00:00:00,20.45,20.6060764496736,20.510189999999998,2,20.83302931596091,21.49836942675159,19.607408759413055,,21.86032784755181
42933099999,AKOLA,Synoptic/Airport,20.7,77.0333333,2023-02-03T00:00:00,2023-02-02T12:00:00,2023-02-03T00:00:00,12,13.2,17.06,282.0,280.22,1.78,20.75,77.0,16.84,17.08,17.06,16.7,1,12z,12,NOAA NCEI GFS Archive,experiments/phase6/data/raw/gfs_20230202_12_012_subset.grib2,2023-02-03 00:00:00,17.06,16.984000032,17.04843,2,17.44302931596091,18.10836942675159,15.705606054635604,,18.056011090822846
43014099999,AURANGABAD,Synoptic/Airport,19.863169,75.398206,2023-02-03T00:00:00,2023-02-02T12:00:00,2023-02-03T00:00:00,12,14.0,16.75,582.47,556.06,26.41,19.75,75.5,17.3,16.75,15.82,15.43,1,12z,12,NOAA NCEI GFS Archive,experiments/phase6/data/raw/gfs_20230202_12_012_subset.grib2,2023-02-03 00:00:00,16.75,16.34692347152384,16.578335,2,16.83796986518636,17.79836942675159,16.048823881957503,,17.561056417679797
43063099999,PUNE,Synoptic/Airport,18.5333333,73.85,2023-02-03T00:00:00,2023-02-02T12:00:00,2023-02-03T00:00:00,12,13.0,17.63,558.0,677.98,-119.98,18.5,73.75,17.63,17.24,17.49,17.74,1,12z,12,NOAA NCEI GFS Archive,experiments/phase6/data/raw/gfs_20230202_12_012_subset.grib2,2023-02-03 00:00:00,17.63,17.4894666512,18.409869999999998,2,17.717969865186358,18.67836942675159,18.147117921845915,,19.541589357128306
43110099999,RATNAGIRI,Synoptic/Airport,16.9833333,73.3333333,2023-02-03T00:00:00,2023-02-02T12:00:00,2023-02-03T00:00:00,12,23.8,23.76,67.0,36.22,30.78,17.0,73.25,24.95,20.44,23.76,20.62,1,12z,12,NOAA NCEI GFS Archive,experiments/phase6/data/raw/gfs_20230202_12_012_subset.grib2,2023-02-03 00:00:00,23.76,22.762222750844376,23.55993,2,23.626825513196483,24.808369426751597,23.114105216332078,,24.5291177814642
43117099999,SOLAPUR,Synoptic/Airport,17.627958,75.934842,2023-02-03T00:00:00,2023-02-02T12:00:00,2023-02-03T00:00:00,12,17.0,19.71,482.8,492.06,-9.26,17.75,76.0,20.0,19.82,19.93,19.71,1,12z,12,NOAA NCEI GFS Archive,experiments/phase6/data/raw/gfs_20230202_12_012_subset.grib2,2023-02-03 00:00:00,19.71,19.81594823191296,19.77019,2,20.093029315960912,20.758369426751592,18.848917329132455,,20.78567157608443
42851099999,JALGAON,Synoptic/Airport,21.05,75.5666666,2023-02-03T12:00:00,2023-02-02T12:00:00,2023-02-03T12:00:00,24,32.4,29.0,201.0,212.38,-11.38,21.0,75.5,29.0,28.78,28.03,27.14,1,12z,24,NOAA NCEI GFS Archive,experiments/phase6/data/raw/gfs_20230202_12_024_subset.grib2,2023-02-03 12:00:00,29.0,28.711600094399987,29.07397,2,28.85510980966325,30.04836942675159,29.44005564143047,,30.19150042728721
42871099999,GONDIA ARPT/BIRSI,Synoptic/Airport,21.524467,80.287997,2023-02-03T12:00:00,2023-02-02T12:00:00,2023-02-03T12:00:00,24,29.4,26.56,300.84,301.18,-0.34,21.5,80.25,26.56,25.71,26.75,23.86,1,12z,24,NOAA NCEI GFS Archive,experiments/phase6/data/raw/gfs_20230202_12_024_subset.grib2,2023-02-03 12:00:00,26.56,26.41906060636862,26.56221,2,26.41510980966325,27.60836942675159,26.510067825090534,,27.671568773510106
42920099999,OZAR AIR FORCE STATION /NASHIK ARPT,Synoptic/Airport,20.119156,73.914097,2023-02-03T12:00:00,2023-02-02T12:00:00,2023-02-03T12:00:00,24,27.0,27.63,598.02,584.38,13.64,20.0,74.0,27.32,27.63,27.35,27.34,1,12z,24,NOAA NCEI GFS Archive,experiments/phase6/data/raw/gfs_20230202_12_024_subset.grib2,2023-02-03 12:00:00,27.63,27.43766691228416,27.541339999999998,2,27.55743138634764,28.67836942675159,27.79616140684761,,28.63497953435134
42933099999,AKOLA,Synoptic/Airport,20.7,77.0333333,2023-02-03T12:00:00,2023-02-02T12:00:00,2023-02-03T12:00:00,24,28.0,28.85,282.0,280.22,1.78,20.75,77.0,27.95,27.82,28.85,28.35,1,12z,24,NOAA NCEI GFS Archive,experiments/phase6/data/raw/gfs_20230202_12_024_subset.grib2,2023-02-03 12:00:00,28.85,28.613200056800004,28.838430000000002,2,29.233029315960916,29.898369426751596,29.476972311270742,,29.94265752148255
42939099999,WARDHA,Synoptic/Airport,20.6666666,78.5833333,2023-02-03T12:00:00,2023-02-02T12:00:00,2023-02-03T12:00:00,24,29.1,27.88,283.0,275.58,7.42,20.75,78.5,27.75,27.81,27.88,27.5,1,12z,24,NOAA NCEI GFS Archive,experiments/phase6/data/raw/gfs_20230202_12_024_subset.grib2,2023-02-03 12:00:00,27.88,27.758888924444424,27.83177,2,27.74682551319648,28.92836942675159,27.953206682536937,,28.931465805653616
42943099999,YEOTMAL,Synoptic/Airport,20.4,78.15,2023-02-03T12:00:00,2023-02-02T12:00:00,2023-02-03T12:00:00,24,26.5,27.55,451.0,308.86,142.14,20.5,78.25,27.54,27.23,27.46,27.55,1,12z,24,NOAA NCEI GFS Archive,experiments/phase6/data/raw/gfs_20230202_12_024_subset.grib2,2023-02-03 12:00:00,27.55,27.45,26.62609,2,27.40510980966325,28.598369426751592,26.76108048655433,,27.58804615033688
43014099999,AURANGABAD,Synoptic/Airport,19.863169,75.398206,2023-02-03T12:00:00,2023-02-02T12:00:00,2023-02-03T12:00:00,24,27.0,28.19,582.47,556.06,26.41,19.75,75.5,28.61,28.19,27.7,27.33,1,12z,24,NOAA NCEI GFS Archive,experiments/phase6/data/raw/gfs_20230202_12_024_subset.grib2,2023-02-03 12:00:00,28.19,27.9624966198512,28.018335,2,28.27796986518636,29.238369426751596,28.424109654595355,,29.09815479586537
43017099999,PARBHANI,Synoptic/Airport,19.1333333,76.8333333,2023-02-03T12:00:00,2023-02-02T12:00:00,2023-02-03T12:00:00,24,28.4,28.39,422.0,405.66,16.34,19.25,76.75,28.84,28.75,28.39,28.35,1,12z,24,NOAA NCEI GFS Archive,experiments/phase6/data/raw/gfs_20230202_12_024_subset.grib2,2023-02-03 12:00:00,28.39,28.578888955111108,28.28379,2,28.25682551319648,29.438369426751592,28.481524406810554,,29.373679103802466
43021099999,NANDED,Synoptic/Airport,19.0833333,77.3333333,2023-02-03T12:00:00,2023-02-02T12:00:00,2023-02-03T12:00:00,24,29.6,28.56,358.0,399.74,-41.74,19.0,77.25,28.56,28.68,28.12,27.76,1,12z,24,NOAA NCEI GFS Archive,experiments/phase6/data/raw/gfs_20230202_12_024_subset.grib2,2023-02-03 12:00:00,28.56,28.400000085333325,28.83131,2,28.41510980966325,29.60836942675159,29.118137954164453,,29.980545117488457
43063099999,PUNE,Synoptic/Airport,18.5333333,73.85,2023-02-03T12:00:00,2023-02-02T12:00:00,2023-02-03T12:00:00,24,28.4,28.0,558.0,677.98,-119.98,18.5,73.75,28.0,28.42,28.43,28.69,1,12z,24,NOAA NCEI GFS Archive,experiments/phase6/data/raw/gfs_20230202_12_024_subset.grib2,2023-02-03 12:00:00,28.0,28.216799951199985,28.77987,2,28.08796986518636,29.04836942675159,29.363231565733674,,30.010069403464396
43069099999,BARAMATI,Synoptic/Airport,18.15,74.5833333,2023-02-03T12:00:00,2023-02-02T12:00:00,2023-02-03T12:00:00,24,27.6,28.82,551.0,580.7,-29.7,18.25,74.5,28.43,28.94,28.82,29.4,1,12z,24,NOAA NCEI GFS Archive,experiments/phase6/data/raw/gfs_20230202_12_024_subset.grib2,2023-02-03 12:00:00,28.82,28.84799992640001,29.01305,2,28.747431386347643,29.868369426751592,29.500719045753694,,30.149601434043586
43110099999,RATNAGIRI,Synoptic/Airport,16.9833333,73.3333333,2023-02-03T12:00:00,2023-02-02T12:00:00,2023-02-03T12:00:00,24,31.0,27.28,67.0,36.22,30.78,17.0,73.25,26.86,31.46,27.28,29.92,1,12z,24,NOAA NCEI GFS Archive,experiments/phase6/data/raw/gfs_20230202_12_024_subset.grib2,2023-02-03 12:00:00,27.28,28.175555217244487,27.07993,2,27.14682551319648,28.328369426751596,27.10889214269143,,28.1564430865209
43111099999,MAHABALESHWAR,Synoptic/Airport,17.9333333,73.6666666,2023-02-03T12:00:00,2023-02-02T12:00:00,2023-02-03T12:00:00,24,21.8,27.05,1382.0,888.7,493.3,18.0,73.75,30.61,28.32,31.79,27.05,1,12z,24,NOAA NCEI GFS Archive,experiments/phase6/data/raw/gfs_20230202_12_024_subset.grib2,2023-02-03 12:00:00,27.05,28.750890039111034,23.84355,2,27.433029315960912,28.098369426751592,25.59413088282797,,24.446010056093417
43113099999,SATARA,Synoptic/Airport,17.5166666,74.05,2023-02-03T12:00:00,2023-02-02T12:00:00,2023-02-03T12:00:00,24,29.0,27.63,612.0,746.14,-134.14,17.5,74.0,27.63,27.86,27.41,27.07,1,12z,24,NOAA NCEI GFS Archive,experiments/phase6/data/raw/gfs_20230202_12_024_subset.grib2,2023-02-03 12:00:00,27.63,27.653733422399995,28.50191,2,27.71796986518636,28.67836942675159,29.07314557511694,,29.747109351489975
43117099999,SOLAPUR,Synoptic/Airport,17.627958,75.934842,2023-02-03T12:00:00,2023-02-02T12:00:00,2023-02-03T12:00:00,24,30.8,30.19,482.8,492.06,-9.26,17.75,76.0,29.88,30.02,30.13,30.19,1,12z,24,NOAA NCEI GFS Archive,experiments/phase6/data/raw/gfs_20230202_12_024_subset.grib2,2023-02-03 12:00:00,30.19,30.08119494382592,30.25019,2,30.573029315960916,31.238369426751596,31.08612691193252,,31.36400958176953
43157099999,KOLHAPUR,Synoptic/Airport,16.664658,74.289353,2023-02-03T12:00:00,2023-02-02T12:00:00,2023-02-03T12:00:00,24,29.6,29.03,608.38,591.9,16.48,16.75,74.25,29.03,28.89,29.03,29.09,1,12z,24,NOAA NCEI GFS Archive,experiments/phase6/data/raw/gfs_20230202_12_024_subset.grib2,2023-02-03 12:00:00,29.03,29.028697636076803,28.922880000000003,2,29.413029315960912,30.078369426751596,29.634691926168987,,30.0117991046439
43158099999,SANGLI,Synoptic/Airport,16.85,74.6,2023-02-03T12:00:00,2023-02-02T12:00:00,2023-02-03T12:00:00,24,29.4,29.09,549.0,562.78,-13.78,16.75,74.5,29.09,28.96,29.21,28.28,1,12z,24,NOAA NCEI GFS Archive,experiments/phase6/data/raw/gfs_20230202_12_024_subset.grib2,2023-02-03 12:00:00,29.09,28.958000000000013,29.17957,2,29.01743138634764,30.13836942675159,29.71931912777392,,30.29944559778994
42933099999,AKOLA,Synoptic/Airport,20.7,77.0333333,2023-02-04T00:00:00,2023-02-02T12:00:00,2023-02-04T00:00:00,36,13.1,17.61,282.0,280.22,1.78,20.75,77.0,17.7,17.7,17.61,17.3,1,12z,36,NOAA NCEI GFS Archive,experiments/phase6/data/raw/gfs_20230202_12_036_subset.grib2,2023-02-04 00:00:00,17.61,17.594933366400003,17.59843,2,17.99302931596091,18.65836942675159,16.277630019492385,,18.829042099344534
43014099999,AURANGABAD,Synoptic/Airport,19.863169,75.398206,2023-02-04T00:00:00,2023-02-02T12:00:00,2023-02-04T00:00:00,36,12.8,17.3,582.47,556.06,26.41,19.75,75.5,17.43,17.3,16.18,15.64,1,12z,36,NOAA NCEI GFS Archive,experiments/phase6/data/raw/gfs_20230202_12_036_subset.grib2,2023-02-04 00:00:00,17.3,16.677061429220164,17.128335,2,17.38796986518636,18.348369426751592,16.608448104813025,,18.334087426201485
43063099999,PUNE,Synoptic/Airport,18.5333333,73.85,2023-02-04T00:00:00,2023-02-02T12:00:00,2023-02-04T00:00:00,36,12.0,18.51,558.0,677.98,-119.98,18.5,73.75,18.51,17.52,18.59,18.49,1,12z,36,NOAA NCEI GFS Archive,experiments/phase6/data/raw/gfs_20230202_12_036_subset.grib2,2023-02-04 00:00:00,18.51,18.172133275200014,19.28987,2,18.59796986518636,19.558369426751597,19.064243829269223,,20.644194243697033
43110099999,RATNAGIRI,Synoptic/Airport,16.9833333,73.3333333,2023-02-04T00:00:00,2023-02-02T12:00:00,2023-02-04T00:00:00,36,20.8,22.88,67.0,36.22,30.78,17.0,73.25,24.48,20.03,22.88,19.77,1,12z,36,NOAA NCEI GFS Archive,experiments/phase6/data/raw/gfs_20230202_12_036_subset.grib2,2023-02-04 00:00:00,22.88,21.920222802577705,22.67993,2,22.74682551319648,23.92836942675159,21.987721392695946,,23.873995318448728
43117099999,SOLAPUR,Synoptic/Airport,17.627958,75.934842,2023-02-04T00:00:00,2023-02-02T12:00:00,2023-02-04T00:00:00,36,18.4,20.14,482.8,492.06,-9.26,17.75,76.0,20.44,20.33,20.36,20.14,1,12z,36,NOAA NCEI GFS Archive,experiments/phase6/data/raw/gfs_20230202_12_036_subset.grib2,2023-02-04 00:00:00,20.14,20.27609541776064,20.20019,2,20.523029315960912,21.188369426751592,19.280407858218084,,21.438857538043557
42851099999,JALGAON,Synoptic/Airport,21.05,75.5666666,2023-02-04T12:00:00,2023-02-02T12:00:00,2023-02-04T12:00:00,48,32.0,30.03,201.0,212.38,-11.38,21.0,75.5,30.03,29.9,29.33,28.76,1,12z,48,NOAA NCEI GFS Archive,experiments/phase6/data/raw/gfs_20230202_12_048_subset.grib2,2023-02-04 12:00:00,30.03,29.831866724799998,30.10397,2,29.88510980966325,31.078369426751596,30.55463124350801,,31.44391162205913
42871099999,GONDIA ARPT/BIRSI,Synoptic/Airport,21.524467,80.287997,2023-02-04T12:00:00,2023-02-02T12:00:00,2023-02-04T12:00:00,48,29.0,27.52,300.84,301.18,-0.34,21.5,80.25,27.52,26.63,27.57,24.67,1,12z,48,NOAA NCEI GFS Archive,experiments/phase6/data/raw/gfs_20230202_12_048_subset.grib2,2023-02-04 12:00:00,27.52,27.359725809216137,27.52221,2,27.37510980966325,28.56836942675159,27.54260749811156,,28.8540703577872
42920099999,OZAR AIR FORCE STATION /NASHIK ARPT,Synoptic/Airport,20.119156,73.914097,2023-02-04T12:00:00,2023-02-02T12:00:00,2023-02-04T12:00:00,48,28.0,28.8,598.02,584.38,13.64,20.0,74.0,28.56,28.8,28.51,28.52,1,12z,48,NOAA NCEI GFS Archive,experiments/phase6/data/raw/gfs_20230202_12_048_subset.grib2,2023-02-04 12:00:00,28.8,28.62174635695424,28.71134,2,28.727431386347643,29.848369426751592,29.11290504912521,,30.027209950112915
42933099999,AKOLA,Synoptic/Airport,20.7,77.0333333,2023-02-04T12:00:00,2023-02-02T12:00:00,2023-02-04T12:00:00,48,28.6,29.78,282.0,280.22,1.78,20.75,77.0,28.94,28.83,29.78,29.4,1,12z,48,NOAA NCEI GFS Archive,experiments/phase6/data/raw/gfs_20230202_12_048_subset.grib2,2023-02-04 12:00:00,29.78,29.568533376800005,29.768430000000002,2,30.163029315960912,30.828369426751596,30.494018822736166,,31.095197844119003
42939099999,WARDHA,Synoptic/Airport,20.6666666,78.5833333,2023-02-04T12:00:00,2023-02-02T12:00:00,2023-02-04T12:00:00,48,31.8,28.95,283.0,275.58,7.42,20.75,78.5,28.89,28.91,28.95,28.75,1,12z,48,NOAA NCEI GFS Archive,experiments/phase6/data/raw/gfs_20230202_12_048_subset.grib2,2023-02-04 12:00:00,28.95,28.88777779822221,28.90177,2,28.81682551319648,29.99836942675159,29.071282135276054,,30.223825349279725
42943099999,YEOTMAL,Synoptic/Airport,20.4,78.15,2023-02-04T12:00:00,2023-02-02T12:00:00,2023-02-04T12:00:00,48,28.5,28.64,451.0,308.86,142.14,20.5,78.25,29.09,28.5,28.73,28.64,1,12z,48,NOAA NCEI GFS Archive,experiments/phase6/data/raw/gfs_20230202_12_048_subset.grib2,2023-02-04 12:00:00,28.64,28.7,27.71609,2,28.49510980966325,29.688369426751592,27.945972599251736,,28.90037986839008
43014099999,AURANGABAD,Synoptic/Airport,19.863169,75.398206,2023-02-04T12:00:00,2023-02-02T12:00:00,2023-02-04T12:00:00,48,29.0,28.88,582.47,556.06,26.41,19.75,75.5,29.3,28.88,28.5,28.57,1,12z,48,NOAA NCEI GFS Archive,experiments/phase6/data/raw/gfs_20230202_12_048_subset.grib2,2023-02-04 12:00:00,28.88,28.820368146541764,28.708334999999998,2,28.96796986518636,29.92836942675159,29.13540125878266,,30.011005025376704
43017099999,PARBHANI,Synoptic/Airport,19.1333333,76.8333333,2023-02-04T12:00:00,2023-02-02T12:00:00,2023-02-04T12:00:00,48,29.8,29.53,422.0,405.66,16.34,19.25,76.75,30.06,29.99,29.53,29.77,1,12z,48,NOAA NCEI GFS Archive,experiments/phase6/data/raw/gfs_20230202_12_048_subset.grib2,2023-02-04 12:00:00,29.53,29.809111155288896,29.42379,2,29.39682551319648,30.578369426751596,29.680170192547756,,30.735948257923397
43021099999,NANDED,Synoptic/Airport,19.0833333,77.3333333,2023-02-04T12:00:00,2023-02-02T12:00:00,2023-02-04T12:00:00,48,29.0,29.76,358.0,399.74,-41.74,19.0,77.25,29.76,29.63,29.56,28.95,1,12z,48,NOAA NCEI GFS Archive,experiments/phase6/data/raw/gfs_20230202_12_048_subset.grib2,2023-02-04 12:00:00,29.76,29.59666675333332,30.03131,2,29.61510980966325,30.808369426751597,30.431943669664953,,31.402736794890675
43029099999,CHANDRAPUR,Synoptic/Airport,19.9666666,79.3,2023-02-04T12:00:00,2023-02-02T12:00:00,2023-02-04T12:00:00,48,29.8,29.1,193.0,200.22,-7.22,20.0,79.25,28.98,29.0,29.1,28.53,1,12z,48,NOAA NCEI GFS Archive,experiments/phase6/data/raw/gfs_20230202_12_048_subset.grib2,2023-02-04 12:00:00,29.1,28.98573333280001,29.14693,2,29.027431386347644,30.148369426751596,29.607485779374844,,30.48380610952589
43063099999,PUNE,Synoptic/Airport,18.5333333,73.85,2023-02-04T12:00:00,2023-02-02T12:00:00,2023-02-04T12:00:00,48,30.0,28.9,558.0,677.98,-119.98,18.5,73.75,28.9,29.46,29.42,29.66,1,12z,48,NOAA NCEI GFS Archive,experiments/phase6/data/raw/gfs_20230202_12_048_subset.grib2,2023-02-04 12:00:00,28.9,29.176266614399985,29.679869999999998,2,28.98796986518636,29.94836942675159,30.30202424191866,,31.13264846446021
43069099999,BARAMATI,Synoptic/Airport,18.15,74.5833333,2023-02-04T12:00:00,2023-02-02T12:00:00,2023-02-04T12:00:00,48,29.0,29.55,551.0,580.7,-29.7,18.25,74.5,29.4,29.8,29.55,30.06,1,12z,48,NOAA NCEI GFS Archive,experiments/phase6/data/raw/gfs_20230202_12_048_subset.grib2,2023-02-04 12:00:00,29.55,29.64533327120001,29.74305,2,29.477431386347643,30.598369426751592,30.29183500100884,,31.10240001240911
43111099999,MAHABALESHWAR,Synoptic/Airport,17.9333333,73.6666666,2023-02-04T12:00:00,2023-02-02T12:00:00,2023-02-04T12:00:00,48,24.0,27.83,1382.0,888.7,493.3,18.0,73.75,32.22,29.78,32.55,27.83,1,12z,48,NOAA NCEI GFS Archive,experiments/phase6/data/raw/gfs_20230202_12_048_subset.grib2,2023-02-04 12:00:00,27.83,29.720667921866596,24.623549999999998,2,28.21302931596091,28.87836942675159,26.43551059957945,,25.448744070526672
43113099999,SATARA,Synoptic/Airport,17.5166666,74.05,2023-02-04T12:00:00,2023-02-02T12:00:00,2023-02-04T12:00:00,48,30.4,29.1,612.0,746.14,-134.14,17.5,74.0,29.1,29.64,28.75,28.64,1,12z,48,NOAA NCEI GFS Archive,experiments/phase6/data/raw/gfs_20230202_12_048_subset.grib2,2023-02-04 12:00:00,29.1,29.176000127999995,29.97191,2,29.18796986518636,30.148369426751596,30.629441161009925,,31.43895238365795
43117099999,SOLAPUR,Synoptic/Airport,17.627958,75.934842,2023-02-04T12:00:00,2023-02-02T12:00:00,2023-02-04T12:00:00,48,32.8,31.24,482.8,492.06,-9.26,17.75,76.0,31.65,31.82,31.2,31.24,1,12z,48,NOAA NCEI GFS Archive,experiments/phase6/data/raw/gfs_20230202_12_048_subset.grib2,2023-02-04 12:00:00,31.24,31.49617197371712,31.300189999999997,2,31.62302931596091,32.28836942675159,32.243706859169095,,32.63639495096854
43157099999,KOLHAPUR,Synoptic/Airport,16.664658,74.289353,2023-02-04T12:00:00,2023-02-02T12:00:00,2023-02-04T12:00:00,48,31.0,31.29,608.38,591.9,16.48,16.75,74.25,31.52,31.38,31.29,31.55,1,12z,48,NOAA NCEI GFS Archive,experiments/phase6/data/raw/gfs_20230202_12_048_subset.grib2,2023-02-04 12:00:00,31.29,31.387947592153605,31.18288,2,31.67302931596091,32.33836942675159,32.20931735076467,,32.49262202668204
43158099999,SANGLI,Synoptic/Airport,16.85,74.6,2023-02-04T12:00:00,2023-02-02T12:00:00,2023-02-04T12:00:00,48,32.4,31.55,549.0,562.78,-13.78,16.75,74.5,31.55,31.51,31.36,30.75,1,12z,48,NOAA NCEI GFS Archive,experiments/phase6/data/raw/gfs_20230202_12_048_subset.grib2,2023-02-04 12:00:00,31.55,31.366800000000005,31.63957,2,31.477431386347643,32.5983694267516,32.577107579730985,,32.98001026409902
42851099999,JALGAON,Synoptic/Airport,21.05,75.5666666,2023-08-02T12:00:00,2023-08-02T00:00:00,2023-08-02T12:00:00,12,29.8,28.09,201.0,212.38,-11.38,21.0,75.5,28.09,28.89,26.99,27.39,1,00z,12,NOAA NCEI GFS Archive,experiments/phase6/data/raw/gfs_20230802_00_012_subset.grib2,2023-08-02 12:00:00,28.09,28.06199980800001,28.16397,8,27.94510980966325,27.177634285714287,28.41985081214424,27.704766221444288,
42871099999,GONDIA ARPT/BIRSI,Synoptic/Airport,21.524467,80.287997,2023-08-02T12:00:00,2023-08-02T00:00:00,2023-08-02T12:00:00,12,26.0,24.99,300.84,301.18,-0.34,21.5,80.25,24.99,24.59,25.09,22.99,1,00z,12,NOAA NCEI GFS Archive,experiments/phase6/data/raw/gfs_20230802_00_012_subset.grib2,2023-08-02 12:00:00,24.99,24.913704505307187,24.99221,8,24.84510980966325,24.07763428571429,24.716381378985766,23.53411319624096,
42933099999,AKOLA,Synoptic/Airport,20.7,77.0333333,2023-08-02T12:00:00,2023-08-02T00:00:00,2023-08-02T12:00:00,12,28.8,28.69,282.0,280.22,1.78,20.75,77.0,27.79,27.49,28.69,28.29,1,00z,12,NOAA NCEI GFS Archive,experiments/phase6/data/raw/gfs_20230802_00_012_subset.grib2,2023-08-02 12:00:00,28.69,28.459333384000004,28.678430000000002,8,29.073029315960916,27.77763428571429,29.325638204789705,28.412940714196726,
42939099999,WARDHA,Synoptic/Airport,20.6666666,78.5833333,2023-08-02T12:00:00,2023-08-02T00:00:00,2023-08-02T12:00:00,12,28.0,27.89,283.0,275.58,7.42,20.75,78.5,28.19,28.09,27.89,27.79,1,00z,12,NOAA NCEI GFS Archive,experiments/phase6/data/raw/gfs_20230802_00_012_subset.grib2,2023-08-02 12:00:00,27.89,27.956666759999997,27.84177,8,27.75682551319648,26.977634285714288,28.021466548795335,27.31857126722636,
42943099999,YEOTMAL,Synoptic/Airport,20.4,78.15,2023-08-02T12:00:00,2023-08-02T00:00:00,2023-08-02T12:00:00,12,27.0,27.99,451.0,308.86,142.14,20.5,78.25,27.39,27.29,27.89,27.99,1,00z,12,NOAA NCEI GFS Archive,experiments/phase6/data/raw/gfs_20230802_00_012_subset.grib2,2023-08-02 12:00:00,27.99,27.702,27.06609,8,27.84510980966325,27.07763428571429,27.322997146215112,26.57847233102043,
43014099999,AURANGABAD,Synoptic/Airport,19.863169,75.398206,2023-08-02T12:00:00,2023-08-02T00:00:00,2023-08-02T12:00:00,12,26.8,27.29,582.47,556.06,26.41,19.75,75.5,27.49,27.29,25.89,26.39,1,00z,12,NOAA NCEI GFS Archive,experiments/phase6/data/raw/gfs_20230802_00_012_subset.grib2,2023-08-02 12:00:00,27.29,26.8350036379168,27.118335,8,27.37796986518636,26.377634285714286,27.467211019364967,26.402221193790645,
43017099999,PARBHANI,Synoptic/Airport,19.1333333,76.8333333,2023-08-02T12:00:00,2023-08-02T00:00:00,2023-08-02T12:00:00,12,28.6,28.39,422.0,405.66,16.34,19.25,76.75,27.79,27.69,28.39,27.89,1,00z,12,NOAA NCEI GFS Archive,experiments/phase6/data/raw/gfs_20230802_00_012_subset.grib2,2023-08-02 12:00:00,28.39,28.0055555351111,28.28379,8,28.25682551319648,27.477634285714288,28.538274225497794,27.921969120211035,
43021099999,NANDED,Synoptic/Airport,19.0833333,77.3333333,2023-08-02T12:00:00,2023-08-02T00:00:00,2023-08-02T12:00:00,12,28.8,27.49,358.0,399.74,-41.74,19.0,77.25,27.49,27.59,27.39,26.79,1,00z,12,NOAA NCEI GFS Archive,experiments/phase6/data/raw/gfs_20230802_00_012_subset.grib2,2023-08-02 12:00:00,27.49,27.41222228444443,27.761309999999998,8,27.34510980966325,26.57763428571429,27.910422429891916,27.10796404557373,
43029099999,CHANDRAPUR,Synoptic/Airport,19.9666666,79.3,2023-08-02T12:00:00,2023-08-02T00:00:00,2023-08-02T12:00:00,12,27.2,27.09,193.0,200.22,-7.22,20.0,79.25,27.29,27.09,27.09,26.69,1,00z,12,NOAA NCEI GFS Archive,experiments/phase6/data/raw/gfs_20230802_00_012_subset.grib2,2023-08-02 12:00:00,27.09,27.042000064000007,27.13693,8,27.01743138634764,26.177634285714287,27.327745179161337,26.355517552021368,
43063099999,PUNE,Synoptic/Airport,18.5333333,73.85,2023-08-02T12:00:00,2023-08-02T00:00:00,2023-08-02T12:00:00,12,25.6,22.29,558.0,677.98,-119.98,18.5,73.75,22.29,23.39,22.59,23.59,1,00z,12,NOAA NCEI GFS Archive,experiments/phase6/data/raw/gfs_20230802_00_012_subset.grib2,2023-08-02 12:00:00,22.29,22.76466663199997,23.069869999999998,8,22.37796986518636,21.377634285714286,23.195475043318286,20.738555617576115,
43069099999,BARAMATI,Synoptic/Airport,18.15,74.5833333,2023-08-02T12:00:00,2023-08-02T00:00:00,2023-08-02T12:00:00,12,28.6,24.29,551.0,580.7,-29.7,18.25,74.5,25.19,26.19,24.29,25.39,1,00z,12,NOAA NCEI GFS Archive,experiments/phase6/data/raw/gfs_20230802_00_012_subset.grib2,2023-08-02 12:00:00,24.29,25.003333192000035,24.48305,8,24.21743138634764,23.377634285714286,24.12961716710677,22.79860467476189,
43110099999,RATNAGIRI,Synoptic/Airport,16.9833333,73.3333333,2023-08-02T12:00:00,2023-08-02T00:00:00,2023-08-02T12:00:00,12,28.0,26.79,67.0,36.22,30.78,17.0,73.25,26.79,26.19,26.79,25.89,1,00z,12,NOAA NCEI GFS Archive,experiments/phase6/data/raw/gfs_20230802_00_012_subset.grib2,2023-08-02 12:00:00,26.79,26.4966667973333,26.58993,8,26.65682551319648,25.877634285714286,26.60164963039207,25.71276880061061,
43111099999,MAHABALESHWAR,Synoptic/Airport,17.9333333,73.6666666,2023-08-02T12:00:00,2023-08-02T00:00:00,2023-08-02T12:00:00,12,18.6,20.09,1382.0,888.7,493.3,18.0,73.75,24.19,20.39,23.99,20.09,1,00z,12,NOAA NCEI GFS Archive,experiments/phase6/data/raw/gfs_20230802_00_012_subset.grib2,2023-08-02 12:00:00,20.09,21.461112179555563,16.88355,8,20.47302931596091,19.177634285714287,17.479235415981684,13.858398367333209,
43113099999,SATARA,Synoptic/Airport,17.5166666,74.05,2023-08-02T12:00:00,2023-08-02T00:00:00,2023-08-02T12:00:00,12,25.4,21.19,612.0,746.14,-134.14,17.5,74.0,21.19,21.99,21.39,21.79,1,00z,12,NOAA NCEI GFS Archive,experiments/phase6/data/raw/gfs_20230802_00_012_subset.grib2,2023-08-02 12:00:00,21.19,21.357999967999994,22.06191,8,21.27796986518636,20.27763428571429,22.11455199290009,19.375700204995724,
43117099999,SOLAPUR,Synoptic/Airport,17.627958,75.934842,2023-08-02T12:00:00,2023-08-02T00:00:00,2023-08-02T12:00:00,12,28.8,27.79,482.8,492.06,-9.26,17.75,76.0,27.79,28.19,27.59,27.79,1,00z,12,NOAA NCEI GFS Archive,experiments/phase6/data/raw/gfs_20230802_00_012_subset.grib2,2023-08-02 12:00:00,27.79,27.9076943595648,27.850189999999998,8,28.17302931596091,26.877634285714286,28.311502004389986,27.294345303156888,
43157099999,KOLHAPUR,Synoptic/Airport,16.664658,74.289353,2023-08-02T12:00:00,2023-08-02T00:00:00,2023-08-02T12:00:00,12,25.0,22.89,608.38,591.9,16.48,16.75,74.25,22.59,23.49,22.89,23.89,1,00z,12,NOAA NCEI GFS Archive,experiments/phase6/data/raw/gfs_20230802_00_012_subset.grib2,2023-08-02 12:00:00,22.89,22.939628058038423,22.782880000000002,8,23.273029315960912,21.977634285714288,22.480108270425568,20.64834600151835,
43158099999,SANGLI,Synoptic/Airport,16.85,74.6,2023-08-02T12:00:00,2023-08-02T00:00:00,2023-08-02T12:00:00,12,26.8,23.89,549.0,562.78,-13.78,16.75,74.5,23.89,24.59,23.99,24.09,1,00z,12,NOAA NCEI GFS Archive,experiments/phase6/data/raw/gfs_20230802_00_012_subset.grib2,2023-08-02 12:00:00,23.89,24.113999999999987,23.97957,8,23.817431386347643,22.977634285714288,23.547829634797353,22.16659568667481,
42933099999,AKOLA,Synoptic/Airport,20.7,77.0333333,2023-08-03T00:00:00,2023-08-02T00:00:00,2023-08-03T00:00:00,24,25.2,24.41,282.0,280.22,1.78,20.75,77.0,24.11,23.61,24.41,23.91,1,00z,24,NOAA NCEI GFS Archive,experiments/phase6/data/raw/gfs_20230802_00_024_subset.grib2,2023-08-03 00:00:00,24.41,24.283333400000007,24.39843,8,24.79302931596091,23.497634285714287,24.277235187738135,22.51918163066933,
43014099999,AURANGABAD,Synoptic/Airport,19.863169,75.398206,2023-08-03T00:00:00,2023-08-02T00:00:00,2023-08-03T00:00:00,24,24.0,22.91,582.47,556.06,26.41,19.75,75.5,23.31,22.91,21.91,22.11,1,00z,24,NOAA NCEI GFS Archive,experiments/phase6/data/raw/gfs_20230802_00_024_subset.grib2,2023-08-03 00:00:00,22.91,22.6001383182144,22.738335,8,22.99796986518636,21.997634285714287,22.704082701510778,20.376230899357175,
43063099999,PUNE,Synoptic/Airport,18.5333333,73.85,2023-08-03T00:00:00,2023-08-02T00:00:00,2023-08-03T00:00:00,24,23.0,21.61,558.0,677.98,-119.98,18.5,73.75,21.61,22.31,21.61,22.11,1,00z,24,NOAA NCEI GFS Archive,experiments/phase6/data/raw/gfs_20230802_00_024_subset.grib2,2023-08-03 00:00:00,21.61,21.879333343999985,22.38987,8,21.69796986518636,20.697634285714287,22.440698946375637,19.605120126667565,
43110099999,RATNAGIRI,Synoptic/Airport,16.9833333,73.3333333,2023-08-03T00:00:00,2023-08-02T00:00:00,2023-08-03T00:00:00,24,26.6,25.91,67.0,36.22,30.78,17.0,73.25,26.41,24.51,25.91,24.01,1,00z,24,NOAA NCEI GFS Archive,experiments/phase6/data/raw/gfs_20230802_00_024_subset.grib2,2023-08-03 00:00:00,25.91,25.310000319999943,25.70993,8,25.77682551319648,24.997634285714287,25.532015625443183,24.31487088788991,
43117099999,SOLAPUR,Synoptic/Airport,17.627958,75.934842,2023-08-03T00:00:00,2023-08-02T00:00:00,2023-08-03T00:00:00,24,25.0,23.41,482.8,492.06,-9.26,17.75,76.0,23.71,23.51,23.71,23.41,1,00z,24,NOAA NCEI GFS Archive,experiments/phase6/data/raw/gfs_20230802_00_024_subset.grib2,2023-08-03 00:00:00,23.41,23.5242831797824,23.47019,8,23.79302931596091,22.497634285714287,23.14598779086246,21.268355008723418,
42851099999,JALGAON,Synoptic/Airport,21.05,75.5666666,2023-08-03T12:00:00,2023-08-02T00:00:00,2023-08-03T12:00:00,36,27.2,25.76,201.0,212.38,-11.38,21.0,75.5,25.76,25.26,24.46,23.86,1,00z,36,NOAA NCEI GFS Archive,experiments/phase6/data/raw/gfs_20230802_00_036_subset.grib2,2023-08-03 12:00:00,25.76,25.36133347199999,25.83397,8,25.61510980966325,24.84763428571429,25.59670181950922,24.155252493838226,
42871099999,GONDIA ARPT/BIRSI,Synoptic/Airport,21.524467,80.287997,2023-08-03T12:00:00,2023-08-02T00:00:00,2023-08-03T12:00:00,36,24.4,22.76,300.84,301.18,-0.34,21.5,80.25,22.76,22.36,22.16,21.06,1,00z,36,NOAA NCEI GFS Archive,experiments/phase6/data/raw/gfs_20230802_00_036_subset.grib2,2023-08-03 12:00:00,22.76,22.63007166689119,22.762210000000003,8,22.61510980966325,21.84763428571429,22.01042657071719,20.116830679540982,
42933099999,AKOLA,Synoptic/Airport,20.7,77.0333333,2023-08-03T12:00:00,2023-08-02T00:00:00,2023-08-03T12:00:00,36,26.2,25.16,282.0,280.22,1.78,20.75,77.0,24.06,23.76,25.16,24.26,1,00z,36,NOAA NCEI GFS Archive,experiments/phase6/data/raw/gfs_20230802_00_036_subset.grib2,2023-08-03 12:00:00,25.16,24.83600010400001,25.14843,8,25.54302931596091,24.247634285714287,25.119525353427335,23.276652455717713,
42939099999,WARDHA,Synoptic/Airport,20.6666666,78.5833333,2023-08-03T12:00:00,2023-08-02T00:00:00,2023-08-03T12:00:00,36,25.0,24.06,283.0,275.58,7.42,20.75,78.5,24.36,24.66,24.06,24.16,1,00z,36,NOAA NCEI GFS Archive,experiments/phase6/data/raw/gfs_20230802_00_036_subset.grib2,2023-08-03 12:00:00,24.06,24.21555563111111,24.01177,8,23.92682551319648,23.14763428571429,23.49961869166845,21.785589376029108,
42943099999,YEOTMAL,Synoptic/Airport,20.4,78.15,2023-08-03T12:00:00,2023-08-02T00:00:00,2023-08-03T12:00:00,36,24.0,23.96,451.0,308.86,142.14,20.5,78.25,24.26,24.06,23.96,23.96,1,00z,36,NOAA NCEI GFS Archive,experiments/phase6/data/raw/gfs_20230802_00_036_subset.grib2,2023-08-03 12:00:00,23.96,24.032,23.03609,8,23.81510980966325,23.047634285714288,22.507547019350522,20.78102801801103,
43014099999,AURANGABAD,Synoptic/Airport,19.863169,75.398206,2023-08-03T12:00:00,2023-08-02T00:00:00,2023-08-03T12:00:00,36,25.6,25.86,582.47,556.06,26.41,19.75,75.5,26.26,25.86,24.46,24.86,1,00z,36,NOAA NCEI GFS Archive,experiments/phase6/data/raw/gfs_20230802_00_036_subset.grib2,2023-08-03 12:00:00,25.86,25.422739357619207,25.688335,8,25.94796986518636,24.947634285714287,25.881825134813774,24.042788364339295,
43017099999,PARBHANI,Synoptic/Airport,19.1333333,76.8333333,2023-08-03T12:00:00,2023-08-02T00:00:00,2023-08-03T12:00:00,36,27.2,26.76,422.0,405.66,16.34,19.25,76.75,27.46,27.06,26.76,26.26,1,00z,36,NOAA NCEI GFS Archive,experiments/phase6/data/raw/gfs_20230802_00_036_subset.grib2,2023-08-03 12:00:00,26.76,26.93555571377776,26.65379,8,26.626825513196483,25.84763428571429,26.548636834025032,25.29807386894753,
43021099999,NANDED,Synoptic/Airport,19.0833333,77.3333333,2023-08-03T12:00:00,2023-08-02T00:00:00,2023-08-03T12:00:00,36,27.2,27.16,358.0,399.74,-41.74,19.0,77.25,27.16,27.26,25.76,25.56,1,00z,36,NOAA NCEI GFS Archive,experiments/phase6/data/raw/gfs_20230802_00_036_subset.grib2,2023-08-03 12:00:00,27.16,26.69333353333333,27.43131,8,27.01510980966325,26.247634285714287,27.4311571245858,26.20307453608925,
43029099999,CHANDRAPUR,Synoptic/Airport,19.9666666,79.3,2023-08-03T12:00:00,2023-08-02T00:00:00,2023-08-03T12:00:00,36,25.4,24.86,193.0,200.22,-7.22,20.0,79.25,24.96,24.86,24.86,24.46,1,00z,36,NOAA NCEI GFS Archive,experiments/phase6/data/raw/gfs_20230802_00_036_subset.grib2,2023-08-03 12:00:00,24.86,24.801333376,24.90693,8,24.78743138634764,23.947634285714287,24.582820330810897,22.938235035321384,
43063099999,PUNE,Synoptic/Airport,18.5333333,73.85,2023-08-03T12:00:00,2023-08-02T00:00:00,2023-08-03T12:00:00,36,24.4,22.76,558.0,677.98,-119.98,18.5,73.75,22.76,23.86,23.16,23.86,1,00z,36,NOAA NCEI GFS Archive,experiments/phase6/data/raw/gfs_20230802_00_036_subset.grib2,2023-08-03 12:00:00,22.76,23.231999967999972,23.53987,8,22.84796986518636,21.84763428571429,23.668432191127074,20.89151579534027,
43110099999,RATNAGIRI,Synoptic/Airport,16.9833333,73.3333333,2023-08-03T12:00:00,2023-08-02T00:00:00,2023-08-03T12:00:00,36,27.6,26.66,67.0,36.22,30.78,17.0,73.25,26.96,26.06,26.66,25.76,1,00z,36,NOAA NCEI GFS Archive,experiments/phase6/data/raw/gfs_20230802_00_036_subset.grib2,2023-08-03 12:00:00,26.66,26.380000159999973,26.45993,8,26.52682551319648,25.747634285714287,26.338519374592575,25.07234171293829,
43111099999,MAHABALESHWAR,Synoptic/Airport,17.9333333,73.6666666,2023-08-03T12:00:00,2023-08-02T00:00:00,2023-08-03T12:00:00,36,18.8,20.06,1382.0,888.7,493.3,18.0,73.75,24.56,20.66,24.36,20.06,1,00z,36,NOAA NCEI GFS Archive,experiments/phase6/data/raw/gfs_20230802_00_036_subset.grib2,2023-08-03 12:00:00,20.06,21.617778958222218,16.85355,8,20.44302931596091,19.14763428571429,17.372014441277894,13.35020249056696,
43113099999,SATARA,Synoptic/Airport,17.5166666,74.05,2023-08-03T12:00:00,2023-08-02T00:00:00,2023-08-03T12:00:00,36,24.2,21.36,612.0,746.14,-134.14,17.5,74.0,21.36,22.26,21.56,21.86,1,00z,36,NOAA NCEI GFS Archive,experiments/phase6/data/raw/gfs_20230802_00_036_subset.grib2,2023-08-03 12:00:00,21.36,21.54533331199999,22.23191,8,21.44796986518636,20.447634285714287,22.262507609283613,19.131966750041634,
43117099999,SOLAPUR,Synoptic/Airport,17.627958,75.934842,2023-08-03T12:00:00,2023-08-02T00:00:00,2023-08-03T12:00:00,36,29.4,26.86,482.8,492.06,-9.26,17.75,76.0,27.26,27.16,26.96,26.86,1,00z,36,NOAA NCEI GFS Archive,experiments/phase6/data/raw/gfs_20230802_00_036_subset.grib2,2023-08-03 12:00:00,26.86,27.0325136,26.920189999999998,8,27.24302931596091,25.947634285714287,27.150280261402564,25.596068528235932,
43157099999,KOLHAPUR,Synoptic/Airport,16.664658,74.289353,2023-08-03T12:00:00,2023-08-02T00:00:00,2023-08-03T12:00:00,36,25.0,22.56,608.38,591.9,16.48,16.75,74.25,22.06,22.76,22.56,23.36,1,00z,36,NOAA NCEI GFS Archive,experiments/phase6/data/raw/gfs_20230802_00_036_subset.grib2,2023-08-03 12:00:00,22.56,22.50987205803841,22.45288,8,22.94302931596091,21.64763428571429,22.0215537062939,19.743456492033868,
43158099999,SANGLI,Synoptic/Airport,16.85,74.6,2023-08-03T12:00:00,2023-08-02T00:00:00,2023-08-03T12:00:00,36,25.8,23.36,549.0,562.78,-13.78,16.75,74.5,23.36,23.86,23.56,23.46,1,00z,36,NOAA NCEI GFS Archive,experiments/phase6/data/raw/gfs_20230802_00_036_subset.grib2,2023-08-03 12:00:00,23.36,23.543999999999997,23.449569999999998,8,23.28743138634764,22.447634285714287,22.833739031760935,20.99724375537817,
42933099999,AKOLA,Synoptic/Airport,20.7,77.0333333,2023-08-04T00:00:00,2023-08-02T00:00:00,2023-08-04T00:00:00,48,24.9,23.65,282.0,280.22,1.78,20.75,77.0,23.45,23.35,23.65,23.65,1,00z,48,NOAA NCEI GFS Archive,experiments/phase6/data/raw/gfs_20230802_00_048_subset.grib2,2023-08-04 00:00:00,23.65,23.607333336,23.63843,8,24.03302931596091,22.73763428571429,23.31510247875984,21.04569791428871,
43014099999,AURANGABAD,Synoptic/Airport,19.863169,75.398206,2023-08-04T00:00:00,2023-08-02T00:00:00,2023-08-04T00:00:00,48,23.0,22.35,582.47,556.06,26.41,19.75,75.5,22.95,22.35,22.15,22.15,1,00z,48,NOAA NCEI GFS Archive,experiments/phase6/data/raw/gfs_20230802_00_048_subset.grib2,2023-08-04 00:00:00,22.35,22.3931791182144,22.178335,8,22.43796986518636,21.43763428571429,22.06120125809284,19.167209604788713,
43063099999,PUNE,Synoptic/Airport,18.5333333,73.85,2023-08-04T00:00:00,2023-08-02T00:00:00,2023-08-04T00:00:00,48,23.4,21.65,558.0,677.98,-119.98,18.5,73.75,21.65,22.25,21.85,22.25,1,00z,48,NOAA NCEI GFS Archive,experiments/phase6/data/raw/gfs_20230802_00_048_subset.grib2,2023-08-04 00:00:00,21.65,21.905999983999983,22.429869999999998,8,21.73796986518636,20.73763428571429,22.44782056580821,19.18948609753558,
43110099999,RATNAGIRI,Synoptic/Airport,16.9833333,73.3333333,2023-08-04T00:00:00,2023-08-02T00:00:00,2023-08-04T00:00:00,48,26.6,26.25,67.0,36.22,30.78,17.0,73.25,26.65,24.65,26.25,24.15,1,00z,48,NOAA NCEI GFS Archive,experiments/phase6/data/raw/gfs_20230802_00_048_subset.grib2,2023-08-04 00:00:00,26.25,25.578889225777715,26.04993,8,26.11682551319648,25.337634285714287,25.809857605487974,24.295930491476156,
42933099999,AKOLA,Synoptic/Airport,20.7,77.0333333,2023-08-03T00:00:00,2023-08-02T12:00:00,2023-08-03T00:00:00,12,25.2,24.57,282.0,280.22,1.78,20.75,77.0,24.17,23.77,24.57,24.07,1,12z,12,NOAA NCEI GFS Archive,experiments/phase6/data/raw/gfs_20230802_12_012_subset.grib2,2023-08-03 00:00:00,24.57,24.426000064000007,24.55843,8,24.95302931596091,23.657634285714288,24.500656909980172,22.96501482486627,
43014099999,AURANGABAD,Synoptic/Airport,19.863169,75.398206,2023-08-03T00:00:00,2023-08-02T12:00:00,2023-08-03T00:00:00,12,24.0,23.27,582.47,556.06,26.41,19.75,75.5,23.57,23.27,22.17,22.47,1,12z,12,NOAA NCEI GFS Archive,experiments/phase6/data/raw/gfs_20230802_12_012_subset.grib2,2023-08-03 00:00:00,23.27,22.919420718214404,23.098335,8,23.35796986518636,22.357634285714287,23.112190498266486,21.08652651536627,
43063099999,PUNE,Synoptic/Airport,18.5333333,73.85,2023-08-03T00:00:00,2023-08-02T12:00:00,2023-08-03T00:00:00,12,23.0,21.67,558.0,677.98,-119.98,18.5,73.75,21.67,22.27,21.67,22.27,1,12z,12,NOAA NCEI GFS Archive,experiments/phase6/data/raw/gfs_20230802_12_012_subset.grib2,2023-08-03 00:00:00,21.67,21.909999999999982,22.44987,8,21.75796986518636,20.75763428571429,22.523805211706087,19.918722109958427,
43110099999,RATNAGIRI,Synoptic/Airport,16.9833333,73.3333333,2023-08-03T00:00:00,2023-08-02T12:00:00,2023-08-03T00:00:00,12,26.6,25.87,67.0,36.22,30.78,17.0,73.25,26.37,24.27,25.87,23.87,1,12z,12,NOAA NCEI GFS Archive,experiments/phase6/data/raw/gfs_20230802_12_012_subset.grib2,2023-08-03 00:00:00,25.87,25.23444477422217,25.66993,8,25.73682551319648,24.95763428571429,25.542725253845802,24.496241660274688,
43117099999,SOLAPUR,Synoptic/Airport,17.627958,75.934842,2023-08-03T00:00:00,2023-08-02T12:00:00,2023-08-03T00:00:00,12,25.0,23.57,482.8,492.06,-9.26,17.75,76.0,23.87,23.67,23.87,23.57,1,12z,12,NOAA NCEI GFS Archive,experiments/phase6/data/raw/gfs_20230802_12_012_subset.grib2,2023-08-03 00:00:00,23.57,23.6842831797824,23.63019,8,23.95302931596091,22.657634285714288,23.369409513104493,21.714188202920354,
42851099999,JALGAON,Synoptic/Airport,21.05,75.5666666,2023-08-03T12:00:00,2023-08-02T12:00:00,2023-08-03T12:00:00,24,27.2,24.85,201.0,212.38,-11.38,21.0,75.5,24.85,24.65,23.85,23.55,1,12z,24,NOAA NCEI GFS Archive,experiments/phase6/data/raw/gfs_20230802_12_024_subset.grib2,2023-08-03 12:00:00,24.85,24.591333391999992,24.92397,8,24.70510980966325,23.93763428571429,24.576496990222992,23.18621173134012,
42871099999,GONDIA ARPT/BIRSI,Synoptic/Airport,21.524467,80.287997,2023-08-03T12:00:00,2023-08-02T12:00:00,2023-08-03T12:00:00,24,24.4,21.95,300.84,301.18,-0.34,21.5,80.25,21.95,21.35,21.75,20.65,1,12z,24,NOAA NCEI GFS Archive,experiments/phase6/data/raw/gfs_20230802_12_024_subset.grib2,2023-08-03 12:00:00,21.95,21.831796219207988,21.95221,8,21.80510980966325,21.037634285714287,21.107415925797405,19.28002112794895,
42933099999,AKOLA,Synoptic/Airport,20.7,77.0333333,2023-08-03T12:00:00,2023-08-02T12:00:00,2023-08-03T12:00:00,24,26.2,24.35,282.0,280.22,1.78,20.75,77.0,24.15,23.75,24.35,24.35,1,12z,24,NOAA NCEI GFS Archive,experiments/phase6/data/raw/gfs_20230802_12_024_subset.grib2,2023-08-03 12:00:00,24.35,24.299333344,24.338430000000002,8,24.733029315960916,23.43763428571429,24.206968469852562,22.439842904125683,
42939099999,WARDHA,Synoptic/Airport,20.6666666,78.5833333,2023-08-03T12:00:00,2023-08-02T12:00:00,2023-08-03T12:00:00,24,25.0,23.55,283.0,275.58,7.42,20.75,78.5,23.65,23.75,23.55,23.65,1,12z,24,NOAA NCEI GFS Archive,experiments/phase6/data/raw/gfs_20230802_12_024_subset.grib2,2023-08-03 12:00:00,23.55,23.61666668,23.50177,8,23.41682551319648,22.637634285714288,22.96935608422678,21.345473457155318,
42943099999,YEOTMAL,Synoptic/Airport,20.4,78.15,2023-08-03T12:00:00,2023-08-02T12:00:00,2023-08-03T12:00:00,24,24.0,23.55,451.0,308.86,142.14,20.5,78.25,23.65,23.45,23.75,23.55,1,12z,24,NOAA NCEI GFS Archive,experiments/phase6/data/raw/gfs_20230802_12_024_subset.grib2,2023-08-03 12:00:00,23.55,23.59,22.62609,8,23.40510980966325,22.637634285714288,22.073313111896518,20.473143310043312,
43014099999,AURANGABAD,Synoptic/Airport,19.863169,75.398206,2023-08-03T12:00:00,2023-08-02T12:00:00,2023-08-03T12:00:00,24,25.6,25.15,582.47,556.06,26.41,19.75,75.5,25.55,25.15,23.35,23.45,1,12z,24,NOAA NCEI GFS Archive,experiments/phase6/data/raw/gfs_20230802_12_024_subset.grib2,2023-08-03 12:00:00,25.15,24.451161798512004,24.978334999999998,8,25.23796986518636,24.23763428571429,25.130760802819385,23.338210023653346,
43017099999,PARBHANI,Synoptic/Airport,19.1333333,76.8333333,2023-08-03T12:00:00,2023-08-02T12:00:00,2023-08-03T12:00:00,24,27.2,26.05,422.0,405.66,16.34,19.25,76.75,26.65,26.35,26.05,25.85,1,12z,24,NOAA NCEI GFS Archive,experiments/phase6/data/raw/gfs_20230802_12_024_subset.grib2,2023-08-03 12:00:00,26.05,26.247777886222217,25.94379,8,25.91682551319648,25.137634285714288,25.78817327516026,24.593495528261577,
43021099999,NANDED,Synoptic/Airport,19.0833333,77.3333333,2023-08-03T12:00:00,2023-08-02T12:00:00,2023-08-03T12:00:00,24,27.2,26.45,358.0,399.74,-41.74,19.0,77.25,26.45,26.35,25.75,24.85,1,12z,24,NOAA NCEI GFS Archive,experiments/phase6/data/raw/gfs_20230802_12_024_subset.grib2,2023-08-03 12:00:00,26.45,26.0944446222222,26.72131,8,26.30510980966325,25.537634285714287,26.64534066403246,25.4984961954033,
43029099999,CHANDRAPUR,Synoptic/Airport,19.9666666,79.3,2023-08-03T12:00:00,2023-08-02T12:00:00,2023-08-03T12:00:00,24,25.4,24.55,193.0,200.22,-7.22,20.0,79.25,24.85,24.55,24.55,24.05,1,12z,24,NOAA NCEI GFS Archive,experiments/phase6/data/raw/gfs_20230802_12_024_subset.grib2,2023-08-03 12:00:00,24.55,24.49533342400001,24.59693,8,24.477431386347643,23.637634285714288,24.25296581406113,22.762581538259752,
43063099999,PUNE,Synoptic/Airport,18.5333333,73.85,2023-08-03T12:00:00,2023-08-02T12:00:00,2023-08-03T12:00:00,24,24.4,22.95,558.0,677.98,-119.98,18.5,73.75,22.95,24.15,23.15,23.95,1,12z,24,NOAA NCEI GFS Archive,experiments/phase6/data/raw/gfs_20230802_12_024_subset.grib2,2023-08-03 12:00:00,22.95,23.43533332799997,23.72987,8,23.03796986518636,22.037634285714287,23.892372453408463,21.377018352809024,
43110099999,RATNAGIRI,Synoptic/Airport,16.9833333,73.3333333,2023-08-03T12:00:00,2023-08-02T12:00:00,2023-08-03T12:00:00,24,27.6,26.75,67.0,36.22,30.78,17.0,73.25,26.75,25.55,26.75,25.85,1,12z,24,NOAA NCEI GFS Archive,experiments/phase6/data/raw/gfs_20230802_12_024_subset.grib2,2023-08-03 12:00:00,26.75,26.44333344266665,26.54993,8,26.61682551319648,25.837634285714287,26.49885962142021,25.42561305950097,
43111099999,MAHABALESHWAR,Synoptic/Airport,17.9333333,73.6666666,2023-08-03T12:00:00,2023-08-02T12:00:00,2023-08-03T12:00:00,24,18.8,20.55,1382.0,888.7,493.3,18.0,73.75,25.05,20.85,25.05,20.55,1,12z,24,NOAA NCEI GFS Archive,experiments/phase6/data/raw/gfs_20230802_12_024_subset.grib2,2023-08-03 12:00:00,20.55,22.103334538666672,17.34355,8,20.933029315960912,19.637634285714288,17.9819031118906,14.232398680753963,
43113099999,SATARA,Synoptic/Airport,17.5166666,74.05,2023-08-03T12:00:00,2023-08-02T12:00:00,2023-08-03T12:00:00,24,24.2,21.65,612.0,746.14,-134.14,17.5,74.0,21.65,22.75,22.05,22.35,1,12z,24,NOAA NCEI GFS Archive,experiments/phase6/data/raw/gfs_20230802_12_024_subset.grib2,2023-08-03 12:00:00,21.65,21.88599993599999,22.52191,8,21.73796986518636,20.73763428571429,22.594781715373422,19.749700518416475,
43117099999,SOLAPUR,Synoptic/Airport,17.627958,75.934842,2023-08-03T12:00:00,2023-08-02T12:00:00,2023-08-03T12:00:00,24,29.4,26.95,482.8,492.06,-9.26,17.75,76.0,27.85,27.95,27.45,26.95,1,12z,24,NOAA NCEI GFS Archive,experiments/phase6/data/raw/gfs_20230802_12_024_subset.grib2,2023-08-03 12:00:00,26.95,27.4921446786944,27.010189999999998,8,27.33302931596091,26.037634285714287,27.291724146111427,25.949339874798614,
43157099999,KOLHAPUR,Synoptic/Airport,16.664658,74.289353,2023-08-03T12:00:00,2023-08-02T12:00:00,2023-08-03T12:00:00,24,25.0,22.85,608.38,591.9,16.48,16.75,74.25,22.45,23.35,22.85,23.75,1,12z,24,NOAA NCEI GFS Archive,experiments/phase6/data/raw/gfs_20230802_12_024_subset.grib2,2023-08-03 12:00:00,22.85,22.85512360000002,22.742880000000003,8,23.233029315960916,21.93763428571429,22.397219983954685,20.361190260408712,
43158099999,SANGLI,Synoptic/Airport,16.85,74.6,2023-08-03T12:00:00,2023-08-02T12:00:00,2023-08-03T12:00:00,24,25.8,23.75,549.0,562.78,-13.78,16.75,74.5,23.75,24.25,24.15,23.95,1,12z,24,NOAA NCEI GFS Archive,experiments/phase6/data/raw/gfs_20230802_12_024_subset.grib2,2023-08-03 12:00:00,23.75,23.998,23.83957,8,23.67743138634764,22.837634285714287,23.340110380728703,21.74720873465909,
42933099999,AKOLA,Synoptic/Airport,20.7,77.0333333,2023-08-04T00:00:00,2023-08-02T12:00:00,2023-08-04T00:00:00,36,24.9,23.36,282.0,280.22,1.78,20.75,77.0,23.26,23.46,23.36,23.36,1,12z,36,NOAA NCEI GFS Archive,experiments/phase6/data/raw/gfs_20230802_12_036_subset.grib2,2023-08-04 00:00:00,23.36,23.345333328,23.34843,8,23.74302931596091,22.447634285714287,23.01152381686006,20.89649065940829,
43014099999,AURANGABAD,Synoptic/Airport,19.863169,75.398206,2023-08-04T00:00:00,2023-08-02T12:00:00,2023-08-04T00:00:00,36,23.0,22.96,582.47,556.06,26.41,19.75,75.5,23.16,22.96,22.06,22.36,1,12z,36,NOAA NCEI GFS Archive,experiments/phase6/data/raw/gfs_20230802_12_036_subset.grib2,2023-08-04 00:00:00,22.96,22.677670198512004,22.788335,8,23.04796986518636,22.047634285714288,22.740143664369594,20.208083248063005,
43063099999,PUNE,Synoptic/Airport,18.5333333,73.85,2023-08-04T00:00:00,2023-08-02T12:00:00,2023-08-04T00:00:00,36,23.4,21.76,558.0,677.98,-119.98,18.5,73.75,21.76,22.26,21.96,22.46,1,12z,36,NOAA NCEI GFS Archive,experiments/phase6/data/raw/gfs_20230802_12_036_subset.grib2,2023-08-04 00:00:00,21.76,21.98666663999999,22.53987,8,21.84796986518636,20.84763428571429,22.585093753042873,19.56920368627948,
43110099999,RATNAGIRI,Synoptic/Airport,16.9833333,73.3333333,2023-08-04T00:00:00,2023-08-02T12:00:00,2023-08-04T00:00:00,36,26.6,26.16,67.0,36.22,30.78,17.0,73.25,26.76,24.56,26.16,23.86,1,12z,36,NOAA NCEI GFS Archive,experiments/phase6/data/raw/gfs_20230802_12_036_subset.grib2,2023-08-04 00:00:00,26.16,25.435555945777708,25.95993,8,26.02682551319648,25.247634285714287,25.76301699603482,24.411185658407895,
42851099999,JALGAON,Synoptic/Airport,21.05,75.5666666,2023-08-04T12:00:00,2023-08-02T12:00:00,2023-08-04T12:00:00,48,28.0,25.93,201.0,212.38,-11.38,21.0,75.5,25.93,25.33,25.33,24.63,1,12z,48,NOAA NCEI GFS Archive,experiments/phase6/data/raw/gfs_20230802_12_048_subset.grib2,2023-08-04 12:00:00,25.93,25.644666831999988,26.00397,8,25.78510980966325,25.017634285714287,25.74966968448375,24.14578229563135,
42871099999,GONDIA ARPT/BIRSI,Synoptic/Airport,21.524467,80.287997,2023-08-04T12:00:00,2023-08-02T12:00:00,2023-08-04T12:00:00,48,25.8,22.73,300.84,301.18,-0.34,21.5,80.25,22.73,22.23,22.13,21.13,1,12z,48,NOAA NCEI GFS Archive,experiments/phase6/data/raw/gfs_20230802_12_048_subset.grib2,2023-08-04 12:00:00,22.73,22.587847819207987,22.732210000000002,8,22.58510980966325,21.817634285714288,21.92900606695883,19.842898059521943,
42933099999,AKOLA,Synoptic/Airport,20.7,77.0333333,2023-08-04T12:00:00,2023-08-02T12:00:00,2023-08-04T12:00:00,48,29.4,26.83,282.0,280.22,1.78,20.75,77.0,26.03,25.63,26.83,25.93,1,12z,48,NOAA NCEI GFS Archive,experiments/phase6/data/raw/gfs_20230802_12_048_subset.grib2,2023-08-04 12:00:00,26.83,26.56333344000001,26.81843,8,27.21302931596091,25.91763428571429,27.039238526695357,25.250650421102023,
42939099999,WARDHA,Synoptic/Airport,20.6666666,78.5833333,2023-08-04T12:00:00,2023-08-02T12:00:00,2023-08-04T12:00:00,48,29.0,27.03,283.0,275.58,7.42,20.75,78.5,27.73,28.13,27.03,27.43,1,12z,48,NOAA NCEI GFS Archive,experiments/phase6/data/raw/gfs_20230802_12_048_subset.grib2,2023-08-04 12:00:00,27.03,27.396666800000013,26.98177,8,26.89682551319648,26.11763428571429,26.861353001614276,25.47859308319245,
42943099999,YEOTMAL,Synoptic/Airport,20.4,78.15,2023-08-04T12:00:00,2023-08-02T12:00:00,2023-08-04T12:00:00,48,28.0,26.93,451.0,308.86,142.14,20.5,78.25,26.63,27.03,25.93,26.93,1,12z,48,NOAA NCEI GFS Archive,experiments/phase6/data/raw/gfs_20230802_12_048_subset.grib2,2023-08-04 12:00:00,26.93,26.666000000000015,26.00609,8,26.78510980966325,26.017634285714287,25.94195204658552,24.474031725174363,
43014099999,AURANGABAD,Synoptic/Airport,19.863169,75.398206,2023-08-04T12:00:00,2023-08-02T12:00:00,2023-08-04T12:00:00,48,27.6,24.93,582.47,556.06,26.41,19.75,75.5,25.63,24.93,25.13,25.13,1,12z,48,NOAA NCEI GFS Archive,experiments/phase6/data/raw/gfs_20230802_12_048_subset.grib2,2023-08-04 12:00:00,24.93,25.1765352379168,24.758335,8,25.01796986518636,24.017634285714287,24.85621442835007,22.57877484616555,
43017099999,PARBHANI,Synoptic/Airport,19.1333333,76.8333333,2023-08-04T12:00:00,2023-08-02T12:00:00,2023-08-04T12:00:00,48,30.0,29.23,422.0,405.66,16.34,19.25,76.75,28.63,28.23,29.23,28.43,1,12z,48,NOAA NCEI GFS Archive,experiments/phase6/data/raw/gfs_20230802_12_048_subset.grib2,2023-08-04 12:00:00,29.23,28.745555575111087,29.12379,8,29.09682551319648,28.317634285714288,29.334868765413102,28.329921521580467,
43029099999,CHANDRAPUR,Synoptic/Airport,19.9666666,79.3,2023-08-04T12:00:00,2023-08-02T12:00:00,2023-08-04T12:00:00,48,25.4,26.93,193.0,200.22,-7.22,20.0,79.25,27.33,27.23,26.93,26.93,1,12z,48,NOAA NCEI GFS Archive,experiments/phase6/data/raw/gfs_20230802_12_048_subset.grib2,2023-08-04 12:00:00,26.93,26.980666768000003,26.97693,8,26.85743138634764,26.017634285714287,27.015185595650475,25.441157844330014,
43063099999,PUNE,Synoptic/Airport,18.5333333,73.85,2023-08-04T12:00:00,2023-08-02T12:00:00,2023-08-04T12:00:00,48,25.6,23.13,558.0,677.98,-119.98,18.5,73.75,23.13,23.93,23.63,24.33,1,12z,48,NOAA NCEI GFS Archive,experiments/phase6/data/raw/gfs_20230802_12_048_subset.grib2,2023-08-04 12:00:00,23.13,23.51133327199998,23.909869999999998,8,23.21796986518636,22.217634285714286,24.051161454172828,21.146508018945546,
43069099999,BARAMATI,Synoptic/Airport,18.15,74.5833333,2023-08-04T12:00:00,2023-08-02T12:00:00,2023-08-04T12:00:00,48,28.2,24.73,551.0,580.7,-29.7,18.25,74.5,24.83,25.73,24.73,26.13,1,12z,48,NOAA NCEI GFS Archive,experiments/phase6/data/raw/gfs_20230802_12_048_subset.grib2,2023-08-04 12:00:00,24.73,25.16999984000003,24.92305,8,24.657431386347643,23.817634285714288,24.5338226113538,22.67763223250701,
43110099999,RATNAGIRI,Synoptic/Airport,16.9833333,73.3333333,2023-08-04T12:00:00,2023-08-02T12:00:00,2023-08-04T12:00:00,48,28.0,26.73,67.0,36.22,30.78,17.0,73.25,26.83,26.53,26.73,26.23,1,12z,48,NOAA NCEI GFS Archive,experiments/phase6/data/raw/gfs_20230802_12_048_subset.grib2,2023-08-04 12:00:00,26.73,26.57444453155553,26.52993,8,26.59682551319648,25.817634285714288,26.36233988890342,24.930640303825335,
43111099999,MAHABALESHWAR,Synoptic/Airport,17.9333333,73.6666666,2023-08-04T12:00:00,2023-08-02T12:00:00,2023-08-04T12:00:00,48,19.0,20.03,1382.0,888.7,493.3,18.0,73.75,24.83,20.33,24.43,20.03,1,12z,48,NOAA NCEI GFS Archive,experiments/phase6/data/raw/gfs_20230802_12_048_subset.grib2,2023-08-04 12:00:00,20.03,21.585556780444463,16.82355,8,20.413029315960912,19.11763428571429,17.300837274454608,13.076269870547932,
43113099999,SATARA,Synoptic/Airport,17.5166666,74.05,2023-08-04T12:00:00,2023-08-02T12:00:00,2023-08-04T12:00:00,48,25.4,21.33,612.0,746.14,-134.14,17.5,74.0,21.33,22.33,21.23,21.53,1,12z,48,NOAA NCEI GFS Archive,experiments/phase6/data/raw/gfs_20230802_12_048_subset.grib2,2023-08-04 12:00:00,21.33,21.514000063999987,22.201909999999998,8,21.41796986518636,20.41763428571429,22.21190149709569,18.858034130022602,
43117099999,SOLAPUR,Synoptic/Airport,17.627958,75.934842,2023-08-04T12:00:00,2023-08-02T12:00:00,2023-08-04T12:00:00,48,31.2,28.63,482.8,492.06,-9.26,17.75,76.0,28.13,28.33,28.33,28.63,1,12z,48,NOAA NCEI GFS Archive,experiments/phase6/data/raw/gfs_20230802_12_048_subset.grib2,2023-08-04 12:00:00,28.63,28.418083220217603,28.690189999999998,8,29.01302931596091,27.717634285714286,29.187104631146546,27.70229770452632,
43157099999,KOLHAPUR,Synoptic/Airport,16.664658,74.289353,2023-08-04T12:00:00,2023-08-02T12:00:00,2023-08-04T12:00:00,48,25.8,22.93,608.38,591.9,16.48,16.75,74.25,22.73,23.83,22.93,24.13,1,12z,48,NOAA NCEI GFS Archive,experiments/phase6/data/raw/gfs_20230802_12_048_subset.grib2,2023-08-04 12:00:00,22.93,23.04524725803843,22.82288,8,23.31302931596091,22.017634285714287,22.418821325374452,19.99844871563915,
43158099999,SANGLI,Synoptic/Airport,16.85,74.6,2023-08-04T12:00:00,2023-08-02T12:00:00,2023-08-04T12:00:00,48,28.2,24.13,549.0,562.78,-13.78,16.75,74.5,24.13,25.03,24.03,24.23,1,12z,48,NOAA NCEI GFS Archive,experiments/phase6/data/raw/gfs_20230802_12_048_subset.grib2,2023-08-04 12:00:00,24.13,24.337999999999987,24.219569999999997,8,24.05743138634764,23.217634285714286,23.713113403125085,21.781160822607767,
42851099999,JALGAON,Synoptic/Airport,21.05,75.5666666,2023-02-03T12:00:00,2023-02-03T00:00:00,2023-02-03T12:00:00,12,32.4,29.0,201.0,212.38,-11.38,21.0,75.5,29.0,28.75,28.1,27.4,1,00z,12,NOAA NCEI GFS Archive,experiments/phase6/data/raw/gfs_20230203_00_012_subset.grib2,2023-02-03 12:00:00,29.0,28.72933342399999,29.07397,2,28.85510980966325,30.04836942675159,29.486317889878894,,30.079629821398896
42871099999,GONDIA ARPT/BIRSI,Synoptic/Airport,21.524467,80.287997,2023-02-03T12:00:00,2023-02-03T00:00:00,2023-02-03T12:00:00,12,29.4,26.87,300.84,301.18,-0.34,21.5,80.25,26.87,25.83,27.08,24.17,1,00z,12,NOAA NCEI GFS Archive,experiments/phase6/data/raw/gfs_20230203_00_012_subset.grib2,2023-02-03 12:00:00,26.87,26.7046689558379,26.872210000000003,2,26.72510980966325,27.918369426751592,26.91963204507494,,27.869297871241738
42920099999,OZAR AIR FORCE STATION /NASHIK ARPT,Synoptic/Airport,20.119156,73.914097,2023-02-03T12:00:00,2023-02-03T00:00:00,2023-02-03T12:00:00,12,27.0,27.79,598.02,584.38,13.64,20.0,74.0,27.51,27.79,27.59,27.5,1,00z,12,NOAA NCEI GFS Archive,experiments/phase6/data/raw/gfs_20230203_00_012_subset.grib2,2023-02-03 12:00:00,27.79,27.61616395857856,27.70134,2,27.71743138634764,28.83836942675159,28.027772828508187,,28.682902323879773
42933099999,AKOLA,Synoptic/Airport,20.7,77.0333333,2023-02-03T12:00:00,2023-02-03T00:00:00,2023-02-03T12:00:00,12,28.0,29.0,282.0,280.22,1.78,20.75,77.0,28.08,27.99,29.0,28.5,1,00z,12,NOAA NCEI GFS Archive,experiments/phase6/data/raw/gfs_20230203_00_012_subset.grib2,2023-02-03 12:00:00,29.0,28.760266722400004,28.98843,2,29.38302931596091,30.04836942675159,29.68868291386518,,29.98059322379743
42939099999,WARDHA,Synoptic/Airport,20.6666666,78.5833333,2023-02-03T12:00:00,2023-02-03T00:00:00,2023-02-03T12:00:00,12,29.1,27.9,283.0,275.58,7.42,20.75,78.5,27.82,27.87,27.9,27.53,1,00z,12,NOAA NCEI GFS Archive,experiments/phase6/data/raw/gfs_20230203_00_012_subset.grib2,2023-02-03 12:00:00,27.9,27.796666713333316,27.85177,2,27.76682551319648,28.94836942675159,28.03297659636649,,28.839569374192397
42943099999,YEOTMAL,Synoptic/Airport,20.4,78.15,2023-02-03T12:00:00,2023-02-03T00:00:00,2023-02-03T12:00:00,12,26.5,27.72,451.0,308.86,142.14,20.5,78.25,27.69,27.35,27.67,27.72,1,00z,12,NOAA NCEI GFS Archive,experiments/phase6/data/raw/gfs_20230203_00_012_subset.grib2,2023-02-03 12:00:00,27.72,27.6144,26.79609,2,27.57510980966325,28.76836942675159,27.006572848425712,,27.645956027078853
43014099999,AURANGABAD,Synoptic/Airport,19.863169,75.398206,2023-02-03T12:00:00,2023-02-03T00:00:00,2023-02-03T12:00:00,12,27.0,28.31,582.47,556.06,26.41,19.75,75.5,28.92,28.31,27.73,27.34,1,00z,12,NOAA NCEI GFS Archive,experiments/phase6/data/raw/gfs_20230203_00_012_subset.grib2,2023-02-03 12:00:00,28.31,28.07873150334528,28.138334999999998,2,28.39796986518636,29.35836942675159,28.572216226210852,,29.106129236539612
43017099999,PARBHANI,Synoptic/Airport,19.1333333,76.8333333,2023-02-03T12:00:00,2023-02-03T00:00:00,2023-02-03T12:00:00,12,28.4,28.64,422.0,405.66,16.34,19.25,76.75,29.07,28.94,28.64,28.52,1,00z,12,NOAA NCEI GFS Archive,experiments/phase6/data/raw/gfs_20230203_00_012_subset.grib2,2023-02-03 12:00:00,28.64,28.799111184622216,28.53379,2,28.50682551319648,29.688369426751592,28.826025414776673,,29.511485678252814
43021099999,NANDED,Synoptic/Airport,19.0833333,77.3333333,2023-02-03T12:00:00,2023-02-03T00:00:00,2023-02-03T12:00:00,12,29.6,28.63,358.0,399.74,-41.74,19.0,77.25,28.63,28.69,28.19,27.83,1,00z,12,NOAA NCEI GFS Archive,experiments/phase6/data/raw/gfs_20230203_00_012_subset.grib2,2023-02-03 12:00:00,28.63,28.45666675466666,28.90131,2,28.48510980966325,29.67836942675159,29.24643613166939,,29.938584122094973
43063099999,PUNE,Synoptic/Airport,18.5333333,73.85,2023-02-03T12:00:00,2023-02-03T00:00:00,2023-02-03T12:00:00,12,28.4,28.02,558.0,677.98,-119.98,18.5,73.75,28.02,28.46,28.59,28.93,1,00z,12,NOAA NCEI GFS Archive,experiments/phase6/data/raw/gfs_20230203_00_012_subset.grib2,2023-02-03 12:00:00,28.02,28.26666659599999,28.79987,2,28.10796986518636,29.06836942675159,29.403004293540754,,29.918172972003173
43069099999,BARAMATI,Synoptic/Airport,18.15,74.5833333,2023-02-03T12:00:00,2023-02-03T00:00:00,2023-02-03T12:00:00,12,27.6,28.91,551.0,580.7,-29.7,18.25,74.5,28.43,28.98,28.91,29.43,1,00z,12,NOAA NCEI GFS Archive,experiments/phase6/data/raw/gfs_20230203_00_012_subset.grib2,2023-02-03 12:00:00,28.91,28.895333262400012,29.10305,2,28.83743138634764,29.95836942675159,29.64870788084252,,30.127614613077192
43110099999,RATNAGIRI,Synoptic/Airport,16.9833333,73.3333333,2023-02-03T12:00:00,2023-02-03T00:00:00,2023-02-03T12:00:00,12,31.0,27.11,67.0,36.22,30.78,17.0,73.25,26.72,31.53,27.11,30.92,1,00z,12,NOAA NCEI GFS Archive,experiments/phase6/data/raw/gfs_20230203_00_012_subset.grib2,2023-02-03 12:00:00,27.11,28.376221697777865,26.90993,2,26.97682551319648,28.15836942675159,26.969971152669032,,27.874791998002294
43111099999,MAHABALESHWAR,Synoptic/Airport,17.9333333,73.6666666,2023-02-03T12:00:00,2023-02-03T00:00:00,2023-02-03T12:00:00,12,21.8,26.51,1382.0,888.7,493.3,18.0,73.75,29.8,27.57,31.78,26.51,1,00z,12,NOAA NCEI GFS Archive,experiments/phase6/data/raw/gfs_20230203_00_012_subset.grib2,2023-02-03 12:00:00,26.51,28.2791123064888,23.30355,2,26.893029315960916,27.558369426751597,24.99777422973829,,23.794836740673592
43113099999,SATARA,Synoptic/Airport,17.5166666,74.05,2023-02-03T12:00:00,2023-02-03T00:00:00,2023-02-03T12:00:00,12,29.0,27.18,612.0,746.14,-134.14,17.5,74.0,27.18,27.76,27.02,26.97,1,00z,12,NOAA NCEI GFS Archive,experiments/phase6/data/raw/gfs_20230203_00_012_subset.grib2,2023-02-03 12:00:00,27.18,27.276933409599994,28.05191,2,27.26796986518636,28.22836942675159,28.603749237024445,,29.18581982099207
43117099999,SOLAPUR,Synoptic/Airport,17.627958,75.934842,2023-02-03T12:00:00,2023-02-03T00:00:00,2023-02-03T12:00:00,12,30.8,30.0,482.8,492.06,-9.26,17.75,76.0,30.37,30.22,30.13,30.0,1,00z,12,NOAA NCEI GFS Archive,experiments/phase6/data/raw/gfs_20230203_00_012_subset.grib2,2023-02-03 12:00:00,30.0,30.14382376404352,30.06019,2,30.38302931596091,31.04836942675159,30.899659446508693,,31.06238431882383
43157099999,KOLHAPUR,Synoptic/Airport,16.664658,74.289353,2023-02-03T12:00:00,2023-02-03T00:00:00,2023-02-03T12:00:00,12,29.6,29.0,608.38,591.9,16.48,16.75,74.25,29.14,29.05,29.0,29.26,1,00z,12,NOAA NCEI GFS Archive,experiments/phase6/data/raw/gfs_20230203_00_012_subset.grib2,2023-02-03 12:00:00,29.0,29.069911243134403,28.89288,2,29.38302931596091,30.04836942675159,29.635602375106696,,29.869967237114945
43158099999,SANGLI,Synoptic/Airport,16.85,74.6,2023-02-03T12:00:00,2023-02-03T00:00:00,2023-02-03T12:00:00,12,29.4,29.26,549.0,562.78,-13.78,16.75,74.5,29.26,29.22,29.05,28.3,1,00z,12,NOAA NCEI GFS Archive,experiments/phase6/data/raw/gfs_20230203_00_012_subset.grib2,2023-02-03 12:00:00,29.26,29.04640000000001,29.34957,2,29.187431386347644,30.308369426751597,29.962876633230465,,30.35735547453192
42933099999,AKOLA,Synoptic/Airport,20.7,77.0333333,2023-02-04T00:00:00,2023-02-03T00:00:00,2023-02-04T00:00:00,24,13.1,17.72,282.0,280.22,1.78,20.75,77.0,17.68,17.79,17.72,17.59,1,00z,24,NOAA NCEI GFS Archive,experiments/phase6/data/raw/gfs_20230203_00_024_subset.grib2,2023-02-04 00:00:00,17.72,17.7010666776,17.70843,2,18.10302931596091,18.76836942675159,16.442496143496438,,18.827029452805235
43014099999,AURANGABAD,Synoptic/Airport,19.863169,75.398206,2023-02-04T00:00:00,2023-02-03T00:00:00,2023-02-04T00:00:00,24,12.8,17.23,582.47,556.06,26.41,19.75,75.5,17.53,17.23,16.07,15.53,1,00z,24,NOAA NCEI GFS Archive,experiments/phase6/data/raw/gfs_20230203_00_024_subset.grib2,2023-02-04 00:00:00,17.23,16.62684011271424,17.058335,2,17.31796986518636,18.278369426751592,16.550720373192526,,18.152307209818346
43063099999,PUNE,Synoptic/Airport,18.5333333,73.85,2023-02-04T00:00:00,2023-02-03T00:00:00,2023-02-04T00:00:00,24,12.0,18.31,558.0,677.98,-119.98,18.5,73.75,18.31,17.39,18.69,18.64,1,00z,24,NOAA NCEI GFS Archive,experiments/phase6/data/raw/gfs_20230203_00_024_subset.grib2,2023-02-04 00:00:00,18.31,18.039066569600013,19.089869999999998,2,18.39796986518636,19.35836942675159,18.865682100697775,,20.332581893537785
43110099999,RATNAGIRI,Synoptic/Airport,16.9833333,73.3333333,2023-02-04T00:00:00,2023-02-03T00:00:00,2023-02-04T00:00:00,24,20.8,23.25,67.0,36.22,30.78,17.0,73.25,24.69,20.59,23.25,20.35,1,00z,24,NOAA NCEI GFS Archive,experiments/phase6/data/raw/gfs_20230203_00_024_subset.grib2,2023-02-04 00:00:00,23.25,22.3526672026666,23.04993,2,23.11682551319648,24.29836942675159,22.470342971515926,,24.13164693946164
43117099999,SOLAPUR,Synoptic/Airport,17.627958,75.934842,2023-02-04T00:00:00,2023-02-03T00:00:00,2023-02-04T00:00:00,24,18.4,20.09,482.8,492.06,-9.26,17.75,76.0,20.57,20.49,20.25,20.09,1,00z,24,NOAA NCEI GFS Archive,experiments/phase6/data/raw/gfs_20230203_00_024_subset.grib2,2023-02-04 00:00:00,20.09,20.31678974382592,20.15019,2,20.47302931596091,21.13836942675159,19.2578960678606,,21.27705149608751
42851099999,JALGAON,Synoptic/Airport,21.05,75.5666666,2023-02-04T12:00:00,2023-02-03T00:00:00,2023-02-04T12:00:00,36,32.0,29.98,201.0,212.38,-11.38,21.0,75.5,29.98,29.9,29.21,28.73,1,00z,36,NOAA NCEI GFS Archive,experiments/phase6/data/raw/gfs_20230203_00_036_subset.grib2,2023-02-04 12:00:00,29.98,29.783333375999995,30.05397,2,29.83510980966325,31.028369426751592,30.54229639977321,,31.282105580103085
42871099999,GONDIA ARPT/BIRSI,Synoptic/Airport,21.524467,80.287997,2023-02-04T12:00:00,2023-02-03T00:00:00,2023-02-04T12:00:00,36,29.0,27.43,300.84,301.18,-0.34,21.5,80.25,27.43,26.51,27.53,24.64,1,00z,36,NOAA NCEI GFS Archive,experiments/phase6/data/raw/gfs_20230203_00_036_subset.grib2,2023-02-04 12:00:00,27.43,27.2706545596795,27.43221,2,27.28510980966325,28.47836942675159,27.483394980630184,,28.652315966976968
42920099999,OZAR AIR FORCE STATION /NASHIK ARPT,Synoptic/Airport,20.119156,73.914097,2023-02-04T12:00:00,2023-02-03T00:00:00,2023-02-04T12:00:00,36,28.0,29.14,598.02,584.38,13.64,20.0,74.0,28.97,29.14,28.52,28.84,1,00z,36,NOAA NCEI GFS Archive,experiments/phase6/data/raw/gfs_20230203_00_036_subset.grib2,2023-02-04 12:00:00,29.14,28.914032701116795,29.05134,2,29.067431386347643,30.188369426751592,29.559545979113157,,30.254900309485187
42933099999,AKOLA,Synoptic/Airport,20.7,77.0333333,2023-02-04T12:00:00,2023-02-03T00:00:00,2023-02-04T12:00:00,36,28.6,29.8,282.0,280.22,1.78,20.75,77.0,28.83,28.86,29.8,29.38,1,00z,36,NOAA NCEI GFS Archive,experiments/phase6/data/raw/gfs_20230203_00_036_subset.grib2,2023-02-04 12:00:00,29.8,29.562000044000005,29.78843,2,30.183029315960912,30.848369426751592,30.55348486991186,,31.003301412657784
42939099999,WARDHA,Synoptic/Airport,20.6666666,78.5833333,2023-02-04T12:00:00,2023-02-03T00:00:00,2023-02-04T12:00:00,36,31.8,29.0,283.0,275.58,7.42,20.75,78.5,28.94,28.92,29.0,28.85,1,00z,36,NOAA NCEI GFS Archive,experiments/phase6/data/raw/gfs_20230203_00_036_subset.grib2,2023-02-04 12:00:00,29.0,28.944444454222214,28.95177,2,28.86682551319648,30.04836942675159,29.185582191819073,,30.161890179459142
42943099999,YEOTMAL,Synoptic/Airport,20.4,78.15,2023-02-04T12:00:00,2023-02-03T00:00:00,2023-02-04T12:00:00,36,28.5,28.71,451.0,308.86,142.14,20.5,78.25,29.17,28.7,28.95,28.71,1,00z,36,NOAA NCEI GFS Archive,experiments/phase6/data/raw/gfs_20230203_00_036_subset.grib2,2023-02-04 12:00:00,28.71,28.838799999999992,27.78609,2,28.56510980966325,29.758369426751592,28.074270776756673,,28.85841887299659
43014099999,AURANGABAD,Synoptic/Airport,19.863169,75.398206,2023-02-04T12:00:00,2023-02-03T00:00:00,2023-02-04T12:00:00,36,29.0,29.3,582.47,556.06,26.41,19.75,75.5,29.54,29.3,28.42,28.77,1,00z,36,NOAA NCEI GFS Archive,experiments/phase6/data/raw/gfs_20230203_00_036_subset.grib2,2023-02-04 12:00:00,29.3,29.049055866244164,29.128335,2,29.38796986518636,30.348369426751592,29.608509361823423,,30.318592082457346
43017099999,PARBHANI,Synoptic/Airport,19.1333333,76.8333333,2023-02-04T12:00:00,2023-02-03T00:00:00,2023-02-04T12:00:00,36,29.8,29.56,422.0,405.66,16.34,19.25,76.75,29.51,29.38,29.56,29.66,1,00z,36,NOAA NCEI GFS Archive,experiments/phase6/data/raw/gfs_20230203_00_036_subset.grib2,2023-02-04 12:00:00,29.56,29.534222206311117,29.453789999999998,2,29.42682551319648,30.60836942675159,29.771450153948457,,30.654038913675723
43021099999,NANDED,Synoptic/Airport,19.0833333,77.3333333,2023-02-04T12:00:00,2023-02-03T00:00:00,2023-02-04T12:00:00,36,29.0,29.07,358.0,399.74,-41.74,19.0,77.25,29.07,29.04,29.53,28.82,1,00z,36,NOAA NCEI GFS Archive,experiments/phase6/data/raw/gfs_20230203_00_036_subset.grib2,2023-02-04 12:00:00,29.07,29.137777780888868,29.34131,2,28.92510980966325,30.118369426751592,29.669566045984904,,30.601757171267646
43029099999,CHANDRAPUR,Synoptic/Airport,19.9666666,79.3,2023-02-04T12:00:00,2023-02-03T00:00:00,2023-02-04T12:00:00,36,29.8,29.01,193.0,200.22,-7.22,20.0,79.25,28.93,29.13,29.01,28.53,1,00z,36,NOAA NCEI GFS Archive,experiments/phase6/data/raw/gfs_20230203_00_036_subset.grib2,2023-02-04 12:00:00,29.01,28.92146668160001,29.05693,2,28.937431386347644,30.058369426751597,29.540445106136303,,30.282051718715657
43063099999,PUNE,Synoptic/Airport,18.5333333,73.85,2023-02-04T12:00:00,2023-02-03T00:00:00,2023-02-04T12:00:00,36,30.0,29.09,558.0,677.98,-119.98,18.5,73.75,29.09,29.68,29.71,29.92,1,00z,36,NOAA NCEI GFS Archive,experiments/phase6/data/raw/gfs_20230203_00_036_subset.grib2,2023-02-04 12:00:00,29.09,29.388399937599985,29.86987,2,29.17796986518636,30.13836942675159,30.525964504200054,,31.210532515629282
43069099999,BARAMATI,Synoptic/Airport,18.15,74.5833333,2023-02-04T12:00:00,2023-02-03T00:00:00,2023-02-04T12:00:00,36,29.0,30.23,551.0,580.7,-29.7,18.25,74.5,29.72,30.18,30.23,30.54,1,00z,36,NOAA NCEI GFS Archive,experiments/phase6/data/raw/gfs_20230203_00_036_subset.grib2,2023-02-04 12:00:00,30.23,30.149333284000008,30.42305,2,30.157431386347643,31.278369426751592,31.14464278005959,,31.669651337041962
43111099999,MAHABALESHWAR,Synoptic/Airport,17.9333333,73.6666666,2023-02-04T12:00:00,2023-02-03T00:00:00,2023-02-04T12:00:00,36,24.0,28.7,1382.0,888.7,493.3,18.0,73.75,31.84,29.88,32.81,28.7,1,00z,36,NOAA NCEI GFS Archive,experiments/phase6/data/raw/gfs_20230203_00_036_subset.grib2,2023-02-04 12:00:00,28.7,30.193556560444375,25.49355,2,29.08302931596091,29.74836942675159,27.4904218168008,,26.20575005221691
43113099999,SATARA,Synoptic/Airport,17.5166666,74.05,2023-02-04T12:00:00,2023-02-03T00:00:00,2023-02-04T12:00:00,36,30.4,29.58,612.0,746.14,-134.14,17.5,74.0,29.58,29.85,29.39,29.21,1,00z,36,NOAA NCEI GFS Archive,experiments/phase6/data/raw/gfs_20230203_00_036_subset.grib2,2023-02-04 12:00:00,29.58,29.615333408,30.451909999999998,2,29.66796986518636,30.62836942675159,31.16754957033573,,31.806461964019867
43117099999,SOLAPUR,Synoptic/Airport,17.627958,75.934842,2023-02-04T12:00:00,2023-02-03T00:00:00,2023-02-04T12:00:00,36,32.8,31.54,482.8,492.06,-9.26,17.75,76.0,31.98,32.03,31.52,31.54,1,00z,36,NOAA NCEI GFS Archive,experiments/phase6/data/raw/gfs_20230203_00_036_subset.grib2,2023-02-04 12:00:00,31.54,31.770172713934723,31.600189999999998,2,31.92302931596091,32.58836942675159,32.63108425647747,,32.82413696148662
43157099999,KOLHAPUR,Synoptic/Airport,16.664658,74.289353,2023-02-04T12:00:00,2023-02-03T00:00:00,2023-02-04T12:00:00,36,31.0,31.06,608.38,591.9,16.48,16.75,74.25,31.33,31.33,31.06,31.3,1,00z,36,NOAA NCEI GFS Archive,experiments/phase6/data/raw/gfs_20230203_00_036_subset.grib2,2023-02-04 12:00:00,31.06,31.177051739292164,30.95288,2,31.44302931596091,32.108369426751594,31.976005406750463,,32.15104841488216
43158099999,SANGLI,Synoptic/Airport,16.85,74.6,2023-02-04T12:00:00,2023-02-03T00:00:00,2023-02-04T12:00:00,36,32.4,31.3,549.0,562.78,-13.78,16.75,74.5,31.3,31.36,31.19,30.6,1,00z,36,NOAA NCEI GFS Archive,experiments/phase6/data/raw/gfs_20230203_00_036_subset.grib2,2023-02-04 12:00:00,31.3,31.176000000000005,31.38957,2,31.227431386347643,32.3483694267516,32.31892956575701,,32.61846247787204
42933099999,AKOLA,Synoptic/Airport,20.7,77.0333333,2023-02-05T00:00:00,2023-02-03T00:00:00,2023-02-05T00:00:00,48,13.9,18.22,282.0,280.22,1.78,20.75,77.0,18.45,18.19,18.22,18.2,1,00z,48,NOAA NCEI GFS Archive,experiments/phase6/data/raw/gfs_20230203_00_048_subset.grib2,2023-02-05 00:00:00,18.22,18.2569333424,18.20843,2,18.60302931596091,19.26836942675159,16.955964510115237,,19.550125025259188
43014099999,AURANGABAD,Synoptic/Airport,19.863169,75.398206,2023-02-05T00:00:00,2023-02-03T00:00:00,2023-02-05T00:00:00,48,14.0,17.6,582.47,556.06,26.41,19.75,75.5,18.04,17.6,16.56,16.36,1,00z,48,NOAA NCEI GFS Archive,experiments/phase6/data/raw/gfs_20230203_00_048_subset.grib2,2023-02-05 00:00:00,17.6,17.17360268728576,17.428335,2,17.68796986518636,18.648369426751596,16.91534367719289,,18.745570648496194
43063099999,PUNE,Synoptic/Airport,18.5333333,73.85,2023-02-05T00:00:00,2023-02-03T00:00:00,2023-02-05T00:00:00,48,12.0,18.87,558.0,677.98,-119.98,18.5,73.75,18.87,18.3,19.07,18.82,1,00z,48,NOAA NCEI GFS Archive,experiments/phase6/data/raw/gfs_20230203_00_048_subset.grib2,2023-02-05 00:00:00,18.87,18.68573328960001,19.64987,2,18.95796986518636,19.918369426751592,19.43613970793414,,21.11559998927302
43110099999,RATNAGIRI,Synoptic/Airport,16.9833333,73.3333333,2023-02-05T00:00:00,2023-02-03T00:00:00,2023-02-05T00:00:00,48,19.6,23.12,67.0,36.22,30.78,17.0,73.25,24.64,20.27,23.12,20.05,1,00z,48,NOAA NCEI GFS Archive,experiments/phase6/data/raw/gfs_20230203_00_048_subset.grib2,2023-02-05 00:00:00,23.12,22.16911167688882,22.91993,2,22.98682551319648,24.168369426751592,22.20721271571643,,24.22555601746216
43117099999,SOLAPUR,Synoptic/Airport,17.627958,75.934842,2023-02-05T00:00:00,2023-02-03T00:00:00,2023-02-05T00:00:00,48,18.6,20.83,482.8,492.06,-9.26,17.75,76.0,21.21,21.06,20.96,20.83,1,00z,48,NOAA NCEI GFS Archive,experiments/phase6/data/raw/gfs_20230203_00_048_subset.grib2,2023-02-05 00:00:00,20.83,20.97870544404352,20.890189999999997,2,21.21302931596091,21.87836942675159,20.052431306021703,,22.23983716166658
42933099999,AKOLA,Synoptic/Airport,20.7,77.0333333,2023-02-04T00:00:00,2023-02-03T12:00:00,2023-02-04T00:00:00,12,13.1,17.46,282.0,280.22,1.78,20.75,77.0,17.58,17.68,17.46,17.21,1,12z,12,NOAA NCEI GFS Archive,experiments/phase6/data/raw/gfs_20230203_12_012_subset.grib2,2023-02-04 00:00:00,17.46,17.460000024000003,17.448430000000002,2,17.843029315960912,18.508369426751592,16.174050840539444,,18.45549457936471
43014099999,AURANGABAD,Synoptic/Airport,19.863169,75.398206,2023-02-04T00:00:00,2023-02-03T12:00:00,2023-02-04T00:00:00,12,12.8,17.26,582.47,556.06,26.41,19.75,75.5,17.45,17.26,16.3,15.56,1,12z,12,NOAA NCEI GFS Archive,experiments/phase6/data/raw/gfs_20230203_12_012_subset.grib2,2023-02-04 00:00:00,17.26,16.669189581636804,17.088335,2,17.34796986518636,18.308369426751597,16.601326485380447,,18.070397865570673
43063099999,PUNE,Synoptic/Airport,18.5333333,73.85,2023-02-04T00:00:00,2023-02-03T12:00:00,2023-02-04T00:00:00,12,12.0,18.28,558.0,677.98,-119.98,18.5,73.75,18.28,17.39,18.43,18.22,1,12z,12,NOAA NCEI GFS Archive,experiments/phase6/data/raw/gfs_20230203_12_012_subset.grib2,2023-02-04 00:00:00,18.28,17.980266610400015,19.05987,2,18.36796986518636,19.328369426751596,18.85128790660065,,20.190750026008836
43110099999,RATNAGIRI,Synoptic/Airport,16.9833333,73.3333333,2023-02-04T00:00:00,2023-02-03T12:00:00,2023-02-04T00:00:00,12,20.8,23.06,67.0,36.22,30.78,17.0,73.25,24.49,20.29,23.06,19.94,1,12z,12,NOAA NCEI GFS Archive,experiments/phase6/data/raw/gfs_20230203_12_012_subset.grib2,2023-02-04 00:00:00,23.06,22.091333901599924,22.85993,2,22.92682551319648,24.10836942675159,22.308401886351216,,23.83002167651594
43117099999,SOLAPUR,Synoptic/Airport,17.627958,75.934842,2023-02-04T00:00:00,2023-02-03T12:00:00,2023-02-04T00:00:00,12,18.4,20.42,482.8,492.06,-9.26,17.75,76.0,20.92,20.64,20.72,20.42,1,12z,12,NOAA NCEI GFS Archive,experiments/phase6/data/raw/gfs_20230203_12_012_subset.grib2,2023-02-04 00:00:00,20.42,20.60304191595648,20.48019,2,20.803029315960917,21.468369426751597,19.68040682411177,,21.494754768246235
42851099999,JALGAON,Synoptic/Airport,21.05,75.5666666,2023-02-04T12:00:00,2023-02-03T12:00:00,2023-02-04T12:00:00,24,32.0,29.91,201.0,212.38,-11.38,21.0,75.5,29.91,29.74,29.16,28.58,1,12z,24,NOAA NCEI GFS Archive,experiments/phase6/data/raw/gfs_20230203_12_024_subset.grib2,2023-02-04 12:00:00,29.91,29.69280006719999,29.98397,2,29.76510980966325,30.95836942675159,30.506522719165122,,31.100325363719943
42871099999,GONDIA ARPT/BIRSI,Synoptic/Airport,21.524467,80.287997,2023-02-04T12:00:00,2023-02-03T12:00:00,2023-02-04T12:00:00,24,29.0,27.11,300.84,301.18,-0.34,21.5,80.25,27.11,26.04,27.02,24.11,1,12z,24,NOAA NCEI GFS Archive,experiments/phase6/data/raw/gfs_20230203_12_024_subset.grib2,2023-02-04 12:00:00,27.11,26.91119515868542,27.11221,2,26.96510980966325,28.15836942675159,27.154635839105985,,28.220858570255167
42920099999,OZAR AIR FORCE STATION /NASHIK ARPT,Synoptic/Airport,20.119156,73.914097,2023-02-04T12:00:00,2023-02-03T12:00:00,2023-02-04T12:00:00,24,28.0,28.81,598.02,584.38,13.64,20.0,74.0,28.77,28.81,28.35,28.59,1,12z,24,NOAA NCEI GFS Archive,experiments/phase6/data/raw/gfs_20230203_12_024_subset.grib2,2023-02-04 12:00:00,28.81,28.6586434948224,28.721339999999998,2,28.73743138634764,29.85836942675159,29.205799294771456,,29.813455825549834
42933099999,AKOLA,Synoptic/Airport,20.7,77.0333333,2023-02-04T12:00:00,2023-02-03T12:00:00,2023-02-04T12:00:00,24,28.6,29.6,282.0,280.22,1.78,20.75,77.0,28.77,28.64,29.6,29.12,1,12z,24,NOAA NCEI GFS Archive,experiments/phase6/data/raw/gfs_20230203_12_024_subset.grib2,2023-02-04 12:00:00,29.6,29.379333388000006,29.588430000000002,2,29.983029315960916,30.648369426751596,30.355306284840438,,30.69168906249854
42939099999,WARDHA,Synoptic/Airport,20.6666666,78.5833333,2023-02-04T12:00:00,2023-02-03T12:00:00,2023-02-04T12:00:00,24,31.8,28.63,283.0,275.58,7.42,20.75,78.5,28.54,28.5,28.63,28.49,1,12z,24,NOAA NCEI GFS Archive,experiments/phase6/data/raw/gfs_20230203_12_024_subset.grib2,2023-02-04 12:00:00,28.63,28.564444443555548,28.58177,2,28.49682551319648,29.67836942675159,28.81646025037357,,29.680497346669608
42943099999,YEOTMAL,Synoptic/Airport,20.4,78.15,2023-02-04T12:00:00,2023-02-03T12:00:00,2023-02-04T12:00:00,24,28.5,28.32,451.0,308.86,142.14,20.5,78.25,28.82,28.22,28.58,28.32,1,12z,24,NOAA NCEI GFS Archive,experiments/phase6/data/raw/gfs_20230203_12_024_subset.grib2,2023-02-04 12:00:00,28.32,28.438399999999994,27.39609,2,28.17510980966325,29.368369426751592,27.66347570617596,,28.35705186577996
43014099999,AURANGABAD,Synoptic/Airport,19.863169,75.398206,2023-02-04T12:00:00,2023-02-03T12:00:00,2023-02-04T12:00:00,24,29.0,29.25,582.47,556.06,26.41,19.75,75.5,29.53,29.25,28.29,28.71,1,12z,24,NOAA NCEI GFS Archive,experiments/phase6/data/raw/gfs_20230203_12_024_subset.grib2,2023-02-04 12:00:00,29.25,28.9905410779168,29.078335,2,29.33796986518636,30.29836942675159,29.572448398964607,,30.156786040501302
43017099999,PARBHANI,Synoptic/Airport,19.1333333,76.8333333,2023-02-04T12:00:00,2023-02-03T12:00:00,2023-02-04T12:00:00,24,29.8,29.56,422.0,405.66,16.34,19.25,76.75,29.83,29.72,29.56,29.64,1,12z,24,NOAA NCEI GFS Archive,experiments/phase6/data/raw/gfs_20230203_12_024_subset.grib2,2023-02-04 12:00:00,29.56,29.683111139822223,29.453789999999998,2,29.42682551319648,30.60836942675159,29.828199972635698,,30.54216830778741
43021099999,NANDED,Synoptic/Airport,19.0833333,77.3333333,2023-02-04T12:00:00,2023-02-03T12:00:00,2023-02-04T12:00:00,24,29.0,29.49,358.0,399.74,-41.74,19.0,77.25,29.49,29.35,29.64,28.95,1,12z,24,NOAA NCEI GFS Archive,experiments/phase6/data/raw/gfs_20230203_12_024_subset.grib2,2023-02-04 12:00:00,29.49,29.43222226977776,29.761309999999998,2,29.34510980966325,30.53836942675159,30.208043868772396,,30.90934422834829
43029099999,CHANDRAPUR,Synoptic/Airport,19.9666666,79.3,2023-02-04T12:00:00,2023-02-03T12:00:00,2023-02-04T12:00:00,24,29.8,28.56,193.0,200.22,-7.22,20.0,79.25,28.4,28.6,28.56,28.11,1,12z,24,NOAA NCEI GFS Archive,experiments/phase6/data/raw/gfs_20230203_12_024_subset.grib2,2023-02-04 12:00:00,28.56,28.465999992000004,28.60693,2,28.48743138634764,29.60836942675159,29.043345416243024,,29.720762188217748
43063099999,PUNE,Synoptic/Airport,18.5333333,73.85,2023-02-04T12:00:00,2023-02-03T12:00:00,2023-02-04T12:00:00,24,30.0,28.85,558.0,677.98,-119.98,18.5,73.75,28.85,29.32,29.53,29.58,1,12z,24,NOAA NCEI GFS Archive,experiments/phase6/data/raw/gfs_20230203_12_024_subset.grib2,2023-02-04 12:00:00,28.85,29.10626659839999,29.62987,2,28.93796986518636,29.898369426751596,30.284069238105243,,30.858971816615853
43069099999,BARAMATI,Synoptic/Airport,18.15,74.5833333,2023-02-04T12:00:00,2023-02-03T12:00:00,2023-02-04T12:00:00,24,29.0,30.12,551.0,580.7,-29.7,18.25,74.5,29.67,29.98,30.12,30.32,1,12z,24,NOAA NCEI GFS Archive,experiments/phase6/data/raw/gfs_20230203_12_024_subset.grib2,2023-02-04 12:00:00,30.12,30.02133330080001,30.31305,2,30.047431386347643,31.168369426751592,31.053709939229122,,31.447922771804638
43111099999,MAHABALESHWAR,Synoptic/Airport,17.9333333,73.6666666,2023-02-04T12:00:00,2023-02-03T12:00:00,2023-02-04T12:00:00,24,24.0,28.13,1382.0,888.7,493.3,18.0,73.75,31.47,29.09,31.79,28.13,1,12z,24,NOAA NCEI GFS Archive,experiments/phase6/data/raw/gfs_20230203_12_024_subset.grib2,2023-02-04 12:00:00,28.13,29.492223178311075,24.92355,2,28.51302931596091,29.17836942675159,26.858931804768332,,25.524615475156445
43113099999,SATARA,Synoptic/Airport,17.5166666,74.05,2023-02-04T12:00:00,2023-02-03T12:00:00,2023-02-04T12:00:00,24,30.4,29.1,612.0,746.14,-134.14,17.5,74.0,29.1,29.25,29.07,28.91,1,12z,24,NOAA NCEI GFS Archive,experiments/phase6/data/raw/gfs_20230203_12_024_subset.grib2,2023-02-04 12:00:00,29.1,29.1238666912,29.97191,2,29.18796986518636,30.148369426751596,30.665653079100714,,31.21521117188132
43117099999,SOLAPUR,Synoptic/Airport,17.627958,75.934842,2023-02-04T12:00:00,2023-02-03T12:00:00,2023-02-04T12:00:00,24,32.8,31.16,482.8,492.06,-9.26,17.75,76.0,31.56,31.68,31.09,31.16,1,12z,24,NOAA NCEI GFS Archive,experiments/phase6/data/raw/gfs_20230203_12_024_subset.grib2,2023-02-04 12:00:00,31.16,31.3892415098912,31.22019,2,31.54302931596091,32.208369426751595,32.22210551774933,,32.332757041483546
43157099999,KOLHAPUR,Synoptic/Airport,16.664658,74.289353,2023-02-04T12:00:00,2023-02-03T12:00:00,2023-02-04T12:00:00,24,31.0,31.31,608.38,591.9,16.48,16.75,74.25,31.42,31.24,31.31,31.43,1,12z,24,NOAA NCEI GFS Archive,experiments/phase6/data/raw/gfs_20230203_12_024_subset.grib2,2023-02-04 12:00:00,31.31,31.35031929411521,31.20288,2,31.69302931596091,32.358369426751594,32.304827205820864,,32.28885498933251
43158099999,SANGLI,Synoptic/Airport,16.85,74.6,2023-02-04T12:00:00,2023-02-03T12:00:00,2023-02-04T12:00:00,24,32.4,31.43,549.0,562.78,-13.78,16.75,74.5,31.43,31.22,31.22,30.71,1,12z,24,NOAA NCEI GFS Archive,experiments/phase6/data/raw/gfs_20230203_12_024_subset.grib2,2023-02-04 12:00:00,31.43,31.214,31.519569999999998,2,31.35743138634764,32.47836942675159,32.51470273602969,,32.636424005759835
42933099999,AKOLA,Synoptic/Airport,20.7,77.0333333,2023-02-05T00:00:00,2023-02-03T12:00:00,2023-02-05T00:00:00,36,13.9,18.3,282.0,280.22,1.78,20.75,77.0,18.54,18.29,18.3,18.08,1,12z,36,NOAA NCEI GFS Archive,experiments/phase6/data/raw/gfs_20230203_12_036_subset.grib2,2023-02-05 00:00:00,18.3,18.317866696800007,18.28843,2,18.683029315960912,19.348369426751592,17.085697275176507,,19.51815111707925
43014099999,AURANGABAD,Synoptic/Airport,19.863169,75.398206,2023-02-05T00:00:00,2023-02-03T12:00:00,2023-02-05T00:00:00,36,14.0,17.52,582.47,556.06,26.41,19.75,75.5,18.19,17.52,16.85,16.4,1,12z,36,NOAA NCEI GFS Archive,experiments/phase6/data/raw/gfs_20230203_12_036_subset.grib2,2023-02-05 00:00:00,17.52,17.245260663345277,17.348335,2,17.60796986518636,18.56836942675159,16.846782561191546,,18.553803344899507
43063099999,PUNE,Synoptic/Airport,18.5333333,73.85,2023-02-05T00:00:00,2023-02-03T12:00:00,2023-02-05T00:00:00,36,12.0,18.89,558.0,677.98,-119.98,18.5,73.75,18.89,18.29,19.09,19.13,1,12z,36,NOAA NCEI GFS Archive,experiments/phase6/data/raw/gfs_20230203_12_036_subset.grib2,2023-02-05 00:00:00,18.89,18.71079993920001,19.66987,2,18.97796986518636,19.938369426751592,19.47591243574122,,21.0237035578118
43110099999,RATNAGIRI,Synoptic/Airport,16.9833333,73.3333333,2023-02-05T00:00:00,2023-02-03T12:00:00,2023-02-05T00:00:00,36,19.6,23.02,67.0,36.22,30.78,17.0,73.25,24.56,20.25,23.02,19.99,1,12z,36,NOAA NCEI GFS Archive,experiments/phase6/data/raw/gfs_20230203_12_036_subset.grib2,2023-02-05 00:00:00,23.02,22.08422278604437,22.81993,2,22.88682551319648,24.06836942675159,22.148862058692117,,24.01381453943838
43117099999,SOLAPUR,Synoptic/Airport,17.627958,75.934842,2023-02-05T00:00:00,2023-02-03T12:00:00,2023-02-05T00:00:00,36,18.6,21.28,482.8,492.06,-9.26,17.75,76.0,21.68,21.6,21.41,21.28,1,12z,36,NOAA NCEI GFS Archive,experiments/phase6/data/raw/gfs_20230203_12_036_subset.grib2,2023-02-05 00:00:00,21.28,21.4637343098912,21.34019,2,21.663029315960912,22.328369426751596,20.61547549804402,,22.577385480387864
42851099999,JALGAON,Synoptic/Airport,21.05,75.5666666,2023-02-05T12:00:00,2023-02-03T12:00:00,2023-02-05T12:00:00,48,33.0,31.06,201.0,212.38,-11.38,21.0,75.5,31.06,30.92,29.92,29.52,1,12z,48,NOAA NCEI GFS Archive,experiments/phase6/data/raw/gfs_20230203_12_048_subset.grib2,2023-02-05 12:00:00,31.06,30.78080005119999,31.133969999999998,2,30.91510980966325,32.108369426751594,31.761731342482392,,32.47258160505442
42871099999,GONDIA ARPT/BIRSI,Synoptic/Airport,21.524467,80.287997,2023-02-05T12:00:00,2023-02-03T12:00:00,2023-02-05T12:00:00,48,30.0,27.99,300.84,301.18,-0.34,21.5,80.25,27.99,27.0,27.87,25.01,1,12z,48,NOAA NCEI GFS Archive,experiments/phase6/data/raw/gfs_20230203_12_048_subset.grib2,2023-02-05 12:00:00,27.99,27.799971915837894,27.99221,2,27.84510980966325,29.03836942675159,28.09342016463385,,29.323463456823887
42933099999,AKOLA,Synoptic/Airport,20.7,77.0333333,2023-02-05T12:00:00,2023-02-03T12:00:00,2023-02-05T12:00:00,48,29.4,30.79,282.0,280.22,1.78,20.75,77.0,29.94,29.72,30.79,30.25,1,12z,48,NOAA NCEI GFS Archive,experiments/phase6/data/raw/gfs_20230203_12_048_subset.grib2,2023-02-05 12:00:00,30.79,30.55653339680001,30.77843,2,31.17302931596091,31.83836942675159,31.676841907143356,,32.103893652687205
42939099999,WARDHA,Synoptic/Airport,20.6666666,78.5833333,2023-02-05T12:00:00,2023-02-03T12:00:00,2023-02-05T12:00:00,48,31.0,29.54,283.0,275.58,7.42,20.75,78.5,29.65,29.63,29.54,29.35,1,12z,48,NOAA NCEI GFS Archive,experiments/phase6/data/raw/gfs_20230203_12_048_subset.grib2,2023-02-05 12:00:00,29.54,29.53222228444444,29.49177,2,29.40682551319648,30.58836942675159,29.750374941974204,,30.81306349487897
42943099999,YEOTMAL,Synoptic/Airport,20.4,78.15,2023-02-05T12:00:00,2023-02-03T12:00:00,2023-02-05T12:00:00,48,26.5,29.56,451.0,308.86,142.14,20.5,78.25,30.04,29.94,29.7,29.56,1,12z,48,NOAA NCEI GFS Archive,experiments/phase6/data/raw/gfs_20230203_12_048_subset.grib2,2023-02-05 12:00:00,29.56,29.7616,28.63609,2,29.41510980966325,30.60836942675159,29.02415909542303,,29.819191892036358
43014099999,AURANGABAD,Synoptic/Airport,19.863169,75.398206,2023-02-05T12:00:00,2023-02-03T12:00:00,2023-02-05T12:00:00,48,30.0,30.29,582.47,556.06,26.41,19.75,75.5,30.64,30.29,29.31,29.61,1,12z,48,NOAA NCEI GFS Archive,experiments/phase6/data/raw/gfs_20230203_12_048_subset.grib2,2023-02-05 12:00:00,30.29,30.00488469806561,30.118335,2,30.37796986518636,31.33836942675159,30.662908456481382,,31.419184322486768
43017099999,PARBHANI,Synoptic/Airport,19.1333333,76.8333333,2023-02-05T12:00:00,2023-02-03T12:00:00,2023-02-05T12:00:00,48,31.8,30.86,422.0,405.66,16.34,19.25,76.75,31.25,31.16,30.86,30.9,1,12z,48,NOAA NCEI GFS Archive,experiments/phase6/data/raw/gfs_20230203_12_048_subset.grib2,2023-02-05 12:00:00,30.86,31.03511116008889,30.75379,2,30.72682551319648,31.90836942675159,31.211006519511383,,32.064230857325086
43021099999,NANDED,Synoptic/Airport,19.0833333,77.3333333,2023-02-05T12:00:00,2023-02-03T12:00:00,2023-02-05T12:00:00,48,31.0,30.9,358.0,399.74,-41.74,19.0,77.25,30.9,30.96,30.93,30.51,1,12z,48,NOAA NCEI GFS Archive,experiments/phase6/data/raw/gfs_20230203_12_048_subset.grib2,2023-02-05 12:00:00,30.9,30.87666669733332,31.17131,2,30.75510980966325,31.94836942675159,31.767957371442428,,32.541264737234975
43029099999,CHANDRAPUR,Synoptic/Airport,19.9666666,79.3,2023-02-05T12:00:00,2023-02-03T12:00:00,2023-02-05T12:00:00,48,30.4,29.54,193.0,200.22,-7.22,20.0,79.25,29.7,29.7,29.54,29.34,1,12z,48,NOAA NCEI GFS Archive,experiments/phase6/data/raw/gfs_20230203_12_048_subset.grib2,2023-02-05 12:00:00,29.54,29.526666720000005,29.58693,2,29.46743138634764,30.58836942675159,30.133113466397294,,30.923237946921937
43063099999,PUNE,Synoptic/Airport,18.5333333,73.85,2023-02-05T12:00:00,2023-02-03T12:00:00,2023-02-05T12:00:00,48,31.6,30.94,558.0,677.98,-119.98,18.5,73.75,30.94,31.26,30.88,30.96,1,12z,48,NOAA NCEI GFS Archive,experiments/phase6/data/raw/gfs_20230203_12_048_subset.grib2,2023-02-05 12:00:00,30.94,31.0472000208,31.71987,2,31.02796986518636,31.988369426751596,32.51203465561043,,33.170014256023705
43069099999,BARAMATI,Synoptic/Airport,18.15,74.5833333,2023-02-05T12:00:00,2023-02-03T12:00:00,2023-02-05T12:00:00,48,29.6,31.32,551.0,580.7,-29.7,18.25,74.5,31.21,31.44,31.32,31.6,1,12z,48,NOAA NCEI GFS Archive,experiments/phase6/data/raw/gfs_20230203_12_048_subset.grib2,2023-02-05 12:00:00,31.32,31.362666632000007,31.51305,2,31.247431386347643,32.36836942675159,32.40629183289462,,32.87011444920685
43110099999,RATNAGIRI,Synoptic/Airport,16.9833333,73.3333333,2023-02-05T12:00:00,2023-02-03T12:00:00,2023-02-05T12:00:00,48,30.6,26.13,67.0,36.22,30.78,17.0,73.25,26.18,29.83,26.13,29.7,1,12z,48,NOAA NCEI GFS Archive,experiments/phase6/data/raw/gfs_20230203_12_048_subset.grib2,2023-02-05 12:00:00,26.13,27.325110644622317,25.92993,2,25.99682551319648,27.17836942675159,25.671737034634113,,27.23166926873967
43111099999,MAHABALESHWAR,Synoptic/Airport,17.9333333,73.6666666,2023-02-05T12:00:00,2023-02-03T12:00:00,2023-02-05T12:00:00,48,23.6,28.91,1382.0,888.7,493.3,18.0,73.75,30.79,29.76,32.28,28.91,1,12z,48,NOAA NCEI GFS Archive,experiments/phase6/data/raw/gfs_20230203_12_048_subset.grib2,2023-02-05 12:00:00,28.91,30.05200074159993,25.70355,2,29.29302931596091,29.95836942675159,27.70031152151982,,26.527349489589703
43113099999,SATARA,Synoptic/Airport,17.5166666,74.05,2023-02-05T12:00:00,2023-02-03T12:00:00,2023-02-05T12:00:00,48,30.6,30.78,612.0,746.14,-134.14,17.5,74.0,30.78,30.83,30.7,30.23,1,12z,48,NOAA NCEI GFS Archive,experiments/phase6/data/raw/gfs_20230203_12_048_subset.grib2,2023-02-05 12:00:00,30.78,30.7777333824,31.65191,2,30.86796986518636,31.828369426751596,32.449449736991376,,33.11678303553377
43117099999,SOLAPUR,Synoptic/Airport,17.627958,75.934842,2023-02-05T12:00:00,2023-02-03T12:00:00,2023-02-05T12:00:00,48,32.0,32.15,482.8,492.06,-9.26,17.75,76.0,32.5,32.47,32.2,32.15,1,12z,48,NOAA NCEI GFS Archive,experiments/phase6/data/raw/gfs_20230203_12_048_subset.grib2,2023-02-05 12:00:00,32.15,32.31670071595648,32.21019,2,32.53302931596091,33.19836942675159,33.309418747100324,,33.545219887401274
43157099999,KOLHAPUR,Synoptic/Airport,16.664658,74.289353,2023-02-05T12:00:00,2023-02-03T12:00:00,2023-02-05T12:00:00,48,31.2,32.25,608.38,591.9,16.48,16.75,74.25,32.33,32.18,32.25,32.2,1,12z,48,NOAA NCEI GFS Archive,experiments/phase6/data/raw/gfs_20230203_12_048_subset.grib2,2023-02-05 12:00:00,32.25,32.2640652980384,32.14288,2,32.63302931596091,33.29836942675159,33.33358483693388,,33.45138239918251
43158099999,SANGLI,Synoptic/Airport,16.85,74.6,2023-02-05T12:00:00,2023-02-03T12:00:00,2023-02-05T12:00:00,48,31.4,32.2,549.0,562.78,-13.78,16.75,74.5,32.2,32.07,32.03,31.58,1,12z,48,NOAA NCEI GFS Archive,experiments/phase6/data/raw/gfs_20230203_12_048_subset.grib2,2023-02-05 12:00:00,32.2,32.028800000000004,32.289570000000005,2,32.127431386347645,33.248369426751594,33.353603026468704,,33.62917093297955
42851099999,JALGAON,Synoptic/Airport,21.05,75.5666666,2023-08-03T12:00:00,2023-08-03T00:00:00,2023-08-03T12:00:00,12,27.2,26.55,201.0,212.38,-11.38,21.0,75.5,26.55,26.45,25.25,25.15,1,00z,12,NOAA NCEI GFS Archive,experiments/phase6/data/raw/gfs_20230803_00_012_subset.grib2,2023-08-03 12:00:00,26.55,26.26333336,26.62397,8,26.40510980966325,25.637634285714288,26.615060372900984,25.668405573490674,
42871099999,GONDIA ARPT/BIRSI,Synoptic/Airport,21.524467,80.287997,2023-08-03T12:00:00,2023-08-03T00:00:00,2023-08-03T12:00:00,12,24.4,22.95,300.84,301.18,-0.34,21.5,80.25,22.95,22.45,22.65,21.55,1,00z,12,NOAA NCEI GFS Archive,experiments/phase6/data/raw/gfs_20230803_00_012_subset.grib2,2023-08-03 12:00:00,22.95,22.83572074304959,22.95221,8,22.80510980966325,22.037634285714287,22.325620017910282,20.83659649375695,
42933099999,AKOLA,Synoptic/Airport,20.7,77.0333333,2023-08-03T12:00:00,2023-08-03T00:00:00,2023-08-03T12:00:00,12,26.2,25.25,282.0,280.22,1.78,20.75,77.0,24.65,24.45,25.25,24.95,1,00z,12,NOAA NCEI GFS Archive,experiments/phase6/data/raw/gfs_20230803_00_012_subset.grib2,2023-08-03 12:00:00,25.25,25.092666704,25.23843,8,25.63302931596091,24.337634285714287,25.297013046016694,23.864187059027607,
42939099999,WARDHA,Synoptic/Airport,20.6666666,78.5833333,2023-08-03T12:00:00,2023-08-03T00:00:00,2023-08-03T12:00:00,12,25.0,24.25,283.0,275.58,7.42,20.75,78.5,24.75,24.95,24.25,24.25,1,00z,12,NOAA NCEI GFS Archive,experiments/phase6/data/raw/gfs_20230803_00_012_subset.grib2,2023-08-03 12:00:00,24.25,24.438889031111103,24.20177,8,24.11682551319648,23.337634285714287,23.83180923289488,22.505355190245083,
42943099999,YEOTMAL,Synoptic/Airport,20.4,78.15,2023-08-03T12:00:00,2023-08-03T00:00:00,2023-08-03T12:00:00,12,24.0,24.15,451.0,308.86,142.14,20.5,78.25,24.85,24.45,24.15,24.15,1,00z,12,NOAA NCEI GFS Archive,experiments/phase6/data/raw/gfs_20230803_00_012_subset.grib2,2023-08-03 12:00:00,24.15,24.334,23.22609,8,24.00510980966325,23.23763428571429,22.822740466543614,21.500793832226996,
43014099999,AURANGABAD,Synoptic/Airport,19.863169,75.398206,2023-08-03T12:00:00,2023-08-03T00:00:00,2023-08-03T12:00:00,12,25.6,26.45,582.47,556.06,26.41,19.75,75.5,26.65,26.45,25.05,25.35,1,00z,12,NOAA NCEI GFS Archive,experiments/phase6/data/raw/gfs_20230803_00_012_subset.grib2,2023-08-03 12:00:00,26.45,25.941332198512004,26.278335,8,26.53796986518636,25.537634285714287,26.55720673137424,25.291479022179583,
43017099999,PARBHANI,Synoptic/Airport,19.1333333,76.8333333,2023-08-03T12:00:00,2023-08-03T00:00:00,2023-08-03T12:00:00,12,27.2,27.55,422.0,405.66,16.34,19.25,76.75,27.05,26.85,27.55,27.05,1,00z,12,NOAA NCEI GFS Archive,experiments/phase6/data/raw/gfs_20230803_00_012_subset.grib2,2023-08-03 12:00:00,27.55,27.19666666133332,27.44379,8,27.41682551319648,26.637634285714288,27.571430229520764,26.811226948599973,
43021099999,NANDED,Synoptic/Airport,19.0833333,77.3333333,2023-08-03T12:00:00,2023-08-03T00:00:00,2023-08-03T12:00:00,12,27.2,26.75,358.0,399.74,-41.74,19.0,77.25,26.75,26.95,26.35,26.05,1,00z,12,NOAA NCEI GFS Archive,experiments/phase6/data/raw/gfs_20230803_00_012_subset.grib2,2023-08-03 12:00:00,26.75,26.627777848888883,27.02131,8,26.60510980966325,25.837634285714287,27.043185465580223,26.12945308486875,
43029099999,CHANDRAPUR,Synoptic/Airport,19.9666666,79.3,2023-08-03T12:00:00,2023-08-03T00:00:00,2023-08-03T12:00:00,12,25.4,25.45,193.0,200.22,-7.22,20.0,79.25,25.85,25.65,25.45,24.95,1,00z,12,NOAA NCEI GFS Archive,experiments/phase6/data/raw/gfs_20230803_00_012_subset.grib2,2023-08-03 12:00:00,25.45,25.41133345600001,25.49693,8,25.37743138634764,24.537634285714287,25.368587436623105,24.186925693161673,
43063099999,PUNE,Synoptic/Airport,18.5333333,73.85,2023-08-03T12:00:00,2023-08-03T00:00:00,2023-08-03T12:00:00,12,24.4,22.65,558.0,677.98,-119.98,18.5,73.75,22.65,23.85,22.95,23.75,1,00z,12,NOAA NCEI GFS Archive,experiments/phase6/data/raw/gfs_20230803_00_012_subset.grib2,2023-08-03 12:00:00,22.65,23.14866664799997,23.429869999999998,8,22.73796986518636,21.73763428571429,23.585476881028598,21.214587976837997,
43110099999,RATNAGIRI,Synoptic/Airport,16.9833333,73.3333333,2023-08-03T12:00:00,2023-08-03T00:00:00,2023-08-03T12:00:00,12,27.6,26.65,67.0,36.22,30.78,17.0,73.25,26.75,26.25,26.65,26.05,1,00z,12,NOAA NCEI GFS Archive,experiments/phase6/data/raw/gfs_20230803_00_012_subset.grib2,2023-08-03 12:00:00,26.65,26.458888985777754,26.44993,8,26.51682551319648,25.73763428571429,26.4405089643959,25.527645105342103,
43111099999,MAHABALESHWAR,Synoptic/Airport,17.9333333,73.6666666,2023-08-03T12:00:00,2023-08-03T00:00:00,2023-08-03T12:00:00,12,18.8,20.25,1382.0,888.7,493.3,18.0,73.75,24.95,20.95,24.85,20.25,1,00z,12,NOAA NCEI GFS Archive,experiments/phase6/data/raw/gfs_20230803_00_012_subset.grib2,2023-08-03 12:00:00,20.25,21.916667917333324,17.04355,8,20.63302931596091,19.337634285714287,17.666613330343218,14.069968304782936,
43113099999,SATARA,Synoptic/Airport,17.5166666,74.05,2023-08-03T12:00:00,2023-08-03T00:00:00,2023-08-03T12:00:00,12,24.2,21.85,612.0,746.14,-134.14,17.5,74.0,21.85,22.85,21.95,22.35,1,00z,12,NOAA NCEI GFS Archive,experiments/phase6/data/raw/gfs_20230803_00_012_subset.grib2,2023-08-03 12:00:00,21.85,22.048666671999992,22.72191,8,21.93796986518636,20.93763428571429,22.829555362035663,20.248426196975846,
43117099999,SOLAPUR,Synoptic/Airport,17.627958,75.934842,2023-08-03T12:00:00,2023-08-03T00:00:00,2023-08-03T12:00:00,12,29.4,27.55,482.8,492.06,-9.26,17.75,76.0,28.25,28.45,27.85,27.55,1,00z,12,NOAA NCEI GFS Archive,experiments/phase6/data/raw/gfs_20230803_00_012_subset.grib2,2023-08-03 12:00:00,27.55,28.003924698912,27.61019,8,27.933029315960912,26.637634285714288,28.030435132847686,26.976990396982302,
43157099999,KOLHAPUR,Synoptic/Airport,16.664658,74.289353,2023-08-03T12:00:00,2023-08-03T00:00:00,2023-08-03T12:00:00,12,25.0,23.45,608.38,591.9,16.48,16.75,74.25,23.15,23.95,23.45,24.45,1,00z,12,NOAA NCEI GFS Archive,experiments/phase6/data/raw/gfs_20230803_00_012_subset.grib2,2023-08-03 12:00:00,23.45,23.494254516076825,23.34288,8,23.83302931596091,22.537634285714287,23.13593097069094,21.388840782592393,
43158099999,SANGLI,Synoptic/Airport,16.85,74.6,2023-08-03T12:00:00,2023-08-03T00:00:00,2023-08-03T12:00:00,12,25.8,24.45,549.0,562.78,-13.78,16.75,74.5,24.45,24.95,24.45,24.45,1,00z,12,NOAA NCEI GFS Archive,experiments/phase6/data/raw/gfs_20230803_00_012_subset.grib2,2023-08-03 12:00:00,24.45,24.56999999999999,24.539569999999998,8,24.37743138634764,23.537634285714287,24.216810327371384,22.90709046774885,
42933099999,AKOLA,Synoptic/Airport,20.7,77.0333333,2023-08-04T00:00:00,2023-08-03T00:00:00,2023-08-04T00:00:00,24,24.9,23.95,282.0,280.22,1.78,20.75,77.0,23.45,23.15,23.95,23.55,1,00z,24,NOAA NCEI GFS Archive,experiments/phase6/data/raw/gfs_20230803_00_024_subset.grib2,2023-08-04 00:00:00,23.95,23.799333384000004,23.93843,8,24.33302931596091,23.037634285714287,23.73852368394872,21.910918060501366,
43014099999,AURANGABAD,Synoptic/Airport,19.863169,75.398206,2023-08-04T00:00:00,2023-08-03T00:00:00,2023-08-04T00:00:00,24,23.0,22.75,582.47,556.06,26.41,19.75,75.5,23.25,22.75,21.95,22.15,1,00z,24,NOAA NCEI GFS Archive,experiments/phase6/data/raw/gfs_20230803_00_024_subset.grib2,2023-08-04 00:00:00,22.75,22.5529592379168,22.578335,8,22.83796986518636,21.837634285714287,22.530748551417307,20.16466096190745,
43063099999,PUNE,Synoptic/Airport,18.5333333,73.85,2023-08-04T00:00:00,2023-08-03T00:00:00,2023-08-04T00:00:00,24,23.4,21.65,558.0,677.98,-119.98,18.5,73.75,21.65,22.45,21.95,22.35,1,00z,24,NOAA NCEI GFS Archive,experiments/phase6/data/raw/gfs_20230803_00_024_subset.grib2,2023-08-04 00:00:00,21.65,21.98866664799998,22.429869999999998,8,21.73796986518636,20.73763428571429,22.484032483899004,19.658012611029996,
43110099999,RATNAGIRI,Synoptic/Airport,16.9833333,73.3333333,2023-08-04T00:00:00,2023-08-03T00:00:00,2023-08-04T00:00:00,24,26.6,26.15,67.0,36.22,30.78,17.0,73.25,26.85,24.55,26.15,23.65,1,00z,24,NOAA NCEI GFS Archive,experiments/phase6/data/raw/gfs_20230803_00_024_subset.grib2,2023-08-04 00:00:00,26.15,25.36777821155548,25.94993,8,26.01682551319648,25.23763428571429,25.8082567671509,24.632225794064496,
42851099999,JALGAON,Synoptic/Airport,21.05,75.5666666,2023-08-04T12:00:00,2023-08-03T00:00:00,2023-08-04T12:00:00,36,28.0,26.57,201.0,212.38,-11.38,21.0,75.5,26.57,26.97,25.07,24.87,1,00z,36,NOAA NCEI GFS Archive,experiments/phase6/data/raw/gfs_20230803_00_036_subset.grib2,2023-08-04 12:00:00,26.57,26.344666592000003,26.64397,8,26.42510980966325,25.657634285714288,26.545974712877424,25.226325302177464,
42871099999,GONDIA ARPT/BIRSI,Synoptic/Airport,21.524467,80.287997,2023-08-04T12:00:00,2023-08-03T00:00:00,2023-08-04T12:00:00,36,25.8,25.87,300.84,301.18,-0.34,21.5,80.25,25.87,24.87,26.17,23.87,1,00z,36,NOAA NCEI GFS Archive,experiments/phase6/data/raw/gfs_20230803_00_036_subset.grib2,2023-08-04 12:00:00,25.87,25.728035209940785,25.872210000000003,8,25.72510980966325,24.95763428571429,25.65516570451364,24.229221338720038,
42933099999,AKOLA,Synoptic/Airport,20.7,77.0333333,2023-08-04T12:00:00,2023-08-03T00:00:00,2023-08-04T12:00:00,36,29.4,28.27,282.0,280.22,1.78,20.75,77.0,27.97,27.47,28.27,28.27,1,00z,36,NOAA NCEI GFS Archive,experiments/phase6/data/raw/gfs_20230803_00_036_subset.grib2,2023-08-04 12:00:00,28.27,28.19666668,28.25843,8,28.65302931596091,27.357634285714287,28.761683563829674,27.389043114896772,
42939099999,WARDHA,Synoptic/Airport,20.6666666,78.5833333,2023-08-04T12:00:00,2023-08-03T00:00:00,2023-08-04T12:00:00,36,29.0,28.07,283.0,275.58,7.42,20.75,78.5,28.87,29.07,28.07,27.97,1,00z,36,NOAA NCEI GFS Archive,experiments/phase6/data/raw/gfs_20230803_00_036_subset.grib2,2023-08-04 12:00:00,28.07,28.336666906666657,28.02177,8,27.93682551319648,27.157634285714288,28.115147767701647,27.088060933362883,
42943099999,YEOTMAL,Synoptic/Airport,20.4,78.15,2023-08-04T12:00:00,2023-08-03T00:00:00,2023-08-04T12:00:00,36,28.0,28.37,451.0,308.86,142.14,20.5,78.25,28.87,28.57,28.47,28.37,1,00z,36,NOAA NCEI GFS Archive,experiments/phase6/data/raw/gfs_20230803_00_036_subset.grib2,2023-08-04 12:00:00,28.37,28.522,27.44609,8,28.22510980966325,27.45763428571429,27.675810549910757,26.612424418969113,
43014099999,AURANGABAD,Synoptic/Airport,19.863169,75.398206,2023-08-04T12:00:00,2023-08-03T00:00:00,2023-08-04T12:00:00,36,27.6,25.87,582.47,556.06,26.41,19.75,75.5,25.77,25.87,23.77,24.37,1,00z,36,NOAA NCEI GFS Archive,experiments/phase6/data/raw/gfs_20230803_00_036_subset.grib2,2023-08-04 12:00:00,25.87,25.05810899851201,25.698335,8,25.95796986518636,24.95763428571429,25.892658519194615,24.056011485429906,
43017099999,PARBHANI,Synoptic/Airport,19.1333333,76.8333333,2023-08-04T12:00:00,2023-08-03T00:00:00,2023-08-04T12:00:00,36,30.0,28.27,422.0,405.66,16.34,19.25,76.75,27.97,27.87,28.27,27.77,1,00z,36,NOAA NCEI GFS Archive,experiments/phase6/data/raw/gfs_20230803_00_036_subset.grib2,2023-08-04 12:00:00,28.27,28.025555575111092,28.16379,8,28.13682551319648,27.357634285714287,28.286654017269452,27.294765153629317,
43029099999,CHANDRAPUR,Synoptic/Airport,19.9666666,79.3,2023-08-04T12:00:00,2023-08-03T00:00:00,2023-08-04T12:00:00,36,25.4,28.37,193.0,200.22,-7.22,20.0,79.25,28.67,27.97,28.37,27.97,1,00z,36,NOAA NCEI GFS Archive,experiments/phase6/data/raw/gfs_20230803_00_036_subset.grib2,2023-08-04 12:00:00,28.37,28.322000064000008,28.41693,8,28.297431386347643,27.45763428571429,28.775895743194553,27.579550538124764,
43063099999,PUNE,Synoptic/Airport,18.5333333,73.85,2023-08-04T12:00:00,2023-08-03T00:00:00,2023-08-04T12:00:00,36,25.6,23.17,558.0,677.98,-119.98,18.5,73.75,23.17,24.47,23.67,24.47,1,00z,36,NOAA NCEI GFS Archive,experiments/phase6/data/raw/gfs_20230803_00_036_subset.grib2,2023-08-04 12:00:00,23.17,23.72999995999997,23.94987,8,23.25796986518636,22.25763428571429,24.112600950741594,21.433663760055193,
43069099999,BARAMATI,Synoptic/Airport,18.15,74.5833333,2023-08-04T12:00:00,2023-08-03T00:00:00,2023-08-04T12:00:00,36,28.2,26.97,551.0,580.7,-29.7,18.25,74.5,27.87,28.67,26.97,27.97,1,00z,36,NOAA NCEI GFS Archive,experiments/phase6/data/raw/gfs_20230803_00_036_subset.grib2,2023-08-04 12:00:00,26.97,27.63666654400003,27.16305,8,26.89743138634764,26.05763428571429,27.250219462575057,25.873874613550385,
43110099999,RATNAGIRI,Synoptic/Airport,16.9833333,73.3333333,2023-08-04T12:00:00,2023-08-03T00:00:00,2023-08-04T12:00:00,36,28.0,26.97,67.0,36.22,30.78,17.0,73.25,27.07,26.57,26.97,26.47,1,00z,36,NOAA NCEI GFS Archive,experiments/phase6/data/raw/gfs_20230803_00_036_subset.grib2,2023-08-04 12:00:00,26.97,26.810000079999984,26.76993,8,26.83682551319648,26.05763428571429,26.69533084929838,25.482258466747133,
43111099999,MAHABALESHWAR,Synoptic/Airport,17.9333333,73.6666666,2023-08-04T12:00:00,2023-08-03T00:00:00,2023-08-04T12:00:00,36,19.0,20.87,1382.0,888.7,493.3,18.0,73.75,25.27,21.17,25.57,20.87,1,00z,36,NOAA NCEI GFS Archive,experiments/phase6/data/raw/gfs_20230803_00_036_subset.grib2,2023-08-04 12:00:00,20.87,22.46333455733333,17.66355,8,21.253029315960912,19.95763428571429,18.32061513273317,14.421275298906206,
43113099999,SATARA,Synoptic/Airport,17.5166666,74.05,2023-08-04T12:00:00,2023-08-03T00:00:00,2023-08-04T12:00:00,36,25.4,22.37,612.0,746.14,-134.14,17.5,74.0,22.37,23.97,22.67,23.47,1,00z,36,NOAA NCEI GFS Archive,experiments/phase6/data/raw/gfs_20230803_00_036_subset.grib2,2023-08-04 12:00:00,22.37,22.69933329599998,23.24191,8,22.45796986518636,21.45763428571429,23.356679431748656,20.467501980193035,
43117099999,SOLAPUR,Synoptic/Airport,17.627958,75.934842,2023-08-04T12:00:00,2023-08-03T00:00:00,2023-08-04T12:00:00,36,31.2,27.67,482.8,492.06,-9.26,17.75,76.0,29.57,29.37,28.17,27.67,1,00z,36,NOAA NCEI GFS Archive,experiments/phase6/data/raw/gfs_20230803_00_036_subset.grib2,2023-08-04 12:00:00,27.67,28.5920319393472,27.73019,8,28.053029315960917,26.75763428571429,28.09888095285784,26.667141336575177,
43157099999,KOLHAPUR,Synoptic/Airport,16.664658,74.289353,2023-08-04T12:00:00,2023-08-03T00:00:00,2023-08-04T12:00:00,36,25.8,23.67,608.38,591.9,16.48,16.75,74.25,22.87,23.97,23.67,25.07,1,00z,36,NOAA NCEI GFS Archive,experiments/phase6/data/raw/gfs_20230803_00_036_subset.grib2,2023-08-04 12:00:00,23.67,23.60116177411523,23.562880000000003,8,24.053029315960917,22.75763428571429,23.321487987177054,21.21122293309135,
43158099999,SANGLI,Synoptic/Airport,16.85,74.6,2023-08-04T12:00:00,2023-08-03T00:00:00,2023-08-04T12:00:00,36,28.2,25.07,549.0,562.78,-13.78,16.75,74.5,25.07,25.77,25.37,25.37,1,00z,36,NOAA NCEI GFS Archive,experiments/phase6/data/raw/gfs_20230803_00_036_subset.grib2,2023-08-04 12:00:00,25.07,25.357999999999997,25.15957,8,24.997431386347643,24.157634285714288,24.876519360870923,23.25839746187212,
42933099999,AKOLA,Synoptic/Airport,20.7,77.0333333,2023-08-05T00:00:00,2023-08-03T00:00:00,2023-08-05T00:00:00,48,25.6,24.03,282.0,280.22,1.78,20.75,77.0,23.03,23.23,24.03,23.83,1,00z,48,NOAA NCEI GFS Archive,experiments/phase6/data/raw/gfs_20230803_00_048_subset.grib2,2023-08-05 00:00:00,24.03,23.814000016,24.018430000000002,8,24.413029315960912,23.11763428571429,23.76012502536849,21.54817651573181,
43014099999,AURANGABAD,Synoptic/Airport,19.863169,75.398206,2023-08-05T00:00:00,2023-08-03T00:00:00,2023-08-05T00:00:00,48,23.2,23.33,582.47,556.06,26.41,19.75,75.5,23.63,23.33,22.13,22.33,1,00z,48,NOAA NCEI GFS Archive,experiments/phase6/data/raw/gfs_20230803_00_048_subset.grib2,2023-08-05 00:00:00,23.33,22.907317398512003,23.158334999999997,8,23.41796986518636,22.41763428571429,23.12287292741535,20.463075471668283,
43063099999,PUNE,Synoptic/Airport,18.5333333,73.85,2023-08-05T00:00:00,2023-08-03T00:00:00,2023-08-05T00:00:00,48,22.2,21.83,558.0,677.98,-119.98,18.5,73.75,21.83,22.63,21.73,22.33,1,00z,48,NOAA NCEI GFS Archive,experiments/phase6/data/raw/gfs_20230803_00_048_subset.grib2,2023-08-05 00:00:00,21.83,22.12600002399998,22.609869999999997,8,21.91796986518636,20.91763428571429,22.64282148466337,19.427502277166518,
43110099999,RATNAGIRI,Synoptic/Airport,16.9833333,73.3333333,2023-08-05T00:00:00,2023-08-03T00:00:00,2023-08-05T00:00:00,48,25.4,26.03,67.0,36.22,30.78,17.0,73.25,26.53,24.43,26.03,23.93,1,00z,48,NOAA NCEI GFS Archive,experiments/phase6/data/raw/gfs_20230803_00_048_subset.grib2,2023-08-05 00:00:00,26.03,25.36333367999994,25.82993,8,25.89682551319648,25.11763428571429,25.556636558922563,24.005021827482782,
42933099999,AKOLA,Synoptic/Airport,20.7,77.0333333,2023-08-04T00:00:00,2023-08-03T12:00:00,2023-08-04T00:00:00,12,24.9,23.79,282.0,280.22,1.78,20.75,77.0,23.69,23.49,23.79,23.59,1,12z,12,NOAA NCEI GFS Archive,experiments/phase6/data/raw/gfs_20230803_12_012_subset.grib2,2023-08-04 00:00:00,23.79,23.74333336,23.77843,8,24.17302931596091,22.877634285714286,23.587189577467683,21.93361137979885,
43014099999,AURANGABAD,Synoptic/Airport,19.863169,75.398206,2023-08-04T00:00:00,2023-08-03T12:00:00,2023-08-04T00:00:00,12,23.0,22.79,582.47,556.06,26.41,19.75,75.5,22.99,22.79,21.79,22.19,1,12z,12,NOAA NCEI GFS Archive,experiments/phase6/data/raw/gfs_20230803_12_012_subset.grib2,2023-08-04 00:00:00,22.79,22.489238318214404,22.618335,8,22.87796986518636,21.877634285714286,22.59218804798607,20.45181670301709,
43063099999,PUNE,Synoptic/Airport,18.5333333,73.85,2023-08-04T00:00:00,2023-08-03T12:00:00,2023-08-04T00:00:00,12,23.4,21.99,558.0,677.98,-119.98,18.5,73.75,21.99,22.69,21.79,22.39,1,12z,12,NOAA NCEI GFS Archive,experiments/phase6/data/raw/gfs_20230803_12_012_subset.grib2,2023-08-04 00:00:00,21.99,22.238000031999988,22.769869999999997,8,22.07796986518636,21.07763428571429,22.870473511893024,20.341861984857875,
43110099999,RATNAGIRI,Synoptic/Airport,16.9833333,73.3333333,2023-08-04T00:00:00,2023-08-03T12:00:00,2023-08-04T00:00:00,12,26.6,26.39,67.0,36.22,30.78,17.0,73.25,26.69,24.29,26.39,23.89,1,12z,12,NOAA NCEI GFS Archive,experiments/phase6/data/raw/gfs_20230803_12_012_subset.grib2,2023-08-04 00:00:00,26.39,25.578889265777704,26.18993,8,26.25682551319648,25.477634285714288,26.141247727545867,25.183843956986298,
42851099999,JALGAON,Synoptic/Airport,21.05,75.5666666,2023-08-04T12:00:00,2023-08-03T12:00:00,2023-08-04T12:00:00,24,28.0,26.63,201.0,212.38,-11.38,21.0,75.5,26.63,26.03,25.33,24.93,1,12z,24,NOAA NCEI GFS Archive,experiments/phase6/data/raw/gfs_20230803_12_024_subset.grib2,2023-08-04 12:00:00,26.63,26.220666815999984,26.703969999999998,8,26.48510980966325,25.717634285714286,26.662553471945714,25.539927285468323,
42871099999,GONDIA ARPT/BIRSI,Synoptic/Airport,21.524467,80.287997,2023-08-04T12:00:00,2023-08-03T12:00:00,2023-08-04T12:00:00,24,25.8,25.23,300.84,301.18,-0.34,21.5,80.25,25.23,24.23,24.03,22.53,1,12z,24,NOAA NCEI GFS Archive,experiments/phase6/data/raw/gfs_20230803_12_024_subset.grib2,2023-08-04 12:00:00,25.23,24.95313301920797,25.232210000000002,8,25.08510980966325,24.317634285714288,24.951385173016813,23.617204845668343,
42933099999,AKOLA,Synoptic/Airport,20.7,77.0333333,2023-08-04T12:00:00,2023-08-03T12:00:00,2023-08-04T12:00:00,24,29.4,28.83,282.0,280.22,1.78,20.75,77.0,28.03,27.73,28.83,28.33,1,12z,24,NOAA NCEI GFS Archive,experiments/phase6/data/raw/gfs_20230803_12_024_subset.grib2,2023-08-04 12:00:00,28.83,28.608666728000003,28.81843,8,29.21302931596091,27.91763428571429,29.45355007197555,28.363801152718022,
42939099999,WARDHA,Synoptic/Airport,20.6666666,78.5833333,2023-08-04T12:00:00,2023-08-03T12:00:00,2023-08-04T12:00:00,24,29.0,26.73,283.0,275.58,7.42,20.75,78.5,26.83,26.93,26.73,26.43,1,12z,24,NOAA NCEI GFS Archive,experiments/phase6/data/raw/gfs_20230803_12_024_subset.grib2,2023-08-04 12:00:00,26.73,26.707777862222205,26.68177,8,26.59682551319648,25.817634285714288,26.629551211854103,25.55042596396863,
42943099999,YEOTMAL,Synoptic/Airport,20.4,78.15,2023-08-04T12:00:00,2023-08-03T12:00:00,2023-08-04T12:00:00,24,28.0,26.73,451.0,308.86,142.14,20.5,78.25,27.73,27.23,27.53,26.73,1,12z,24,NOAA NCEI GFS Archive,experiments/phase6/data/raw/gfs_20230803_12_024_subset.grib2,2023-08-04 12:00:00,26.73,27.201999999999988,25.80609,8,26.58510980966325,25.817634285714288,25.80008817474948,24.678095816856626,
43014099999,AURANGABAD,Synoptic/Airport,19.863169,75.398206,2023-08-04T12:00:00,2023-08-03T12:00:00,2023-08-04T12:00:00,24,27.6,28.13,582.47,556.06,26.41,19.75,75.5,28.23,28.13,25.63,26.23,1,12z,24,NOAA NCEI GFS Archive,experiments/phase6/data/raw/gfs_20230803_12_024_subset.grib2,2023-08-04 12:00:00,28.13,27.18161003791681,27.958334999999998,8,28.21796986518636,27.217634285714286,28.3591093483103,27.278700108654498,
43017099999,PARBHANI,Synoptic/Airport,19.1333333,76.8333333,2023-08-04T12:00:00,2023-08-03T12:00:00,2023-08-04T12:00:00,24,30.0,27.83,422.0,405.66,16.34,19.25,76.75,28.03,28.43,27.83,27.93,1,12z,24,NOAA NCEI GFS Archive,experiments/phase6/data/raw/gfs_20230803_12_024_subset.grib2,2023-08-04 12:00:00,27.83,28.00333334133333,27.723789999999997,8,27.69682551319648,26.91763428571429,27.836961742825864,26.947211082389778,
43029099999,CHANDRAPUR,Synoptic/Airport,19.9666666,79.3,2023-08-04T12:00:00,2023-08-03T12:00:00,2023-08-04T12:00:00,24,25.4,27.13,193.0,200.22,-7.22,20.0,79.25,28.33,27.53,27.13,26.73,1,12z,24,NOAA NCEI GFS Archive,experiments/phase6/data/raw/gfs_20230803_12_024_subset.grib2,2023-08-04 12:00:00,27.13,27.199333632000005,27.17693,8,27.05743138634764,26.217634285714286,27.335055433420052,26.17414677963659,
43063099999,PUNE,Synoptic/Airport,18.5333333,73.85,2023-08-04T12:00:00,2023-08-03T12:00:00,2023-08-04T12:00:00,24,25.6,23.63,558.0,677.98,-119.98,18.5,73.75,23.63,25.43,24.13,25.23,1,12z,24,NOAA NCEI GFS Archive,experiments/phase6/data/raw/gfs_20230803_12_024_subset.grib2,2023-08-04 12:00:00,23.63,24.37933330399996,24.409869999999998,8,23.71796986518636,22.717634285714286,24.62904259130572,22.276190586970362,
43069099999,BARAMATI,Synoptic/Airport,18.15,74.5833333,2023-08-04T12:00:00,2023-08-03T12:00:00,2023-08-04T12:00:00,24,28.2,27.13,551.0,580.7,-29.7,18.25,74.5,27.83,28.63,27.13,27.93,1,12z,24,NOAA NCEI GFS Archive,experiments/phase6/data/raw/gfs_20230803_12_024_subset.grib2,2023-08-04 12:00:00,27.13,27.676666560000022,27.32305,8,27.05743138634764,26.217634285714286,27.481830884235634,26.31970780774732,
43110099999,RATNAGIRI,Synoptic/Airport,16.9833333,73.3333333,2023-08-04T12:00:00,2023-08-03T12:00:00,2023-08-04T12:00:00,24,28.0,27.13,67.0,36.22,30.78,17.0,73.25,27.03,26.83,27.13,26.73,1,12z,24,NOAA NCEI GFS Archive,experiments/phase6/data/raw/gfs_20230803_12_024_subset.grib2,2023-08-04 12:00:00,27.13,26.99444449155554,26.92993,8,26.99682551319648,26.217634285714286,26.936241429124102,25.92809166094407,
43111099999,MAHABALESHWAR,Synoptic/Airport,17.9333333,73.6666666,2023-08-04T12:00:00,2023-08-03T12:00:00,2023-08-04T12:00:00,24,19.0,21.03,1382.0,888.7,493.3,18.0,73.75,25.63,21.23,25.23,21.03,1,12z,24,NOAA NCEI GFS Archive,experiments/phase6/data/raw/gfs_20230803_12_024_subset.grib2,2023-08-04 12:00:00,21.03,22.50111228088891,17.82355,8,21.413029315960912,20.11763428571429,18.544036854975204,14.867108493103142,
43113099999,SATARA,Synoptic/Airport,17.5166666,74.05,2023-08-04T12:00:00,2023-08-03T12:00:00,2023-08-04T12:00:00,24,25.4,22.83,612.0,746.14,-134.14,17.5,74.0,22.83,24.23,22.63,23.63,1,12z,24,NOAA NCEI GFS Archive,experiments/phase6/data/raw/gfs_20230803_12_024_subset.grib2,2023-08-04 12:00:00,22.83,23.091333407999983,23.701909999999998,8,22.91796986518636,21.91763428571429,23.873121072312777,21.310028807108207,
43117099999,SOLAPUR,Synoptic/Airport,17.627958,75.934842,2023-08-04T12:00:00,2023-08-03T12:00:00,2023-08-04T12:00:00,24,31.2,28.63,482.8,492.06,-9.26,17.75,76.0,29.53,29.23,28.83,28.63,1,12z,24,NOAA NCEI GFS Archive,experiments/phase6/data/raw/gfs_20230803_12_024_subset.grib2,2023-08-04 12:00:00,28.63,28.9877504202176,28.690189999999998,8,29.01302931596091,27.717634285714286,29.259192246907546,28.17082421802074,
43157099999,KOLHAPUR,Synoptic/Airport,16.664658,74.289353,2023-08-04T12:00:00,2023-08-03T12:00:00,2023-08-04T12:00:00,24,25.8,24.33,608.38,591.9,16.48,16.75,74.25,23.73,25.03,24.33,25.63,1,12z,24,NOAA NCEI GFS Archive,experiments/phase6/data/raw/gfs_20230803_12_024_subset.grib2,2023-08-04 12:00:00,24.33,24.32981480000003,24.22288,8,24.71302931596091,23.41763428571429,24.130465691798882,22.318212181818676,
43158099999,SANGLI,Synoptic/Airport,16.85,74.6,2023-08-04T12:00:00,2023-08-03T12:00:00,2023-08-04T12:00:00,24,28.2,25.63,549.0,562.78,-13.78,16.75,74.5,25.63,26.23,25.63,25.63,1,12z,24,NOAA NCEI GFS Archive,experiments/phase6/data/raw/gfs_20230803_12_024_subset.grib2,2023-08-04 12:00:00,25.63,25.77399999999999,25.719569999999997,8,25.55743138634764,24.717634285714286,25.58597413437009,24.233155499693375,
42933099999,AKOLA,Synoptic/Airport,20.7,77.0333333,2023-08-05T00:00:00,2023-08-03T12:00:00,2023-08-05T00:00:00,36,25.6,24.69,282.0,280.22,1.78,20.75,77.0,23.59,22.89,24.69,24.09,1,12z,36,NOAA NCEI GFS Archive,experiments/phase6/data/raw/gfs_20230803_12_036_subset.grib2,2023-08-05 00:00:00,24.69,24.38733341600001,24.678430000000002,8,25.073029315960916,23.77763428571429,24.569102729990323,22.65516576445914,
43014099999,AURANGABAD,Synoptic/Airport,19.863169,75.398206,2023-08-05T00:00:00,2023-08-03T12:00:00,2023-08-05T00:00:00,36,23.2,23.39,582.47,556.06,26.41,19.75,75.5,23.59,23.39,22.09,22.19,1,12z,36,NOAA NCEI GFS Archive,experiments/phase6/data/raw/gfs_20230803_12_036_subset.grib2,2023-08-05 00:00:00,23.39,22.872928359107203,23.218335,8,23.47796986518636,22.477634285714288,23.2059791927458,20.776677454959145,
43063099999,PUNE,Synoptic/Airport,18.5333333,73.85,2023-08-05T00:00:00,2023-08-03T12:00:00,2023-08-05T00:00:00,36,22.2,21.79,558.0,677.98,-119.98,18.5,73.75,21.79,22.69,21.79,22.39,1,12z,36,NOAA NCEI GFS Archive,experiments/phase6/data/raw/gfs_20230803_12_036_subset.grib2,2023-08-05 00:00:00,21.79,22.13400001599998,22.569869999999998,8,21.87796986518636,20.877634285714286,22.617593906185398,19.6088730495513,
43110099999,RATNAGIRI,Synoptic/Airport,16.9833333,73.3333333,2023-08-05T00:00:00,2023-08-03T12:00:00,2023-08-05T00:00:00,36,25.4,25.89,67.0,36.22,30.78,17.0,73.25,26.29,24.29,25.89,23.69,1,12z,36,NOAA NCEI GFS Archive,experiments/phase6/data/raw/gfs_20230803_12_036_subset.grib2,2023-08-05 00:00:00,25.89,25.18777813155549,25.68993,8,25.75682551319648,24.977634285714288,25.45224571161363,24.054161388961482,
42851099999,JALGAON,Synoptic/Airport,21.05,75.5666666,2023-08-05T12:00:00,2023-08-03T12:00:00,2023-08-05T12:00:00,48,26.8,29.52,201.0,212.38,-11.38,21.0,75.5,29.52,30.02,28.92,28.72,1,12z,48,NOAA NCEI GFS Archive,experiments/phase6/data/raw/gfs_20230803_12_048_subset.grib2,2023-08-05 12:00:00,29.52,29.49599990400001,29.59397,8,29.37510980966325,28.607634285714287,29.956940903239136,28.892882767159588,
42871099999,GONDIA ARPT/BIRSI,Synoptic/Airport,21.524467,80.287997,2023-08-05T12:00:00,2023-08-03T12:00:00,2023-08-05T12:00:00,48,30.6,27.52,300.84,301.18,-0.34,21.5,80.25,27.52,26.62,27.42,25.22,1,12z,48,NOAA NCEI GFS Archive,experiments/phase6/data/raw/gfs_20230803_12_048_subset.grib2,2023-08-05 12:00:00,27.52,27.354086809940775,27.52221,8,27.37510980966325,26.607634285714287,27.54260749811156,26.17677306192313,
42933099999,AKOLA,Synoptic/Airport,20.7,77.0333333,2023-08-05T12:00:00,2023-08-03T12:00:00,2023-08-05T12:00:00,48,31.9,29.52,282.0,280.22,1.78,20.75,77.0,28.72,29.12,29.52,29.32,1,12z,48,NOAA NCEI GFS Archive,experiments/phase6/data/raw/gfs_20230803_12_048_subset.grib2,2023-08-05 12:00:00,29.52,29.349333344,29.50843,8,29.90302931596091,28.607634285714287,30.189529711898672,28.807669994475546,
42939099999,WARDHA,Synoptic/Airport,20.6666666,78.5833333,2023-08-05T12:00:00,2023-08-03T12:00:00,2023-08-05T12:00:00,48,27.1,29.42,283.0,275.58,7.42,20.75,78.5,29.62,29.62,29.42,29.82,1,12z,48,NOAA NCEI GFS Archive,experiments/phase6/data/raw/gfs_20230803_12_048_subset.grib2,2023-08-05 12:00:00,29.42,29.5755555377778,29.37177,8,29.286825513196483,28.50763428571429,29.612254371120347,28.63891902384774,
42943099999,YEOTMAL,Synoptic/Airport,20.4,78.15,2023-08-05T12:00:00,2023-08-03T12:00:00,2023-08-05T12:00:00,48,29.5,29.22,451.0,308.86,142.14,20.5,78.25,28.52,28.22,29.22,29.22,1,12z,48,NOAA NCEI GFS Archive,experiments/phase6/data/raw/gfs_20230803_12_048_subset.grib2,2023-08-05 12:00:00,29.22,28.86799999999999,28.29609,8,29.07510980966325,28.30763428571429,28.625698868577118,27.50212645492357,
43014099999,AURANGABAD,Synoptic/Airport,19.863169,75.398206,2023-08-05T12:00:00,2023-08-03T12:00:00,2023-08-05T12:00:00,48,26.2,28.22,582.47,556.06,26.41,19.75,75.5,28.62,28.22,27.02,27.32,1,12z,48,NOAA NCEI GFS Archive,experiments/phase6/data/raw/gfs_20230803_12_048_subset.grib2,2023-08-05 12:00:00,28.22,27.846438837916804,28.048334999999998,8,28.30796986518636,27.30763428571429,28.420397889647088,26.92918168497555,
43017099999,PARBHANI,Synoptic/Airport,19.1333333,76.8333333,2023-08-05T12:00:00,2023-08-03T12:00:00,2023-08-05T12:00:00,48,30.2,28.32,422.0,405.66,16.34,19.25,76.75,28.42,28.42,28.32,27.72,1,12z,48,NOAA NCEI GFS Archive,experiments/phase6/data/raw/gfs_20230803_12_048_subset.grib2,2023-08-05 12:00:00,28.32,28.260000082666647,28.21379,8,28.18682551319648,27.407634285714288,28.287454436437987,27.126617502335147,
43021099999,NANDED,Synoptic/Airport,19.0833333,77.3333333,2023-08-05T12:00:00,2023-08-03T12:00:00,2023-08-05T12:00:00,48,28.4,27.72,358.0,399.74,-41.74,19.0,77.25,27.72,27.92,27.42,27.12,1,12z,48,NOAA NCEI GFS Archive,experiments/phase6/data/raw/gfs_20230803_12_048_subset.grib2,2023-08-05 12:00:00,27.72,27.63111116888888,27.99131,8,27.57510980966325,26.80763428571429,28.041182308589466,26.709306060416083,
43029099999,CHANDRAPUR,Synoptic/Airport,19.9666666,79.3,2023-08-05T12:00:00,2023-08-03T12:00:00,2023-08-05T12:00:00,48,33.2,28.72,193.0,200.22,-7.22,20.0,79.25,29.42,29.02,28.72,28.42,1,12z,48,NOAA NCEI GFS Archive,experiments/phase6/data/raw/gfs_20230803_12_048_subset.grib2,2023-08-05 12:00:00,28.72,28.75066684800001,28.76693,8,28.64743138634764,27.80763428571429,29.15353459512818,27.808096519548826,
43063099999,PUNE,Synoptic/Airport,18.5333333,73.85,2023-08-05T12:00:00,2023-08-03T12:00:00,2023-08-05T12:00:00,48,25.2,24.42,558.0,677.98,-119.98,18.5,73.75,24.42,25.92,24.52,25.72,1,12z,48,NOAA NCEI GFS Archive,experiments/phase6/data/raw/gfs_20230803_12_048_subset.grib2,2023-08-05 12:00:00,24.42,25.017333335999968,25.19987,8,24.50796986518636,23.50763428571429,25.44866803930145,22.85229063963397,
43069099999,BARAMATI,Synoptic/Airport,18.15,74.5833333,2023-08-05T12:00:00,2023-08-03T12:00:00,2023-08-05T12:00:00,48,28.8,27.52,551.0,580.7,-29.7,18.25,74.5,27.92,28.92,27.52,28.32,1,12z,48,NOAA NCEI GFS Archive,experiments/phase6/data/raw/gfs_20230803_12_048_subset.grib2,2023-08-05 12:00:00,27.52,27.97333321600003,27.71305,8,27.44743138634764,26.607634285714287,27.866779990427982,26.366883016786613,
43110099999,RATNAGIRI,Synoptic/Airport,16.9833333,73.3333333,2023-08-05T12:00:00,2023-08-03T12:00:00,2023-08-05T12:00:00,48,28.4,27.12,67.0,36.22,30.78,17.0,73.25,27.32,27.12,27.12,27.22,1,12z,48,NOAA NCEI GFS Archive,experiments/phase6/data/raw/gfs_20230803_12_048_subset.grib2,2023-08-05 12:00:00,27.12,27.16000000266667,26.91993,8,26.98682551319648,26.20763428571429,26.81123174417847,25.446342026359044,
43111099999,MAHABALESHWAR,Synoptic/Airport,17.9333333,73.6666666,2023-08-05T12:00:00,2023-08-03T12:00:00,2023-08-05T12:00:00,48,19.0,21.22,1382.0,888.7,493.3,18.0,73.75,26.12,21.62,26.02,21.22,1,12z,48,NOAA NCEI GFS Archive,experiments/phase6/data/raw/gfs_20230803_12_048_subset.grib2,2023-08-05 12:00:00,21.22,22.900001298666677,18.01355,8,21.60302931596091,20.30763428571429,18.694460512518525,14.649821280330269,
43113099999,SATARA,Synoptic/Airport,17.5166666,74.05,2023-08-05T12:00:00,2023-08-03T12:00:00,2023-08-05T12:00:00,48,24.6,22.92,612.0,746.14,-134.14,17.5,74.0,22.92,24.32,23.12,23.92,1,12z,48,NOAA NCEI GFS Archive,experiments/phase6/data/raw/gfs_20230803_12_048_subset.grib2,2023-08-05 12:00:00,22.92,23.205333311999983,23.79191,8,23.00796986518636,22.00763428571429,23.93440961364957,20.960510383429263,
43117099999,SOLAPUR,Synoptic/Airport,17.627958,75.934842,2023-08-05T12:00:00,2023-08-03T12:00:00,2023-08-05T12:00:00,48,29.6,28.52,482.8,492.06,-9.26,17.75,76.0,29.42,29.32,28.92,28.52,1,12z,48,NOAA NCEI GFS Archive,experiments/phase6/data/raw/gfs_20230803_12_048_subset.grib2,2023-08-05 12:00:00,28.52,28.976617539347195,28.580189999999998,8,28.90302931596091,27.607634285714287,29.058282315022993,27.556843372529634,
43157099999,KOLHAPUR,Synoptic/Airport,16.664658,74.289353,2023-08-05T12:00:00,2023-08-03T12:00:00,2023-08-05T12:00:00,48,25.0,24.62,608.38,591.9,16.48,16.75,74.25,24.52,25.62,24.62,26.12,1,12z,48,NOAA NCEI GFS Archive,experiments/phase6/data/raw/gfs_20230803_12_048_subset.grib2,2023-08-05 12:00:00,24.62,24.80048703215363,24.512880000000003,8,25.003029315960912,23.70763428571429,24.39800054581817,22.233156179951887,
43158099999,SANGLI,Synoptic/Airport,16.85,74.6,2023-08-05T12:00:00,2023-08-03T12:00:00,2023-08-05T12:00:00,48,27.0,26.12,549.0,562.78,-13.78,16.75,74.5,26.12,26.72,25.72,25.72,1,12z,48,NOAA NCEI GFS Archive,experiments/phase6/data/raw/gfs_20230803_12_048_subset.grib2,2023-08-05 12:00:00,26.12,26.10399999999999,26.20957,8,26.047431386347643,25.20763428571429,26.090384078522085,24.412561919638744,
42851099999,JALGAON,Synoptic/Airport,21.05,75.5666666,2023-02-04T12:00:00,2023-02-04T00:00:00,2023-02-04T12:00:00,12,32.0,29.82,201.0,212.38,-11.38,21.0,75.5,29.82,29.61,29.15,28.5,1,00z,12,NOAA NCEI GFS Archive,experiments/phase6/data/raw/gfs_20230204_00_012_subset.grib2,2023-02-04 12:00:00,29.82,29.60653341279999,29.89397,2,29.67510980966325,30.868369426751592,30.447310201683745,,30.898570972909713
42871099999,GONDIA ARPT/BIRSI,Synoptic/Airport,21.524467,80.287997,2023-02-04T12:00:00,2023-02-04T00:00:00,2023-02-04T12:00:00,12,29.0,27.19,300.84,301.18,-0.34,21.5,80.25,27.19,26.06,27.16,24.23,1,00z,12,NOAA NCEI GFS Archive,experiments/phase6/data/raw/gfs_20230204_00_012_subset.grib2,2023-02-04 12:00:00,27.19,26.988542949148776,27.192210000000003,2,27.04510980966325,28.238369426751596,27.294653435047564,,28.18888466207523
42920099999,OZAR AIR FORCE STATION /NASHIK ARPT,Synoptic/Airport,20.119156,73.914097,2023-02-04T12:00:00,2023-02-04T00:00:00,2023-02-04T12:00:00,12,28.0,28.55,598.02,584.38,13.64,20.0,74.0,28.43,28.55,28.24,28.33,1,00z,12,NOAA NCEI GFS Archive,experiments/phase6/data/raw/gfs_20230204_00_012_subset.grib2,2023-02-04 12:00:00,28.55,28.40882249177664,28.46134,2,28.477431386347643,29.598369426751592,28.935675197001515,,29.441920952109314
42933099999,AKOLA,Synoptic/Airport,20.7,77.0333333,2023-02-04T12:00:00,2023-02-04T00:00:00,2023-02-04T12:00:00,12,28.6,29.49,282.0,280.22,1.78,20.75,77.0,28.68,28.56,29.49,29.06,1,00z,12,NOAA NCEI GFS Archive,experiments/phase6/data/raw/gfs_20230204_00_012_subset.grib2,2023-02-04 12:00:00,29.49,29.2789333824,29.47843,2,29.87302931596091,30.53836942675159,30.26252777659738,,30.469960497261212
42939099999,WARDHA,Synoptic/Airport,20.6666666,78.5833333,2023-02-04T12:00:00,2023-02-04T00:00:00,2023-02-04T12:00:00,12,31.8,28.55,283.0,275.58,7.42,20.75,78.5,28.42,28.44,28.55,28.38,1,00z,12,NOAA NCEI GFS Archive,experiments/phase6/data/raw/gfs_20230204_00_012_subset.grib2,2023-02-04 12:00:00,28.55,28.471111107555547,28.50177,2,28.41682551319648,29.598369426751592,28.78112968849157,,29.488730043072923
42943099999,YEOTMAL,Synoptic/Airport,20.4,78.15,2023-02-04T12:00:00,2023-02-04T00:00:00,2023-02-04T12:00:00,12,28.5,28.2,451.0,308.86,142.14,20.5,78.25,28.62,28.02,28.37,28.2,1,00z,12,NOAA NCEI GFS Archive,experiments/phase6/data/raw/gfs_20230204_00_012_subset.grib2,2023-02-04 12:00:00,28.2,28.26479999999999,27.27609,2,28.05510980966325,29.24836942675159,27.56910493338465,,28.12533621332909
43014099999,AURANGABAD,Synoptic/Airport,19.863169,75.398206,2023-02-04T12:00:00,2023-02-04T00:00:00,2023-02-04T12:00:00,12,29.0,29.08,582.47,556.06,26.41,19.75,75.5,29.38,29.08,28.24,28.44,1,00z,12,NOAA NCEI GFS Archive,experiments/phase6/data/raw/gfs_20230204_00_012_subset.grib2,2023-02-04 12:00:00,29.08,28.820280758512,28.908334999999997,2,29.16796986518636,30.12836942675159,29.406386823535684,,29.875134951982695
43017099999,PARBHANI,Synoptic/Airport,19.1333333,76.8333333,2023-02-04T12:00:00,2023-02-04T00:00:00,2023-02-04T12:00:00,12,29.8,29.22,422.0,405.66,16.34,19.25,76.75,29.56,29.43,29.22,29.32,1,00z,12,NOAA NCEI GFS Archive,experiments/phase6/data/raw/gfs_20230204_00_012_subset.grib2,2023-02-04 12:00:00,29.22,29.37622225831112,29.113789999999998,2,29.08682551319648,30.26836942675159,29.493608173903667,,30.090736736638515
43021099999,NANDED,Synoptic/Airport,19.0833333,77.3333333,2023-02-04T12:00:00,2023-02-04T00:00:00,2023-02-04T12:00:00,12,29.0,29.24,358.0,399.74,-41.74,19.0,77.25,29.24,29.12,29.24,28.57,1,00z,12,NOAA NCEI GFS Archive,experiments/phase6/data/raw/gfs_20230204_00_012_subset.grib2,2023-02-04 12:00:00,29.24,29.138888953777755,29.511309999999998,2,29.09510980966325,30.28836942675159,29.961320656304707,,30.54779644212131
43029099999,CHANDRAPUR,Synoptic/Airport,19.9666666,79.3,2023-02-04T12:00:00,2023-02-04T00:00:00,2023-02-04T12:00:00,12,29.8,28.14,193.0,200.22,-7.22,20.0,79.25,27.75,28.03,28.14,27.44,1,00z,12,NOAA NCEI GFS Archive,experiments/phase6/data/raw/gfs_20230204_00_012_subset.grib2,2023-02-04 12:00:00,28.14,27.974133281600007,28.18693,2,28.067431386347643,29.188369426751592,28.582083977737646,,29.189433919360482
43063099999,PUNE,Synoptic/Airport,18.5333333,73.85,2023-02-04T12:00:00,2023-02-04T00:00:00,2023-02-04T12:00:00,12,30.0,28.98,558.0,677.98,-119.98,18.5,73.75,28.98,29.31,29.71,29.7,1,00z,12,NOAA NCEI GFS Archive,experiments/phase6/data/raw/gfs_20230204_00_012_subset.grib2,2023-02-04 12:00:00,28.98,29.19119992079999,29.75987,2,29.06796986518636,30.028369426751592,30.443009194101585,,30.876933344503644
43069099999,BARAMATI,Synoptic/Airport,18.15,74.5833333,2023-02-04T12:00:00,2023-02-04T00:00:00,2023-02-04T12:00:00,12,29.0,29.66,551.0,580.7,-29.7,18.25,74.5,29.15,29.7,29.66,29.9,1,00z,12,NOAA NCEI GFS Archive,experiments/phase6/data/raw/gfs_20230204_00_012_subset.grib2,2023-02-04 12:00:00,29.66,29.577333284800005,29.85305,2,29.58743138634764,30.70836942675159,30.54466416553988,,30.876646154093184
43111099999,MAHABALESHWAR,Synoptic/Airport,17.9333333,73.6666666,2023-02-04T12:00:00,2023-02-04T00:00:00,2023-02-04T12:00:00,12,24.0,28.05,1382.0,888.7,493.3,18.0,73.75,31.18,29.02,31.36,28.05,1,00z,12,NOAA NCEI GFS Archive,experiments/phase6/data/raw/gfs_20230204_00_012_subset.grib2,2023-02-04 12:00:00,28.05,29.309778656888856,24.84355,2,28.433029315960912,29.098369426751592,26.801286655468065,,25.33284817155976
43113099999,SATARA,Synoptic/Airport,17.5166666,74.05,2023-02-04T12:00:00,2023-02-04T00:00:00,2023-02-04T12:00:00,12,30.4,28.63,612.0,746.14,-134.14,17.5,74.0,28.63,28.97,28.41,28.4,1,00z,12,NOAA NCEI GFS Archive,experiments/phase6/data/raw/gfs_20230204_00_012_subset.grib2,2023-02-04 12:00:00,28.63,28.678666743999997,29.50191,2,28.71796986518636,29.67836942675159,30.174589972246533,,30.633947466956318
43117099999,SOLAPUR,Synoptic/Airport,17.627958,75.934842,2023-02-04T12:00:00,2023-02-04T00:00:00,2023-02-04T12:00:00,12,32.8,31.1,482.8,492.06,-9.26,17.75,76.0,31.5,31.59,30.94,31.1,1,00z,12,NOAA NCEI GFS Archive,experiments/phase6/data/raw/gfs_20230204_00_012_subset.grib2,2023-02-04 12:00:00,31.1,31.30640745415232,31.16019,2,31.483029315960916,32.14836942675159,32.18788260774425,,32.16096391231395
43157099999,KOLHAPUR,Synoptic/Airport,16.664658,74.289353,2023-02-04T12:00:00,2023-02-04T00:00:00,2023-02-04T12:00:00,12,31.0,31.17,608.38,591.9,16.48,16.75,74.25,31.23,31.01,31.17,31.24,1,00z,12,NOAA NCEI GFS Archive,experiments/phase6/data/raw/gfs_20230204_00_012_subset.grib2,2023-02-04 12:00:00,31.17,31.18591764831136,31.062880000000003,2,31.553029315960917,32.21836942675159,32.17691533863502,,32.03716516245455
43158099999,SANGLI,Synoptic/Airport,16.85,74.6,2023-02-04T12:00:00,2023-02-04T00:00:00,2023-02-04T12:00:00,12,32.4,31.24,549.0,562.78,-13.78,16.75,74.5,31.24,31.05,31.11,30.49,1,00z,12,NOAA NCEI GFS Archive,experiments/phase6/data/raw/gfs_20230204_00_012_subset.grib2,2023-02-04 12:00:00,31.24,31.04320000000001,31.329569999999997,2,31.16743138634764,32.28836942675159,32.328201224831496,,32.33479874281414
42933099999,AKOLA,Synoptic/Airport,20.7,77.0333333,2023-02-05T00:00:00,2023-02-04T00:00:00,2023-02-05T00:00:00,24,13.9,18.22,282.0,280.22,1.78,20.75,77.0,18.37,18.16,18.22,17.91,1,00z,24,NOAA NCEI GFS Archive,experiments/phase6/data/raw/gfs_20230204_00_024_subset.grib2,2023-02-05 00:00:00,18.22,18.21133337200001,18.20843,2,18.60302931596091,19.26836942675159,17.028052125876236,,19.32638381348256
43014099999,AURANGABAD,Synoptic/Airport,19.863169,75.398206,2023-02-05T00:00:00,2023-02-04T00:00:00,2023-02-05T00:00:00,24,14.0,17.33,582.47,556.06,26.41,19.75,75.5,17.72,17.33,16.54,16.2,1,00z,24,NOAA NCEI GFS Archive,experiments/phase6/data/raw/gfs_20230204_00_024_subset.grib2,2023-02-05 00:00:00,17.33,16.9680588198512,17.158334999999997,2,17.417969865186357,18.37836942675159,16.659054217000943,,18.252178081953808
43063099999,PUNE,Synoptic/Airport,18.5333333,73.85,2023-02-05T00:00:00,2023-02-04T00:00:00,2023-02-05T00:00:00,24,12.0,18.89,558.0,677.98,-119.98,18.5,73.75,18.89,18.69,19.14,19.13,1,00z,24,NOAA NCEI GFS Archive,experiments/phase6/data/raw/gfs_20230204_00_024_subset.grib2,2023-02-05 00:00:00,18.89,18.853466623200003,19.66987,2,18.97796986518636,19.938369426751592,19.494018394786615,,20.911832951923486
43110099999,RATNAGIRI,Synoptic/Airport,16.9833333,73.3333333,2023-02-05T00:00:00,2023-02-04T00:00:00,2023-02-05T00:00:00,24,19.6,23.04,67.0,36.22,30.78,17.0,73.25,24.49,20.16,23.04,20.05,1,00z,24,NOAA NCEI GFS Archive,experiments/phase6/data/raw/gfs_20230204_00_024_subset.grib2,2023-02-05 00:00:00,23.04,22.11022276657771,22.83993,2,22.90682551319648,24.08836942675159,22.22863197252167,,23.92191810797716
43117099999,SOLAPUR,Synoptic/Airport,17.627958,75.934842,2023-02-05T00:00:00,2023-02-04T00:00:00,2023-02-05T00:00:00,24,18.6,21.09,482.8,492.06,-9.26,17.75,76.0,21.46,21.37,21.3,21.09,1,00z,24,NOAA NCEI GFS Archive,experiments/phase6/data/raw/gfs_20230204_00_024_subset.grib2,2023-02-05 00:00:00,21.09,21.26615189573888,21.15019,2,21.47302931596091,22.13836942675159,20.429008032620196,,22.275760217442166
42851099999,JALGAON,Synoptic/Airport,21.05,75.5666666,2023-02-05T12:00:00,2023-02-04T00:00:00,2023-02-05T12:00:00,36,33.0,31.15,201.0,212.38,-11.38,21.0,75.5,31.15,30.94,29.98,29.44,1,00z,36,NOAA NCEI GFS Archive,experiments/phase6/data/raw/gfs_20230204_00_036_subset.grib2,2023-02-05 12:00:00,31.15,30.842400073599997,31.223969999999998,2,31.00510980966325,32.19836942675159,31.91346835686062,,32.450594784088025
42871099999,GONDIA ARPT/BIRSI,Synoptic/Airport,21.524467,80.287997,2023-02-05T12:00:00,2023-02-04T00:00:00,2023-02-05T12:00:00,36,30.0,27.91,300.84,301.18,-0.34,21.5,80.25,27.91,26.96,27.87,24.98,1,00z,36,NOAA NCEI GFS Archive,experiments/phase6/data/raw/gfs_20230204_00_036_subset.grib2,2023-02-05 12:00:00,27.91,27.73283964252701,27.91221,2,27.76510980966325,28.95836942675159,28.045927065589122,,29.131696153227203
42933099999,AKOLA,Synoptic/Airport,20.7,77.0333333,2023-02-05T12:00:00,2023-02-04T00:00:00,2023-02-05T12:00:00,36,29.4,30.71,282.0,280.22,1.78,20.75,77.0,29.91,29.88,30.71,30.37,1,00z,36,NOAA NCEI GFS Archive,experiments/phase6/data/raw/gfs_20230204_00_036_subset.grib2,2023-02-05 12:00:00,30.71,30.512933370400003,30.698430000000002,2,31.093029315960912,31.758369426751592,31.619196757843092,,31.91212634909052
42939099999,WARDHA,Synoptic/Airport,20.6666666,78.5833333,2023-02-05T12:00:00,2023-02-04T00:00:00,2023-02-05T12:00:00,36,31.0,29.36,283.0,275.58,7.42,20.75,78.5,29.63,29.57,29.36,29.19,1,00z,36,NOAA NCEI GFS Archive,experiments/phase6/data/raw/gfs_20230204_00_036_subset.grib2,2023-02-05 12:00:00,29.36,29.4055556551111,29.31177,2,29.22682551319648,30.40836942675159,29.599943904380652,,30.521425319146818
42943099999,YEOTMAL,Synoptic/Airport,20.4,78.15,2023-02-05T12:00:00,2023-02-04T00:00:00,2023-02-05T12:00:00,36,26.5,29.68,451.0,308.86,142.14,20.5,78.25,30.05,29.86,29.87,29.68,1,00z,36,NOAA NCEI GFS Archive,experiments/phase6/data/raw/gfs_20230204_00_036_subset.grib2,2023-02-05 12:00:00,29.68,29.828,28.75609,2,29.53510980966325,30.72836942675159,29.211054365111192,,29.827166332710604
43014099999,AURANGABAD,Synoptic/Airport,19.863169,75.398206,2023-02-05T12:00:00,2023-02-04T00:00:00,2023-02-05T12:00:00,36,30.0,30.15,582.47,556.06,26.41,19.75,75.5,30.56,30.15,29.25,29.64,1,00z,36,NOAA NCEI GFS Archive,experiments/phase6/data/raw/gfs_20230204_00_036_subset.grib2,2023-02-05 12:00:00,30.15,29.9386223576192,29.978334999999998,2,30.23796986518636,31.19836942675159,30.529347034194988,,31.167494495608803
43017099999,PARBHANI,Synoptic/Airport,19.1333333,76.8333333,2023-02-05T12:00:00,2023-02-04T00:00:00,2023-02-05T12:00:00,36,31.8,30.73,422.0,405.66,16.34,19.25,76.75,31.14,31.08,30.73,30.74,1,00z,36,NOAA NCEI GFS Archive,experiments/phase6/data/raw/gfs_20230204_00_036_subset.grib2,2023-02-05 12:00:00,30.73,30.91377783235556,30.62379,2,30.59682551319648,31.778369426751592,31.11812571977361,,31.82252811766067
43021099999,NANDED,Synoptic/Airport,19.0833333,77.3333333,2023-02-05T12:00:00,2023-02-04T00:00:00,2023-02-05T12:00:00,36,31.0,30.87,358.0,399.74,-41.74,19.0,77.25,30.87,30.89,30.8,30.45,1,00z,36,NOAA NCEI GFS Archive,experiments/phase6/data/raw/gfs_20230204_00_036_subset.grib2,2023-02-05 12:00:00,30.87,30.81222226177777,31.14131,2,30.72510980966325,31.918369426751592,31.77906136458092,,32.399432869706025
43029099999,CHANDRAPUR,Synoptic/Airport,19.9666666,79.3,2023-02-05T12:00:00,2023-02-04T00:00:00,2023-02-05T12:00:00,36,30.4,29.48,193.0,200.22,-7.22,20.0,79.25,29.51,29.37,29.48,28.99,1,00z,36,NOAA NCEI GFS Archive,experiments/phase6/data/raw/gfs_20230204_00_036_subset.grib2,2023-02-05 12:00:00,29.48,29.39533336000001,29.52693,2,29.407431386347643,30.528369426751592,30.10191104454665,,30.751444817752343
43063099999,PUNE,Synoptic/Airport,18.5333333,73.85,2023-02-05T12:00:00,2023-02-04T00:00:00,2023-02-05T12:00:00,36,31.6,30.89,558.0,677.98,-119.98,18.5,73.75,30.89,31.24,30.84,30.88,1,00z,36,NOAA NCEI GFS Archive,experiments/phase6/data/raw/gfs_20230204_00_036_subset.grib2,2023-02-05 12:00:00,30.89,31.006800023199997,31.66987,2,30.97796986518636,31.938369426751592,32.475973692751616,,33.008208214067665
43069099999,BARAMATI,Synoptic/Airport,18.15,74.5833333,2023-02-05T12:00:00,2023-02-04T00:00:00,2023-02-05T12:00:00,36,29.6,31.22,551.0,580.7,-29.7,18.25,74.5,31.17,31.34,31.22,31.5,1,00z,36,NOAA NCEI GFS Archive,experiments/phase6/data/raw/gfs_20230204_00_036_subset.grib2,2023-02-05 12:00:00,31.22,31.278666635200008,31.41305,2,31.14743138634764,32.26836942675159,32.32730507586011,,32.65837297118307
43110099999,RATNAGIRI,Synoptic/Airport,16.9833333,73.3333333,2023-02-05T12:00:00,2023-02-04T00:00:00,2023-02-05T12:00:00,36,30.6,26.0,67.0,36.22,30.78,17.0,73.25,26.14,29.59,26.0,29.63,1,00z,36,NOAA NCEI GFS Archive,experiments/phase6/data/raw/gfs_20230204_00_036_subset.grib2,2023-02-05 12:00:00,26.0,27.215332861600096,25.79993,2,25.86682551319648,27.04836942675159,25.57885623489634,,26.989966529075254
43111099999,MAHABALESHWAR,Synoptic/Airport,17.9333333,73.6666666,2023-02-05T12:00:00,2023-02-04T00:00:00,2023-02-05T12:00:00,36,23.6,28.66,1382.0,888.7,493.3,18.0,73.75,30.97,29.5,32.16,28.66,1,00z,36,NOAA NCEI GFS Archive,experiments/phase6/data/raw/gfs_20230204_00_036_subset.grib2,2023-02-05 12:00:00,28.66,29.870223032977712,25.45355,2,29.04302931596091,29.70836942675159,27.443577338210417,,26.165801703362725
43113099999,SATARA,Synoptic/Airport,17.5166666,74.05,2023-02-05T12:00:00,2023-02-04T00:00:00,2023-02-05T12:00:00,36,30.6,30.76,612.0,746.14,-134.14,17.5,74.0,30.76,30.83,30.8,30.24,1,00z,36,NOAA NCEI GFS Archive,experiments/phase6/data/raw/gfs_20230204_00_036_subset.grib2,2023-02-05 12:00:00,30.76,30.7682666896,31.63191,2,30.84796986518636,31.808369426751597,32.44588892727509,,32.98493825521836
43117099999,SOLAPUR,Synoptic/Airport,17.627958,75.934842,2023-02-05T12:00:00,2023-02-04T00:00:00,2023-02-05T12:00:00,36,32.0,32.15,482.8,492.06,-9.26,17.75,76.0,32.59,32.46,32.29,32.15,1,00z,36,NOAA NCEI GFS Archive,experiments/phase6/data/raw/gfs_20230204_00_036_subset.grib2,2023-02-05 12:00:00,32.15,32.336548237978235,32.21019,2,32.53302931596091,33.19836942675159,33.34546255498083,,33.43334928151296
43157099999,KOLHAPUR,Synoptic/Airport,16.664658,74.289353,2023-02-05T12:00:00,2023-02-04T00:00:00,2023-02-05T12:00:00,36,31.2,32.32,608.38,591.9,16.48,16.75,74.25,32.32,32.18,32.32,32.3,1,00z,36,NOAA NCEI GFS Archive,experiments/phase6/data/raw/gfs_20230204_00_036_subset.grib2,2023-02-05 12:00:00,32.32,32.31040350964608,32.21288,2,32.70302931596091,33.36836942675159,33.45160648234755,,33.409421403789025
43158099999,SANGLI,Synoptic/Airport,16.85,74.6,2023-02-05T12:00:00,2023-02-04T00:00:00,2023-02-05T12:00:00,36,31.4,32.3,549.0,562.78,-13.78,16.75,74.5,32.3,32.09,32.08,31.57,1,00z,36,NOAA NCEI GFS Archive,experiments/phase6/data/raw/gfs_20230204_00_036_subset.grib2,2023-02-05 12:00:00,32.3,32.08000000000001,32.38957,2,32.22743138634764,33.34836942675159,33.51353794535349,,33.617171199226696
42933099999,AKOLA,Synoptic/Airport,20.7,77.0333333,2023-02-06T00:00:00,2023-02-04T00:00:00,2023-02-06T00:00:00,48,15.2,19.99,282.0,280.22,1.78,20.75,77.0,20.0,20.13,19.99,19.66,1,00z,48,NOAA NCEI GFS Archive,experiments/phase6/data/raw/gfs_20230204_00_048_subset.grib2,2023-02-06 00:00:00,19.99,19.9602666984,19.97843,2,20.37302931596091,21.03836942675159,19.028832687739722,,21.317839462056927
43014099999,AURANGABAD,Synoptic/Airport,19.863169,75.398206,2023-02-06T00:00:00,2023-02-04T00:00:00,2023-02-06T00:00:00,48,15.0,18.88,582.47,556.06,26.41,19.75,75.5,19.14,18.88,17.55,17.55,1,00z,48,NOAA NCEI GFS Archive,experiments/phase6/data/raw/gfs_20230204_00_048_subset.grib2,2023-02-06 00:00:00,18.88,18.335883791226244,18.708334999999998,2,18.96796986518636,19.92836942675159,18.302016877940662,,20.023917811830152
43063099999,PUNE,Synoptic/Airport,18.5333333,73.85,2023-02-06T00:00:00,2023-02-04T00:00:00,2023-02-06T00:00:00,48,12.6,19.56,558.0,677.98,-119.98,18.5,73.75,19.56,18.81,19.7,19.26,1,00z,48,NOAA NCEI GFS Archive,experiments/phase6/data/raw/gfs_20230204_00_048_subset.grib2,2023-02-06 00:00:00,19.56,19.295199964800016,20.339869999999998,2,19.64796986518636,20.60836942675159,20.183643230212237,,21.80470900700773
43110099999,RATNAGIRI,Synoptic/Airport,16.9833333,73.3333333,2023-02-06T00:00:00,2023-02-04T00:00:00,2023-02-06T00:00:00,48,20.0,22.85,67.0,36.22,30.78,17.0,73.25,24.3,19.44,22.85,19.3,1,00z,48,NOAA NCEI GFS Archive,experiments/phase6/data/raw/gfs_20230204_00_048_subset.grib2,2023-02-06 00:00:00,22.85,21.73422284231103,22.64993,2,22.716825513196483,23.898369426751596,21.89644143129524,,23.955904662696405
43117099999,SOLAPUR,Synoptic/Airport,17.627958,75.934842,2023-02-06T00:00:00,2023-02-04T00:00:00,2023-02-06T00:00:00,48,19.4,21.91,482.8,492.06,-9.26,17.75,76.0,21.63,22.3,21.22,21.91,1,00z,48,NOAA NCEI GFS Archive,experiments/phase6/data/raw/gfs_20230204_00_048_subset.grib2,2023-02-06 00:00:00,21.91,21.92309408404353,21.97019,2,22.29302931596091,22.95836942675159,21.317232227962066,,23.31844258072961
42933099999,AKOLA,Synoptic/Airport,20.7,77.0333333,2023-02-05T00:00:00,2023-02-04T12:00:00,2023-02-05T00:00:00,12,13.9,18.2,282.0,280.22,1.78,20.75,77.0,18.09,18.17,18.2,17.74,1,12z,12,NOAA NCEI GFS Archive,experiments/phase6/data/raw/gfs_20230204_12_012_subset.grib2,2023-02-05 00:00:00,18.2,18.131066713600003,18.18843,2,18.58302931596091,19.24836942675159,17.040673694461542,,19.194539033167153
43014099999,AURANGABAD,Synoptic/Airport,19.863169,75.398206,2023-02-05T00:00:00,2023-02-04T12:00:00,2023-02-05T00:00:00,12,14.0,17.63,582.47,556.06,26.41,19.75,75.5,18.03,17.63,16.31,16.17,1,12z,12,NOAA NCEI GFS Archive,experiments/phase6/data/raw/gfs_20230204_12_012_subset.grib2,2023-02-05 00:00:00,17.63,17.084040551226245,17.458334999999998,2,17.717969865186358,18.67836942675159,17.0021617074716,,18.439920092471894
43063099999,PUNE,Synoptic/Airport,18.5333333,73.85,2023-02-05T00:00:00,2023-02-04T12:00:00,2023-02-05T00:00:00,12,12.0,18.98,558.0,677.98,-119.98,18.5,73.75,18.98,19.01,19.17,19.15,1,12z,12,NOAA NCEI GFS Archive,experiments/phase6/data/raw/gfs_20230204_12_012_subset.grib2,2023-02-05 00:00:00,18.98,19.014666644,19.75987,2,19.06796986518636,20.028369426751592,19.609624813259586,,20.889846130957093
43110099999,RATNAGIRI,Synoptic/Airport,16.9833333,73.3333333,2023-02-05T00:00:00,2023-02-04T12:00:00,2023-02-05T00:00:00,12,19.6,23.19,67.0,36.22,30.78,17.0,73.25,24.64,20.18,23.19,20.03,1,12z,12,NOAA NCEI GFS Archive,experiments/phase6/data/raw/gfs_20230204_12_012_subset.grib2,2023-02-05 00:00:00,23.19,22.20444501288882,22.98993,2,23.056825513196483,24.238369426751596,22.458032504776238,,23.959853810292046
43117099999,SOLAPUR,Synoptic/Airport,17.627958,75.934842,2023-02-05T00:00:00,2023-02-04T12:00:00,2023-02-05T00:00:00,12,18.6,20.86,482.8,492.06,-9.26,17.75,76.0,21.35,21.29,20.97,20.86,1,12z,12,NOAA NCEI GFS Archive,experiments/phase6/data/raw/gfs_20230204_12_012_subset.grib2,2023-02-05 00:00:00,20.86,21.0922201498912,20.920189999999998,2,21.24302931596091,21.90836942675159,20.195696088605988,,21.93418660564228
42851099999,JALGAON,Synoptic/Airport,21.05,75.5666666,2023-02-05T12:00:00,2023-02-04T12:00:00,2023-02-05T12:00:00,24,33.0,30.88,201.0,212.38,-11.38,21.0,75.5,30.88,30.62,29.72,29.11,1,12z,24,NOAA NCEI GFS Archive,experiments/phase6/data/raw/gfs_20230204_12_024_subset.grib2,2023-02-05 12:00:00,30.88,30.560000087999995,30.953969999999998,2,30.73510980966325,31.92836942675159,31.64330630751964,,32.069072823433956
42871099999,GONDIA ARPT/BIRSI,Synoptic/Airport,21.524467,80.287997,2023-02-05T12:00:00,2023-02-04T12:00:00,2023-02-05T12:00:00,24,30.0,27.73,300.84,301.18,-0.34,21.5,80.25,27.73,26.7,27.57,24.69,1,12z,24,NOAA NCEI GFS Archive,experiments/phase6/data/raw/gfs_20230204_12_024_subset.grib2,2023-02-05 12:00:00,27.73,27.530275171069576,27.732210000000002,2,27.58510980966325,28.778369426751592,27.881239782177946,,28.840057977495054
42933099999,AKOLA,Synoptic/Airport,20.7,77.0333333,2023-02-05T12:00:00,2023-02-04T12:00:00,2023-02-05T12:00:00,24,29.4,30.35,282.0,280.22,1.78,20.75,77.0,29.65,29.61,30.35,30.03,1,12z,24,NOAA NCEI GFS Archive,experiments/phase6/data/raw/gfs_20230204_12_024_subset.grib2,2023-02-05 12:00:00,30.35,30.174800035200004,30.338430000000002,2,30.733029315960916,31.398369426751596,31.233640258410137,,31.44072060351453
42939099999,WARDHA,Synoptic/Airport,20.6666666,78.5833333,2023-02-05T12:00:00,2023-02-04T12:00:00,2023-02-05T12:00:00,24,31.0,29.02,283.0,275.58,7.42,20.75,78.5,29.26,29.24,29.02,28.88,1,12z,24,NOAA NCEI GFS Archive,experiments/phase6/data/raw/gfs_20230204_12_024_subset.grib2,2023-02-05 12:00:00,29.02,29.06666675466666,28.97177,2,28.88682551319648,30.06836942675159,29.26535210564862,,30.069993747997923
42943099999,YEOTMAL,Synoptic/Airport,20.4,78.15,2023-02-05T12:00:00,2023-02-04T12:00:00,2023-02-05T12:00:00,24,26.5,29.28,451.0,308.86,142.14,20.5,78.25,29.65,29.51,29.52,29.28,1,12z,24,NOAA NCEI GFS Archive,experiments/phase6/data/raw/gfs_20230204_12_024_subset.grib2,2023-02-05 12:00:00,29.28,29.452,28.356090000000002,2,29.13510980966325,30.328369426751596,28.788539876093836,,29.315812238280433
43014099999,AURANGABAD,Synoptic/Airport,19.863169,75.398206,2023-02-05T12:00:00,2023-02-04T12:00:00,2023-02-05T12:00:00,24,30.0,29.88,582.47,556.06,26.41,19.75,75.5,30.23,29.88,28.95,29.24,1,12z,24,NOAA NCEI GFS Archive,experiments/phase6/data/raw/gfs_20230204_12_024_subset.grib2,2023-02-05 12:00:00,29.88,29.61483492609536,29.708334999999998,2,29.96796986518636,30.92836942675159,30.25495161495765,,30.785972534954734
43017099999,PARBHANI,Synoptic/Airport,19.1333333,76.8333333,2023-02-05T12:00:00,2023-02-04T12:00:00,2023-02-05T12:00:00,24,31.8,30.49,422.0,405.66,16.34,19.25,76.75,30.88,30.81,30.49,30.57,1,12z,24,NOAA NCEI GFS Archive,experiments/phase6/data/raw/gfs_20230204_12_024_subset.grib2,2023-02-05 12:00:00,30.49,30.67533337733333,30.383789999999998,2,30.35682551319648,31.53836942675159,30.898634396753124,,31.470967418647238
43021099999,NANDED,Synoptic/Airport,19.0833333,77.3333333,2023-02-05T12:00:00,2023-02-04T12:00:00,2023-02-05T12:00:00,24,31.0,30.61,358.0,399.74,-41.74,19.0,77.25,30.61,30.69,30.64,30.22,1,12z,24,NOAA NCEI GFS Archive,experiments/phase6/data/raw/gfs_20230204_12_024_subset.grib2,2023-02-05 12:00:00,30.61,30.59111114088888,30.88131,2,30.46510980966325,31.65836942675159,31.520618733676585,,32.0278979962655
43029099999,CHANDRAPUR,Synoptic/Airport,19.9666666,79.3,2023-02-05T12:00:00,2023-02-04T12:00:00,2023-02-05T12:00:00,24,30.4,29.14,193.0,200.22,-7.22,20.0,79.25,28.97,28.88,29.14,28.51,1,12z,24,NOAA NCEI GFS Archive,experiments/phase6/data/raw/gfs_20230204_12_024_subset.grib2,2023-02-05 12:00:00,29.14,29.00573331680001,29.18693,2,29.067431386347643,30.188369426751592,29.736218276408987,,30.30001324660345
43063099999,PUNE,Synoptic/Airport,18.5333333,73.85,2023-02-05T12:00:00,2023-02-04T12:00:00,2023-02-05T12:00:00,24,31.6,30.69,558.0,677.98,-119.98,18.5,73.75,30.69,30.96,30.6,30.65,1,12z,24,NOAA NCEI GFS Archive,experiments/phase6/data/raw/gfs_20230204_12_024_subset.grib2,2023-02-05 12:00:00,30.69,30.77426669039999,31.46987,2,30.77796986518636,31.738369426751596,32.277411964180175,,32.69659586390842
43069099999,BARAMATI,Synoptic/Airport,18.15,74.5833333,2023-02-05T12:00:00,2023-02-04T12:00:00,2023-02-05T12:00:00,24,29.6,30.96,551.0,580.7,-29.7,18.25,74.5,30.88,31.07,30.96,31.23,1,12z,24,NOAA NCEI GFS Archive,experiments/phase6/data/raw/gfs_20230204_12_024_subset.grib2,2023-02-05 12:00:00,30.96,31.00733330160001,31.15305,2,30.887431386347643,32.00836942675159,32.057180978090166,,32.286838097742546
43110099999,RATNAGIRI,Synoptic/Airport,16.9833333,73.3333333,2023-02-05T12:00:00,2023-02-04T12:00:00,2023-02-05T12:00:00,24,30.6,26.53,67.0,36.22,30.78,17.0,73.25,26.55,29.78,26.53,29.81,1,12z,24,NOAA NCEI GFS Archive,experiments/phase6/data/raw/gfs_20230204_12_024_subset.grib2,2023-02-05 12:00:00,26.53,27.6235551191112,26.32993,2,26.39682551319648,27.578369426751596,26.2456385748548,,27.407411545504907
43111099999,MAHABALESHWAR,Synoptic/Airport,17.9333333,73.6666666,2023-02-05T12:00:00,2023-02-04T12:00:00,2023-02-05T12:00:00,24,23.6,28.53,1382.0,888.7,493.3,18.0,73.75,30.73,29.18,31.91,28.53,1,12z,24,NOAA NCEI GFS Archive,experiments/phase6/data/raw/gfs_20230204_12_024_subset.grib2,2023-02-05 12:00:00,28.53,29.66733410986661,25.32355,2,28.913029315960912,29.578369426751596,27.327376590672174,,25.92409896369831
43113099999,SATARA,Synoptic/Airport,17.5166666,74.05,2023-02-05T12:00:00,2023-02-04T12:00:00,2023-02-05T12:00:00,24,30.6,30.59,612.0,746.14,-134.14,17.5,74.0,30.59,30.71,30.69,30.13,1,12z,24,NOAA NCEI GFS Archive,experiments/phase6/data/raw/gfs_20230204_12_024_subset.grib2,2023-02-05 12:00:00,30.59,30.611600009600004,31.46191,2,30.67796986518636,31.63836942675159,32.27982735184617,,32.70328716669976
43117099999,SOLAPUR,Synoptic/Airport,17.627958,75.934842,2023-02-05T12:00:00,2023-02-04T12:00:00,2023-02-05T12:00:00,24,32.0,31.82,482.8,492.06,-9.26,17.75,76.0,32.27,32.19,31.97,31.82,1,12z,24,NOAA NCEI GFS Archive,experiments/phase6/data/raw/gfs_20230204_12_024_subset.grib2,2023-02-05 12:00:00,31.82,32.03081070584768,31.88019,2,32.20302931596091,32.86836942675159,32.99503941449066,,32.99190479757762
43157099999,KOLHAPUR,Synoptic/Airport,16.664658,74.289353,2023-02-05T12:00:00,2023-02-04T12:00:00,2023-02-05T12:00:00,24,31.2,31.99,608.38,591.9,16.48,16.75,74.25,32.03,31.9,31.99,31.98,1,12z,24,NOAA NCEI GFS Archive,experiments/phase6/data/raw/gfs_20230204_12_024_subset.grib2,2023-02-05 12:00:00,31.99,31.99563234964608,31.88288,2,32.37302931596091,33.03836942675159,33.101183341857386,,32.967976919853676
43158099999,SANGLI,Synoptic/Airport,16.85,74.6,2023-02-05T12:00:00,2023-02-04T12:00:00,2023-02-05T12:00:00,24,31.4,31.98,549.0,562.78,-13.78,16.75,74.5,31.98,31.84,31.76,31.34,1,12z,24,NOAA NCEI GFS Archive,experiments/phase6/data/raw/gfs_20230204_12_024_subset.grib2,2023-02-05 12:00:00,31.98,31.791200000000003,32.06957,2,31.907431386347643,33.028369426751595,33.17173734480775,,33.18571380250489
42933099999,AKOLA,Synoptic/Airport,20.7,77.0333333,2023-02-06T00:00:00,2023-02-04T12:00:00,2023-02-06T00:00:00,36,15.2,19.79,282.0,280.22,1.78,20.75,77.0,20.09,20.2,19.79,19.7,1,12z,36,NOAA NCEI GFS Archive,experiments/phase6/data/raw/gfs_20230204_12_036_subset.grib2,2023-02-06 00:00:00,19.79,19.84333334,19.77843,2,20.17302931596091,20.83836942675159,18.8306541026683,,21.006227111897683
43014099999,AURANGABAD,Synoptic/Airport,19.863169,75.398206,2023-02-06T00:00:00,2023-02-04T12:00:00,2023-02-06T00:00:00,36,15.0,18.94,582.47,556.06,26.41,19.75,75.5,18.95,18.94,17.81,17.65,1,12z,36,NOAA NCEI GFS Archive,experiments/phase6/data/raw/gfs_20230204_12_036_subset.grib2,2023-02-06 00:00:00,18.94,18.3877675404464,18.768335,2,19.02796986518636,19.988369426751596,18.385123143271112,,19.97196972922312
43063099999,PUNE,Synoptic/Airport,18.5333333,73.85,2023-02-06T00:00:00,2023-02-04T12:00:00,2023-02-06T00:00:00,36,12.6,19.29,558.0,677.98,-119.98,18.5,73.75,19.29,18.72,19.39,19.2,1,12z,36,NOAA NCEI GFS Archive,experiments/phase6/data/raw/gfs_20230204_12_036_subset.grib2,2023-02-06 00:00:00,19.29,19.09559996640001,20.069869999999998,2,19.37796986518636,20.33836942675159,19.909247810974897,,21.42318704635366
43110099999,RATNAGIRI,Synoptic/Airport,16.9833333,73.3333333,2023-02-06T00:00:00,2023-02-04T12:00:00,2023-02-06T00:00:00,36,20.0,22.99,67.0,36.22,30.78,17.0,73.25,24.51,19.29,22.99,19.01,1,12z,36,NOAA NCEI GFS Archive,experiments/phase6/data/raw/gfs_20230204_12_036_subset.grib2,2023-02-06 00:00:00,22.99,21.73711180035546,22.78993,2,22.85682551319648,24.03836942675159,22.11433191597865,,23.98385327779774
43117099999,SOLAPUR,Synoptic/Airport,17.627958,75.934842,2023-02-06T00:00:00,2023-02-04T12:00:00,2023-02-06T00:00:00,36,19.4,22.12,482.8,492.06,-9.26,17.75,76.0,22.1,22.42,21.29,22.12,1,12z,36,NOAA NCEI GFS Archive,experiments/phase6/data/raw/gfs_20230204_12_036_subset.grib2,2023-02-06 00:00:00,22.12,22.11501426310977,22.18019,2,22.503029315960912,23.168369426751592,21.599209548442083,,23.416300806325776
42851099999,JALGAON,Synoptic/Airport,21.05,75.5666666,2023-02-06T12:00:00,2023-02-04T12:00:00,2023-02-06T12:00:00,48,33.0,31.61,201.0,212.38,-11.38,21.0,75.5,31.61,31.49,30.65,30.17,1,12z,48,NOAA NCEI GFS Archive,experiments/phase6/data/raw/gfs_20230204_12_048_subset.grib2,2023-02-06 12:00:00,31.61,31.366800051199995,31.68397,2,31.46510980966325,32.65836942675159,32.40629935649784,,33.02187140179949
42871099999,GONDIA ARPT/BIRSI,Synoptic/Airport,21.524467,80.287997,2023-02-06T12:00:00,2023-02-04T12:00:00,2023-02-06T12:00:00,48,30.2,28.89,300.84,301.18,-0.34,21.5,80.25,28.89,27.71,28.97,25.71,1,12z,48,NOAA NCEI GFS Archive,experiments/phase6/data/raw/gfs_20230204_12_048_subset.grib2,2023-02-06 12:00:00,28.89,28.687544095905253,28.892210000000002,2,28.74510980966325,29.938369426751592,29.148167823931864,,30.22230130604308
42920099999,OZAR AIR FORCE STATION /NASHIK ARPT,Synoptic/Airport,20.119156,73.914097,2023-02-06T12:00:00,2023-02-04T12:00:00,2023-02-06T12:00:00,48,29.0,29.31,598.02,584.38,13.64,20.0,74.0,28.4,29.31,27.77,28.52,1,12z,48,NOAA NCEI GFS Archive,experiments/phase6/data/raw/gfs_20230204_12_048_subset.grib2,2023-02-06 12:00:00,29.31,28.64698391614208,29.221339999999998,2,29.23743138634764,30.35836942675159,29.722155322719416,,30.536551398003787
42933099999,AKOLA,Synoptic/Airport,20.7,77.0333333,2023-02-06T12:00:00,2023-02-04T12:00:00,2023-02-06T12:00:00,48,29.9,31.9,282.0,280.22,1.78,20.75,77.0,31.15,30.94,31.9,31.48,1,12z,48,NOAA NCEI GFS Archive,experiments/phase6/data/raw/gfs_20230204_12_048_subset.grib2,2023-02-06 12:00:00,31.9,31.6996000504,31.88843,2,32.28302931596091,32.94836942675159,32.976776188026506,,33.21246033339087
42939099999,WARDHA,Synoptic/Airport,20.6666666,78.5833333,2023-02-06T12:00:00,2023-02-04T12:00:00,2023-02-06T12:00:00,48,32.0,30.68,283.0,275.58,7.42,20.75,78.5,31.02,31.01,30.68,30.66,1,12z,48,NOAA NCEI GFS Archive,experiments/phase6/data/raw/gfs_20230204_12_048_subset.grib2,2023-02-06 12:00:00,30.68,30.787777871555555,30.63177,2,30.54682551319648,31.72836942675159,31.062520365085888,,31.95159143722328
42943099999,YEOTMAL,Synoptic/Airport,20.4,78.15,2023-02-06T12:00:00,2023-02-04T12:00:00,2023-02-06T12:00:00,48,30.5,31.0,451.0,308.86,142.14,20.5,78.25,31.32,31.13,31.26,31.0,1,12z,48,NOAA NCEI GFS Archive,experiments/phase6/data/raw/gfs_20230204_12_048_subset.grib2,2023-02-06 12:00:00,31.0,31.1448,30.07609,2,30.85510980966325,32.04836942675159,30.711755350299846,,31.257332450787064
43014099999,AURANGABAD,Synoptic/Airport,19.863169,75.398206,2023-02-06T12:00:00,2023-02-04T12:00:00,2023-02-06T12:00:00,48,31.0,30.94,582.47,556.06,26.41,19.75,75.5,31.31,30.94,29.16,29.7,1,12z,48,NOAA NCEI GFS Archive,experiments/phase6/data/raw/gfs_20230204_12_048_subset.grib2,2023-02-06 12:00:00,30.94,30.361606769291846,30.768335,2,31.02796986518636,31.988369426751596,31.367078441236114,,32.0683449913673
43017099999,PARBHANI,Synoptic/Airport,19.1333333,76.8333333,2023-02-06T12:00:00,2023-02-04T12:00:00,2023-02-06T12:00:00,48,31.0,31.93,422.0,405.66,16.34,19.25,76.75,32.28,32.19,31.93,31.84,1,12z,48,NOAA NCEI GFS Archive,experiments/phase6/data/raw/gfs_20230204_12_048_subset.grib2,2023-02-06 12:00:00,31.93,32.063333392,31.82379,2,31.79682551319648,32.97836942675159,32.44258160962498,,33.13284918917457
43021099999,NANDED,Synoptic/Airport,19.0833333,77.3333333,2023-02-06T12:00:00,2023-02-04T12:00:00,2023-02-06T12:00:00,48,31.0,31.97,358.0,399.74,-41.74,19.0,77.25,31.97,32.01,31.76,31.27,1,12z,48,NOAA NCEI GFS Archive,experiments/phase6/data/raw/gfs_20230204_12_048_subset.grib2,2023-02-06 12:00:00,31.97,31.85444451422221,32.24131,2,31.82510980966325,33.01836942675159,33.02193514416339,,33.60988306908446
43029099999,CHANDRAPUR,Synoptic/Airport,19.9666666,79.3,2023-02-06T12:00:00,2023-02-04T12:00:00,2023-02-06T12:00:00,48,31.4,30.54,193.0,200.22,-7.22,20.0,79.25,30.68,30.64,30.54,30.38,1,12z,48,NOAA NCEI GFS Archive,experiments/phase6/data/raw/gfs_20230204_12_048_subset.grib2,2023-02-06 12:00:00,30.54,30.529866710400004,30.58693,2,30.46743138634764,31.58836942675159,31.32772184599378,,31.92194666827659
43063099999,PUNE,Synoptic/Airport,18.5333333,73.85,2023-02-06T12:00:00,2023-02-04T12:00:00,2023-02-06T12:00:00,48,30.4,30.7,558.0,677.98,-119.98,18.5,73.75,30.7,31.44,30.23,31.58,1,12z,48,NOAA NCEI GFS Archive,experiments/phase6/data/raw/gfs_20230204_12_048_subset.grib2,2023-02-06 12:00:00,30.7,30.96586669679998,31.47987,2,30.78796986518636,31.74836942675159,32.25203343047022,,32.93032416289859
43069099999,BARAMATI,Synoptic/Airport,18.15,74.5833333,2023-02-06T12:00:00,2023-02-04T12:00:00,2023-02-06T12:00:00,48,30.2,31.96,551.0,580.7,-29.7,18.25,74.5,31.68,32.13,31.96,32.3,1,12z,48,NOAA NCEI GFS Archive,experiments/phase6/data/raw/gfs_20230204_12_048_subset.grib2,2023-02-06 12:00:00,31.96,31.97599994880001,32.15305,2,31.887431386347643,33.00836942675159,33.17084119583637,,33.50928803087383
43110099999,RATNAGIRI,Synoptic/Airport,16.9833333,73.3333333,2023-02-06T12:00:00,2023-02-04T12:00:00,2023-02-06T12:00:00,48,28.0,26.35,67.0,36.22,30.78,17.0,73.25,26.48,29.3,26.35,29.32,1,12z,48,NOAA NCEI GFS Archive,experiments/phase6/data/raw/gfs_20230204_12_048_subset.grib2,2023-02-06 12:00:00,26.35,27.34533294933341,26.14993,2,26.216825513196483,27.398369426751596,25.924958081199527,,27.451385187437698
43111099999,MAHABALESHWAR,Synoptic/Airport,17.9333333,73.6666666,2023-02-06T12:00:00,2023-02-04T12:00:00,2023-02-06T12:00:00,48,23.6,28.5,1382.0,888.7,493.3,18.0,73.75,30.59,28.79,31.66,28.5,1,12z,48,NOAA NCEI GFS Archive,experiments/phase6/data/raw/gfs_20230204_12_048_subset.grib2,2023-02-06 12:00:00,28.5,29.50977850195552,25.29355,2,28.88302931596091,29.54836942675159,27.220155615968384,,26.117878913834293
43113099999,SATARA,Synoptic/Airport,17.5166666,74.05,2023-02-06T12:00:00,2023-02-04T12:00:00,2023-02-06T12:00:00,48,30.2,31.0,612.0,746.14,-134.14,17.5,74.0,31.0,31.81,31.22,31.12,1,12z,48,NOAA NCEI GFS Archive,experiments/phase6/data/raw/gfs_20230204_12_048_subset.grib2,2023-02-06 12:00:00,31.0,31.16453332319999,31.87191,2,31.08796986518636,32.04836942675159,32.6877841933699,,33.33649895423179
43117099999,SOLAPUR,Synoptic/Airport,17.627958,75.934842,2023-02-06T12:00:00,2023-02-04T12:00:00,2023-02-06T12:00:00,48,33.0,32.8,482.8,492.06,-9.26,17.75,76.0,33.3,33.26,32.9,32.8,1,12z,48,NOAA NCEI GFS Archive,experiments/phase6/data/raw/gfs_20230204_12_048_subset.grib2,2023-02-06 12:00:00,32.8,33.04298654786943,32.860189999999996,2,33.18302931596091,33.84836942675159,34.07064152419406,,34.1943805562818
43157099999,KOLHAPUR,Synoptic/Airport,16.664658,74.289353,2023-02-06T12:00:00,2023-02-04T12:00:00,2023-02-06T12:00:00,48,32.0,32.85,608.38,591.9,16.48,16.75,74.25,32.73,32.74,32.85,32.86,1,12z,48,NOAA NCEI GFS Archive,experiments/phase6/data/raw/gfs_20230204_12_048_subset.grib2,2023-02-06 12:00:00,32.85,32.81060996,32.74288,2,33.23302931596091,33.89836942675159,34.03625201578964,,34.050607631995305
43158099999,SANGLI,Synoptic/Airport,16.85,74.6,2023-02-06T12:00:00,2023-02-04T12:00:00,2023-02-06T12:00:00,48,32.0,32.86,549.0,562.78,-13.78,16.75,74.5,32.86,32.74,32.71,32.23,1,12z,48,NOAA NCEI GFS Archive,experiments/phase6/data/raw/gfs_20230204_12_048_subset.grib2,2023-02-06 12:00:00,32.86,32.6944,32.94957,2,32.78743138634764,33.90836942675159,34.14204455700238,,34.28831868907362
42851099999,JALGAON,Synoptic/Airport,21.05,75.5666666,2023-08-04T12:00:00,2023-08-04T00:00:00,2023-08-04T12:00:00,12,28.0,25.89,201.0,212.38,-11.38,21.0,75.5,25.89,26.19,24.79,24.79,1,00z,12,NOAA NCEI GFS Archive,experiments/phase6/data/raw/gfs_20230804_00_012_subset.grib2,2023-08-04 12:00:00,25.89,25.733999936000004,25.96397,8,25.74510980966325,24.977634285714288,25.841578756082445,24.79567958151055,
42871099999,GONDIA ARPT/BIRSI,Synoptic/Airport,21.524467,80.287997,2023-08-04T12:00:00,2023-08-04T00:00:00,2023-08-04T12:00:00,12,25.8,24.39,300.84,301.18,-0.34,21.5,80.25,24.39,23.79,23.89,22.49,1,00z,12,NOAA NCEI GFS Archive,experiments/phase6/data/raw/gfs_20230804_00_012_subset.grib2,2023-08-04 12:00:00,24.39,24.237973390732783,24.392210000000002,8,24.24510980966325,23.477634285714288,24.013216272787098,22.740725930804487,
42933099999,AKOLA,Synoptic/Airport,20.7,77.0333333,2023-08-04T12:00:00,2023-08-04T00:00:00,2023-08-04T12:00:00,12,29.4,26.09,282.0,280.22,1.78,20.75,77.0,25.49,25.29,26.09,25.89,1,00z,12,NOAA NCEI GFS Archive,experiments/phase6/data/raw/gfs_20230804_00_012_subset.grib2,2023-08-04 12:00:00,26.09,25.94333336,26.07843,8,26.47302931596091,25.177634285714287,26.280747096414757,24.97492923063867,
42939099999,WARDHA,Synoptic/Airport,20.6666666,78.5833333,2023-08-04T12:00:00,2023-08-04T00:00:00,2023-08-04T12:00:00,12,29.0,26.89,283.0,275.58,7.42,20.75,78.5,27.79,27.89,26.89,26.49,1,00z,12,NOAA NCEI GFS Archive,experiments/phase6/data/raw/gfs_20230804_00_012_subset.grib2,2023-08-04 12:00:00,26.89,27.11222253777776,26.84177,8,26.75682551319648,25.977634285714288,26.870461791679826,25.99625915816557,
42943099999,YEOTMAL,Synoptic/Airport,20.4,78.15,2023-08-04T12:00:00,2023-08-04T00:00:00,2023-08-04T12:00:00,12,28.0,26.89,451.0,308.86,142.14,20.5,78.25,26.29,26.59,26.29,26.89,1,00z,12,NOAA NCEI GFS Archive,experiments/phase6/data/raw/gfs_20230804_00_012_subset.grib2,2023-08-04 12:00:00,26.89,26.57800000000001,25.96609,8,26.74510980966325,25.977634285714288,26.033861118184216,25.123929011053562,
43014099999,AURANGABAD,Synoptic/Airport,19.863169,75.398206,2023-08-04T12:00:00,2023-08-04T00:00:00,2023-08-04T12:00:00,12,27.6,26.19,582.47,556.06,26.41,19.75,75.5,26.39,26.19,24.69,25.09,1,00z,12,NOAA NCEI GFS Archive,experiments/phase6/data/raw/gfs_20230804_00_012_subset.grib2,2023-08-04 12:00:00,26.19,25.662900318214405,26.018335,8,26.27796986518636,25.27763428571429,26.275538737472353,24.94767787382378,
43017099999,PARBHANI,Synoptic/Airport,19.1333333,76.8333333,2023-08-04T12:00:00,2023-08-04T00:00:00,2023-08-04T12:00:00,12,30.0,28.59,422.0,405.66,16.34,19.25,76.75,29.59,29.79,28.59,28.59,1,00z,12,NOAA NCEI GFS Archive,experiments/phase6/data/raw/gfs_20230804_00_012_subset.grib2,2023-08-04 12:00:00,28.59,29.087777907555555,28.48379,8,28.45682551319648,27.677634285714287,28.768475176920894,28.186431542023193,
43029099999,CHANDRAPUR,Synoptic/Airport,19.9666666,79.3,2023-08-04T12:00:00,2023-08-04T00:00:00,2023-08-04T12:00:00,12,25.4,26.69,193.0,200.22,-7.22,20.0,79.25,27.99,28.09,26.69,26.49,1,00z,12,NOAA NCEI GFS Archive,experiments/phase6/data/raw/gfs_20230804_00_012_subset.grib2,2023-08-04 12:00:00,26.69,26.831333696,26.73693,8,26.617431386347643,25.77763428571429,26.849901827322746,25.826592708397058,
43063099999,PUNE,Synoptic/Airport,18.5333333,73.85,2023-08-04T12:00:00,2023-08-04T00:00:00,2023-08-04T12:00:00,12,25.6,23.49,558.0,677.98,-119.98,18.5,73.75,23.49,24.79,24.39,25.39,1,00z,12,NOAA NCEI GFS Archive,experiments/phase6/data/raw/gfs_20230804_00_012_subset.grib2,2023-08-04 12:00:00,23.49,24.113999895999967,24.269869999999997,8,23.57796986518636,22.57763428571429,24.495481169019325,22.325330148449062,
43069099999,BARAMATI,Synoptic/Airport,18.15,74.5833333,2023-08-04T12:00:00,2023-08-04T00:00:00,2023-08-04T12:00:00,12,28.2,26.39,551.0,580.7,-29.7,18.25,74.5,26.99,27.99,26.39,27.59,1,00z,12,NOAA NCEI GFS Archive,experiments/phase6/data/raw/gfs_20230804_00_012_subset.grib2,2023-08-04 12:00:00,26.39,27.003333184000034,26.58305,8,26.317431386347643,25.477634285714288,26.638294764259385,25.57546010378955,
43110099999,RATNAGIRI,Synoptic/Airport,16.9833333,73.3333333,2023-08-04T12:00:00,2023-08-04T00:00:00,2023-08-04T12:00:00,12,28.0,26.99,67.0,36.22,30.78,17.0,73.25,27.19,26.59,26.99,26.29,1,00z,12,NOAA NCEI GFS Archive,experiments/phase6/data/raw/gfs_20230804_00_012_subset.grib2,2023-08-04 12:00:00,26.99,26.772222345777752,26.78993,8,26.85682551319648,26.07763428571429,26.83185058181517,25.97723122242277,
43111099999,MAHABALESHWAR,Synoptic/Airport,17.9333333,73.6666666,2023-08-04T12:00:00,2023-08-04T00:00:00,2023-08-04T12:00:00,12,19.0,20.49,1382.0,888.7,493.3,18.0,73.75,25.09,20.79,25.19,20.49,1,00z,12,NOAA NCEI GFS Archive,experiments/phase6/data/raw/gfs_20230804_00_012_subset.grib2,2023-08-04 12:00:00,20.49,22.101112358222224,17.283549999999998,8,20.87302931596091,19.57763428571429,17.947680201885518,14.387323210957522,
43113099999,SATARA,Synoptic/Airport,17.5166666,74.05,2023-08-04T12:00:00,2023-08-04T00:00:00,2023-08-04T12:00:00,12,25.4,21.49,612.0,746.14,-134.14,17.5,74.0,21.49,22.59,21.79,22.09,1,00z,12,NOAA NCEI GFS Archive,experiments/phase6/data/raw/gfs_20230804_00_012_subset.grib2,2023-08-04 12:00:00,21.49,21.71933329599999,22.361909999999998,8,21.57796986518636,20.57763428571429,22.439553524325348,19.77239383771396,
43117099999,SOLAPUR,Synoptic/Airport,17.627958,75.934842,2023-08-04T12:00:00,2023-08-04T00:00:00,2023-08-04T12:00:00,12,31.2,28.59,482.8,492.06,-9.26,17.75,76.0,28.79,28.89,28.79,28.59,1,00z,12,NOAA NCEI GFS Archive,experiments/phase6/data/raw/gfs_20230804_00_012_subset.grib2,2023-08-04 12:00:00,28.59,28.7504071393472,28.65019,8,28.97302931596091,27.677634285714287,29.248391576197665,28.352194990405522,
43157099999,KOLHAPUR,Synoptic/Airport,16.664658,74.289353,2023-08-04T12:00:00,2023-08-04T00:00:00,2023-08-04T12:00:00,12,25.8,23.49,608.38,591.9,16.48,16.75,74.25,22.99,24.09,23.49,24.59,1,00z,12,NOAA NCEI GFS Archive,experiments/phase6/data/raw/gfs_20230804_00_012_subset.grib2,2023-08-04 12:00:00,23.49,23.492469200000023,23.38288,8,23.87302931596091,22.57763428571429,23.182775449281323,21.441733266954824,
43158099999,SANGLI,Synoptic/Airport,16.85,74.6,2023-08-04T12:00:00,2023-08-04T00:00:00,2023-08-04T12:00:00,12,28.2,24.59,549.0,562.78,-13.78,16.75,74.5,24.59,25.19,24.59,24.69,1,00z,12,NOAA NCEI GFS Archive,experiments/phase6/data/raw/gfs_20230804_00_012_subset.grib2,2023-08-04 12:00:00,24.59,24.74999999999999,24.67957,8,24.51743138634764,23.677634285714287,24.38405550051489,23.092214163017367,
42933099999,AKOLA,Synoptic/Airport,20.7,77.0333333,2023-08-05T00:00:00,2023-08-04T00:00:00,2023-08-05T00:00:00,24,25.6,23.49,282.0,280.22,1.78,20.75,77.0,23.09,22.79,23.49,23.19,1,00z,24,NOAA NCEI GFS Archive,experiments/phase6/data/raw/gfs_20230804_00_024_subset.grib2,2023-08-05 00:00:00,23.49,23.370000040000004,23.47843,8,23.87302931596091,22.57763428571429,23.199812180159306,21.302654490333403,
43014099999,AURANGABAD,Synoptic/Airport,19.863169,75.398206,2023-08-05T00:00:00,2023-08-04T00:00:00,2023-08-05T00:00:00,24,23.2,22.79,582.47,556.06,26.41,19.75,75.5,23.09,22.79,21.99,22.19,1,00z,24,NOAA NCEI GFS Archive,experiments/phase6/data/raw/gfs_20230804_00_024_subset.grib2,2023-08-05 00:00:00,22.79,22.548387798512003,22.618335,8,22.87796986518636,21.877634285714286,22.574082088940674,20.21755344626988,
43063099999,PUNE,Synoptic/Airport,18.5333333,73.85,2023-08-05T00:00:00,2023-08-04T00:00:00,2023-08-05T00:00:00,24,22.2,21.69,558.0,677.98,-119.98,18.5,73.75,21.69,22.89,21.59,22.29,1,00z,24,NOAA NCEI GFS Archive,experiments/phase6/data/raw/gfs_20230804_00_024_subset.grib2,2023-08-05 00:00:00,21.69,22.13000003999997,22.46987,8,21.77796986518636,20.77763428571429,22.527366021422374,19.710905095392434,
43110099999,RATNAGIRI,Synoptic/Airport,16.9833333,73.3333333,2023-08-05T00:00:00,2023-08-04T00:00:00,2023-08-05T00:00:00,24,25.4,26.19,67.0,36.22,30.78,17.0,73.25,26.59,24.69,26.19,24.09,1,00z,24,NOAA NCEI GFS Archive,experiments/phase6/data/raw/gfs_20230804_00_024_subset.grib2,2023-08-05 00:00:00,26.19,25.52111145155549,25.98993,8,26.056825513196483,25.27763428571429,25.854296957435526,24.68511827842693,
42851099999,JALGAON,Synoptic/Airport,21.05,75.5666666,2023-08-05T12:00:00,2023-08-04T00:00:00,2023-08-05T12:00:00,36,26.8,29.66,201.0,212.38,-11.38,21.0,75.5,29.66,29.06,28.66,28.06,1,00z,36,NOAA NCEI GFS Archive,experiments/phase6/data/raw/gfs_20230804_00_036_subset.grib2,2023-08-05 12:00:00,29.66,29.30000015999999,29.73397,8,29.51510980966325,28.747634285714287,30.167275009800584,29.31226971917531,
42871099999,GONDIA ARPT/BIRSI,Synoptic/Airport,21.524467,80.287997,2023-08-05T12:00:00,2023-08-04T00:00:00,2023-08-05T12:00:00,36,30.6,27.66,300.84,301.18,-0.34,21.5,80.25,27.66,26.36,26.46,24.86,1,00z,36,NOAA NCEI GFS Archive,experiments/phase6/data/raw/gfs_20230804_00_036_subset.grib2,2023-08-05 12:00:00,27.66,27.340511571524768,27.66221,8,27.51510980966325,26.747634285714287,27.75294160467301,26.596160013938853,
42933099999,AKOLA,Synoptic/Airport,20.7,77.0333333,2023-08-05T12:00:00,2023-08-04T00:00:00,2023-08-05T12:00:00,36,31.9,30.36,282.0,280.22,1.78,20.75,77.0,28.66,28.46,30.36,30.16,1,00z,36,NOAA NCEI GFS Archive,experiments/phase6/data/raw/gfs_20230804_00_036_subset.grib2,2023-08-05 12:00:00,30.36,29.99333336,30.34843,8,30.74302931596091,29.447634285714287,31.20930757017723,30.152675422833823,
42939099999,WARDHA,Synoptic/Airport,20.6666666,78.5833333,2023-08-05T12:00:00,2023-08-04T00:00:00,2023-08-05T12:00:00,36,27.1,29.36,283.0,275.58,7.42,20.75,78.5,29.96,30.06,29.36,29.46,1,00z,36,NOAA NCEI GFS Archive,experiments/phase6/data/raw/gfs_20230804_00_036_subset.grib2,2023-08-05 12:00:00,29.36,29.593333480000005,29.31177,8,29.22682551319648,28.447634285714287,29.599943904380652,28.7938435540513,
42943099999,YEOTMAL,Synoptic/Airport,20.4,78.15,2023-08-05T12:00:00,2023-08-04T00:00:00,2023-08-05T12:00:00,36,29.5,29.46,451.0,308.86,142.14,20.5,78.25,28.96,28.86,29.16,29.46,1,00z,36,NOAA NCEI GFS Archive,experiments/phase6/data/raw/gfs_20230804_00_036_subset.grib2,2023-08-05 12:00:00,29.46,29.164,28.53609,8,29.31510980966325,28.547634285714288,28.953227159505012,28.053744617845375,
43014099999,AURANGABAD,Synoptic/Airport,19.863169,75.398206,2023-08-05T12:00:00,2023-08-04T00:00:00,2023-08-05T12:00:00,36,26.2,27.96,582.47,556.06,26.41,19.75,75.5,28.06,27.96,26.76,27.26,1,00z,36,NOAA NCEI GFS Archive,experiments/phase6/data/raw/gfs_20230804_00_036_subset.grib2,2023-08-05 12:00:00,27.96,27.573253118214406,27.788335,8,28.04796986518636,27.047634285714288,28.156835854790593,26.819643793366957,
43017099999,PARBHANI,Synoptic/Airport,19.1333333,76.8333333,2023-08-05T12:00:00,2023-08-04T00:00:00,2023-08-05T12:00:00,36,30.2,28.36,422.0,405.66,16.34,19.25,76.75,28.66,28.46,28.36,28.06,1,00z,36,NOAA NCEI GFS Archive,experiments/phase6/data/raw/gfs_20230804_00_036_subset.grib2,2023-08-05 12:00:00,28.36,28.41555563377777,28.25379,8,28.22682551319648,27.447634285714287,28.39024444540985,27.413773243444787,
43021099999,NANDED,Synoptic/Airport,19.0833333,77.3333333,2023-08-05T12:00:00,2023-08-04T00:00:00,2023-08-05T12:00:00,36,28.4,27.76,358.0,399.74,-41.74,19.0,77.25,27.76,28.06,28.16,28.16,1,00z,36,NOAA NCEI GFS Archive,experiments/phase6/data/raw/gfs_20230804_00_036_subset.grib2,2023-08-05 12:00:00,27.76,27.95999993333333,28.03131,8,27.61510980966325,26.84763428571429,28.13432223078447,26.996461801525726,
43029099999,CHANDRAPUR,Synoptic/Airport,19.9666666,79.3,2023-08-05T12:00:00,2023-08-04T00:00:00,2023-08-05T12:00:00,36,33.2,28.56,193.0,200.22,-7.22,20.0,79.25,28.66,28.16,28.56,27.66,1,00z,36,NOAA NCEI GFS Archive,experiments/phase6/data/raw/gfs_20230804_00_036_subset.grib2,2023-08-05 12:00:00,28.56,28.404000048000007,28.60693,8,28.48743138634764,27.64763428571429,29.002871335317884,27.830789838846307,
43063099999,PUNE,Synoptic/Airport,18.5333333,73.85,2023-08-05T12:00:00,2023-08-04T00:00:00,2023-08-05T12:00:00,36,25.2,24.56,558.0,677.98,-119.98,18.5,73.75,24.56,25.96,24.86,25.96,1,00z,36,NOAA NCEI GFS Archive,experiments/phase6/data/raw/gfs_20230804_00_036_subset.grib2,2023-08-05 12:00:00,24.56,25.143999975999968,25.339869999999998,8,24.64796986518636,23.64763428571429,25.61844137967863,23.271677591649684,
43069099999,BARAMATI,Synoptic/Airport,18.15,74.5833333,2023-08-05T12:00:00,2023-08-04T00:00:00,2023-08-05T12:00:00,36,28.8,27.66,551.0,580.7,-29.7,18.25,74.5,28.26,28.86,27.66,28.56,1,00z,36,NOAA NCEI GFS Archive,experiments/phase6/data/raw/gfs_20230804_00_036_subset.grib2,2023-08-05 12:00:00,27.66,28.159999896000027,27.85305,8,27.58743138634764,26.747634285714287,28.074499244496632,26.78626996880233,
43110099999,RATNAGIRI,Synoptic/Airport,16.9833333,73.3333333,2023-08-05T12:00:00,2023-08-04T00:00:00,2023-08-05T12:00:00,36,28.4,27.26,67.0,36.22,30.78,17.0,73.25,27.16,27.26,27.26,27.46,1,00z,36,NOAA NCEI GFS Archive,experiments/phase6/data/raw/gfs_20230804_00_036_subset.grib2,2023-08-05 12:00:00,27.26,27.317777734222236,27.05993,8,27.126825513196483,26.34763428571429,27.029122228861883,25.86572897837477,
43111099999,MAHABALESHWAR,Synoptic/Airport,17.9333333,73.6666666,2023-08-05T12:00:00,2023-08-04T00:00:00,2023-08-05T12:00:00,36,19.0,21.56,1382.0,888.7,493.3,18.0,73.75,26.56,22.26,26.06,21.56,1,00z,36,NOAA NCEI GFS Archive,experiments/phase6/data/raw/gfs_20230804_00_036_subset.grib2,2023-08-05 12:00:00,21.56,23.228890159111117,18.35355,8,21.94302931596091,20.64763428571429,19.12868238841729,15.333670654158148,
43113099999,SATARA,Synoptic/Airport,17.5166666,74.05,2023-08-05T12:00:00,2023-08-04T00:00:00,2023-08-05T12:00:00,36,24.6,23.16,612.0,746.14,-134.14,17.5,74.0,23.16,24.56,23.76,24.36,1,00z,36,NOAA NCEI GFS Archive,experiments/phase6/data/raw/gfs_20230804_00_036_subset.grib2,2023-08-05 12:00:00,23.16,23.46933321599999,24.03191,8,23.24796986518636,22.247634285714287,24.21251679783517,21.512128546351057,
43117099999,SOLAPUR,Synoptic/Airport,17.627958,75.934842,2023-08-05T12:00:00,2023-08-04T00:00:00,2023-08-05T12:00:00,36,29.6,28.36,482.8,492.06,-9.26,17.75,76.0,29.26,29.06,28.56,28.36,1,00z,36,NOAA NCEI GFS Archive,experiments/phase6/data/raw/gfs_20230804_00_036_subset.grib2,2023-08-05 12:00:00,28.36,28.753844,28.420189999999998,8,28.74302931596091,27.447634285714287,28.90694820854196,27.579536691827116,
43157099999,KOLHAPUR,Synoptic/Airport,16.664658,74.289353,2023-08-05T12:00:00,2023-08-04T00:00:00,2023-08-05T12:00:00,36,25.0,24.86,608.38,591.9,16.48,16.75,74.25,24.46,25.66,24.86,26.06,1,00z,36,NOAA NCEI GFS Archive,experiments/phase6/data/raw/gfs_20230804_00_036_subset.grib2,2023-08-05 12:00:00,24.86,24.912347200000024,24.75288,8,25.24302931596091,23.947634285714287,24.71511122524097,22.784774342873686,
43158099999,SANGLI,Synoptic/Airport,16.85,74.6,2023-08-05T12:00:00,2023-08-04T00:00:00,2023-08-05T12:00:00,36,27.0,26.06,549.0,562.78,-13.78,16.75,74.5,26.06,26.76,26.06,25.86,1,00z,36,NOAA NCEI GFS Archive,experiments/phase6/data/raw/gfs_20230804_00_036_subset.grib2,2023-08-05 12:00:00,26.06,26.19599999999999,26.149569999999997,8,25.98743138634764,25.14763428571429,26.059181656671434,24.567486449842306,
42933099999,AKOLA,Synoptic/Airport,20.7,77.0333333,2023-08-06T00:00:00,2023-08-04T00:00:00,2023-08-06T00:00:00,48,25.6,24.04,282.0,280.22,1.78,20.75,77.0,23.44,23.34,24.04,23.74,1,00z,48,NOAA NCEI GFS Archive,experiments/phase6/data/raw/gfs_20230804_00_048_subset.grib2,2023-08-06 00:00:00,24.04,23.885333368,24.02843,8,24.42302931596091,23.127634285714286,23.771836145016085,21.561399636822415,
43014099999,AURANGABAD,Synoptic/Airport,19.863169,75.398206,2023-08-06T00:00:00,2023-08-04T00:00:00,2023-08-06T00:00:00,48,22.4,22.44,582.47,556.06,26.41,19.75,75.5,22.74,22.44,22.04,22.24,1,00z,48,NOAA NCEI GFS Archive,experiments/phase6/data/raw/gfs_20230804_00_048_subset.grib2,2023-08-06 00:00:00,22.44,22.379458198512,22.268335,8,22.52796986518636,21.52763428571429,22.158701717520415,19.286217694604183,
43063099999,PUNE,Synoptic/Airport,18.5333333,73.85,2023-08-06T00:00:00,2023-08-04T00:00:00,2023-08-06T00:00:00,48,22.8,21.44,558.0,677.98,-119.98,18.5,73.75,21.44,22.14,21.44,21.74,1,00z,48,NOAA NCEI GFS Archive,experiments/phase6/data/raw/gfs_20230804_00_048_subset.grib2,2023-08-06 00:00:00,21.44,21.69866668799999,22.21987,8,21.52796986518636,20.52763428571429,22.220319493810532,18.911800554632812,
43110099999,RATNAGIRI,Synoptic/Airport,16.9833333,73.3333333,2023-08-06T00:00:00,2023-08-04T00:00:00,2023-08-06T00:00:00,48,26.8,26.14,67.0,36.22,30.78,17.0,73.25,26.64,24.24,26.14,23.64,1,00z,48,NOAA NCEI GFS Archive,experiments/phase6/data/raw/gfs_20230804_00_048_subset.grib2,2023-08-06 00:00:00,26.14,25.34222262577771,25.93993,8,26.00682551319648,25.227634285714288,25.68324708220527,24.15047615947947,
42933099999,AKOLA,Synoptic/Airport,20.7,77.0333333,2023-08-05T00:00:00,2023-08-04T12:00:00,2023-08-05T00:00:00,12,25.6,23.33,282.0,280.22,1.78,20.75,77.0,23.23,23.03,23.33,23.13,1,12z,12,NOAA NCEI GFS Archive,experiments/phase6/data/raw/gfs_20230804_12_012_subset.grib2,2023-08-05 00:00:00,23.33,23.28333336,23.31843,8,23.71302931596091,22.41763428571429,23.048478073678268,21.325347809630884,
43014099999,AURANGABAD,Synoptic/Airport,19.863169,75.398206,2023-08-05T00:00:00,2023-08-04T12:00:00,2023-08-05T00:00:00,12,23.2,23.03,582.47,556.06,26.41,19.75,75.5,23.53,23.03,21.83,21.93,1,12z,12,NOAA NCEI GFS Archive,experiments/phase6/data/raw/gfs_20230804_12_012_subset.grib2,2023-08-05 00:00:00,23.03,22.625053118214403,22.858335,8,23.11796986518636,22.11763428571429,22.85218927312628,20.76917160919168,
43063099999,PUNE,Synoptic/Airport,18.5333333,73.85,2023-08-05T00:00:00,2023-08-04T12:00:00,2023-08-05T00:00:00,12,22.2,21.93,558.0,677.98,-119.98,18.5,73.75,21.93,22.93,21.83,22.43,1,12z,12,NOAA NCEI GFS Archive,experiments/phase6/data/raw/gfs_20230804_12_012_subset.grib2,2023-08-05 00:00:00,21.93,22.29533336799998,22.70987,8,22.01796986518636,21.017634285714287,22.805473205607974,20.262523258314232,
43110099999,RATNAGIRI,Synoptic/Airport,16.9833333,73.3333333,2023-08-05T00:00:00,2023-08-04T12:00:00,2023-08-05T00:00:00,12,25.4,26.33,67.0,36.22,30.78,17.0,73.25,26.53,24.53,26.33,23.93,1,12z,12,NOAA NCEI GFS Archive,experiments/phase6/data/raw/gfs_20230804_12_012_subset.grib2,2023-08-05 00:00:00,26.33,25.552222583111035,26.129929999999998,8,26.19682551319648,25.41763428571429,26.072187442118935,25.104505230442648,
42851099999,JALGAON,Synoptic/Airport,21.05,75.5666666,2023-08-05T12:00:00,2023-08-04T12:00:00,2023-08-05T12:00:00,24,26.8,28.83,201.0,212.38,-11.38,21.0,75.5,28.83,29.83,28.13,28.73,1,12z,24,NOAA NCEI GFS Archive,experiments/phase6/data/raw/gfs_20230804_12_024_subset.grib2,2023-08-05 12:00:00,28.83,28.935333088000014,28.903969999999997,8,28.68510980966325,27.91763428571429,29.240825528007512,28.449013925402063,
42871099999,GONDIA ARPT/BIRSI,Synoptic/Airport,21.524467,80.287997,2023-08-05T12:00:00,2023-08-04T12:00:00,2023-08-05T12:00:00,24,30.6,26.43,300.84,301.18,-0.34,21.5,80.25,26.43,25.63,25.93,24.83,1,12z,24,NOAA NCEI GFS Archive,experiments/phase6/data/raw/gfs_20230804_12_024_subset.grib2,2023-08-05 12:00:00,26.43,26.255013171524784,26.43221,8,26.28510980966325,25.517634285714287,26.357715385414156,25.20397937654129,
42933099999,AKOLA,Synoptic/Airport,20.7,77.0333333,2023-08-05T12:00:00,2023-08-04T12:00:00,2023-08-05T12:00:00,24,31.9,30.63,282.0,280.22,1.78,20.75,77.0,29.03,28.73,30.63,30.13,1,12z,24,NOAA NCEI GFS Archive,experiments/phase6/data/raw/gfs_20230804_12_024_subset.grib2,2023-08-05 12:00:00,30.63,30.248666728000003,30.61843,8,31.01302931596091,29.717634285714286,31.56155160854282,30.743962949027445,
42939099999,WARDHA,Synoptic/Airport,20.6666666,78.5833333,2023-08-05T12:00:00,2023-08-04T12:00:00,2023-08-05T12:00:00,24,27.1,29.93,283.0,275.58,7.42,20.75,78.5,30.43,30.93,29.93,30.43,1,12z,24,NOAA NCEI GFS Archive,experiments/phase6/data/raw/gfs_20230804_12_024_subset.grib2,2023-08-05 12:00:00,29.93,30.26333340000001,29.88177,8,29.79682551319648,29.017634285714287,30.312766434623736,29.78182471296316,
42943099999,YEOTMAL,Synoptic/Airport,20.4,78.15,2023-08-05T12:00:00,2023-08-04T12:00:00,2023-08-05T12:00:00,24,29.5,29.33,451.0,308.86,142.14,20.5,78.25,29.23,29.03,28.93,29.33,1,12z,24,NOAA NCEI GFS Archive,experiments/phase6/data/raw/gfs_20230804_12_024_subset.grib2,2023-08-05 12:00:00,29.33,29.146000000000004,28.40609,8,29.18510980966325,28.41763428571429,28.847136968277056,28.116107300414676,
43014099999,AURANGABAD,Synoptic/Airport,19.863169,75.398206,2023-08-05T12:00:00,2023-08-04T12:00:00,2023-08-05T12:00:00,24,26.2,28.53,582.47,556.06,26.41,19.75,75.5,28.73,28.53,26.63,27.43,1,12z,24,NOAA NCEI GFS Archive,experiments/phase6/data/raw/gfs_20230804_12_024_subset.grib2,2023-08-05 12:00:00,28.53,27.92917279702401,28.358335,8,28.61796986518636,27.61763428571429,28.792444723543984,27.807624952278818,
43017099999,PARBHANI,Synoptic/Airport,19.1333333,76.8333333,2023-08-05T12:00:00,2023-08-04T12:00:00,2023-08-05T12:00:00,24,30.2,28.23,422.0,405.66,16.34,19.25,76.75,28.03,27.93,28.23,28.33,1,12z,24,NOAA NCEI GFS Archive,experiments/phase6/data/raw/gfs_20230804_12_024_subset.grib2,2023-08-05 12:00:00,28.23,28.138888852444445,28.12379,8,28.09682551319648,27.317634285714288,28.29736364567207,27.4761359260141,
43021099999,NANDED,Synoptic/Airport,19.0833333,77.3333333,2023-08-05T12:00:00,2023-08-04T12:00:00,2023-08-05T12:00:00,24,28.4,27.93,358.0,399.74,-41.74,19.0,77.25,27.93,28.13,28.63,28.83,1,12z,24,NOAA NCEI GFS Archive,experiments/phase6/data/raw/gfs_20230804_12_024_subset.grib2,2023-08-05 12:00:00,27.93,28.22999988,28.20131,8,27.78510980966325,27.017634285714287,28.37981459265585,27.45551811681327,
43029099999,CHANDRAPUR,Synoptic/Airport,19.9666666,79.3,2023-08-05T12:00:00,2023-08-04T12:00:00,2023-08-05T12:00:00,24,33.2,28.43,193.0,200.22,-7.22,20.0,79.25,28.83,28.63,28.43,27.73,1,12z,24,NOAA NCEI GFS Archive,experiments/phase6/data/raw/gfs_20230804_12_024_subset.grib2,2023-08-05 12:00:00,28.43,28.35666680000001,28.47693,8,28.35743138634764,27.517634285714287,28.888046326895484,27.89315252141562,
43063099999,PUNE,Synoptic/Airport,18.5333333,73.85,2023-08-05T12:00:00,2023-08-04T12:00:00,2023-08-05T12:00:00,24,25.2,24.53,558.0,677.98,-119.98,18.5,73.75,24.53,25.93,24.93,25.83,1,12z,24,NOAA NCEI GFS Archive,experiments/phase6/data/raw/gfs_20230804_12_024_subset.grib2,2023-08-05 12:00:00,24.53,25.116666639999966,25.30987,8,24.61796986518636,23.61763428571429,25.6040471855815,23.466271485125077,
43069099999,BARAMATI,Synoptic/Airport,18.15,74.5833333,2023-08-05T12:00:00,2023-08-04T12:00:00,2023-08-05T12:00:00,24,28.8,27.73,551.0,580.7,-29.7,18.25,74.5,28.23,28.83,27.73,28.43,1,12z,24,NOAA NCEI GFS Archive,experiments/phase6/data/raw/gfs_20230804_12_024_subset.grib2,2023-08-05 12:00:00,27.73,28.149999912000023,27.92305,8,27.657431386347643,26.817634285714288,28.19859591199353,27.1130950731838,
43110099999,RATNAGIRI,Synoptic/Airport,16.9833333,73.3333333,2023-08-05T12:00:00,2023-08-04T12:00:00,2023-08-05T12:00:00,24,28.4,27.43,67.0,36.22,30.78,17.0,73.25,27.43,27.33,27.43,27.23,1,12z,24,NOAA NCEI GFS Archive,experiments/phase6/data/raw/gfs_20230804_12_024_subset.grib2,2023-08-05 12:00:00,27.43,27.36555558577777,27.22993,8,27.29682551319648,26.517634285714287,27.281542856258756,26.32478529366231,
43111099999,MAHABALESHWAR,Synoptic/Airport,17.9333333,73.6666666,2023-08-05T12:00:00,2023-08-04T12:00:00,2023-08-05T12:00:00,24,19.0,21.83,1382.0,888.7,493.3,18.0,73.75,26.53,22.43,26.33,21.83,1,12z,24,NOAA NCEI GFS Archive,experiments/phase6/data/raw/gfs_20230804_12_024_subset.grib2,2023-08-05 12:00:00,21.83,23.454445678222218,18.623549999999998,8,22.21302931596091,20.91763428571429,19.48092642678288,15.924958180351771,
43113099999,SATARA,Synoptic/Airport,17.5166666,74.05,2023-08-05T12:00:00,2023-08-04T12:00:00,2023-08-05T12:00:00,24,24.6,23.13,612.0,746.14,-134.14,17.5,74.0,23.13,24.43,23.73,24.33,1,12z,24,NOAA NCEI GFS Archive,experiments/phase6/data/raw/gfs_20230804_12_024_subset.grib2,2023-08-05 12:00:00,23.13,23.420666543999985,24.00191,8,23.21796986518636,22.217634285714286,24.19812260373804,21.706722439826443,
43117099999,SOLAPUR,Synoptic/Airport,17.627958,75.934842,2023-08-05T12:00:00,2023-08-04T12:00:00,2023-08-05T12:00:00,24,29.6,28.43,482.8,492.06,-9.26,17.75,76.0,29.03,28.93,28.63,28.43,1,12z,24,NOAA NCEI GFS Archive,experiments/phase6/data/raw/gfs_20230804_12_024_subset.grib2,2023-08-05 12:00:00,28.43,28.7134871797824,28.49019,8,28.81302931596091,27.517634285714287,29.02496985395563,27.906361796208586,
43157099999,KOLHAPUR,Synoptic/Airport,16.664658,74.289353,2023-08-05T12:00:00,2023-08-04T12:00:00,2023-08-05T12:00:00,24,25.0,24.73,608.38,591.9,16.48,16.75,74.25,24.73,25.63,24.73,25.73,1,12z,24,NOAA NCEI GFS Archive,experiments/phase6/data/raw/gfs_20230804_12_024_subset.grib2,2023-08-05 12:00:00,24.73,24.88203845803842,24.622880000000002,8,25.11302931596091,23.817634285714288,24.598910477702724,22.847137025442994,
43158099999,SANGLI,Synoptic/Airport,16.85,74.6,2023-08-05T12:00:00,2023-08-04T12:00:00,2023-08-05T12:00:00,24,27.0,25.73,549.0,562.78,-13.78,16.75,74.5,25.73,26.53,25.83,25.73,1,12z,24,NOAA NCEI GFS Archive,experiments/phase6/data/raw/gfs_20230804_12_024_subset.grib2,2023-08-05 12:00:00,25.73,25.945999999999987,25.81957,8,25.657431386347643,24.817634285714288,25.70543497232974,24.365386710599456,
42933099999,AKOLA,Synoptic/Airport,20.7,77.0333333,2023-08-06T00:00:00,2023-08-04T12:00:00,2023-08-06T00:00:00,36,25.6,23.77,282.0,280.22,1.78,20.75,77.0,22.97,22.97,23.77,23.57,1,12z,36,NOAA NCEI GFS Archive,experiments/phase6/data/raw/gfs_20230804_12_036_subset.grib2,2023-08-06 00:00:00,23.77,23.588666688,23.75843,8,24.15302931596091,22.857634285714287,23.491679722411494,21.438638624123215,
43014099999,AURANGABAD,Synoptic/Airport,19.863169,75.398206,2023-08-06T00:00:00,2023-08-04T12:00:00,2023-08-06T00:00:00,36,22.4,23.07,582.47,556.06,26.41,19.75,75.5,23.57,23.07,22.07,22.37,1,12z,36,NOAA NCEI GFS Archive,experiments/phase6/data/raw/gfs_20230804_12_036_subset.grib2,2023-08-06 00:00:00,23.07,22.80925975761921,22.898335,8,23.15796986518636,22.157634285714288,22.859310892558856,20.353537580059694,
43063099999,PUNE,Synoptic/Airport,18.5333333,73.85,2023-08-06T00:00:00,2023-08-04T12:00:00,2023-08-06T00:00:00,36,22.8,21.67,558.0,677.98,-119.98,18.5,73.75,21.67,21.97,21.87,22.27,1,12z,36,NOAA NCEI GFS Archive,experiments/phase6/data/raw/gfs_20230804_12_036_subset.grib2,2023-08-06 00:00:00,21.67,21.82199996799999,22.44987,8,21.75796986518636,20.75763428571429,22.487593293615294,19.450195596464006,
43110099999,RATNAGIRI,Synoptic/Airport,16.9833333,73.3333333,2023-08-06T00:00:00,2023-08-04T12:00:00,2023-08-06T00:00:00,36,26.8,26.17,67.0,36.22,30.78,17.0,73.25,26.47,23.87,26.17,23.57,1,12z,36,NOAA NCEI GFS Archive,experiments/phase6/data/raw/gfs_20230804_12_036_subset.grib2,2023-08-06 00:00:00,26.17,25.32333371999993,25.96993,8,26.036825513196483,25.25763428571429,25.77452704360598,24.424408779498506,
42851099999,JALGAON,Synoptic/Airport,21.05,75.5666666,2023-08-06T12:00:00,2023-08-04T12:00:00,2023-08-06T12:00:00,48,29.4,28.15,201.0,212.38,-11.38,21.0,75.5,28.15,28.15,27.05,26.75,1,12z,48,NOAA NCEI GFS Archive,experiments/phase6/data/raw/gfs_20230804_12_048_subset.grib2,2023-08-06 12:00:00,28.15,27.914000016,28.223969999999998,8,28.00510980966325,27.23763428571429,28.351380577418833,27.081315177746305,
42871099999,GONDIA ARPT/BIRSI,Synoptic/Airport,21.524467,80.287997,2023-08-06T12:00:00,2023-08-04T12:00:00,2023-08-06T12:00:00,48,25.6,25.45,300.84,301.18,-0.34,21.5,80.25,25.45,24.95,25.55,23.35,1,12z,48,NOAA NCEI GFS Archive,experiments/phase6/data/raw/gfs_20230804_12_048_subset.grib2,2023-08-06 12:00:00,25.45,25.358505705307188,25.45221,8,25.30510980966325,24.537634285714287,25.116687881726143,23.439586996167293,
42933099999,AKOLA,Synoptic/Airport,20.7,77.0333333,2023-08-06T12:00:00,2023-08-04T12:00:00,2023-08-06T12:00:00,48,29.8,29.45,282.0,280.22,1.78,20.75,77.0,27.85,27.75,29.45,28.95,1,12z,48,NOAA NCEI GFS Archive,experiments/phase6/data/raw/gfs_20230804_12_048_subset.grib2,2023-08-06 12:00:00,29.45,29.074000056,29.43843,8,29.83302931596091,28.537634285714287,30.107551874365498,28.715108146841292,
42939099999,WARDHA,Synoptic/Airport,20.6666666,78.5833333,2023-08-06T12:00:00,2023-08-04T12:00:00,2023-08-06T12:00:00,48,29.0,28.05,283.0,275.58,7.42,20.75,78.5,29.35,29.25,28.05,27.85,1,12z,48,NOAA NCEI GFS Archive,experiments/phase6/data/raw/gfs_20230804_12_048_subset.grib2,2023-08-06 12:00:00,28.05,28.42777815555555,28.00177,8,27.91682551319648,27.137634285714288,28.035377853872095,26.827351434434455,
42943099999,YEOTMAL,Synoptic/Airport,20.4,78.15,2023-08-06T12:00:00,2023-08-04T12:00:00,2023-08-06T12:00:00,48,26.2,28.55,451.0,308.86,142.14,20.5,78.25,27.25,27.15,28.05,28.55,1,12z,48,NOAA NCEI GFS Archive,experiments/phase6/data/raw/gfs_20230804_12_048_subset.grib2,2023-08-06 12:00:00,28.55,27.886,27.62609,8,28.40510980966325,27.637634285714288,27.840497833321937,26.616177341852843,
43014099999,AURANGABAD,Synoptic/Airport,19.863169,75.398206,2023-08-06T12:00:00,2023-08-04T12:00:00,2023-08-06T12:00:00,48,26.4,27.85,582.47,556.06,26.41,19.75,75.5,28.05,27.85,26.65,26.95,1,12z,48,NOAA NCEI GFS Archive,experiments/phase6/data/raw/gfs_20230804_12_048_subset.grib2,2023-08-06 12:00:00,27.85,27.431867398512004,27.678335,8,27.93796986518636,26.93763428571429,28.019562667555938,26.439926204623063,
43017099999,PARBHANI,Synoptic/Airport,19.1333333,76.8333333,2023-08-06T12:00:00,2023-08-04T12:00:00,2023-08-06T12:00:00,48,31.2,27.35,422.0,405.66,16.34,19.25,76.75,27.25,27.85,27.35,27.15,1,12z,48,NOAA NCEI GFS Archive,experiments/phase6/data/raw/gfs_20230804_12_048_subset.grib2,2023-08-06 12:00:00,27.35,27.36111111022221,27.24379,8,27.216825513196483,26.43763428571429,27.170979822035942,25.843974756546185,
43021099999,NANDED,Synoptic/Airport,19.0833333,77.3333333,2023-08-06T12:00:00,2023-08-04T12:00:00,2023-08-06T12:00:00,48,30.0,28.35,358.0,399.74,-41.74,19.0,77.25,28.35,27.75,27.15,26.55,1,12z,48,NOAA NCEI GFS Archive,experiments/phase6/data/raw/gfs_20230804_12_048_subset.grib2,2023-08-06 12:00:00,28.35,27.750000239999984,28.62131,8,28.20510980966325,27.43763428571429,28.779505670098075,27.54236268912438,
43029099999,CHANDRAPUR,Synoptic/Airport,19.9666666,79.3,2023-08-06T12:00:00,2023-08-04T12:00:00,2023-08-06T12:00:00,48,30.0,28.55,193.0,200.22,-7.22,20.0,79.25,28.95,28.95,28.55,28.15,1,12z,48,NOAA NCEI GFS Archive,experiments/phase6/data/raw/gfs_20230804_12_048_subset.grib2,2023-08-06 12:00:00,28.55,28.534000128,28.59693,8,28.477431386347643,27.637634285714288,28.95045117059678,27.583303461008494,
43063099999,PUNE,Synoptic/Airport,18.5333333,73.85,2023-08-06T12:00:00,2023-08-04T12:00:00,2023-08-06T12:00:00,48,24.8,24.15,558.0,677.98,-119.98,18.5,73.75,24.15,25.75,24.45,25.65,1,12z,48,NOAA NCEI GFS Archive,experiments/phase6/data/raw/gfs_20230804_12_048_subset.grib2,2023-08-06 12:00:00,24.15,24.808666647999964,24.929869999999998,8,24.23796986518636,23.23763428571429,25.156166661018712,22.49526637018755,
43069099999,BARAMATI,Synoptic/Airport,18.15,74.5833333,2023-08-06T12:00:00,2023-08-04T12:00:00,2023-08-06T12:00:00,48,28.2,27.75,551.0,580.7,-29.7,18.25,74.5,28.25,28.85,27.75,28.55,1,12z,48,NOAA NCEI GFS Archive,experiments/phase6/data/raw/gfs_20230804_12_048_subset.grib2,2023-08-06 12:00:00,27.75,28.189999904000025,27.94305,8,27.67743138634764,26.837634285714287,28.141539917735173,26.67101480187059,
43110099999,RATNAGIRI,Synoptic/Airport,16.9833333,73.3333333,2023-08-06T12:00:00,2023-08-04T12:00:00,2023-08-06T12:00:00,48,28.2,27.05,67.0,36.22,30.78,17.0,73.25,27.15,27.15,27.05,26.95,1,12z,48,NOAA NCEI GFS Archive,experiments/phase6/data/raw/gfs_20230804_12_048_subset.grib2,2023-08-06 12:00:00,27.05,27.025555585777774,26.84993,8,26.91682551319648,26.137634285714288,26.730661411180385,25.35378017872479,
43111099999,MAHABALESHWAR,Synoptic/Airport,17.9333333,73.6666666,2023-08-06T12:00:00,2023-08-04T12:00:00,2023-08-06T12:00:00,48,18.8,21.75,1382.0,888.7,493.3,18.0,73.75,26.25,22.25,26.15,21.75,1,12z,48,NOAA NCEI GFS Archive,experiments/phase6/data/raw/gfs_20230804_12_048_subset.grib2,2023-08-06 12:00:00,21.75,23.314445638222217,18.54355,8,22.13302931596091,20.837634285714287,19.315149853841113,15.35064669813249,
43113099999,SATARA,Synoptic/Airport,17.5166666,74.05,2023-08-06T12:00:00,2023-08-04T12:00:00,2023-08-06T12:00:00,48,25.4,23.35,612.0,746.14,-134.14,17.5,74.0,23.35,24.55,23.55,24.35,1,12z,48,NOAA NCEI GFS Archive,experiments/phase6/data/raw/gfs_20230804_12_048_subset.grib2,2023-08-06 12:00:00,23.35,23.59799996799999,24.22191,8,23.43796986518636,22.43763428571429,24.400245142025774,21.529104590325403,
43117099999,SOLAPUR,Synoptic/Airport,17.627958,75.934842,2023-08-06T12:00:00,2023-08-04T12:00:00,2023-08-06T12:00:00,48,29.0,28.15,482.8,492.06,-9.26,17.75,76.0,29.05,28.95,28.65,28.15,1,12z,48,NOAA NCEI GFS Archive,experiments/phase6/data/raw/gfs_20230804_12_048_subset.grib2,2023-08-06 12:00:00,28.15,28.6199575191296,28.210189999999997,8,28.53302931596091,27.23763428571429,28.62497088806194,27.06758789217714,
43157099999,KOLHAPUR,Synoptic/Airport,16.664658,74.289353,2023-08-06T12:00:00,2023-08-04T12:00:00,2023-08-06T12:00:00,48,25.0,24.75,608.38,591.9,16.48,16.75,74.25,24.65,25.85,24.75,25.95,1,12z,48,NOAA NCEI GFS Archive,experiments/phase6/data/raw/gfs_20230804_12_048_subset.grib2,2023-08-06 12:00:00,24.75,24.90475760000003,24.64288,8,25.13302931596091,23.837634285714287,24.550245101236914,22.405056754129788,
43158099999,SANGLI,Synoptic/Airport,16.85,74.6,2023-08-06T12:00:00,2023-08-04T12:00:00,2023-08-06T12:00:00,48,26.2,25.95,549.0,562.78,-13.78,16.75,74.5,25.95,26.65,25.85,25.65,1,12z,48,NOAA NCEI GFS Archive,experiments/phase6/data/raw/gfs_20230804_12_048_subset.grib2,2023-08-06 12:00:00,25.95,26.04599999999999,26.039569999999998,8,25.87743138634764,25.037634285714287,25.887300653990682,24.187768861098405,
42851099999,JALGAON,Synoptic/Airport,21.05,75.5666666,2023-02-05T12:00:00,2023-02-05T00:00:00,2023-02-05T12:00:00,12,33.0,30.37,201.0,212.38,-11.38,21.0,75.5,30.37,30.21,29.18,28.7,1,00z,12,NOAA NCEI GFS Archive,experiments/phase6/data/raw/gfs_20230205_00_012_subset.grib2,2023-02-05 12:00:00,30.37,30.072266726399995,30.44397,2,30.22510980966325,31.418369426751592,31.091878215699197,,31.447860769654774
42871099999,GONDIA ARPT/BIRSI,Synoptic/Airport,21.524467,80.287997,2023-02-05T12:00:00,2023-02-05T00:00:00,2023-02-05T12:00:00,12,30.0,27.87,300.84,301.18,-0.34,21.5,80.25,27.87,26.82,27.62,24.83,1,00z,12,NOAA NCEI GFS Archive,experiments/phase6/data/raw/gfs_20230205_00_012_subset.grib2,2023-02-05 12:00:00,27.87,27.660063514843817,27.872210000000003,2,27.72510980966325,28.918369426751592,28.091573888739394,,28.86800659259639
42933099999,AKOLA,Synoptic/Airport,20.7,77.0333333,2023-02-05T12:00:00,2023-02-05T00:00:00,2023-02-05T12:00:00,12,29.4,30.15,282.0,280.22,1.78,20.75,77.0,29.4,29.23,30.15,29.69,1,00z,12,NOAA NCEI GFS Archive,experiments/phase6/data/raw/gfs_20230205_00_012_subset.grib2,2023-02-05 12:00:00,30.15,29.9464000536,30.13843,2,30.53302931596091,31.19836942675159,31.035461673338713,,31.129108253355284
42939099999,WARDHA,Synoptic/Airport,20.6666666,78.5833333,2023-02-05T12:00:00,2023-02-05T00:00:00,2023-02-05T12:00:00,12,31.0,29.04,283.0,275.58,7.42,20.75,78.5,29.24,29.22,29.04,28.94,1,00z,12,NOAA NCEI GFS Archive,experiments/phase6/data/raw/gfs_20230205_00_012_subset.grib2,2023-02-05 12:00:00,29.04,29.08222229244444,28.99177,2,28.90682551319648,30.08836942675159,29.34512201947817,,29.978097316536704
42943099999,YEOTMAL,Synoptic/Airport,20.4,78.15,2023-02-05T12:00:00,2023-02-05T00:00:00,2023-02-05T12:00:00,12,26.5,29.27,451.0,308.86,142.14,20.5,78.25,29.6,29.46,29.48,29.27,1,00z,12,NOAA NCEI GFS Archive,experiments/phase6/data/raw/gfs_20230205_00_012_subset.grib2,2023-02-05 12:00:00,29.27,29.4188,28.34609,2,29.12510980966325,30.31836942675159,28.823082706105616,,29.19395454517857
43014099999,AURANGABAD,Synoptic/Airport,19.863169,75.398206,2023-02-05T12:00:00,2023-02-05T00:00:00,2023-02-05T12:00:00,12,30.0,29.8,582.47,556.06,26.41,19.75,75.5,30.11,29.8,28.71,29.21,1,00z,12,NOAA NCEI GFS Archive,experiments/phase6/data/raw/gfs_20230205_00_012_subset.grib2,2023-02-05 12:00:00,29.8,29.509847489589443,29.628335,2,29.88796986518636,30.848369426751592,30.18639049895631,,30.59420523135805
43017099999,PARBHANI,Synoptic/Airport,19.1333333,76.8333333,2023-02-05T12:00:00,2023-02-05T00:00:00,2023-02-05T12:00:00,12,31.8,30.19,422.0,405.66,16.34,19.25,76.75,30.68,30.55,30.19,30.22,1,00z,12,NOAA NCEI GFS Archive,experiments/phase6/data/raw/gfs_20230205_00_012_subset.grib2,2023-02-05 12:00:00,30.19,30.40377784195556,30.08379,2,30.056825513196483,31.238369426751596,30.61008278830571,,31.059484196352532
43021099999,NANDED,Synoptic/Airport,19.0833333,77.3333333,2023-02-05T12:00:00,2023-02-05T00:00:00,2023-02-05T12:00:00,12,31.0,30.28,358.0,399.74,-41.74,19.0,77.25,30.28,30.32,30.34,29.9,1,00z,12,NOAA NCEI GFS Archive,experiments/phase6/data/raw/gfs_20230205_00_012_subset.grib2,2023-02-05 12:00:00,30.28,30.26000002933332,30.55131,2,30.13510980966325,31.328369426751596,31.180140173715742,,31.586453512330156
43029099999,CHANDRAPUR,Synoptic/Airport,19.9666666,79.3,2023-02-05T12:00:00,2023-02-05T00:00:00,2023-02-05T12:00:00,12,30.4,29.01,193.0,200.22,-7.22,20.0,79.25,28.92,28.88,29.01,28.52,1,00z,12,NOAA NCEI GFS Archive,experiments/phase6/data/raw/gfs_20230205_00_012_subset.grib2,2023-02-05 12:00:00,29.01,28.91200000000001,29.05693,2,28.937431386347644,30.058369426751597,29.621393267986587,,30.058310506939034
43063099999,PUNE,Synoptic/Airport,18.5333333,73.85,2023-02-05T12:00:00,2023-02-05T00:00:00,2023-02-05T12:00:00,12,31.6,30.57,558.0,677.98,-119.98,18.5,73.75,30.57,30.56,30.49,30.54,1,00z,12,NOAA NCEI GFS Archive,experiments/phase6/data/raw/gfs_20230205_00_012_subset.grib2,2023-02-05 12:00:00,30.57,30.5585333408,31.34987,2,30.65796986518636,31.618369426751592,32.16551731065546,,32.46488021145755
43069099999,BARAMATI,Synoptic/Airport,18.15,74.5833333,2023-02-05T12:00:00,2023-02-05T00:00:00,2023-02-05T12:00:00,12,29.6,30.85,551.0,580.7,-29.7,18.25,74.5,30.6,30.97,30.85,31.12,1,00z,12,NOAA NCEI GFS Archive,experiments/phase6/data/raw/gfs_20230205_00_012_subset.grib2,2023-02-05 12:00:00,30.85,30.85333329200001,31.04305,2,30.777431386347644,31.898369426751596,31.966248137259697,,32.065109532505225
43110099999,RATNAGIRI,Synoptic/Airport,16.9833333,73.3333333,2023-02-05T12:00:00,2023-02-05T00:00:00,2023-02-05T12:00:00,12,30.6,26.62,67.0,36.22,30.78,17.0,73.25,26.5,29.8,26.62,29.75,1,00z,12,NOAA NCEI GFS Archive,experiments/phase6/data/raw/gfs_20230205_00_012_subset.grib2,2023-02-05 12:00:00,26.62,27.659110683822306,26.41993,2,26.48682551319648,27.668369426751592,26.405978821682435,,27.385424724538513
43111099999,MAHABALESHWAR,Synoptic/Airport,17.9333333,73.6666666,2023-02-05T12:00:00,2023-02-05T00:00:00,2023-02-05T12:00:00,12,23.6,28.7,1382.0,888.7,493.3,18.0,73.75,30.97,29.21,32.2,28.7,1,00z,12,NOAA NCEI GFS Archive,experiments/phase6/data/raw/gfs_20230205_00_012_subset.grib2,2023-02-05 12:00:00,28.7,29.84800080026661,25.49355,2,29.08302931596091,29.74836942675159,27.5625094325618,,25.982008840440283
43113099999,SATARA,Synoptic/Airport,17.5166666,74.05,2023-02-05T12:00:00,2023-02-05T00:00:00,2023-02-05T12:00:00,12,30.6,30.65,612.0,746.14,-134.14,17.5,74.0,30.65,30.7,30.75,30.22,1,00z,12,NOAA NCEI GFS Archive,experiments/phase6/data/raw/gfs_20230205_00_012_subset.grib2,2023-02-05 12:00:00,30.65,30.6589333376,31.52191,2,30.73796986518636,31.69836942675159,32.362933617176616,,32.65133908409272
43117099999,SOLAPUR,Synoptic/Airport,17.627958,75.934842,2023-02-05T12:00:00,2023-02-05T00:00:00,2023-02-05T12:00:00,12,32.0,31.73,482.8,492.06,-9.26,17.75,76.0,32.1,32.07,31.8,31.73,1,00z,12,NOAA NCEI GFS Archive,experiments/phase6/data/raw/gfs_20230205_00_012_subset.grib2,2023-02-05 12:00:00,31.73,31.90913207191296,31.79019,2,32.113029315960915,32.778369426751595,32.9256831455428,,32.79015040676738
43157099999,KOLHAPUR,Synoptic/Airport,16.664658,74.289353,2023-02-05T12:00:00,2023-02-05T00:00:00,2023-02-05T12:00:00,12,31.2,31.85,608.38,591.9,16.48,16.75,74.25,31.85,31.69,31.85,31.79,1,00z,12,NOAA NCEI GFS Archive,experiments/phase6/data/raw/gfs_20230205_00_012_subset.grib2,2023-02-05 12:00:00,31.85,31.8351817380384,31.742880000000003,2,32.23302931596091,32.89836942675159,32.97327147467155,,32.71628709297571
43158099999,SANGLI,Synoptic/Airport,16.85,74.6,2023-02-05T12:00:00,2023-02-05T00:00:00,2023-02-05T12:00:00,12,31.4,31.79,549.0,562.78,-13.78,16.75,74.5,31.79,31.77,31.74,31.29,1,00z,12,NOAA NCEI GFS Archive,experiments/phase6/data/raw/gfs_20230205_00_012_subset.grib2,2023-02-05 12:00:00,31.79,31.6932,31.879569999999998,2,31.71743138634764,32.83836942675159,32.985235833609565,,32.884088539559194
42933099999,AKOLA,Synoptic/Airport,20.7,77.0333333,2023-02-06T00:00:00,2023-02-05T00:00:00,2023-02-06T00:00:00,24,15.2,19.26,282.0,280.22,1.78,20.75,77.0,19.64,19.89,19.26,19.56,1,00z,24,NOAA NCEI GFS Archive,experiments/phase6/data/raw/gfs_20230205_00_024_subset.grib2,2023-02-06 00:00:00,19.26,19.374666628,19.248430000000003,2,19.643029315960916,20.308369426751597,18.24600856922622,,20.365040883691403
43014099999,AURANGABAD,Synoptic/Airport,19.863169,75.398206,2023-02-06T00:00:00,2023-02-05T00:00:00,2023-02-06T00:00:00,24,15.0,18.56,582.47,556.06,26.41,19.75,75.5,18.96,18.56,17.45,17.3,1,00z,24,NOAA NCEI GFS Archive,experiments/phase6/data/raw/gfs_20230205_00_024_subset.grib2,2023-02-06 00:00:00,18.56,18.106418939256,18.388334999999998,2,18.64796986518636,19.60836942675159,17.99156049584451,,19.480589809220035
43063099999,PUNE,Synoptic/Airport,18.5333333,73.85,2023-02-06T00:00:00,2023-02-05T00:00:00,2023-02-06T00:00:00,24,12.6,19.14,558.0,677.98,-119.98,18.5,73.75,19.14,18.59,19.31,19.32,1,00z,24,NOAA NCEI GFS Archive,experiments/phase6/data/raw/gfs_20230205_00_024_subset.grib2,2023-02-06 00:00:00,19.14,18.972533280800008,19.91987,2,19.22796986518636,20.188369426751592,19.764853004307664,,21.16151013226215
43110099999,RATNAGIRI,Synoptic/Airport,16.9833333,73.3333333,2023-02-06T00:00:00,2023-02-05T00:00:00,2023-02-06T00:00:00,24,20.0,23.01,67.0,36.22,30.78,17.0,73.25,24.54,19.52,23.01,19.32,1,00z,24,NOAA NCEI GFS Archive,experiments/phase6/data/raw/gfs_20230205_00_024_subset.grib2,2023-02-06 00:00:00,23.01,21.85244509315547,22.80993,2,22.876825513196483,24.058369426751597,22.194101829808204,,23.891956846336523
43117099999,SOLAPUR,Synoptic/Airport,17.627958,75.934842,2023-02-06T00:00:00,2023-02-05T00:00:00,2023-02-06T00:00:00,24,19.4,21.83,482.8,492.06,-9.26,17.75,76.0,21.86,22.11,21.62,21.83,1,00z,24,NOAA NCEI GFS Archive,experiments/phase6/data/raw/gfs_20230205_00_024_subset.grib2,2023-02-06 00:00:00,21.83,21.906865031912965,21.890189999999997,2,22.21302931596091,22.87836942675159,21.295630886542295,,23.014804671244608
42851099999,JALGAON,Synoptic/Airport,21.05,75.5666666,2023-02-06T12:00:00,2023-02-05T00:00:00,2023-02-06T12:00:00,36,33.0,31.31,201.0,212.38,-11.38,21.0,75.5,31.31,31.28,30.29,29.83,1,00z,36,NOAA NCEI GFS Archive,experiments/phase6/data/raw/gfs_20230205_00_036_subset.grib2,2023-02-06 12:00:00,31.31,31.0750666976,31.383969999999998,2,31.16510980966325,32.358369426751594,32.100979051846934,,32.610388179504774
42871099999,GONDIA ARPT/BIRSI,Synoptic/Airport,21.524467,80.287997,2023-02-06T12:00:00,2023-02-05T00:00:00,2023-02-06T12:00:00,36,30.2,28.91,300.84,301.18,-0.34,21.5,80.25,28.91,27.48,28.7,25.49,1,00z,36,NOAA NCEI GFS Archive,experiments/phase6/data/raw/gfs_20230205_00_036_subset.grib2,2023-02-06 12:00:00,28.91,28.64562780438045,28.91221,2,28.76510980966325,29.95836942675159,29.217868909253575,,30.13040487458186
42920099999,OZAR AIR FORCE STATION /NASHIK ARPT,Synoptic/Airport,20.119156,73.914097,2023-02-06T12:00:00,2023-02-05T00:00:00,2023-02-06T12:00:00,36,29.0,29.08,598.02,584.38,13.64,20.0,74.0,28.23,29.08,27.49,28.29,1,00z,36,NOAA NCEI GFS Archive,experiments/phase6/data/raw/gfs_20230205_00_036_subset.grib2,2023-02-06 12:00:00,29.08,28.41958552629439,28.991339999999997,2,29.00743138634764,30.12836942675159,29.487869476337366,,30.194977786203903
42933099999,AKOLA,Synoptic/Airport,20.7,77.0333333,2023-02-06T12:00:00,2023-02-05T00:00:00,2023-02-06T12:00:00,36,29.9,31.72,282.0,280.22,1.78,20.75,77.0,30.75,30.57,31.72,31.3,1,00z,36,NOAA NCEI GFS Archive,experiments/phase6/data/raw/gfs_20230205_00_036_subset.grib2,2023-02-06 12:00:00,31.72,31.4764000496,31.70843,2,32.10302931596091,32.76836942675159,32.80201984225028,,32.92082215765872
42939099999,WARDHA,Synoptic/Airport,20.6666666,78.5833333,2023-02-06T12:00:00,2023-02-05T00:00:00,2023-02-06T12:00:00,36,32.0,30.55,283.0,275.58,7.42,20.75,78.5,30.9,30.97,30.55,30.43,1,00z,36,NOAA NCEI GFS Archive,experiments/phase6/data/raw/gfs_20230205_00_036_subset.grib2,2023-02-06 12:00:00,30.55,30.64777789555555,30.50177,2,30.41682551319648,31.598369426751592,30.96963956534811,,31.70988869755886
42943099999,YEOTMAL,Synoptic/Airport,20.4,78.15,2023-02-06T12:00:00,2023-02-05T00:00:00,2023-02-06T12:00:00,36,30.5,30.89,451.0,308.86,142.14,20.5,78.25,31.26,31.08,30.91,30.89,1,00z,36,NOAA NCEI GFS Archive,experiments/phase6/data/raw/gfs_20230205_00_036_subset.grib2,2023-02-06 12:00:00,30.89,30.9996,29.96609,2,30.74510980966325,31.938369426751592,30.62910399594518,,31.03560388554974
43014099999,AURANGABAD,Synoptic/Airport,19.863169,75.398206,2023-02-06T12:00:00,2023-02-05T00:00:00,2023-02-06T12:00:00,36,31.0,30.6,582.47,556.06,26.41,19.75,75.5,31.1,30.6,29.05,29.44,1,00z,36,NOAA NCEI GFS Archive,experiments/phase6/data/raw/gfs_20230205_00_036_subset.grib2,2023-02-06 12:00:00,30.6,30.114440105351363,30.428335,2,30.68796986518636,31.648369426751596,31.01684933133288,,31.6169134202184
43017099999,PARBHANI,Synoptic/Airport,19.1333333,76.8333333,2023-02-06T12:00:00,2023-02-05T00:00:00,2023-02-06T12:00:00,36,31.0,31.68,422.0,405.66,16.34,19.25,76.75,32.03,32.02,31.68,31.71,1,00z,36,NOAA NCEI GFS Archive,experiments/phase6/data/raw/gfs_20230205_00_036_subset.grib2,2023-02-06 12:00:00,31.68,31.847111154488893,31.57379,2,31.54682551319648,32.72836942675159,32.21158023903334,,32.77130140294759
43021099999,NANDED,Synoptic/Airport,19.0833333,77.3333333,2023-02-06T12:00:00,2023-02-05T00:00:00,2023-02-06T12:00:00,36,31.0,31.77,358.0,399.74,-41.74,19.0,77.25,31.77,31.72,31.66,31.24,1,00z,36,NOAA NCEI GFS Archive,experiments/phase6/data/raw/gfs_20230205_00_036_subset.grib2,2023-02-06 12:00:00,31.77,31.675555609777767,32.04131,2,31.62510980966325,32.818369426751595,32.83380902387893,,33.29827071892522
43029099999,CHANDRAPUR,Synoptic/Airport,19.9666666,79.3,2023-02-06T12:00:00,2023-02-05T00:00:00,2023-02-06T12:00:00,36,31.4,30.24,193.0,200.22,-7.22,20.0,79.25,30.53,30.59,30.24,30.2,1,00z,36,NOAA NCEI GFS Archive,experiments/phase6/data/raw/gfs_20230205_00_036_subset.grib2,2023-02-06 12:00:00,30.24,30.273333416,30.286929999999998,2,30.16743138634764,31.28836942675159,31.00981341303997,,31.51046344598188
43063099999,PUNE,Synoptic/Airport,18.5333333,73.85,2023-02-06T12:00:00,2023-02-05T00:00:00,2023-02-06T12:00:00,36,30.4,30.6,558.0,677.98,-119.98,18.5,73.75,30.6,31.4,30.25,31.51,1,00z,36,NOAA NCEI GFS Archive,experiments/phase6/data/raw/gfs_20230205_00_036_subset.grib2,2023-02-06 12:00:00,30.6,30.89786668879998,31.37987,2,30.68796986518636,31.648369426751596,32.161805545707196,,32.71858268487481
43069099999,BARAMATI,Synoptic/Airport,18.15,74.5833333,2023-02-06T12:00:00,2023-02-05T00:00:00,2023-02-06T12:00:00,36,30.2,32.0,551.0,580.7,-29.7,18.25,74.5,31.57,32.02,32.0,32.28,1,00z,36,NOAA NCEI GFS Archive,experiments/phase6/data/raw/gfs_20230205_00_036_subset.grib2,2023-02-06 12:00:00,32.0,31.94399995360001,32.19305,2,31.92743138634764,33.04836942675159,33.259099611945366,,33.4373657738397
43110099999,RATNAGIRI,Synoptic/Airport,16.9833333,73.3333333,2023-02-06T12:00:00,2023-02-05T00:00:00,2023-02-06T12:00:00,36,28.0,26.38,67.0,36.22,30.78,17.0,73.25,26.47,29.82,26.38,29.78,1,00z,36,NOAA NCEI GFS Archive,experiments/phase6/data/raw/gfs_20230205_00_036_subset.grib2,2023-02-06 12:00:00,26.38,27.5182217791112,26.17993,2,26.24682551319648,27.42836942675159,26.01623804260023,,27.36947584319002
43111099999,MAHABALESHWAR,Synoptic/Airport,17.9333333,73.6666666,2023-02-06T12:00:00,2023-02-05T00:00:00,2023-02-06T12:00:00,36,23.6,28.81,1382.0,888.7,493.3,18.0,73.75,30.18,28.95,31.96,28.81,1,00z,36,NOAA NCEI GFS Archive,experiments/phase6/data/raw/gfs_20230205_00_036_subset.grib2,2023-02-06 12:00:00,28.81,29.72666730346661,25.60355,2,29.19302931596091,29.85836942675159,27.619244132924358,,26.31560801156592
43113099999,SATARA,Synoptic/Airport,17.5166666,74.05,2023-02-06T12:00:00,2023-02-05T00:00:00,2023-02-06T12:00:00,36,30.2,30.93,612.0,746.14,-134.14,17.5,74.0,30.93,31.91,30.99,31.38,1,00z,36,NOAA NCEI GFS Archive,experiments/phase6/data/raw/gfs_20230205_00_036_subset.grib2,2023-02-06 12:00:00,30.93,31.12213334879999,31.80191,2,31.01796986518636,31.97836942675159,32.630056461749405,,33.154718737848654
43117099999,SOLAPUR,Synoptic/Airport,17.627958,75.934842,2023-02-06T12:00:00,2023-02-05T00:00:00,2023-02-06T12:00:00,36,33.0,32.58,482.8,492.06,-9.26,17.75,76.0,33.15,33.01,32.73,32.58,1,00z,36,NOAA NCEI GFS Archive,experiments/phase6/data/raw/gfs_20230205_00_036_subset.grib2,2023-02-06 12:00:00,32.58,32.82773471797824,32.64019,2,32.96302931596091,33.62836942675159,33.84904069982745,,33.862794031695465
43157099999,KOLHAPUR,Synoptic/Airport,16.664658,74.289353,2023-02-06T12:00:00,2023-02-05T00:00:00,2023-02-06T12:00:00,36,32.0,32.64,608.38,591.9,16.48,16.75,74.25,32.41,32.54,32.64,32.74,1,00z,36,NOAA NCEI GFS Archive,experiments/phase6/data/raw/gfs_20230205_00_036_subset.grib2,2023-02-06 12:00:00,32.64,32.578838622588485,32.53288,2,33.02302931596091,33.68836942675159,33.826362311070625,,33.729008194622516
43158099999,SANGLI,Synoptic/Airport,16.85,74.6,2023-02-06T12:00:00,2023-02-05T00:00:00,2023-02-06T12:00:00,36,32.0,32.74,549.0,562.78,-13.78,16.75,74.5,32.74,32.61,32.61,32.13,1,00z,36,NOAA NCEI GFS Archive,experiments/phase6/data/raw/gfs_20230205_00_036_subset.grib2,2023-02-06 12:00:00,32.74,32.580000000000005,32.829570000000004,2,32.667431386347644,33.78836942675159,34.03916563237595,,34.056603036622754
42933099999,AKOLA,Synoptic/Airport,20.7,77.0333333,2023-02-07T00:00:00,2023-02-05T00:00:00,2023-02-07T00:00:00,48,16.4,20.36,282.0,280.22,1.78,20.75,77.0,19.66,19.64,20.36,20.11,1,00z,48,NOAA NCEI GFS Archive,experiments/phase6/data/raw/gfs_20230205_00_048_subset.grib2,2023-02-07 00:00:00,20.36,20.1928000272,20.34843,2,20.74302931596091,21.40836942675159,19.462144114700774,,21.68736168895815
43014099999,AURANGABAD,Synoptic/Airport,19.863169,75.398206,2023-02-07T00:00:00,2023-02-05T00:00:00,2023-02-07T00:00:00,48,18.0,18.83,582.47,556.06,26.41,19.75,75.5,19.19,18.83,17.93,18.41,1,00z,48,NOAA NCEI GFS Archive,experiments/phase6/data/raw/gfs_20230205_00_048_subset.grib2,2023-02-07 00:00:00,18.83,18.631631645500164,18.658334999999997,2,18.91796986518636,19.87836942675159,18.247849956036454,,19.973982375762418
43063099999,PUNE,Synoptic/Airport,18.5333333,73.85,2023-02-07T00:00:00,2023-02-05T00:00:00,2023-02-07T00:00:00,48,13.0,18.88,558.0,677.98,-119.98,18.5,73.75,18.88,18.3,18.6,18.53,1,00z,48,NOAA NCEI GFS Archive,experiments/phase6/data/raw/gfs_20230205_00_048_subset.grib2,2023-02-07 00:00:00,18.88,18.63786667680001,19.659869999999998,2,18.96796986518636,19.92836942675159,19.44697309231498,,21.125587076486564
43110099999,RATNAGIRI,Synoptic/Airport,16.9833333,73.3333333,2023-02-07T00:00:00,2023-02-05T00:00:00,2023-02-07T00:00:00,48,20.0,22.52,67.0,36.22,30.78,17.0,73.25,24.07,18.49,22.52,18.37,1,00z,48,NOAA NCEI GFS Archive,experiments/phase6/data/raw/gfs_20230205_00_048_subset.grib2,2023-02-07 00:00:00,22.52,21.20822293137768,22.31993,2,22.38682551319648,23.56836942675159,21.516609861447122,,23.626330784649365
43117099999,SOLAPUR,Synoptic/Airport,17.627958,75.934842,2023-02-07T00:00:00,2023-02-05T00:00:00,2023-02-07T00:00:00,48,19.8,22.15,482.8,492.06,-9.26,17.75,76.0,22.85,23.03,22.08,22.15,1,00z,48,NOAA NCEI GFS Archive,experiments/phase6/data/raw/gfs_20230205_00_048_subset.grib2,2023-02-07 00:00:00,22.15,22.547348057760644,22.210189999999997,2,22.53302931596091,23.19836942675159,21.598299099504366,,23.558132673854725
42933099999,AKOLA,Synoptic/Airport,20.7,77.0333333,2023-02-06T00:00:00,2023-02-05T12:00:00,2023-02-06T00:00:00,12,15.2,19.44,282.0,280.22,1.78,20.75,77.0,19.77,19.98,19.44,19.57,1,12z,12,NOAA NCEI GFS Archive,experiments/phase6/data/raw/gfs_20230205_12_012_subset.grib2,2023-02-06 00:00:00,19.44,19.5254666472,19.428430000000002,2,19.823029315960916,20.488369426751596,18.492852530763447,,20.43293784764693
43014099999,AURANGABAD,Synoptic/Airport,19.863169,75.398206,2023-02-06T00:00:00,2023-02-05T12:00:00,2023-02-06T00:00:00,12,15.0,18.49,582.47,556.06,26.41,19.75,75.5,19.17,18.49,17.44,17.11,1,12z,12,NOAA NCEI GFS Archive,experiments/phase6/data/raw/gfs_20230205_12_012_subset.grib2,2023-02-06 00:00:00,18.49,18.077675218958404,18.318334999999998,2,18.57796986518636,19.53836942675159,17.93383276422401,,19.298809592836896
43063099999,PUNE,Synoptic/Airport,18.5333333,73.85,2023-02-06T00:00:00,2023-02-05T12:00:00,2023-02-06T00:00:00,12,12.6,19.23,558.0,677.98,-119.98,18.5,73.75,19.23,18.45,19.34,19.04,1,12z,12,NOAA NCEI GFS Archive,experiments/phase6/data/raw/gfs_20230205_12_012_subset.grib2,2023-02-06 00:00:00,19.23,18.95826662640001,20.00987,2,19.31796986518636,20.278369426751592,19.88045942278064,,21.139523311295758
43110099999,RATNAGIRI,Synoptic/Airport,16.9833333,73.3333333,2023-02-06T00:00:00,2023-02-05T12:00:00,2023-02-06T00:00:00,12,20.0,23.06,67.0,36.22,30.78,17.0,73.25,24.61,19.86,23.06,19.61,1,12z,12,NOAA NCEI GFS Archive,experiments/phase6/data/raw/gfs_20230205_12_012_subset.grib2,2023-02-06 00:00:00,23.06,21.984445064888806,22.85993,2,22.92682551319648,24.10836942675159,22.308401886351216,,23.83002167651594
43117099999,SOLAPUR,Synoptic/Airport,17.627958,75.934842,2023-02-06T00:00:00,2023-02-05T12:00:00,2023-02-06T00:00:00,12,19.4,21.47,482.8,492.06,-9.26,17.75,76.0,21.85,21.77,21.52,21.47,1,12z,12,NOAA NCEI GFS Archive,experiments/phase6/data/raw/gfs_20230205_12_012_subset.grib2,2023-02-06 00:00:00,21.47,21.63329896606528,21.530189999999997,2,21.85302931596091,22.51836942675159,20.91007438710934,,22.54339892566862
42851099999,JALGAON,Synoptic/Airport,21.05,75.5666666,2023-02-06T12:00:00,2023-02-05T12:00:00,2023-02-06T12:00:00,24,33.0,31.18,201.0,212.38,-11.38,21.0,75.5,31.18,31.05,30.27,29.76,1,12z,24,NOAA NCEI GFS Archive,experiments/phase6/data/raw/gfs_20230205_12_024_subset.grib2,2023-02-06 12:00:00,31.18,30.94306672159999,31.25397,2,31.03510980966325,32.22836942675159,31.99488886061898,,32.368685439840355
42871099999,GONDIA ARPT/BIRSI,Synoptic/Airport,21.524467,80.287997,2023-02-06T12:00:00,2023-02-05T12:00:00,2023-02-06T12:00:00,24,30.2,28.57,300.84,301.18,-0.34,21.5,80.25,28.57,27.14,28.35,25.14,1,12z,24,NOAA NCEI GFS Archive,experiments/phase6/data/raw/gfs_20230205_12_024_subset.grib2,2023-02-06 12:00:00,28.57,28.30464912438045,28.572210000000002,2,28.42510980966325,29.618369426751592,28.865670930856087,,29.678973303432965
42920099999,OZAR AIR FORCE STATION /NASHIK ARPT,Synoptic/Airport,20.119156,73.914097,2023-02-06T12:00:00,2023-02-05T12:00:00,2023-02-06T12:00:00,24,29.0,29.15,598.02,584.38,13.64,20.0,74.0,28.31,29.15,27.61,28.3,1,12z,24,NOAA NCEI GFS Archive,experiments/phase6/data/raw/gfs_20230205_12_024_subset.grib2,2023-02-06 12:00:00,29.15,28.48080157888319,29.061339999999998,2,29.07743138634764,30.19836942675159,29.61196614383426,,30.153016790810415
42933099999,AKOLA,Synoptic/Airport,20.7,77.0333333,2023-02-06T12:00:00,2023-02-05T12:00:00,2023-02-06T12:00:00,24,29.9,31.39,282.0,280.22,1.78,20.75,77.0,30.48,30.33,31.39,30.96,1,12z,24,NOAA NCEI GFS Archive,experiments/phase6/data/raw/gfs_20230205_12_024_subset.grib2,2023-02-06 12:00:00,31.39,31.158133383200003,31.37843,2,31.773029315960912,32.43836942675159,32.45159670176012,,32.47937767372337
42939099999,WARDHA,Synoptic/Airport,20.6666666,78.5833333,2023-02-06T12:00:00,2023-02-05T12:00:00,2023-02-06T12:00:00,24,32.0,30.24,283.0,275.58,7.42,20.75,78.5,30.37,30.44,30.24,30.11,1,12z,24,NOAA NCEI GFS Archive,experiments/phase6/data/raw/gfs_20230205_12_024_subset.grib2,2023-02-06 12:00:00,30.24,30.2622222831111,30.191769999999998,2,30.10682551319648,31.28836942675159,30.66957790932954,,31.2884183880506
42943099999,YEOTMAL,Synoptic/Airport,20.4,78.15,2023-02-06T12:00:00,2023-02-05T12:00:00,2023-02-06T12:00:00,24,30.5,30.39,451.0,308.86,142.14,20.5,78.25,30.78,30.49,30.6,30.39,1,12z,24,NOAA NCEI GFS Archive,experiments/phase6/data/raw/gfs_20230205_12_024_subset.grib2,2023-02-06 12:00:00,30.39,30.526799999999994,29.46609,2,30.24510980966325,31.438369426751592,30.08939532256138,,30.4243789189841
43014099999,AURANGABAD,Synoptic/Airport,19.863169,75.398206,2023-02-06T12:00:00,2023-02-05T12:00:00,2023-02-06T12:00:00,24,31.0,30.34,582.47,556.06,26.41,19.75,75.5,30.82,30.34,28.97,29.36,1,12z,24,NOAA NCEI GFS Archive,experiments/phase6/data/raw/gfs_20230205_12_024_subset.grib2,2023-02-06 12:00:00,30.34,29.931464641410884,30.168335,2,30.42796986518636,31.38836942675159,30.753287296476383,,31.245378546777875
43017099999,PARBHANI,Synoptic/Airport,19.1333333,76.8333333,2023-02-06T12:00:00,2023-02-05T12:00:00,2023-02-06T12:00:00,24,31.0,31.43,422.0,405.66,16.34,19.25,76.75,31.81,31.68,31.43,31.33,1,12z,24,NOAA NCEI GFS Archive,experiments/phase6/data/raw/gfs_20230205_12_024_subset.grib2,2023-02-06 12:00:00,31.43,31.569333397866664,31.32379,2,31.29682551319648,32.47836942675159,31.980578868441704,,32.409753616720614
43021099999,NANDED,Synoptic/Airport,19.0833333,77.3333333,2023-02-06T12:00:00,2023-02-05T12:00:00,2023-02-06T12:00:00,24,31.0,31.42,358.0,399.74,-41.74,19.0,77.25,31.42,31.41,31.31,30.82,1,12z,24,NOAA NCEI GFS Archive,experiments/phase6/data/raw/gfs_20230205_12_024_subset.grib2,2023-02-06 12:00:00,31.42,31.32666672533332,31.69131,2,31.27510980966325,32.46836942675159,32.469891627044795,,32.83685206056278
43029099999,CHANDRAPUR,Synoptic/Airport,19.9666666,79.3,2023-02-06T12:00:00,2023-02-05T12:00:00,2023-02-06T12:00:00,24,31.4,30.07,193.0,200.22,-7.22,20.0,79.25,30.13,30.13,30.07,29.89,1,12z,24,NOAA NCEI GFS Archive,experiments/phase6/data/raw/gfs_20230205_12_024_subset.grib2,2023-02-06 12:00:00,30.07,30.046800025600003,30.11693,2,29.997431386347643,31.118369426751592,30.847204069433715,,31.22881235746328
43063099999,PUNE,Synoptic/Airport,18.5333333,73.85,2023-02-06T12:00:00,2023-02-05T12:00:00,2023-02-06T12:00:00,24,30.4,30.16,558.0,677.98,-119.98,18.5,73.75,30.16,31.25,29.9,31.21,1,12z,24,NOAA NCEI GFS Archive,experiments/phase6/data/raw/gfs_20230205_12_024_subset.grib2,2023-02-06 12:00:00,30.16,30.573066689599973,30.93987,2,30.24796986518636,31.20836942675159,31.703242591995544,,32.16728024159045
43069099999,BARAMATI,Synoptic/Airport,18.15,74.5833333,2023-02-06T12:00:00,2023-02-05T12:00:00,2023-02-06T12:00:00,24,30.2,31.8,551.0,580.7,-29.7,18.25,74.5,31.27,31.69,31.8,31.87,1,12z,24,NOAA NCEI GFS Archive,experiments/phase6/data/raw/gfs_20230205_12_024_subset.grib2,2023-02-06 12:00:00,31.8,31.65799997200001,31.99305,2,31.727431386347643,32.8483694267516,33.06065201695121,,33.12575342368046
43110099999,RATNAGIRI,Synoptic/Airport,16.9833333,73.3333333,2023-02-06T12:00:00,2023-02-05T12:00:00,2023-02-06T12:00:00,24,28.0,26.35,67.0,36.22,30.78,17.0,73.25,26.57,29.32,26.35,29.18,1,12z,24,NOAA NCEI GFS Archive,experiments/phase6/data/raw/gfs_20230205_12_024_subset.grib2,2023-02-06 12:00:00,26.35,27.30622187137785,26.14993,2,26.216825513196483,27.398369426751596,26.03845771857401,,27.22764397566107
43111099999,MAHABALESHWAR,Synoptic/Airport,17.9333333,73.6666666,2023-02-06T12:00:00,2023-02-05T12:00:00,2023-02-06T12:00:00,24,23.6,28.34,1382.0,888.7,493.3,18.0,73.75,30.39,28.42,32.04,28.34,1,12z,24,NOAA NCEI GFS Archive,experiments/phase6/data/raw/gfs_20230205_12_024_subset.grib2,2023-02-06 12:00:00,28.34,29.44088968631106,25.13355,2,28.72302931596091,29.38836942675159,27.104865317367846,,25.73434430664092
43113099999,SATARA,Synoptic/Airport,17.5166666,74.05,2023-02-06T12:00:00,2023-02-05T12:00:00,2023-02-06T12:00:00,24,30.2,30.55,612.0,746.14,-134.14,17.5,74.0,30.55,31.7,30.64,31.22,1,12z,24,NOAA NCEI GFS Archive,experiments/phase6/data/raw/gfs_20230205_12_024_subset.grib2,2023-02-06 12:00:00,30.55,30.778400006399988,31.42191,2,30.63796986518636,31.598369426751592,32.236493814322806,,32.66333881784557
43117099999,SOLAPUR,Synoptic/Airport,17.627958,75.934842,2023-02-06T12:00:00,2023-02-05T12:00:00,2023-02-06T12:00:00,24,33.0,32.17,482.8,492.06,-9.26,17.75,76.0,32.86,32.72,32.38,32.17,1,12z,24,NOAA NCEI GFS Archive,experiments/phase6/data/raw/gfs_20230205_12_024_subset.grib2,2023-02-06 12:00:00,32.17,32.48431886584768,32.23019,2,32.55302931596091,33.21836942675159,33.40492860215652,,33.341452850051745
43157099999,KOLHAPUR,Synoptic/Airport,16.664658,74.289353,2023-02-06T12:00:00,2023-02-05T12:00:00,2023-02-06T12:00:00,24,32.0,32.34,608.38,591.9,16.48,16.75,74.25,31.94,32.36,32.34,32.55,1,12z,24,NOAA NCEI GFS Archive,experiments/phase6/data/raw/gfs_20230205_12_024_subset.grib2,2023-02-06 12:00:00,32.34,32.24779375811937,32.23288,2,32.723029315960915,33.388369426751595,33.51107252952325,,33.31752497232781
43158099999,SANGLI,Synoptic/Airport,16.85,74.6,2023-02-06T12:00:00,2023-02-05T12:00:00,2023-02-06T12:00:00,24,32.0,32.55,549.0,562.78,-13.78,16.75,74.5,32.55,32.31,32.34,31.86,1,12z,24,NOAA NCEI GFS Archive,experiments/phase6/data/raw/gfs_20230205_12_024_subset.grib2,2023-02-06 12:00:00,32.55,32.33160000000001,32.63957,2,32.47743138634764,33.59836942675159,33.85266412117775,,33.75497777367705
42933099999,AKOLA,Synoptic/Airport,20.7,77.0333333,2023-02-07T00:00:00,2023-02-05T12:00:00,2023-02-07T00:00:00,36,16.4,20.49,282.0,280.22,1.78,20.75,77.0,19.83,19.93,20.49,20.28,1,12z,36,NOAA NCEI GFS Archive,experiments/phase6/data/raw/gfs_20230205_12_036_subset.grib2,2023-02-07 00:00:00,20.49,20.3382666864,20.47843,2,20.87302931596091,21.53836942675159,19.650432478000017,,21.70532321684594
43014099999,AURANGABAD,Synoptic/Airport,19.863169,75.398206,2023-02-07T00:00:00,2023-02-05T12:00:00,2023-02-07T00:00:00,36,18.0,18.51,582.47,556.06,26.41,19.75,75.5,18.92,18.51,17.92,18.23,1,12z,36,NOAA NCEI GFS Archive,experiments/phase6/data/raw/gfs_20230205_12_036_subset.grib2,2023-02-07 00:00:00,18.51,18.417483341857285,18.338335,2,18.59796986518636,19.558369426751597,17.919287614894905,,19.542524979040618
43063099999,PUNE,Synoptic/Airport,18.5333333,73.85,2023-02-07T00:00:00,2023-02-05T12:00:00,2023-02-07T00:00:00,36,13.0,18.84,558.0,677.98,-119.98,18.5,73.75,18.84,18.34,18.59,18.58,1,12z,36,NOAA NCEI GFS Archive,experiments/phase6/data/raw/gfs_20230205_12_036_subset.grib2,2023-02-07 00:00:00,18.84,18.63280000720001,19.61987,2,18.92796986518636,19.88836942675159,19.42174551383701,,20.973768121744065
43110099999,RATNAGIRI,Synoptic/Airport,16.9833333,73.3333333,2023-02-07T00:00:00,2023-02-05T12:00:00,2023-02-07T00:00:00,36,20.0,22.49,67.0,36.22,30.78,17.0,73.25,24.16,18.34,22.49,17.92,1,12z,36,NOAA NCEI GFS Archive,experiments/phase6/data/raw/gfs_20230205_12_036_subset.grib2,2023-02-07 00:00:00,22.49,21.050223009777664,22.28993,2,22.35682551319648,23.53836942675159,21.538829537420895,,23.484498917120412
43117099999,SOLAPUR,Synoptic/Airport,17.627958,75.934842,2023-02-07T00:00:00,2023-02-05T12:00:00,2023-02-07T00:00:00,36,19.8,22.28,482.8,492.06,-9.26,17.75,76.0,22.88,23.15,22.59,22.28,1,12z,36,NOAA NCEI GFS Archive,experiments/phase6/data/raw/gfs_20230205_12_036_subset.grib2,2023-02-07 00:00:00,22.28,22.71170740273792,22.34019,2,22.663029315960912,23.328369426751596,21.786587462803617,,23.57609420174252
42851099999,JALGAON,Synoptic/Airport,21.05,75.5666666,2023-02-07T12:00:00,2023-02-05T12:00:00,2023-02-07T12:00:00,48,33.0,31.12,201.0,212.38,-11.38,21.0,75.5,31.12,31.21,30.42,29.97,1,12z,48,NOAA NCEI GFS Archive,experiments/phase6/data/raw/gfs_20230205_12_048_subset.grib2,2023-02-07 12:00:00,31.12,30.9752000048,31.19397,2,30.97510980966325,32.1683694267516,31.832047853102264,,32.5325041283357
42871099999,GONDIA ARPT/BIRSI,Synoptic/Airport,21.524467,80.287997,2023-02-07T12:00:00,2023-02-05T12:00:00,2023-02-07T12:00:00,48,30.2,29.52,300.84,301.18,-0.34,21.5,80.25,29.52,28.08,29.28,25.94,1,12z,48,NOAA NCEI GFS Archive,experiments/phase6/data/raw/gfs_20230205_12_048_subset.grib2,2023-02-07 12:00:00,29.52,29.249386912990367,29.52221,2,29.37510980966325,30.56836942675159,29.886491185440466,,30.85148780049651
42920099999,OZAR AIR FORCE STATION /NASHIK ARPT,Synoptic/Airport,20.119156,73.914097,2023-02-07T12:00:00,2023-02-05T12:00:00,2023-02-07T12:00:00,48,29.0,29.86,598.02,584.38,13.64,20.0,74.0,28.49,29.86,27.98,28.96,1,12z,48,NOAA NCEI GFS Archive,experiments/phase6/data/raw/gfs_20230205_12_048_subset.grib2,2023-02-07 12:00:00,29.86,29.02416171309631,29.77134,2,29.78743138634764,30.90836942675159,30.379189931497482,,31.08584119474885
42933099999,AKOLA,Synoptic/Airport,20.7,77.0333333,2023-02-07T12:00:00,2023-02-05T12:00:00,2023-02-07T12:00:00,48,30.0,31.44,282.0,280.22,1.78,20.75,77.0,30.49,30.42,31.44,31.23,1,12z,48,NOAA NCEI GFS Archive,experiments/phase6/data/raw/gfs_20230205_12_048_subset.grib2,2023-02-07 12:00:00,31.44,31.225733357600003,31.428430000000002,2,31.823029315960916,32.4883694267516,32.4380646842371,,32.75305432156773
42939099999,WARDHA,Synoptic/Airport,20.6666666,78.5833333,2023-02-07T12:00:00,2023-02-05T12:00:00,2023-02-07T12:00:00,48,33.0,30.82,283.0,275.58,7.42,20.75,78.5,31.13,31.3,30.82,30.85,1,12z,48,NOAA NCEI GFS Archive,experiments/phase6/data/raw/gfs_20230205_12_048_subset.grib2,2023-02-07 12:00:00,30.82,30.948888973777773,30.77177,2,30.68682551319648,31.868369426751592,31.22366103108206,,32.09141065821293
42943099999,YEOTMAL,Synoptic/Airport,20.4,78.15,2023-02-07T12:00:00,2023-02-05T12:00:00,2023-02-07T12:00:00,48,30.0,31.06,451.0,308.86,142.14,20.5,78.25,31.34,31.17,31.11,31.06,1,12z,48,NOAA NCEI GFS Archive,experiments/phase6/data/raw/gfs_20230205_12_048_subset.grib2,2023-02-07 12:00:00,31.06,31.1432,30.13609,2,30.91510980966325,32.108369426751594,30.78207186091971,,31.31725497406834
43014099999,AURANGABAD,Synoptic/Airport,19.863169,75.398206,2023-02-07T12:00:00,2023-02-05T12:00:00,2023-02-07T12:00:00,48,31.0,30.34,582.47,556.06,26.41,19.75,75.5,30.52,30.34,28.54,29.2,1,12z,48,NOAA NCEI GFS Archive,experiments/phase6/data/raw/gfs_20230205_12_048_subset.grib2,2023-02-07 12:00:00,30.34,29.742413245500163,30.168335,2,30.42796986518636,31.38836942675159,30.717075378385594,,31.469119758554502
43017099999,PARBHANI,Synoptic/Airport,19.1333333,76.8333333,2023-02-07T12:00:00,2023-02-05T12:00:00,2023-02-07T12:00:00,48,30.6,31.57,422.0,405.66,16.34,19.25,76.75,31.99,32.04,31.57,31.75,1,12z,48,NOAA NCEI GFS Archive,experiments/phase6/data/raw/gfs_20230205_12_048_subset.grib2,2023-02-07 12:00:00,31.57,31.80577781208889,31.46379,2,31.43682551319648,32.61836942675159,32.028219897063394,,32.77331404948689
43021099999,NANDED,Synoptic/Airport,19.0833333,77.3333333,2023-02-07T12:00:00,2023-02-05T12:00:00,2023-02-07T12:00:00,48,31.6,31.98,358.0,399.74,-41.74,19.0,77.25,31.98,31.99,32.05,31.66,1,12z,48,NOAA NCEI GFS Archive,experiments/phase6/data/raw/gfs_20230205_12_048_subset.grib2,2023-02-07 12:00:00,31.98,31.962222247111097,32.251310000000004,2,31.83510980966325,33.028369426751595,33.03365456260004,,33.61987015629801
43029099999,CHANDRAPUR,Synoptic/Airport,19.9666666,79.3,2023-02-07T12:00:00,2023-02-05T12:00:00,2023-02-07T12:00:00,48,31.4,31.01,193.0,200.22,-7.22,20.0,79.25,31.31,31.44,31.01,31.04,1,12z,48,NOAA NCEI GFS Archive,experiments/phase6/data/raw/gfs_20230205_12_048_subset.grib2,2023-02-07 12:00:00,31.01,31.058666752,31.05693,2,30.937431386347644,32.0583694267516,31.88918778440413,,32.39133976731328
43063099999,PUNE,Synoptic/Airport,18.5333333,73.85,2023-02-07T12:00:00,2023-02-05T12:00:00,2023-02-07T12:00:00,48,30.8,30.91,558.0,677.98,-119.98,18.5,73.75,30.91,31.09,30.57,31.17,1,12z,48,NOAA NCEI GFS Archive,experiments/phase6/data/raw/gfs_20230205_12_048_subset.grib2,2023-02-07 12:00:00,30.91,30.959066689599997,31.68987,2,30.99796986518636,31.95836942675159,32.47953450246791,,33.14005299438307
43069099999,BARAMATI,Synoptic/Airport,18.15,74.5833333,2023-02-07T12:00:00,2023-02-05T12:00:00,2023-02-07T12:00:00,48,30.0,31.53,551.0,580.7,-29.7,18.25,74.5,31.12,31.57,31.53,31.96,1,12z,48,NOAA NCEI GFS Archive,experiments/phase6/data/raw/gfs_20230205_12_048_subset.grib2,2023-02-07 12:00:00,31.53,31.511999941600013,31.72305,2,31.457431386347643,32.57836942675159,32.65715959260988,,33.07984328069133
43110099999,RATNAGIRI,Synoptic/Airport,16.9833333,73.3333333,2023-02-07T12:00:00,2023-02-05T12:00:00,2023-02-07T12:00:00,48,27.6,26.26,67.0,36.22,30.78,17.0,73.25,26.45,28.45,26.26,28.54,1,12z,48,NOAA NCEI GFS Archive,experiments/phase6/data/raw/gfs_20230205_12_048_subset.grib2,2023-02-07 12:00:00,26.26,27.026444155822286,26.05993,2,26.126825513196483,27.308369426751597,25.82136765305913,,27.361501402515778
43111099999,MAHABALESHWAR,Synoptic/Airport,17.9333333,73.6666666,2023-02-07T12:00:00,2023-02-05T12:00:00,2023-02-07T12:00:00,48,24.0,29.14,1382.0,888.7,493.3,18.0,73.75,30.52,28.66,33.32,29.14,1,12z,48,NOAA NCEI GFS Archive,experiments/phase6/data/raw/gfs_20230205_12_048_subset.grib2,2023-02-07 12:00:00,29.14,30.199111893688823,25.93355,2,29.523029315960912,30.188369426751592,27.969667273414526,,26.757052495501274
43113099999,SATARA,Synoptic/Airport,17.5166666,74.05,2023-02-07T12:00:00,2023-02-05T12:00:00,2023-02-07T12:00:00,48,30.4,30.94,612.0,746.14,-134.14,17.5,74.0,30.94,31.15,30.71,30.4,1,12z,48,NOAA NCEI GFS Archive,experiments/phase6/data/raw/gfs_20230205_12_048_subset.grib2,2023-02-07 12:00:00,30.94,30.9597334224,31.81191,2,31.02796986518636,31.988369426751596,32.62278388708485,,33.27657643095051
43117099999,SOLAPUR,Synoptic/Airport,17.627958,75.934842,2023-02-07T12:00:00,2023-02-05T12:00:00,2023-02-07T12:00:00,48,30.2,32.82,482.8,492.06,-9.26,17.75,76.0,33.31,33.28,32.98,32.82,1,12z,48,NOAA NCEI GFS Archive,experiments/phase6/data/raw/gfs_20230205_12_048_subset.grib2,2023-02-07 12:00:00,32.82,33.06971821371712,32.88019,2,33.20302931596091,33.86836942675159,34.09406376348926,,34.2143547307089
43157099999,KOLHAPUR,Synoptic/Airport,16.664658,74.289353,2023-02-07T12:00:00,2023-02-05T12:00:00,2023-02-07T12:00:00,48,31.2,32.48,608.38,591.9,16.48,16.75,74.25,32.74,32.79,32.48,32.8,1,12z,48,NOAA NCEI GFS Archive,experiments/phase6/data/raw/gfs_20230205_12_048_subset.grib2,2023-02-07 12:00:00,32.48,32.60461895670369,32.372879999999995,2,32.86302931596091,33.52836942675159,33.60294058882858,,33.68108540509408
43158099999,SANGLI,Synoptic/Airport,16.85,74.6,2023-02-07T12:00:00,2023-02-05T12:00:00,2023-02-07T12:00:00,48,31.6,32.8,549.0,562.78,-13.78,16.75,74.5,32.8,32.84,32.41,32.09,1,12z,48,NOAA NCEI GFS Archive,experiments/phase6/data/raw/gfs_20230205_12_048_subset.grib2,2023-02-07 12:00:00,32.8,32.6024,32.88957,2,32.72743138634764,33.84836942675159,34.07036805422659,,34.22839616579234
42851099999,JALGAON,Synoptic/Airport,21.05,75.5666666,2023-08-05T12:00:00,2023-08-05T00:00:00,2023-08-05T12:00:00,12,26.8,28.86,201.0,212.38,-11.38,21.0,75.5,28.86,29.66,28.46,28.66,1,00z,12,NOAA NCEI GFS Archive,experiments/phase6/data/raw/gfs_20230805_00_012_subset.grib2,2023-08-05 12:00:00,28.86,28.96133315200001,28.93397,8,28.71510980966325,27.947634285714287,29.32224603176587,28.722946545421095,
42871099999,GONDIA ARPT/BIRSI,Synoptic/Airport,21.524467,80.287997,2023-08-05T12:00:00,2023-08-05T00:00:00,2023-08-05T12:00:00,12,30.6,27.26,300.84,301.18,-0.34,21.5,80.25,27.26,26.56,26.76,25.36,1,00z,12,NOAA NCEI GFS Archive,experiments/phase6/data/raw/gfs_20230805_00_012_subset.grib2,2023-08-05 12:00:00,27.26,27.094262066891183,27.262210000000003,8,27.11510980966325,26.34763428571429,27.37668936410408,26.535761683808957,
42933099999,AKOLA,Synoptic/Airport,20.7,77.0333333,2023-08-05T12:00:00,2023-08-05T00:00:00,2023-08-05T12:00:00,12,31.9,30.16,282.0,280.22,1.78,20.75,77.0,28.36,28.26,30.16,29.86,1,00z,12,NOAA NCEI GFS Archive,experiments/phase6/data/raw/gfs_20230805_00_012_subset.grib2,2023-08-05 12:00:00,30.16,29.765333368,30.14843,8,30.54302931596091,29.247634285714287,31.04717279298631,30.356739514516086,
42939099999,WARDHA,Synoptic/Airport,20.6666666,78.5833333,2023-08-05T12:00:00,2023-08-05T00:00:00,2023-08-05T12:00:00,12,27.1,29.56,283.0,275.58,7.42,20.75,78.5,29.56,29.86,29.56,30.26,1,00z,12,NOAA NCEI GFS Archive,experiments/phase6/data/raw/gfs_20230805_00_012_subset.grib2,2023-08-05 12:00:00,29.56,29.748888777777807,29.51177,8,29.42682551319648,28.64763428571429,29.943644493178233,29.52683248935788,
42943099999,YEOTMAL,Synoptic/Airport,20.4,78.15,2023-08-05T12:00:00,2023-08-05T00:00:00,2023-08-05T12:00:00,12,29.5,29.36,451.0,308.86,142.14,20.5,78.25,28.66,28.96,29.46,29.36,1,00z,12,NOAA NCEI GFS Archive,experiments/phase6/data/raw/gfs_20230805_00_012_subset.grib2,2023-08-05 12:00:00,29.36,29.176,28.43609,8,29.21510980966325,28.447634285714287,28.928557472035415,28.390039920433715,
43014099999,AURANGABAD,Synoptic/Airport,19.863169,75.398206,2023-08-05T12:00:00,2023-08-05T00:00:00,2023-08-05T12:00:00,12,26.2,28.46,582.47,556.06,26.41,19.75,75.5,28.86,28.46,26.86,27.56,1,00z,12,NOAA NCEI GFS Archive,experiments/phase6/data/raw/gfs_20230805_00_012_subset.grib2,2023-08-05 12:00:00,28.46,28.012711316726403,28.288335,8,28.54796986518636,27.547634285714288,28.734716991923484,27.949326361391776,
43017099999,PARBHANI,Synoptic/Airport,19.1333333,76.8333333,2023-08-05T12:00:00,2023-08-05T00:00:00,2023-08-05T12:00:00,12,30.2,29.36,422.0,405.66,16.34,19.25,76.75,28.56,28.36,29.36,28.46,1,00z,12,NOAA NCEI GFS Archive,experiments/phase6/data/raw/gfs_20230805_00_012_subset.grib2,2023-08-05 12:00:00,29.36,28.795555556444416,29.25379,8,29.22682551319648,28.447634285714287,29.65474883989984,29.204611866,
43021099999,NANDED,Synoptic/Airport,19.0833333,77.3333333,2023-08-05T12:00:00,2023-08-05T00:00:00,2023-08-05T12:00:00,12,28.4,28.56,358.0,399.74,-41.74,19.0,77.25,28.56,28.86,28.06,28.46,1,00z,12,NOAA NCEI GFS Archive,experiments/phase6/data/raw/gfs_20230805_00_012_subset.grib2,2023-08-05 12:00:00,28.56,28.50444446222223,28.83131,8,28.41510980966325,27.64763428571429,29.16440020261288,28.522838002268777,
43029099999,CHANDRAPUR,Synoptic/Airport,19.9666666,79.3,2023-08-05T12:00:00,2023-08-05T00:00:00,2023-08-05T12:00:00,12,33.2,28.86,193.0,200.22,-7.22,20.0,79.25,28.86,28.96,28.86,28.56,1,00z,12,NOAA NCEI GFS Archive,experiments/phase6/data/raw/gfs_20230805_00_012_subset.grib2,2023-08-05 12:00:00,28.86,28.810666688,28.90693,8,28.78743138634764,27.947634285714287,29.44220201104711,28.696009985058968,
43063099999,PUNE,Synoptic/Airport,18.5333333,73.85,2023-08-05T12:00:00,2023-08-05T00:00:00,2023-08-05T12:00:00,12,25.2,23.96,558.0,677.98,-119.98,18.5,73.75,23.96,25.36,24.16,25.26,1,00z,12,NOAA NCEI GFS Archive,experiments/phase6/data/raw/gfs_20230805_00_012_subset.grib2,2023-08-05 12:00:00,23.96,24.53066665599997,24.73987,8,24.04796986518636,23.047634285714288,25.004650234918902,22.946816839707637,
43069099999,BARAMATI,Synoptic/Airport,18.15,74.5833333,2023-08-05T12:00:00,2023-08-05T00:00:00,2023-08-05T12:00:00,12,28.8,26.36,551.0,580.7,-29.7,18.25,74.5,26.86,27.76,26.36,27.36,1,00z,12,NOAA NCEI GFS Archive,experiments/phase6/data/raw/gfs_20230805_00_012_subset.grib2,2023-08-05 12:00:00,26.36,26.879999872000027,26.55305,8,26.28743138634764,25.447634285714287,26.602456512871488,25.535790740517726,
43110099999,RATNAGIRI,Synoptic/Airport,16.9833333,73.3333333,2023-08-05T12:00:00,2023-08-05T00:00:00,2023-08-05T12:00:00,12,28.4,27.26,67.0,36.22,30.78,17.0,73.25,27.26,27.26,27.26,27.26,1,00z,12,NOAA NCEI GFS Archive,experiments/phase6/data/raw/gfs_20230805_00_012_subset.grib2,2023-08-05 12:00:00,27.26,27.26,27.05993,8,27.126825513196483,26.34763428571429,27.14262186623636,26.334255491869186,
43111099999,MAHABALESHWAR,Synoptic/Airport,17.9333333,73.6666666,2023-08-05T12:00:00,2023-08-05T00:00:00,2023-08-05T12:00:00,12,19.0,20.86,1382.0,888.7,493.3,18.0,73.75,25.76,21.56,25.86,20.86,1,00z,12,NOAA NCEI GFS Archive,experiments/phase6/data/raw/gfs_20230805_00_012_subset.grib2,2023-08-05 12:00:00,20.86,22.642223556444428,17.65355,8,21.24302931596091,19.947634285714287,18.38099162884657,14.876578691310016,
43113099999,SATARA,Synoptic/Airport,17.5166666,74.05,2023-08-05T12:00:00,2023-08-05T00:00:00,2023-08-05T12:00:00,12,24.6,22.26,612.0,746.14,-134.14,17.5,74.0,22.26,23.36,22.76,23.46,1,00z,12,NOAA NCEI GFS Archive,experiments/phase6/data/raw/gfs_20230805_00_012_subset.grib2,2023-08-05 12:00:00,22.26,22.507999887999997,23.13191,8,22.34796986518636,21.34763428571429,23.273724121650183,20.79057416169077,
43117099999,SOLAPUR,Synoptic/Airport,17.627958,75.934842,2023-08-05T12:00:00,2023-08-05T00:00:00,2023-08-05T12:00:00,12,29.6,28.26,482.8,492.06,-9.26,17.75,76.0,29.06,29.16,28.56,28.26,1,00z,12,NOAA NCEI GFS Archive,experiments/phase6/data/raw/gfs_20230805_00_012_subset.grib2,2023-08-05 12:00:00,28.26,28.7266479191296,28.32019,8,28.643029315960916,27.34763428571429,28.861924627827,27.915831994415463,
43157099999,KOLHAPUR,Synoptic/Airport,16.664658,74.289353,2023-08-05T12:00:00,2023-08-05T00:00:00,2023-08-05T12:00:00,12,25.0,24.56,608.38,591.9,16.48,16.75,74.25,24.16,25.06,24.56,25.66,1,00z,12,NOAA NCEI GFS Archive,experiments/phase6/data/raw/gfs_20230805_00_012_subset.grib2,2023-08-05 12:00:00,24.56,24.58585891607682,24.45288,8,24.94302931596091,23.64763428571429,24.43586525157409,22.856607223649867,
43158099999,SANGLI,Synoptic/Airport,16.85,74.6,2023-08-05T12:00:00,2023-08-05T00:00:00,2023-08-05T12:00:00,12,27.0,25.66,549.0,562.78,-13.78,16.75,74.5,25.66,26.16,25.76,25.46,1,00z,12,NOAA NCEI GFS Archive,experiments/phase6/data/raw/gfs_20230805_00_012_subset.grib2,2023-08-05 12:00:00,25.66,25.772,25.74957,8,25.58743138634764,24.747634285714287,25.662286466683128,24.50708811971241,
42933099999,AKOLA,Synoptic/Airport,20.7,77.0333333,2023-08-06T00:00:00,2023-08-05T00:00:00,2023-08-06T00:00:00,24,25.6,24.09,282.0,280.22,1.78,20.75,77.0,23.09,22.89,24.09,23.89,1,00z,24,NOAA NCEI GFS Archive,experiments/phase6/data/raw/gfs_20230805_00_024_subset.grib2,2023-08-06 00:00:00,24.09,23.86333336,24.07843,8,24.47302931596091,23.177634285714287,23.902479359015064,22.09604175576988,
43014099999,AURANGABAD,Synoptic/Airport,19.863169,75.398206,2023-08-06T00:00:00,2023-08-05T00:00:00,2023-08-06T00:00:00,24,22.4,23.09,582.47,556.06,26.41,19.75,75.5,23.49,23.09,21.99,22.39,1,00z,24,NOAA NCEI GFS Archive,experiments/phase6/data/raw/gfs_20230805_00_024_subset.grib2,2023-08-06 00:00:00,23.09,22.7885421576192,22.918335,8,23.17796986518636,22.177634285714287,22.899083620365936,20.614247078988118,
43063099999,PUNE,Synoptic/Airport,18.5333333,73.85,2023-08-06T00:00:00,2023-08-05T00:00:00,2023-08-06T00:00:00,24,22.8,21.29,558.0,677.98,-119.98,18.5,73.75,21.29,21.69,21.29,21.59,1,00z,24,NOAA NCEI GFS Archive,experiments/phase6/data/raw/gfs_20230805_00_024_subset.grib2,2023-08-06 00:00:00,21.29,21.444666671999983,22.069869999999998,8,21.37796986518636,20.377634285714286,22.094030646188692,19.181980251768113,
43110099999,RATNAGIRI,Synoptic/Airport,16.9833333,73.3333333,2023-08-06T00:00:00,2023-08-05T00:00:00,2023-08-06T00:00:00,24,26.8,26.09,67.0,36.22,30.78,17.0,73.25,26.49,23.79,26.09,23.49,1,00z,24,NOAA NCEI GFS Archive,experiments/phase6/data/raw/gfs_20230805_00_024_subset.grib2,2023-08-06 00:00:00,26.09,25.247778174222148,25.88993,8,25.95682551319648,25.177634285714287,25.739196481723972,24.55288706752085,
42851099999,JALGAON,Synoptic/Airport,21.05,75.5666666,2023-08-06T12:00:00,2023-08-05T00:00:00,2023-08-06T12:00:00,36,29.4,27.77,201.0,212.38,-11.38,21.0,75.5,27.77,28.27,26.97,26.87,1,00z,36,NOAA NCEI GFS Archive,experiments/phase6/data/raw/gfs_20230805_00_036_subset.grib2,2023-08-06 12:00:00,27.77,27.711333232,27.84397,8,27.62510980966325,26.857634285714287,27.952304925274767,26.813099833050416,
42871099999,GONDIA ARPT/BIRSI,Synoptic/Airport,21.524467,80.287997,2023-08-06T12:00:00,2023-08-05T00:00:00,2023-08-06T12:00:00,36,25.6,26.77,300.84,301.18,-0.34,21.5,80.25,26.77,25.77,26.87,24.57,1,00z,36,NOAA NCEI GFS Archive,experiments/phase6/data/raw/gfs_20230805_00_036_subset.grib2,2023-08-06 12:00:00,26.77,26.60846160994078,26.77221,8,26.62510980966325,25.857634285714287,26.709913363811644,25.419302236874746,
42933099999,AKOLA,Synoptic/Airport,20.7,77.0333333,2023-08-06T12:00:00,2023-08-05T00:00:00,2023-08-06T12:00:00,36,29.8,29.87,282.0,280.22,1.78,20.75,77.0,28.47,28.07,29.87,29.47,1,00z,36,NOAA NCEI GFS Archive,experiments/phase6/data/raw/gfs_20230805_00_036_subset.grib2,2023-08-06 12:00:00,29.87,29.536666720000003,29.858430000000002,8,30.253029315960912,28.95763428571429,30.63546270744503,29.504742489394037,
42939099999,WARDHA,Synoptic/Airport,20.6666666,78.5833333,2023-08-06T12:00:00,2023-08-05T00:00:00,2023-08-06T12:00:00,36,29.0,29.67,283.0,275.58,7.42,20.75,78.5,29.57,30.27,29.67,29.87,1,00z,36,NOAA NCEI GFS Archive,experiments/phase6/data/raw/gfs_20230805_00_036_subset.grib2,2023-08-06 12:00:00,29.67,29.75888885777777,29.62177,8,29.536825513196483,28.75763428571429,29.956755379086466,29.203760307860147,
42943099999,YEOTMAL,Synoptic/Airport,20.4,78.15,2023-08-06T12:00:00,2023-08-05T00:00:00,2023-08-06T12:00:00,36,26.2,28.07,451.0,308.86,142.14,20.5,78.25,27.77,27.97,28.27,28.07,1,00z,36,NOAA NCEI GFS Archive,experiments/phase6/data/raw/gfs_20230805_00_036_subset.grib2,2023-08-06 12:00:00,28.07,28.046,27.14609,8,27.92510980966325,27.157634285714288,27.324227996811423,26.215730786250873,
43014099999,AURANGABAD,Synoptic/Airport,19.863169,75.398206,2023-08-06T12:00:00,2023-08-05T00:00:00,2023-08-06T12:00:00,36,26.4,27.17,582.47,556.06,26.41,19.75,75.5,27.87,27.17,26.77,27.07,1,00z,36,NOAA NCEI GFS Archive,experiments/phase6/data/raw/gfs_20230805_00_036_subset.grib2,2023-08-06 12:00:00,27.17,27.225436797024,26.998335,8,27.25796986518636,26.25763428571429,27.300998488704078,25.775017227208934,
43017099999,PARBHANI,Synoptic/Airport,19.1333333,76.8333333,2023-08-06T12:00:00,2023-08-05T00:00:00,2023-08-06T12:00:00,36,31.2,27.37,422.0,405.66,16.34,19.25,76.75,27.57,27.17,27.37,27.17,1,00z,36,NOAA NCEI GFS Archive,experiments/phase6/data/raw/gfs_20230805_00_036_subset.grib2,2023-08-06 12:00:00,27.37,27.36555561244444,27.26379,8,27.23682551319648,26.45763428571429,27.250749735865494,26.10468425547461,
43021099999,NANDED,Synoptic/Airport,19.0833333,77.3333333,2023-08-06T12:00:00,2023-08-05T00:00:00,2023-08-06T12:00:00,36,30.0,27.27,358.0,399.74,-41.74,19.0,77.25,27.27,28.07,27.37,28.27,1,00z,36,NOAA NCEI GFS Archive,experiments/phase6/data/raw/gfs_20230805_00_036_subset.grib2,2023-08-06 12:00:00,27.27,27.58111098222225,27.54131,8,27.12510980966325,26.357634285714287,27.560070727388887,26.348528868085936,
43029099999,CHANDRAPUR,Synoptic/Airport,19.9666666,79.3,2023-08-06T12:00:00,2023-08-05T00:00:00,2023-08-06T12:00:00,36,30.0,28.97,193.0,200.22,-7.22,20.0,79.25,29.27,29.17,28.97,28.57,1,00z,36,NOAA NCEI GFS Archive,experiments/phase6/data/raw/gfs_20230805_00_036_subset.grib2,2023-08-06 12:00:00,28.97,28.938000096000003,29.01693,8,28.89743138634764,28.05763428571429,29.49266077095244,28.372937803561236,
43063099999,PUNE,Synoptic/Airport,18.5333333,73.85,2023-08-06T12:00:00,2023-08-05T00:00:00,2023-08-06T12:00:00,36,24.8,24.07,558.0,677.98,-119.98,18.5,73.75,24.07,25.47,24.57,25.67,1,00z,36,NOAA NCEI GFS Archive,experiments/phase6/data/raw/gfs_20230805_00_036_subset.grib2,2023-08-06 12:00:00,24.07,24.680666615999968,24.84987,8,24.15796986518636,23.157634285714288,25.08760554501737,22.6237446582099,
43069099999,BARAMATI,Synoptic/Airport,18.15,74.5833333,2023-08-06T12:00:00,2023-08-05T00:00:00,2023-08-06T12:00:00,36,28.2,27.37,551.0,580.7,-29.7,18.25,74.5,27.97,28.67,27.37,28.37,1,00z,36,NOAA NCEI GFS Archive,experiments/phase6/data/raw/gfs_20230805_00_036_subset.grib2,2023-08-06 12:00:00,27.37,27.90333321600003,27.56305,8,27.297431386347643,26.45763428571429,27.728062814413654,26.4027994571747,
43110099999,RATNAGIRI,Synoptic/Airport,16.9833333,73.3333333,2023-08-06T12:00:00,2023-08-05T00:00:00,2023-08-06T12:00:00,36,28.2,27.37,67.0,36.22,30.78,17.0,73.25,27.47,27.37,27.37,27.37,1,00z,36,NOAA NCEI GFS Archive,experiments/phase6/data/raw/gfs_20230805_00_036_subset.grib2,2023-08-06 12:00:00,27.37,27.37444445422222,27.16993,8,27.23682551319648,26.45763428571429,27.155732752144587,26.01118331037145,
43111099999,MAHABALESHWAR,Synoptic/Airport,17.9333333,73.6666666,2023-08-06T12:00:00,2023-08-05T00:00:00,2023-08-06T12:00:00,36,18.8,21.57,1382.0,888.7,493.3,18.0,73.75,25.87,22.37,25.97,21.57,1,00z,36,NOAA NCEI GFS Archive,experiments/phase6/data/raw/gfs_20230805_00_036_subset.grib2,2023-08-06 12:00:00,21.57,23.170001175999975,18.36355,8,21.95302931596091,20.657634285714288,19.140393508064886,15.346893775248757,
43113099999,SATARA,Synoptic/Airport,17.5166666,74.05,2023-08-06T12:00:00,2023-08-05T00:00:00,2023-08-06T12:00:00,36,25.4,23.27,612.0,746.14,-134.14,17.5,74.0,23.27,24.57,23.57,24.17,1,00z,36,NOAA NCEI GFS Archive,experiments/phase6/data/raw/gfs_20230805_00_036_subset.grib2,2023-08-06 12:00:00,23.27,23.540666623999986,24.14191,8,23.35796986518636,22.357634285714287,24.331684026024433,21.657582878347746,
43117099999,SOLAPUR,Synoptic/Airport,17.627958,75.934842,2023-08-06T12:00:00,2023-08-05T00:00:00,2023-08-06T12:00:00,36,29.0,28.37,482.8,492.06,-9.26,17.75,76.0,28.87,28.87,28.57,28.37,1,00z,36,NOAA NCEI GFS Archive,experiments/phase6/data/raw/gfs_20230805_00_036_subset.grib2,2023-08-06 12:00:00,28.37,28.6407639595648,28.43019,8,28.753029315960912,27.45763428571429,28.918659328189555,27.592759812917727,
43157099999,KOLHAPUR,Synoptic/Airport,16.664658,74.289353,2023-08-06T12:00:00,2023-08-05T00:00:00,2023-08-06T12:00:00,36,25.0,24.77,608.38,591.9,16.48,16.75,74.25,24.57,25.57,24.77,25.87,1,00z,36,NOAA NCEI GFS Archive,experiments/phase6/data/raw/gfs_20230805_00_036_subset.grib2,2023-08-06 12:00:00,24.77,24.869506058038425,24.66288,8,25.15302931596091,23.857634285714287,24.609711148412607,22.665766253058216,
43158099999,SANGLI,Synoptic/Airport,16.85,74.6,2023-08-06T12:00:00,2023-08-05T00:00:00,2023-08-06T12:00:00,36,26.2,25.87,549.0,562.78,-13.78,16.75,74.5,25.87,26.47,25.97,25.87,1,00z,36,NOAA NCEI GFS Archive,experiments/phase6/data/raw/gfs_20230805_00_036_subset.grib2,2023-08-06 12:00:00,25.87,26.037999999999997,25.95957,8,25.797431386347643,24.95763428571429,25.832206064548107,24.316247149120755,
42933099999,AKOLA,Synoptic/Airport,20.7,77.0333333,2023-08-07T00:00:00,2023-08-05T00:00:00,2023-08-07T00:00:00,48,24.7,23.97,282.0,280.22,1.78,20.75,77.0,23.17,22.97,23.97,23.67,1,00z,48,NOAA NCEI GFS Archive,experiments/phase6/data/raw/gfs_20230805_00_048_subset.grib2,2023-08-07 00:00:00,23.97,23.772666704,23.95843,8,24.35302931596091,23.05763428571429,23.68985830748291,21.46883778918816,
43014099999,AURANGABAD,Synoptic/Airport,19.863169,75.398206,2023-08-07T00:00:00,2023-08-05T00:00:00,2023-08-07T00:00:00,48,23.0,22.37,582.47,556.06,26.41,19.75,75.5,22.57,22.37,21.17,21.37,1,00z,48,NOAA NCEI GFS Archive,experiments/phase6/data/raw/gfs_20230805_00_048_subset.grib2,2023-08-07 00:00:00,22.37,21.925031678809603,22.198335,8,22.45796986518636,21.45763428571429,22.082868026854523,19.19365584696993,
43063099999,PUNE,Synoptic/Airport,18.5333333,73.85,2023-08-07T00:00:00,2023-08-05T00:00:00,2023-08-07T00:00:00,48,23.4,21.37,558.0,677.98,-119.98,18.5,73.75,21.37,21.97,21.27,21.77,1,00z,48,NOAA NCEI GFS Archive,experiments/phase6/data/raw/gfs_20230805_00_048_subset.grib2,2023-08-07 00:00:00,21.37,21.591333351999985,22.14987,8,21.45796986518636,20.45763428571429,22.14448580314464,18.819238706998558,
43110099999,RATNAGIRI,Synoptic/Airport,16.9833333,73.3333333,2023-08-07T00:00:00,2023-08-05T00:00:00,2023-08-07T00:00:00,48,26.6,25.97,67.0,36.22,30.78,17.0,73.25,26.27,24.27,25.97,23.77,1,00z,48,NOAA NCEI GFS Archive,experiments/phase6/data/raw/gfs_20230805_00_048_subset.grib2,2023-08-07 00:00:00,25.97,25.26111145155549,25.76993,8,25.83682551319648,25.05763428571429,25.48757627349563,23.925683100939132,
42933099999,AKOLA,Synoptic/Airport,20.7,77.0333333,2023-08-06T00:00:00,2023-08-05T12:00:00,2023-08-06T00:00:00,12,25.6,24.08,282.0,280.22,1.78,20.75,77.0,22.98,23.08,24.08,23.88,1,12z,12,NOAA NCEI GFS Archive,experiments/phase6/data/raw/gfs_20230805_12_012_subset.grib2,2023-08-06 00:00:00,24.08,23.841333352,24.06843,8,24.46302931596091,23.16763428571429,23.926812047247967,22.31708189142648,
43014099999,AURANGABAD,Synoptic/Airport,19.863169,75.398206,2023-08-06T00:00:00,2023-08-05T12:00:00,2023-08-06T00:00:00,12,22.4,22.88,582.47,556.06,26.41,19.75,75.5,23.38,22.88,22.18,22.58,1,12z,12,NOAA NCEI GFS Archive,experiments/phase6/data/raw/gfs_20230805_12_012_subset.grib2,2023-08-06 00:00:00,22.88,22.7818982773216,22.708334999999998,8,22.96796986518636,21.967634285714286,22.68968850741365,20.57082479283256,
43063099999,PUNE,Synoptic/Airport,18.5333333,73.85,2023-08-06T00:00:00,2023-08-05T12:00:00,2023-08-06T00:00:00,12,22.8,21.28,558.0,677.98,-119.98,18.5,73.75,21.28,21.48,21.58,21.68,1,12z,12,NOAA NCEI GFS Archive,experiments/phase6/data/raw/gfs_20230805_12_012_subset.grib2,2023-08-06 00:00:00,21.28,21.394666632,22.05987,8,21.36796986518636,20.36763428571429,22.101303220853247,19.403020387424718,
43110099999,RATNAGIRI,Synoptic/Airport,16.9833333,73.3333333,2023-08-06T00:00:00,2023-08-05T12:00:00,2023-08-06T00:00:00,12,26.8,26.28,67.0,36.22,30.78,17.0,73.25,26.68,24.38,26.28,23.88,1,12z,12,NOAA NCEI GFS Archive,experiments/phase6/data/raw/gfs_20230805_12_012_subset.grib2,2023-08-06 00:00:00,26.28,25.50888926577771,26.07993,8,26.14682551319648,25.36763428571429,26.014637204263163,25.038389624989613,
42851099999,JALGAON,Synoptic/Airport,21.05,75.5666666,2023-08-06T12:00:00,2023-08-05T12:00:00,2023-08-06T12:00:00,24,29.4,28.77,201.0,212.38,-11.38,21.0,75.5,28.77,29.17,27.77,27.47,1,12z,24,NOAA NCEI GFS Archive,experiments/phase6/data/raw/gfs_20230805_12_024_subset.grib2,2023-08-06 12:00:00,28.77,28.639333264000005,28.84397,8,28.62510980966325,27.857634285714287,29.170509017387644,28.369675198858417,
42871099999,GONDIA ARPT/BIRSI,Synoptic/Airport,21.524467,80.287997,2023-08-06T12:00:00,2023-08-05T12:00:00,2023-08-06T12:00:00,24,25.6,27.37,300.84,301.18,-0.34,21.5,80.25,27.37,26.57,27.87,25.57,1,12z,24,NOAA NCEI GFS Archive,experiments/phase6/data/raw/gfs_20230805_12_024_subset.grib2,2023-08-06 12:00:00,27.37,27.275031457623985,27.372210000000003,8,27.22510980966325,26.45763428571429,27.459340718458744,26.446952759058433,
42933099999,AKOLA,Synoptic/Airport,20.7,77.0333333,2023-08-06T12:00:00,2023-08-05T12:00:00,2023-08-06T12:00:00,24,29.8,29.57,282.0,280.22,1.78,20.75,77.0,27.67,27.37,29.57,29.17,1,12z,24,NOAA NCEI GFS Archive,experiments/phase6/data/raw/gfs_20230805_12_024_subset.grib2,2023-08-06 12:00:00,29.57,29.139333384000004,29.55843,8,29.95302931596091,28.657634285714288,30.32017292589765,29.34231211342301,
42939099999,WARDHA,Synoptic/Airport,20.6666666,78.5833333,2023-08-06T12:00:00,2023-08-05T12:00:00,2023-08-06T12:00:00,24,29.0,29.87,283.0,275.58,7.42,20.75,78.5,30.17,30.77,29.87,30.07,1,12z,24,NOAA NCEI GFS Archive,experiments/phase6/data/raw/gfs_20230805_12_024_subset.grib2,2023-08-06 12:00:00,29.87,30.081111182222216,29.82177,8,29.73682551319648,28.95763428571429,30.243706149196807,29.702485986419514,
42943099999,YEOTMAL,Synoptic/Airport,20.4,78.15,2023-08-06T12:00:00,2023-08-05T12:00:00,2023-08-06T12:00:00,24,26.2,29.57,451.0,308.86,142.14,20.5,78.25,27.47,28.07,29.17,29.57,1,12z,24,NOAA NCEI GFS Archive,experiments/phase6/data/raw/gfs_20230805_12_024_subset.grib2,2023-08-06 12:00:00,29.57,28.77800000000001,28.64609,8,29.42510980966325,28.657634285714288,29.12840301075653,28.43346220658927,
43014099999,AURANGABAD,Synoptic/Airport,19.863169,75.398206,2023-08-06T12:00:00,2023-08-05T12:00:00,2023-08-06T12:00:00,24,26.4,27.67,582.47,556.06,26.41,19.75,75.5,27.87,27.67,26.17,26.37,1,12z,24,NOAA NCEI GFS Archive,experiments/phase6/data/raw/gfs_20230805_12_024_subset.grib2,2023-08-06 12:00:00,27.67,27.089228878809607,27.498335,8,27.75796986518636,26.75763428571429,27.860773666791573,26.67043653848654,
43017099999,PARBHANI,Synoptic/Airport,19.1333333,76.8333333,2023-08-06T12:00:00,2023-08-05T12:00:00,2023-08-06T12:00:00,24,31.2,27.47,422.0,405.66,16.34,19.25,76.75,28.67,28.37,27.47,27.27,1,12z,24,NOAA NCEI GFS Archive,experiments/phase6/data/raw/gfs_20230805_12_024_subset.grib2,2023-08-06 12:00:00,27.47,27.947777966222212,27.363789999999998,8,27.33682551319648,26.55763428571429,27.422600030264284,26.471178723127895,
43021099999,NANDED,Synoptic/Airport,19.0833333,77.3333333,2023-08-06T12:00:00,2023-08-05T12:00:00,2023-08-06T12:00:00,24,30.0,28.67,358.0,399.74,-41.74,19.0,77.25,28.67,29.67,27.17,27.37,1,12z,24,NOAA NCEI GFS Archive,experiments/phase6/data/raw/gfs_20230805_12_024_subset.grib2,2023-08-06 12:00:00,28.67,28.41444458222223,28.94131,8,28.52510980966325,27.75763428571429,29.24705155696755,28.434029077518257,
43029099999,CHANDRAPUR,Synoptic/Airport,19.9666666,79.3,2023-08-06T12:00:00,2023-08-05T12:00:00,2023-08-06T12:00:00,24,30.0,28.77,193.0,200.22,-7.22,20.0,79.25,29.57,29.37,28.77,28.07,1,12z,24,NOAA NCEI GFS Archive,experiments/phase6/data/raw/gfs_20230805_12_024_subset.grib2,2023-08-06 12:00:00,28.77,28.750000240000013,28.81693,8,28.69743138634764,27.857634285714287,29.294213175958287,28.342738638496286,
43063099999,PUNE,Synoptic/Airport,18.5333333,73.85,2023-08-06T12:00:00,2023-08-05T12:00:00,2023-08-06T12:00:00,24,24.8,23.87,558.0,677.98,-119.98,18.5,73.75,23.87,25.37,23.87,25.07,1,12z,24,NOAA NCEI GFS Archive,experiments/phase6/data/raw/gfs_20230805_12_024_subset.grib2,2023-08-06 12:00:00,23.87,24.454000015999966,24.64987,8,23.95796986518636,22.95763428571429,24.88904381644593,22.593545493144955,
43069099999,BARAMATI,Synoptic/Airport,18.15,74.5833333,2023-08-06T12:00:00,2023-08-05T12:00:00,2023-08-06T12:00:00,24,28.2,27.57,551.0,580.7,-29.7,18.25,74.5,27.87,28.67,27.57,28.47,1,12z,24,NOAA NCEI GFS Archive,experiments/phase6/data/raw/gfs_20230805_12_024_subset.grib2,2023-08-06 12:00:00,27.57,27.976666552000022,27.76305,8,27.497431386347643,26.657634285714288,28.00745857125809,26.901525135734072,
43110099999,RATNAGIRI,Synoptic/Airport,16.9833333,73.3333333,2023-08-06T12:00:00,2023-08-05T12:00:00,2023-08-06T12:00:00,24,28.2,27.27,67.0,36.22,30.78,17.0,73.25,27.27,27.37,27.27,27.37,1,12z,24,NOAA NCEI GFS Archive,experiments/phase6/data/raw/gfs_20230805_12_024_subset.grib2,2023-08-06 12:00:00,27.27,27.30333332,27.06993,8,27.13682551319648,26.357634285714287,27.097382095120274,26.11321535621258,
43111099999,MAHABALESHWAR,Synoptic/Airport,17.9333333,73.6666666,2023-08-06T12:00:00,2023-08-05T12:00:00,2023-08-06T12:00:00,24,18.8,20.97,1382.0,888.7,493.3,18.0,73.75,26.27,22.17,25.87,20.97,1,12z,24,NOAA NCEI GFS Archive,experiments/phase6/data/raw/gfs_20230805_12_024_subset.grib2,2023-08-06 12:00:00,20.97,22.852223596444425,17.76355,8,21.35302931596091,20.05763428571429,18.473770137089627,14.787769766559492,
43113099999,SATARA,Synoptic/Airport,17.5166666,74.05,2023-08-06T12:00:00,2023-08-05T12:00:00,2023-08-06T12:00:00,24,25.4,23.47,612.0,746.14,-134.14,17.5,74.0,23.47,24.67,23.57,24.27,1,12z,24,NOAA NCEI GFS Archive,experiments/phase6/data/raw/gfs_20230805_12_024_subset.grib2,2023-08-06 12:00:00,23.47,23.70999999999999,24.34191,8,23.55796986518636,22.55763428571429,24.566457672686667,22.156308556907113,
43117099999,SOLAPUR,Synoptic/Airport,17.627958,75.934842,2023-08-06T12:00:00,2023-08-05T12:00:00,2023-08-06T12:00:00,24,29.0,28.27,482.8,492.06,-9.26,17.75,76.0,29.07,29.07,28.67,28.27,1,12z,24,NOAA NCEI GFS Archive,experiments/phase6/data/raw/gfs_20230805_12_024_subset.grib2,2023-08-06 12:00:00,28.27,28.7138943191296,28.330189999999998,8,28.65302931596091,27.357634285714287,28.837591939594095,27.694791858758855,
43157099999,KOLHAPUR,Synoptic/Airport,16.664658,74.289353,2023-08-06T12:00:00,2023-08-05T12:00:00,2023-08-06T12:00:00,24,25.0,24.87,608.38,591.9,16.48,16.75,74.25,24.67,25.67,24.87,25.97,1,12z,24,NOAA NCEI GFS Archive,experiments/phase6/data/raw/gfs_20230805_12_024_subset.grib2,2023-08-06 12:00:00,24.87,24.969506058038423,24.762880000000003,8,25.253029315960912,23.95763428571429,24.762866152769067,23.032260720711506,
43158099999,SANGLI,Synoptic/Airport,16.85,74.6,2023-08-06T12:00:00,2023-08-05T12:00:00,2023-08-06T12:00:00,24,26.2,25.97,549.0,562.78,-13.78,16.75,74.5,25.97,26.47,25.97,25.67,1,12z,24,NOAA NCEI GFS Archive,experiments/phase6/data/raw/gfs_20230805_12_024_subset.grib2,2023-08-06 12:00:00,25.97,26.041999999999994,26.059569999999997,8,25.89743138634764,25.05763428571429,25.992140983432893,24.682741616774045,
42933099999,AKOLA,Synoptic/Airport,20.7,77.0333333,2023-08-07T00:00:00,2023-08-05T12:00:00,2023-08-07T00:00:00,36,24.7,23.86,282.0,280.22,1.78,20.75,77.0,22.96,22.76,23.86,23.46,1,12z,36,NOAA NCEI GFS Archive,experiments/phase6/data/raw/gfs_20230805_12_036_subset.grib2,2023-08-07 00:00:00,23.86,23.632000048000005,23.84843,8,24.24302931596091,22.947634285714287,23.597079799239857,21.557646713938684,
43014099999,AURANGABAD,Synoptic/Airport,19.863169,75.398206,2023-08-07T00:00:00,2023-08-05T12:00:00,2023-08-07T00:00:00,36,23.0,22.16,582.47,556.06,26.41,19.75,75.5,22.46,22.16,21.06,21.36,1,12z,36,NOAA NCEI GFS Archive,experiments/phase6/data/raw/gfs_20230805_12_036_subset.grib2,2023-08-07 00:00:00,22.16,21.809420718214405,21.988335,8,22.24796986518636,21.247634285714287,21.873472913902233,19.15023356081437,
43063099999,PUNE,Synoptic/Airport,18.5333333,73.85,2023-08-07T00:00:00,2023-08-05T12:00:00,2023-08-07T00:00:00,36,23.4,21.46,558.0,677.98,-119.98,18.5,73.75,21.46,22.06,21.36,21.86,1,12z,36,NOAA NCEI GFS Archive,experiments/phase6/data/raw/gfs_20230805_12_036_subset.grib2,2023-08-07 00:00:00,21.46,21.681333351999985,22.23987,8,21.54796986518636,20.547634285714288,22.26009222161761,19.17251005356124,
43110099999,RATNAGIRI,Synoptic/Airport,16.9833333,73.3333333,2023-08-07T00:00:00,2023-08-05T12:00:00,2023-08-07T00:00:00,36,26.6,26.16,67.0,36.22,30.78,17.0,73.25,26.56,24.26,26.16,23.66,1,12z,36,NOAA NCEI GFS Archive,experiments/phase6/data/raw/gfs_20230805_12_036_subset.grib2,2023-08-07 00:00:00,26.16,25.35777817155548,25.95993,8,26.02682551319648,25.247634285714287,25.76301699603482,24.411185658407895,
42851099999,JALGAON,Synoptic/Airport,21.05,75.5666666,2023-08-07T12:00:00,2023-08-05T12:00:00,2023-08-07T12:00:00,48,30.0,29.37,201.0,212.38,-11.38,21.0,75.5,29.37,28.87,27.67,27.77,1,12z,48,NOAA NCEI GFS Archive,experiments/phase6/data/raw/gfs_20230805_12_048_subset.grib2,2023-08-07 12:00:00,29.37,28.928666767999992,29.44397,8,29.22510980966325,28.45763428571429,29.78114962668947,28.69453595080047,
42871099999,GONDIA ARPT/BIRSI,Synoptic/Airport,21.524467,80.287997,2023-08-07T12:00:00,2023-08-05T12:00:00,2023-08-07T12:00:00,48,30.2,27.37,300.84,301.18,-0.34,21.5,80.25,27.37,26.47,26.77,25.27,1,12z,48,NOAA NCEI GFS Archive,experiments/phase6/data/raw/gfs_20230805_12_048_subset.grib2,2023-08-07 12:00:00,27.37,27.16556514304958,27.372210000000003,8,27.22510980966325,26.45763428571429,27.366816221561894,25.978426245564012,
42933099999,AKOLA,Synoptic/Airport,20.7,77.0333333,2023-08-07T12:00:00,2023-08-05T12:00:00,2023-08-07T12:00:00,48,30.0,28.57,282.0,280.22,1.78,20.75,77.0,27.97,27.87,28.57,28.07,1,12z,48,NOAA NCEI GFS Archive,experiments/phase6/data/raw/gfs_20230805_12_048_subset.grib2,2023-08-07 12:00:00,28.57,28.394000056000007,28.55843,8,28.95302931596091,27.657634285714288,29.076973345377056,27.5514734908678,
42939099999,WARDHA,Synoptic/Airport,20.6666666,78.5833333,2023-08-07T12:00:00,2023-08-05T12:00:00,2023-08-07T12:00:00,48,30.0,29.07,283.0,275.58,7.42,20.75,78.5,29.47,28.97,29.07,28.97,1,12z,48,NOAA NCEI GFS Archive,experiments/phase6/data/raw/gfs_20230805_12_048_subset.grib2,2023-08-07 12:00:00,29.07,29.125555657777785,29.02177,8,28.93682551319648,28.157634285714288,29.209402706129914,28.17610978567646,
42943099999,YEOTMAL,Synoptic/Airport,20.4,78.15,2023-08-07T12:00:00,2023-08-05T12:00:00,2023-08-07T12:00:00,48,29.0,28.67,451.0,308.86,142.14,20.5,78.25,28.07,27.57,28.57,28.67,1,12z,48,NOAA NCEI GFS Archive,experiments/phase6/data/raw/gfs_20230805_12_048_subset.grib2,2023-08-07 12:00:00,28.67,28.285999999999994,27.746090000000002,8,28.52510980966325,27.75763428571429,27.98113085456167,26.77485479494014,
43014099999,AURANGABAD,Synoptic/Airport,19.863169,75.398206,2023-08-07T12:00:00,2023-08-05T12:00:00,2023-08-07T12:00:00,48,28.4,27.27,582.47,556.06,26.41,19.75,75.5,27.57,27.27,25.77,26.57,1,12z,48,NOAA NCEI GFS Archive,experiments/phase6/data/raw/gfs_20230805_12_048_subset.grib2,2023-08-07 12:00:00,27.27,26.8725289167264,27.098335,8,27.35796986518636,26.357634285714287,27.3912263734671,25.6729851813678,
43017099999,PARBHANI,Synoptic/Airport,19.1333333,76.8333333,2023-08-07T12:00:00,2023-08-05T12:00:00,2023-08-07T12:00:00,48,30.4,27.57,422.0,405.66,16.34,19.25,76.75,27.37,26.97,27.57,27.17,1,12z,48,NOAA NCEI GFS Archive,experiments/phase6/data/raw/gfs_20230805_12_048_subset.grib2,2023-08-07 12:00:00,27.57,27.343333359999992,27.46379,8,27.43682551319648,26.657634285714288,27.424200868601353,26.134883420539555,
43021099999,NANDED,Synoptic/Airport,19.0833333,77.3333333,2023-08-07T12:00:00,2023-08-05T12:00:00,2023-08-07T12:00:00,48,30.2,26.67,358.0,399.74,-41.74,19.0,77.25,26.67,26.67,26.57,25.97,1,12z,48,NOAA NCEI GFS Archive,experiments/phase6/data/raw/gfs_20230805_12_048_subset.grib2,2023-08-07 12:00:00,26.67,26.57000006666665,26.94131,8,26.52510980966325,25.75763428571429,26.810643372741794,25.320878345902255,
43029099999,CHANDRAPUR,Synoptic/Airport,19.9666666,79.3,2023-08-07T12:00:00,2023-08-05T12:00:00,2023-08-07T12:00:00,48,30.8,27.47,193.0,200.22,-7.22,20.0,79.25,27.17,27.37,27.47,27.27,1,12z,48,NOAA NCEI GFS Archive,experiments/phase6/data/raw/gfs_20230805_12_048_subset.grib2,2023-08-07 12:00:00,27.47,27.400666608,27.51693,8,27.39743138634764,26.55763428571429,27.660274120632575,26.15520638322284,
43063099999,PUNE,Synoptic/Airport,18.5333333,73.85,2023-08-07T12:00:00,2023-08-05T12:00:00,2023-08-07T12:00:00,48,26.2,23.67,558.0,677.98,-119.98,18.5,73.75,23.67,25.27,23.97,25.17,1,12z,48,NOAA NCEI GFS Archive,experiments/phase6/data/raw/gfs_20230805_12_048_subset.grib2,2023-08-07 12:00:00,23.67,24.328666647999963,24.44987,8,23.75796986518636,22.75763428571429,24.6361642107383,21.86055655783838,
43069099999,BARAMATI,Synoptic/Airport,18.15,74.5833333,2023-08-07T12:00:00,2023-08-05T12:00:00,2023-08-07T12:00:00,48,28.0,26.87,551.0,580.7,-29.7,18.25,74.5,27.27,28.37,26.87,27.87,1,12z,48,NOAA NCEI GFS Archive,experiments/phase6/data/raw/gfs_20230805_12_048_subset.grib2,2023-08-07 12:00:00,26.87,27.37666652800003,27.06305,8,26.797431386347643,25.95763428571429,27.09028454369027,25.5073801458971,
43110099999,RATNAGIRI,Synoptic/Airport,16.9833333,73.3333333,2023-08-07T12:00:00,2023-08-05T12:00:00,2023-08-07T12:00:00,48,28.6,26.97,67.0,36.22,30.78,17.0,73.25,27.07,26.77,26.97,26.57,1,12z,48,NOAA NCEI GFS Archive,experiments/phase6/data/raw/gfs_20230805_12_048_subset.grib2,2023-08-07 12:00:00,26.97,26.845555625777763,26.76993,8,26.83682551319648,26.05763428571429,26.638581030611142,25.247995209999925,
43111099999,MAHABALESHWAR,Synoptic/Airport,17.9333333,73.6666666,2023-08-07T12:00:00,2023-08-05T12:00:00,2023-08-07T12:00:00,48,18.6,20.57,1382.0,888.7,493.3,18.0,73.75,25.47,21.07,25.37,20.57,1,12z,48,NOAA NCEI GFS Archive,experiments/phase6/data/raw/gfs_20230805_12_048_subset.grib2,2023-08-07 12:00:00,20.57,22.26777907822222,17.36355,8,20.95302931596091,19.657634285714288,17.93323773542479,13.790318409440758,
43113099999,SATARA,Synoptic/Airport,17.5166666,74.05,2023-08-07T12:00:00,2023-08-05T12:00:00,2023-08-07T12:00:00,48,25.0,22.07,612.0,746.14,-134.14,17.5,74.0,22.07,23.27,22.27,22.87,1,12z,48,NOAA NCEI GFS Archive,experiments/phase6/data/raw/gfs_20230805_12_048_subset.grib2,2023-08-07 12:00:00,22.07,22.315333311999996,22.94191,8,22.15796986518636,21.157634285714288,23.013571941278,19.83654509072759,
43117099999,SOLAPUR,Synoptic/Airport,17.627958,75.934842,2023-08-07T12:00:00,2023-08-05T12:00:00,2023-08-07T12:00:00,48,28.6,28.37,482.8,492.06,-9.26,17.75,76.0,28.87,28.87,28.47,28.37,1,12z,48,NOAA NCEI GFS Archive,experiments/phase6/data/raw/gfs_20230805_12_048_subset.grib2,2023-08-07 12:00:00,28.37,28.627423979782403,28.43019,8,28.753029315960912,27.45763428571429,28.882615520309056,27.358496556170515,
43157099999,KOLHAPUR,Synoptic/Airport,16.664658,74.289353,2023-08-07T12:00:00,2023-08-05T12:00:00,2023-08-07T12:00:00,48,25.4,24.47,608.38,591.9,16.48,16.75,74.25,24.47,25.47,24.47,25.67,1,12z,48,NOAA NCEI GFS Archive,experiments/phase6/data/raw/gfs_20230805_12_048_subset.grib2,2023-08-07 12:00:00,24.47,24.648147316076823,24.36288,8,24.85302931596091,23.55763428571429,24.222333751104227,22.034809363592764,
43158099999,SANGLI,Synoptic/Airport,16.85,74.6,2023-08-07T12:00:00,2023-08-05T12:00:00,2023-08-07T12:00:00,48,27.6,25.67,549.0,562.78,-13.78,16.75,74.5,25.67,26.17,25.57,25.37,1,12z,48,NOAA NCEI GFS Archive,experiments/phase6/data/raw/gfs_20230805_12_048_subset.grib2,2023-08-07 12:00:00,25.67,25.717999999999996,25.75957,8,25.597431386347644,24.75763428571429,25.55281030770367,23.81752147056139,
42851099999,JALGAON,Synoptic/Airport,21.05,75.5666666,2023-02-06T12:00:00,2023-02-06T00:00:00,2023-02-06T12:00:00,12,33.0,31.14,201.0,212.38,-11.38,21.0,75.5,31.14,31.04,30.28,29.77,1,00z,12,NOAA NCEI GFS Archive,experiments/phase6/data/raw/gfs_20230206_00_012_subset.grib2,2023-02-06 12:00:00,31.14,30.919466715199995,31.21397,2,30.99510980966325,32.18836942675159,31.994273435320824,,32.21686648509786
42871099999,GONDIA ARPT/BIRSI,Synoptic/Airport,21.524467,80.287997,2023-02-06T12:00:00,2023-02-06T00:00:00,2023-02-06T12:00:00,12,30.2,28.39,300.84,301.18,-0.34,21.5,80.25,28.39,27.03,28.32,25.03,1,00z,12,NOAA NCEI GFS Archive,experiments/phase6/data/raw/gfs_20230206_00_012_subset.grib2,2023-02-06 12:00:00,28.39,28.14773727014285,28.392210000000002,2,28.24510980966325,29.438369426751592,28.70098364744491,,29.387335127700812
42920099999,OZAR AIR FORCE STATION /NASHIK ARPT,Synoptic/Airport,20.119156,73.914097,2023-02-06T12:00:00,2023-02-06T00:00:00,2023-02-06T12:00:00,12,29.0,28.57,598.02,584.38,13.64,20.0,74.0,27.67,28.57,26.99,27.82,1,00z,12,NOAA NCEI GFS Archive,experiments/phase6/data/raw/gfs_20230206_00_012_subset.grib2,2023-02-06 12:00:00,28.57,27.914745360812155,28.48134,2,28.497431386347643,29.618369426751592,28.959567364593447,,29.461895126536405
42933099999,AKOLA,Synoptic/Airport,20.7,77.0333333,2023-02-06T12:00:00,2023-02-06T00:00:00,2023-02-06T12:00:00,12,29.9,31.38,282.0,280.22,1.78,20.75,77.0,30.56,30.4,31.38,30.94,1,00z,12,NOAA NCEI GFS Archive,experiments/phase6/data/raw/gfs_20230206_00_012_subset.grib2,2023-02-06 12:00:00,31.38,31.164800051200004,31.36843,2,31.76302931596091,32.428369426751594,32.47592938999302,,32.35751998062151
42939099999,WARDHA,Synoptic/Airport,20.6666666,78.5833333,2023-02-06T12:00:00,2023-02-06T00:00:00,2023-02-06T12:00:00,12,32.0,29.99,283.0,275.58,7.42,20.75,78.5,30.28,30.25,29.99,29.93,1,00z,12,NOAA NCEI GFS Archive,experiments/phase6/data/raw/gfs_20230206_00_012_subset.grib2,2023-02-06 12:00:00,29.99,30.070000086666663,29.941769999999998,2,29.85682551319648,31.03836942675159,30.438576538737905,,30.926870601823623
42943099999,YEOTMAL,Synoptic/Airport,20.4,78.15,2023-02-06T12:00:00,2023-02-06T00:00:00,2023-02-06T12:00:00,12,30.5,30.3,451.0,308.86,142.14,20.5,78.25,30.66,30.45,30.59,30.3,1,00z,12,NOAA NCEI GFS Archive,experiments/phase6/data/raw/gfs_20230206_00_012_subset.grib2,2023-02-06 12:00:00,30.3,30.4632,29.37609,2,30.15510980966325,31.348369426751592,30.030182805080003,,30.222624528173867
43014099999,AURANGABAD,Synoptic/Airport,19.863169,75.398206,2023-02-06T12:00:00,2023-02-06T00:00:00,2023-02-06T12:00:00,12,31.0,30.43,582.47,556.06,26.41,19.75,75.5,30.73,30.43,28.5,29.0,1,00z,12,NOAA NCEI GFS Archive,experiments/phase6/data/raw/gfs_20230206_00_012_subset.grib2,2023-02-06 12:00:00,30.43,29.757371077619208,30.258335,2,30.51796986518636,31.47836942675159,30.86889371494936,,31.22339172581148
43017099999,PARBHANI,Synoptic/Airport,19.1333333,76.8333333,2023-02-06T12:00:00,2023-02-06T00:00:00,2023-02-06T12:00:00,12,31.0,31.37,422.0,405.66,16.34,19.25,76.75,31.77,31.73,31.37,31.39,1,00z,12,NOAA NCEI GFS Archive,experiments/phase6/data/raw/gfs_20230206_00_012_subset.grib2,2023-02-06 12:00:00,31.37,31.554000051733333,31.26379,2,31.23682551319648,32.4183694267516,31.968268401702012,,32.23796048755103
43021099999,NANDED,Synoptic/Airport,19.0833333,77.3333333,2023-02-06T12:00:00,2023-02-06T00:00:00,2023-02-06T12:00:00,12,31.0,31.45,358.0,399.74,-41.74,19.0,77.25,31.45,31.38,31.29,30.76,1,00z,12,NOAA NCEI GFS Archive,experiments/phase6/data/raw/gfs_20230206_00_012_subset.grib2,2023-02-06 12:00:00,31.45,31.322222293777763,31.72131,2,31.30510980966325,32.498369426751594,32.551312130803154,,32.7549427163151
43029099999,CHANDRAPUR,Synoptic/Airport,19.9666666,79.3,2023-02-06T12:00:00,2023-02-06T00:00:00,2023-02-06T12:00:00,12,31.4,29.9,193.0,200.22,-7.22,20.0,79.25,30.01,29.84,29.9,29.66,1,00z,12,NOAA NCEI GFS Archive,experiments/phase6/data/raw/gfs_20230206_00_012_subset.grib2,2023-02-06 12:00:00,29.9,29.8685333664,29.94693,2,29.82743138634764,30.94836942675159,30.684594725827452,,30.947161268944672
43063099999,PUNE,Synoptic/Airport,18.5333333,73.85,2023-02-06T12:00:00,2023-02-06T00:00:00,2023-02-06T12:00:00,12,30.4,29.48,558.0,677.98,-119.98,18.5,73.75,29.48,30.46,29.24,30.09,1,00z,12,NOAA NCEI GFS Archive,experiments/phase6/data/raw/gfs_20230206_00_012_subset.grib2,2023-02-06 12:00:00,29.48,29.83306670559998,30.25987,2,29.56796986518636,30.528369426751592,30.984678413143683,,31.37628770518097
43069099999,BARAMATI,Synoptic/Airport,18.15,74.5833333,2023-02-06T12:00:00,2023-02-06T00:00:00,2023-02-06T12:00:00,12,30.2,31.77,551.0,580.7,-29.7,18.25,74.5,31.5,31.8,31.77,31.95,1,00z,12,NOAA NCEI GFS Archive,experiments/phase6/data/raw/gfs_20230206_00_012_subset.grib2,2023-02-06 12:00:00,31.77,31.737999969600004,31.96305,2,31.69743138634764,32.818369426751595,33.06528784648846,,32.98392155615151
43110099999,RATNAGIRI,Synoptic/Airport,16.9833333,73.3333333,2023-02-06T12:00:00,2023-02-06T00:00:00,2023-02-06T12:00:00,12,28.0,26.26,67.0,36.22,30.78,17.0,73.25,26.46,29.22,26.26,28.94,1,00z,12,NOAA NCEI GFS Archive,experiments/phase6/data/raw/gfs_20230206_00_012_subset.grib2,2023-02-06 12:00:00,26.26,27.168444116622293,26.05993,2,26.126825513196483,27.308369426751597,25.991617109120853,,27.025889584850837
43111099999,MAHABALESHWAR,Synoptic/Airport,17.9333333,73.6666666,2023-02-06T12:00:00,2023-02-06T00:00:00,2023-02-06T12:00:00,12,23.6,27.34,1382.0,888.7,493.3,18.0,73.75,29.75,28.23,31.22,27.34,1,00z,12,NOAA NCEI GFS Archive,experiments/phase6/data/raw/gfs_20230206_00_012_subset.grib2,2023-02-06 12:00:00,27.34,28.66088976951104,24.13355,2,27.72302931596091,28.38836942675159,25.969797160488753,,24.623764979397954
43113099999,SATARA,Synoptic/Airport,17.5166666,74.05,2023-02-06T12:00:00,2023-02-06T00:00:00,2023-02-06T12:00:00,12,30.2,29.59,612.0,746.14,-134.14,17.5,74.0,29.59,31.69,30.09,31.16,1,00z,12,NOAA NCEI GFS Archive,experiments/phase6/data/raw/gfs_20230206_00_012_subset.grib2,2023-02-06 12:00:00,29.59,30.02959992159997,30.46191,2,29.67796986518636,30.63836942675159,31.214594872807368,,31.59270783945679
43117099999,SOLAPUR,Synoptic/Airport,17.627958,75.934842,2023-02-06T12:00:00,2023-02-06T00:00:00,2023-02-06T12:00:00,12,33.0,31.93,482.8,492.06,-9.26,17.75,76.0,32.39,32.37,32.0,31.93,1,00z,12,NOAA NCEI GFS Archive,experiments/phase6/data/raw/gfs_20230206_00_012_subset.grib2,2023-02-06 12:00:00,31.93,32.156676549891195,31.99019,2,32.31302931596091,32.97836942675159,33.15990553849471,,32.98989215103831
43157099999,KOLHAPUR,Synoptic/Airport,16.664658,74.289353,2023-02-06T12:00:00,2023-02-06T00:00:00,2023-02-06T12:00:00,12,32.0,32.39,608.38,591.9,16.48,16.75,74.25,31.97,32.24,32.39,32.32,1,00z,12,NOAA NCEI GFS Archive,experiments/phase6/data/raw/gfs_20230206_00_012_subset.grib2,2023-02-06 12:00:00,32.39,32.25387664266944,32.28288,2,32.77302931596091,33.43836942675159,33.60567193564172,,33.255589802507224
43158099999,SANGLI,Synoptic/Airport,16.85,74.6,2023-02-06T12:00:00,2023-02-06T00:00:00,2023-02-06T12:00:00,12,32.0,32.32,549.0,562.78,-13.78,16.75,74.5,32.32,32.16,32.18,31.55,1,00z,12,NOAA NCEI GFS Archive,experiments/phase6/data/raw/gfs_20230206_00_012_subset.grib2,2023-02-06 12:00:00,32.32,32.12480000000001,32.40957,2,32.24743138634764,33.36836942675159,33.6183782747957,,33.41340416187717
42933099999,AKOLA,Synoptic/Airport,20.7,77.0333333,2023-02-07T00:00:00,2023-02-06T00:00:00,2023-02-07T00:00:00,24,16.4,20.45,282.0,280.22,1.78,20.75,77.0,19.79,19.95,20.45,20.35,1,00z,24,NOAA NCEI GFS Archive,experiments/phase6/data/raw/gfs_20230206_00_024_subset.grib2,2023-02-07 00:00:00,20.45,20.3116000064,20.43843,2,20.83302931596091,21.49836942675159,19.639631807290137,,21.55350426210344
43014099999,AURANGABAD,Synoptic/Airport,19.863169,75.398206,2023-02-07T00:00:00,2023-02-06T00:00:00,2023-02-07T00:00:00,24,18.0,18.27,582.47,556.06,26.41,19.75,75.5,18.9,18.27,17.82,18.15,1,00z,24,NOAA NCEI GFS Archive,experiments/phase6/data/raw/gfs_20230206_00_024_subset.grib2,2023-02-07 00:00:00,18.27,18.29525370914304,18.098335,2,18.35796986518636,19.31836942675159,17.677392348800094,,19.19096428002719
43063099999,PUNE,Synoptic/Airport,18.5333333,73.85,2023-02-07T00:00:00,2023-02-06T00:00:00,2023-02-07T00:00:00,24,13.0,18.06,558.0,677.98,-119.98,18.5,73.75,18.06,17.72,17.7,17.8,1,00z,24,NOAA NCEI GFS Archive,experiments/phase6/data/raw/gfs_20230206_00_024_subset.grib2,2023-02-07 00:00:00,18.06,17.899466691200008,18.839869999999998,2,18.14796986518636,19.10836942675159,18.594847491176726,,20.08290471319912
43110099999,RATNAGIRI,Synoptic/Airport,16.9833333,73.3333333,2023-02-07T00:00:00,2023-02-06T00:00:00,2023-02-07T00:00:00,24,20.0,22.01,67.0,36.22,30.78,17.0,73.25,23.83,17.67,22.01,17.31,1,00z,24,NOAA NCEI GFS Archive,experiments/phase6/data/raw/gfs_20230206_00_024_subset.grib2,2023-02-07 00:00:00,22.01,20.53222303964433,21.80993,2,21.876825513196483,23.058369426751597,21.043097072692696,,22.893248124981866
43117099999,SOLAPUR,Synoptic/Airport,17.627958,75.934842,2023-02-07T00:00:00,2023-02-06T00:00:00,2023-02-07T00:00:00,24,19.8,22.3,482.8,492.06,-9.26,17.75,76.0,22.24,22.66,22.15,22.3,1,00z,24,NOAA NCEI GFS Archive,experiments/phase6/data/raw/gfs_20230206_00_024_subset.grib2,2023-02-07 00:00:00,22.3,22.402292985412483,22.36019,2,22.683029315960912,23.348369426751592,21.84605350997931,,23.4841977702813
42851099999,JALGAON,Synoptic/Airport,21.05,75.5666666,2023-02-07T12:00:00,2023-02-06T00:00:00,2023-02-07T12:00:00,36,33.0,31.24,201.0,212.38,-11.38,21.0,75.5,31.24,31.12,30.34,29.82,1,00z,36,NOAA NCEI GFS Archive,experiments/phase6/data/raw/gfs_20230206_00_036_subset.grib2,2023-02-07 12:00:00,31.24,31.006666719999995,31.313969999999998,2,31.09510980966325,32.28836942675159,32.01894312279042,,32.54047856900995
42871099999,GONDIA ARPT/BIRSI,Synoptic/Airport,21.524467,80.287997,2023-02-07T12:00:00,2023-02-06T00:00:00,2023-02-07T12:00:00,36,30.2,29.68,300.84,301.18,-0.34,21.5,80.25,29.68,28.22,29.44,26.02,1,00z,36,NOAA NCEI GFS Archive,experiments/phase6/data/raw/gfs_20230206_00_036_subset.grib2,2023-02-07 12:00:00,29.68,29.40545466729533,29.68221,2,29.53510980966325,30.72836942675159,30.120264128875206,,30.899410590024942
42920099999,OZAR AIR FORCE STATION /NASHIK ARPT,Synoptic/Airport,20.119156,73.914097,2023-02-07T12:00:00,2023-02-06T00:00:00,2023-02-07T12:00:00,36,29.0,29.53,598.02,584.38,13.64,20.0,74.0,28.71,29.53,27.96,29.16,1,00z,36,NOAA NCEI GFS Archive,experiments/phase6/data/raw/gfs_20230206_00_036_subset.grib2,2023-02-07 12:00:00,29.53,29.00965326416255,29.44134,2,29.457431386347643,30.578369426751596,30.025443247155785,,30.644396710813503
42933099999,AKOLA,Synoptic/Airport,20.7,77.0333333,2023-02-07T12:00:00,2023-02-06T00:00:00,2023-02-07T12:00:00,36,30.0,31.26,282.0,280.22,1.78,20.75,77.0,30.34,30.34,31.26,31.14,1,00z,36,NOAA NCEI GFS Archive,experiments/phase6/data/raw/gfs_20230206_00_036_subset.grib2,2023-02-07 12:00:00,31.26,31.063200012800003,31.248430000000003,2,31.643029315960916,32.3083694267516,32.26330833846087,,32.46141614583558
42939099999,WARDHA,Synoptic/Airport,20.6666666,78.5833333,2023-02-07T12:00:00,2023-02-06T00:00:00,2023-02-07T12:00:00,36,33.0,30.91,283.0,275.58,7.42,20.75,78.5,31.2,31.35,30.91,30.82,1,00z,36,NOAA NCEI GFS Archive,experiments/phase6/data/raw/gfs_20230206_00_036_subset.grib2,2023-02-07 12:00:00,30.91,31.003333433333324,30.86177,2,30.77682551319648,31.95836942675159,31.384001277909697,,32.06942383724653
42943099999,YEOTMAL,Synoptic/Airport,20.4,78.15,2023-02-07T12:00:00,2023-02-06T00:00:00,2023-02-07T12:00:00,36,30.0,31.0,451.0,308.86,142.14,20.5,78.25,31.27,31.15,31.02,31.0,1,00z,36,NOAA NCEI GFS Archive,experiments/phase6/data/raw/gfs_20230206_00_036_subset.grib2,2023-02-07 12:00:00,31.0,31.084000000000003,30.07609,2,30.85510980966325,32.04836942675159,30.75801759874827,,31.14546184489875
43014099999,AURANGABAD,Synoptic/Airport,19.863169,75.398206,2023-02-07T12:00:00,2023-02-06T00:00:00,2023-02-07T12:00:00,36,31.0,30.29,582.47,556.06,26.41,19.75,75.5,30.16,30.29,28.34,29.08,1,00z,36,NOAA NCEI GFS Archive,experiments/phase6/data/raw/gfs_20230206_00_036_subset.grib2,2023-02-07 12:00:00,30.29,29.576894690184645,30.118335,2,30.37796986518636,31.33836942675159,30.68101441552678,,31.307313716598454
43017099999,PARBHANI,Synoptic/Airport,19.1333333,76.8333333,2023-02-07T12:00:00,2023-02-06T00:00:00,2023-02-07T12:00:00,36,30.6,31.57,422.0,405.66,16.34,19.25,76.75,31.87,31.91,31.57,31.71,1,00z,36,NOAA NCEI GFS Archive,experiments/phase6/data/raw/gfs_20230206_00_036_subset.grib2,2023-02-07 12:00:00,31.57,31.741111134222223,31.46379,2,31.43682551319648,32.61836942675159,32.08496971575063,,32.66144344359858
43021099999,NANDED,Synoptic/Airport,19.0833333,77.3333333,2023-02-07T12:00:00,2023-02-06T00:00:00,2023-02-07T12:00:00,36,31.6,31.9,358.0,399.74,-41.74,19.0,77.25,31.9,32.04,31.85,31.64,1,00z,36,NOAA NCEI GFS Archive,experiments/phase6/data/raw/gfs_20230206_00_036_subset.grib2,2023-02-07 12:00:00,31.9,31.89111113022221,32.17131,2,31.75510980966325,32.94836942675159,32.986161463555305,,33.42810285270132
43029099999,CHANDRAPUR,Synoptic/Airport,19.9666666,79.3,2023-02-07T12:00:00,2023-02-06T00:00:00,2023-02-07T12:00:00,36,31.4,30.97,193.0,200.22,-7.22,20.0,79.25,31.48,31.39,30.97,30.64,1,00z,36,NOAA NCEI GFS Archive,experiments/phase6/data/raw/gfs_20230206_00_036_subset.grib2,2023-02-07 12:00:00,30.97,30.97840014880001,31.01693,2,30.89743138634764,32.01836942675159,31.881877530145406,,32.23952081257078
43063099999,PUNE,Synoptic/Airport,18.5333333,73.85,2023-02-07T12:00:00,2023-02-06T00:00:00,2023-02-07T12:00:00,36,30.8,30.7,558.0,677.98,-119.98,18.5,73.75,30.7,30.79,30.47,30.72,1,00z,36,NOAA NCEI GFS Archive,experiments/phase6/data/raw/gfs_20230206_00_036_subset.grib2,2023-02-07 12:00:00,30.7,30.7138666888,31.47987,2,30.78796986518636,31.74836942675159,32.27013938951561,,32.81845355701028
43069099999,BARAMATI,Synoptic/Airport,18.15,74.5833333,2023-02-07T12:00:00,2023-02-06T00:00:00,2023-02-07T12:00:00,36,30.0,31.16,551.0,580.7,-29.7,18.25,74.5,30.85,31.52,31.16,31.64,1,00z,36,NOAA NCEI GFS Archive,experiments/phase6/data/raw/gfs_20230206_00_036_subset.grib2,2023-02-07 12:00:00,31.16,31.221333259200016,31.35305,2,31.08743138634764,32.208369426751595,32.25562857308432,,32.59845044790179
43110099999,RATNAGIRI,Synoptic/Airport,16.9833333,73.3333333,2023-02-07T12:00:00,2023-02-06T00:00:00,2023-02-07T12:00:00,36,27.6,26.09,67.0,36.22,30.78,17.0,73.25,26.32,28.08,26.09,28.11,1,00z,36,NOAA NCEI GFS Archive,experiments/phase6/data/raw/gfs_20230206_00_036_subset.grib2,2023-02-07 12:00:00,26.09,26.772888640977836,25.88993,2,25.95682551319648,27.13836942675159,25.682446663036735,,27.07985031399717
43111099999,MAHABALESHWAR,Synoptic/Airport,17.9333333,73.6666666,2023-02-07T12:00:00,2023-02-06T00:00:00,2023-02-07T12:00:00,36,24.0,28.49,1382.0,888.7,493.3,18.0,73.75,30.37,28.79,32.31,28.49,1,00z,36,NOAA NCEI GFS Archive,experiments/phase6/data/raw/gfs_20230206_00_036_subset.grib2,2023-02-07 12:00:00,28.49,29.64422302204438,25.283549999999998,2,28.87302931596091,29.53836942675159,27.244488304201287,,25.996021220732434
43113099999,SATARA,Synoptic/Airport,17.5166666,74.05,2023-02-07T12:00:00,2023-02-06T00:00:00,2023-02-07T12:00:00,36,30.4,30.59,612.0,746.14,-134.14,17.5,74.0,30.59,31.16,30.42,30.36,1,00z,36,NOAA NCEI GFS Archive,experiments/phase6/data/raw/gfs_20230206_00_036_subset.grib2,2023-02-07 12:00:00,30.59,30.684266745599995,31.46191,2,30.67796986518636,31.63836942675159,32.26172139280077,,32.81515777258807
43117099999,SOLAPUR,Synoptic/Airport,17.627958,75.934842,2023-02-07T12:00:00,2023-02-06T00:00:00,2023-02-07T12:00:00,36,30.2,32.49,482.8,492.06,-9.26,17.75,76.0,32.9,32.8,32.65,32.49,1,00z,36,NOAA NCEI GFS Archive,experiments/phase6/data/raw/gfs_20230206_00_036_subset.grib2,2023-02-07 12:00:00,32.49,32.67539926786944,32.55019,2,32.87302931596091,33.53836942675159,33.743640622999095,,33.77291024677355
43157099999,KOLHAPUR,Synoptic/Airport,16.664658,74.289353,2023-02-07T12:00:00,2023-02-06T00:00:00,2023-02-07T12:00:00,36,31.2,32.17,608.38,591.9,16.48,16.75,74.25,31.95,32.26,32.17,32.56,1,00z,36,NOAA NCEI GFS Archive,experiments/phase6/data/raw/gfs_20230206_00_036_subset.grib2,2023-02-07 12:00:00,32.17,32.15199088643073,32.06288,2,32.55302931596091,33.21836942675159,33.27593968763362,,33.25961509558583
43158099999,SANGLI,Synoptic/Airport,16.85,74.6,2023-02-07T12:00:00,2023-02-06T00:00:00,2023-02-07T12:00:00,36,31.6,32.56,549.0,562.78,-13.78,16.75,74.5,32.56,32.37,32.36,31.76,1,00z,36,NOAA NCEI GFS Archive,experiments/phase6/data/raw/gfs_20230206_00_036_subset.grib2,2023-02-07 12:00:00,32.56,32.33840000000001,32.649570000000004,2,32.487431386347644,33.608369426751594,33.82413612404858,,33.876835466778914
42933099999,AKOLA,Synoptic/Airport,20.7,77.0333333,2023-02-08T00:00:00,2023-02-06T00:00:00,2023-02-08T00:00:00,48,16.4,20.26,282.0,280.22,1.78,20.75,77.0,19.6,19.59,20.26,19.94,1,00z,48,NOAA NCEI GFS Archive,experiments/phase6/data/raw/gfs_20230206_00_048_subset.grib2,2023-02-08 00:00:00,20.26,20.093600034400005,20.248430000000003,2,20.643029315960916,21.308369426751597,19.345032918224817,,21.587490816822687
43014099999,AURANGABAD,Synoptic/Airport,19.863169,75.398206,2023-02-08T00:00:00,2023-02-06T00:00:00,2023-02-08T00:00:00,48,15.0,19.21,582.47,556.06,26.41,19.75,75.5,18.92,19.21,18.72,18.53,1,00z,48,NOAA NCEI GFS Archive,experiments/phase6/data/raw/gfs_20230206_00_048_subset.grib2,2023-02-08 00:00:00,19.21,18.872572305428484,19.038335,2,19.29796986518636,20.258369426751592,18.659518562508453,,20.35349168987719
43063099999,PUNE,Synoptic/Airport,18.5333333,73.85,2023-02-08T00:00:00,2023-02-06T00:00:00,2023-02-08T00:00:00,48,13.4,19.36,558.0,677.98,-119.98,18.5,73.75,19.36,18.37,19.29,19.33,1,00z,48,NOAA NCEI GFS Archive,experiments/phase6/data/raw/gfs_20230206_00_048_subset.grib2,2023-02-08 00:00:00,19.36,19.009599954400016,20.13987,2,19.44796986518636,20.40836942675159,19.966975542595396,,21.6049672627368
43110099999,RATNAGIRI,Synoptic/Airport,16.9833333,73.3333333,2023-02-08T00:00:00,2023-02-06T00:00:00,2023-02-08T00:00:00,48,18.6,21.21,67.0,36.22,30.78,17.0,73.25,23.24,18.17,21.21,18.13,1,00z,48,NOAA NCEI GFS Archive,experiments/phase6/data/raw/gfs_20230206_00_048_subset.grib2,2023-02-08 00:00:00,21.21,20.274445055022163,21.00993,2,21.07682551319648,22.258369426751592,20.008793629625806,,22.318022359674767
43117099999,SOLAPUR,Synoptic/Airport,17.627958,75.934842,2023-02-08T00:00:00,2023-02-06T00:00:00,2023-02-08T00:00:00,48,21.8,22.27,482.8,492.06,-9.26,17.75,76.0,22.6,22.64,22.0,22.27,1,00z,48,NOAA NCEI GFS Archive,experiments/phase6/data/raw/gfs_20230206_00_048_subset.grib2,2023-02-08 00:00:00,22.27,22.409514926500485,22.330189999999998,2,22.65302931596091,23.31836942675159,21.73883253527552,,23.677977720417285
42933099999,AKOLA,Synoptic/Airport,20.7,77.0333333,2023-02-07T00:00:00,2023-02-06T12:00:00,2023-02-07T00:00:00,12,16.4,20.13,282.0,280.22,1.78,20.75,77.0,19.49,19.78,20.13,20.17,1,12z,12,NOAA NCEI GFS Archive,experiments/phase6/data/raw/gfs_20230206_12_012_subset.grib2,2023-02-07 00:00:00,20.13,20.013999987999995,20.11843,2,20.51302931596091,21.17836942675159,19.300919786447565,,21.12204686538164
43014099999,AURANGABAD,Synoptic/Airport,19.863169,75.398206,2023-02-07T00:00:00,2023-02-06T12:00:00,2023-02-07T00:00:00,12,18.0,18.03,582.47,556.06,26.41,19.75,75.5,18.43,18.03,17.52,17.68,1,12z,12,NOAA NCEI GFS Archive,experiments/phase6/data/raw/gfs_20230206_12_012_subset.grib2,2023-02-07 00:00:00,18.03,17.93121527033344,17.858335,2,18.11796986518636,19.078369426751596,17.435497082705282,,18.83940358101376
43063099999,PUNE,Synoptic/Airport,18.5333333,73.85,2023-02-07T00:00:00,2023-02-06T12:00:00,2023-02-07T00:00:00,12,13.0,18.05,558.0,677.98,-119.98,18.5,73.75,18.05,17.64,17.72,17.82,1,12z,12,NOAA NCEI GFS Archive,experiments/phase6/data/raw/gfs_20230206_12_012_subset.grib2,2023-02-07 00:00:00,18.05,17.869200016800008,18.82987,2,18.13796986518636,19.098369426751592,18.602120065841284,,19.96104702009726
43110099999,RATNAGIRI,Synoptic/Airport,16.9833333,73.3333333,2023-02-07T00:00:00,2023-02-06T12:00:00,2023-02-07T00:00:00,12,20.0,21.92,67.0,36.22,30.78,17.0,73.25,23.66,17.65,21.92,17.31,1,12z,12,NOAA NCEI GFS Archive,experiments/phase6/data/raw/gfs_20230206_12_012_subset.grib2,2023-02-07 00:00:00,21.92,20.468223019111,21.71993,2,21.786825513196483,22.968369426751597,20.99625646323954,,22.691493734171637
43117099999,SOLAPUR,Synoptic/Airport,17.627958,75.934842,2023-02-07T00:00:00,2023-02-06T12:00:00,2023-02-07T00:00:00,12,19.8,22.36,482.8,492.06,-9.26,17.75,76.0,22.26,22.49,22.21,22.36,1,12z,12,NOAA NCEI GFS Archive,experiments/phase6/data/raw/gfs_20230206_12_012_subset.grib2,2023-02-07 00:00:00,22.36,22.374188463825924,22.420189999999998,2,22.74302931596091,23.40836942675159,21.952364035745383,,23.432249687674265
42851099999,JALGAON,Synoptic/Airport,21.05,75.5666666,2023-02-07T12:00:00,2023-02-06T12:00:00,2023-02-07T12:00:00,24,33.0,30.67,201.0,212.38,-11.38,21.0,75.5,30.67,30.41,29.95,29.4,1,12z,24,NOAA NCEI GFS Archive,experiments/phase6/data/raw/gfs_20230206_12_024_subset.grib2,2023-02-07 12:00:00,30.67,30.44120008479999,30.74397,2,30.52510980966325,31.718369426751597,31.39719852035011,,31.859343991949483
42871099999,GONDIA ARPT/BIRSI,Synoptic/Airport,21.524467,80.287997,2023-02-07T12:00:00,2023-02-06T12:00:00,2023-02-07T12:00:00,24,30.2,28.59,300.84,301.18,-0.34,21.5,80.25,28.59,27.51,28.55,25.34,1,12z,24,NOAA NCEI GFS Archive,experiments/phase6/data/raw/gfs_20230206_12_024_subset.grib2,2023-02-07 12:00:00,28.59,28.39025499782605,28.59221,2,28.44510980966325,29.63836942675159,28.889109767729373,,29.698947477860056
42920099999,OZAR AIR FORCE STATION /NASHIK ARPT,Synoptic/Airport,20.119156,73.914097,2023-02-07T12:00:00,2023-02-06T12:00:00,2023-02-07T12:00:00,24,29.0,28.67,598.02,584.38,13.64,20.0,74.0,28.52,28.67,28.27,28.25,1,12z,24,NOAA NCEI GFS Archive,experiments/phase6/data/raw/gfs_20230206_12_024_subset.grib2,2023-02-07 12:00:00,28.67,28.44611765340096,28.58134,2,28.597431386347644,29.718369426751597,29.038554121627953,,29.673636604560187
42933099999,AKOLA,Synoptic/Airport,20.7,77.0333333,2023-02-07T12:00:00,2023-02-06T12:00:00,2023-02-07T12:00:00,24,30.0,30.71,282.0,280.22,1.78,20.75,77.0,29.84,29.91,30.71,30.61,1,12z,24,NOAA NCEI GFS Archive,experiments/phase6/data/raw/gfs_20230206_12_024_subset.grib2,2023-02-07 12:00:00,30.71,30.5272000088,30.698430000000002,2,31.093029315960912,31.758369426751592,31.655240565723588,,31.800255743202207
42939099999,WARDHA,Synoptic/Airport,20.6666666,78.5833333,2023-02-07T12:00:00,2023-02-06T12:00:00,2023-02-07T12:00:00,24,33.0,30.46,283.0,275.58,7.42,20.75,78.5,30.57,30.84,30.46,30.53,1,12z,24,NOAA NCEI GFS Archive,experiments/phase6/data/raw/gfs_20230206_12_024_subset.grib2,2023-02-07 12:00:00,30.46,30.542222251111102,30.41177,2,30.32682551319648,31.508369426751592,30.922798955894958,,31.508134306748627
42943099999,YEOTMAL,Synoptic/Airport,20.4,78.15,2023-02-07T12:00:00,2023-02-06T12:00:00,2023-02-07T12:00:00,24,30.0,30.28,451.0,308.86,142.14,20.5,78.25,30.62,30.66,30.42,30.28,1,12z,24,NOAA NCEI GFS Archive,experiments/phase6/data/raw/gfs_20230206_12_024_subset.grib2,2023-02-07 12:00:00,30.28,30.459200000000003,29.356090000000002,2,30.13510980966325,31.328369426751596,29.960481719758288,,30.314520959635086
43014099999,AURANGABAD,Synoptic/Airport,19.863169,75.398206,2023-02-07T12:00:00,2023-02-06T12:00:00,2023-02-07T12:00:00,24,31.0,29.6,582.47,556.06,26.41,19.75,75.5,29.9,29.6,28.26,28.67,1,12z,24,NOAA NCEI GFS Archive,experiments/phase6/data/raw/gfs_20230206_12_024_subset.grib2,2023-02-07 12:00:00,29.6,29.170297769887046,29.428335,2,29.68796986518636,30.648369426751596,29.951616852294077,,30.506334092975433
43017099999,PARBHANI,Synoptic/Airport,19.1333333,76.8333333,2023-02-07T12:00:00,2023-02-06T12:00:00,2023-02-07T12:00:00,24,30.6,31.08,422.0,405.66,16.34,19.25,76.75,31.62,31.68,31.08,31.25,1,12z,24,NOAA NCEI GFS Archive,experiments/phase6/data/raw/gfs_20230206_12_024_subset.grib2,2023-02-07 12:00:00,31.08,31.37155560684445,30.973789999999997,2,30.94682551319648,32.12836942675159,31.577727203451275,,32.06020556424649
43021099999,NANDED,Synoptic/Airport,19.0833333,77.3333333,2023-02-07T12:00:00,2023-02-06T12:00:00,2023-02-07T12:00:00,24,31.6,31.65,358.0,399.74,-41.74,19.0,77.25,31.65,31.68,31.59,31.28,1,12z,24,NOAA NCEI GFS Archive,experiments/phase6/data/raw/gfs_20230206_12_024_subset.grib2,2023-02-07 12:00:00,31.65,31.60222225644444,31.92131,2,31.50510980966325,32.69836942675159,32.73943825108761,,33.06655506647434
43029099999,CHANDRAPUR,Synoptic/Airport,19.9666666,79.3,2023-02-07T12:00:00,2023-02-06T12:00:00,2023-02-07T12:00:00,24,31.4,30.4,193.0,200.22,-7.22,20.0,79.25,31.04,30.74,30.4,30.12,1,12z,24,NOAA NCEI GFS Archive,experiments/phase6/data/raw/gfs_20230206_12_024_subset.grib2,2023-02-07 12:00:00,30.4,30.4288001696,30.44693,2,30.32743138634764,31.44836942675159,31.241424834700553,,31.558386235510312
43063099999,PUNE,Synoptic/Airport,18.5333333,73.85,2023-02-07T12:00:00,2023-02-06T12:00:00,2023-02-07T12:00:00,24,30.8,29.71,558.0,677.98,-119.98,18.5,73.75,29.71,29.88,29.66,30.01,1,12z,24,NOAA NCEI GFS Archive,experiments/phase6/data/raw/gfs_20230206_12_024_subset.grib2,2023-02-07 12:00:00,29.71,29.780933330399996,30.48987,2,29.79796986518636,30.758369426751592,31.215740294857653,,31.717861316980855
43069099999,BARAMATI,Synoptic/Airport,18.15,74.5833333,2023-02-07T12:00:00,2023-02-06T12:00:00,2023-02-07T12:00:00,24,30.0,30.68,551.0,580.7,-29.7,18.25,74.5,30.29,30.74,30.68,31.01,1,12z,24,NOAA NCEI GFS Archive,experiments/phase6/data/raw/gfs_20230206_12_024_subset.grib2,2023-02-07 12:00:00,30.68,30.64999994960001,30.87305,2,30.60743138634764,31.72836942675159,31.72269063180315,,32.007199655763245
43110099999,RATNAGIRI,Synoptic/Airport,16.9833333,73.3333333,2023-02-07T12:00:00,2023-02-06T12:00:00,2023-02-07T12:00:00,24,27.6,25.99,67.0,36.22,30.78,17.0,73.25,26.25,28.02,25.99,28.19,1,12z,24,NOAA NCEI GFS Archive,experiments/phase6/data/raw/gfs_20230206_12_024_subset.grib2,2023-02-07 12:00:00,25.99,26.73111083715562,25.78993,2,25.85682551319648,27.03836942675159,25.624096006012422,,26.86810883597339
43111099999,MAHABALESHWAR,Synoptic/Airport,17.9333333,73.6666666,2023-02-07T12:00:00,2023-02-06T12:00:00,2023-02-07T12:00:00,24,24.0,28.53,1382.0,888.7,493.3,18.0,73.75,29.99,28.67,32.55,28.53,1,12z,24,NOAA NCEI GFS Archive,experiments/phase6/data/raw/gfs_20230206_12_024_subset.grib2,2023-02-07 12:00:00,28.53,29.66733411199992,25.32355,2,28.913029315960912,29.578369426751596,27.327376590672174,,25.92409896369831
43113099999,SATARA,Synoptic/Airport,17.5166666,74.05,2023-02-07T12:00:00,2023-02-06T12:00:00,2023-02-07T12:00:00,24,30.4,29.6,612.0,746.14,-134.14,17.5,74.0,29.6,29.87,29.37,29.29,1,12z,24,NOAA NCEI GFS Archive,experiments/phase6/data/raw/gfs_20230206_12_024_subset.grib2,2023-02-07 12:00:00,29.6,29.63400008,30.47191,2,29.68796986518636,30.648369426751596,31.207322298142813,,31.714565532558648
43117099999,SOLAPUR,Synoptic/Airport,17.627958,75.934842,2023-02-07T12:00:00,2023-02-06T12:00:00,2023-02-07T12:00:00,24,30.2,31.91,482.8,492.06,-9.26,17.75,76.0,32.24,32.14,32.18,31.91,1,12z,24,NOAA NCEI GFS Archive,experiments/phase6/data/raw/gfs_20230206_12_024_subset.grib2,2023-02-07 12:00:00,31.91,32.07101980563008,31.97019,2,32.293029315960915,32.958369426751595,33.10043949131902,,33.081788582499534
43157099999,KOLHAPUR,Synoptic/Airport,16.664658,74.289353,2023-02-07T12:00:00,2023-02-06T12:00:00,2023-02-07T12:00:00,24,31.2,31.5,608.38,591.9,16.48,16.75,74.25,31.43,31.6,31.5,31.71,1,12z,24,NOAA NCEI GFS Archive,experiments/phase6/data/raw/gfs_20230206_12_024_subset.grib2,2023-02-07 12:00:00,31.5,31.507011343215368,31.39288,2,31.88302931596091,32.54836942675159,32.527338479125184,,32.4786096463899
43158099999,SANGLI,Synoptic/Airport,16.85,74.6,2023-02-07T12:00:00,2023-02-06T12:00:00,2023-02-07T12:00:00,24,31.6,31.71,549.0,562.78,-13.78,16.75,74.5,31.71,31.61,31.56,31.0,1,12z,24,NOAA NCEI GFS Archive,experiments/phase6/data/raw/gfs_20230206_12_024_subset.grib2,2023-02-07 12:00:00,31.71,31.536400000000008,31.79957,2,31.637431386347643,32.75836942675159,32.8491930823167,,32.91606244773914
42933099999,AKOLA,Synoptic/Airport,20.7,77.0333333,2023-02-08T00:00:00,2023-02-06T12:00:00,2023-02-08T00:00:00,36,16.4,20.13,282.0,280.22,1.78,20.75,77.0,19.36,19.41,20.13,19.81,1,12z,36,NOAA NCEI GFS Archive,experiments/phase6/data/raw/gfs_20230206_12_036_subset.grib2,2023-02-08 00:00:00,20.13,19.9432000328,20.11843,2,20.51302931596091,21.17836942675159,19.228832170686566,,21.345788077158264
43014099999,AURANGABAD,Synoptic/Airport,19.863169,75.398206,2023-02-08T00:00:00,2023-02-06T12:00:00,2023-02-08T00:00:00,36,15.0,19.15,582.47,556.06,26.41,19.75,75.5,18.93,19.15,18.48,18.3,1,12z,36,NOAA NCEI GFS Archive,experiments/phase6/data/raw/gfs_20230206_12_036_subset.grib2,2023-02-08 00:00:00,19.15,18.749374201190403,18.978334999999998,2,19.23796986518636,20.19836942675159,18.61262421526879,,20.181698560707595
43063099999,PUNE,Synoptic/Airport,18.5333333,73.85,2023-02-08T00:00:00,2023-02-06T12:00:00,2023-02-08T00:00:00,36,13.4,19.27,558.0,677.98,-119.98,18.5,73.75,19.27,18.45,19.52,19.54,1,12z,36,NOAA NCEI GFS Archive,experiments/phase6/data/raw/gfs_20230206_12_036_subset.grib2,2023-02-08 00:00:00,19.27,19.02013325520001,20.04987,2,19.35796986518636,20.31836942675159,19.887581042213213,,21.403212871926566
43110099999,RATNAGIRI,Synoptic/Airport,16.9833333,73.3333333,2023-02-08T00:00:00,2023-02-06T12:00:00,2023-02-08T00:00:00,36,18.6,21.69,67.0,36.22,30.78,17.0,73.25,23.62,18.41,21.69,18.26,1,12z,36,NOAA NCEI GFS Archive,experiments/phase6/data/raw/gfs_20230206_12_036_subset.grib2,2023-02-08 00:00:00,21.69,20.63577842915548,21.48993,2,21.556825513196483,22.738369426751596,20.61802573172849,,22.68553194003669
43117099999,SOLAPUR,Synoptic/Airport,17.627958,75.934842,2023-02-08T00:00:00,2023-02-06T12:00:00,2023-02-08T00:00:00,36,21.8,21.98,482.8,492.06,-9.26,17.75,76.0,22.91,22.69,22.29,21.98,1,12z,36,NOAA NCEI GFS Archive,experiments/phase6/data/raw/gfs_20230206_12_036_subset.grib2,2023-02-08 00:00:00,21.98,22.39594430180416,22.04019,2,22.36302931596091,23.028369426751592,21.43525387337574,,23.27648158533612
42851099999,JALGAON,Synoptic/Airport,21.05,75.5666666,2023-02-08T12:00:00,2023-02-06T12:00:00,2023-02-08T12:00:00,48,32.6,32.24,201.0,212.38,-11.38,21.0,75.5,32.24,32.1,30.84,30.04,1,12z,48,NOAA NCEI GFS Archive,experiments/phase6/data/raw/gfs_20230206_12_048_subset.grib2,2023-02-08 12:00:00,32.24,31.887466739199997,32.313970000000005,2,32.09510980966325,33.28836942675159,33.14462271800645,,33.65105789625292
42871099999,GONDIA ARPT/BIRSI,Synoptic/Airport,21.524467,80.287997,2023-02-08T12:00:00,2023-02-06T12:00:00,2023-02-08T12:00:00,48,28.6,28.73,300.84,301.18,-0.34,21.5,80.25,28.73,27.94,28.31,25.72,1,12z,48,NOAA NCEI GFS Archive,experiments/phase6/data/raw/gfs_20230206_12_048_subset.grib2,2023-02-08 12:00:00,28.73,28.542050349148777,28.732210000000002,2,28.58510980966325,29.778369426751592,28.96065712894555,,30.062507910626334
42920099999,OZAR AIR FORCE STATION /NASHIK ARPT,Synoptic/Airport,20.119156,73.914097,2023-02-08T12:00:00,2023-02-06T12:00:00,2023-02-08T12:00:00,48,30.0,31.12,598.02,584.38,13.64,20.0,74.0,30.82,31.12,30.58,30.59,1,12z,48,NOAA NCEI GFS Archive,experiments/phase6/data/raw/gfs_20230206_12_048_subset.grib2,2023-02-08 12:00:00,31.12,30.811800060507515,31.03134,2,31.047431386347643,32.1683694267516,31.88439648978905,,32.344214183655716
42933099999,AKOLA,Synoptic/Airport,20.7,77.0333333,2023-02-08T12:00:00,2023-02-06T12:00:00,2023-02-08T12:00:00,48,31.0,32.43,282.0,280.22,1.78,20.75,77.0,31.12,30.82,32.43,31.77,1,12z,48,NOAA NCEI GFS Archive,experiments/phase6/data/raw/gfs_20230206_12_048_subset.grib2,2023-02-08 12:00:00,32.43,32.08960007840001,32.41843,2,32.81302931596091,33.47836942675159,33.597465529349094,,33.74177595570884
42939099999,WARDHA,Synoptic/Airport,20.6666666,78.5833333,2023-02-08T12:00:00,2023-02-06T12:00:00,2023-02-08T12:00:00,48,32.5,31.59,283.0,275.58,7.42,20.75,78.5,31.6,31.4,31.59,31.36,1,12z,48,NOAA NCEI GFS Archive,experiments/phase6/data/raw/gfs_20230206_12_048_subset.grib2,2023-02-08 12:00:00,31.59,31.52000003466666,31.54177,2,31.45682551319648,32.638369426751595,32.109934694061,,32.860416373656015
42943099999,YEOTMAL,Synoptic/Airport,20.4,78.15,2023-02-08T12:00:00,2023-02-06T12:00:00,2023-02-08T12:00:00,48,29.5,31.3,451.0,308.86,142.14,20.5,78.25,31.14,30.76,31.28,31.3,1,12z,48,NOAA NCEI GFS Archive,experiments/phase6/data/raw/gfs_20230206_12_048_subset.grib2,2023-02-08 12:00:00,31.3,31.14,30.37609,2,31.15510980966325,32.3483694267516,31.06333790339918,,31.55694506719346
43014099999,AURANGABAD,Synoptic/Airport,19.863169,75.398206,2023-02-08T12:00:00,2023-02-06T12:00:00,2023-02-08T12:00:00,48,32.0,31.46,582.47,556.06,26.41,19.75,75.5,32.4,31.46,29.97,29.88,1,12z,48,NOAA NCEI GFS Archive,experiments/phase6/data/raw/gfs_20230206_12_048_subset.grib2,2023-02-08 12:00:00,31.46,30.9708463774704,31.288335,2,31.54796986518636,32.50836942675159,31.930414429039896,,32.58767352647172
43017099999,PARBHANI,Synoptic/Airport,19.1333333,76.8333333,2023-02-08T12:00:00,2023-02-06T12:00:00,2023-02-08T12:00:00,48,31.2,31.63,422.0,405.66,16.34,19.25,76.75,31.64,31.77,31.63,31.48,1,12z,48,NOAA NCEI GFS Archive,experiments/phase6/data/raw/gfs_20230206_12_048_subset.grib2,2023-02-08 12:00:00,31.63,31.628222238577774,31.523789999999998,2,31.49682551319648,32.678369426751594,32.09728018249032,,32.83323657276817
43021099999,NANDED,Synoptic/Airport,19.0833333,77.3333333,2023-02-08T12:00:00,2023-02-06T12:00:00,2023-02-08T12:00:00,48,31.8,31.68,358.0,399.74,-41.74,19.0,77.25,31.68,31.56,31.39,30.8,1,12z,48,NOAA NCEI GFS Archive,experiments/phase6/data/raw/gfs_20230206_12_048_subset.grib2,2023-02-08 12:00:00,31.68,31.491111207555537,31.95131,2,31.53510980966325,32.72836942675159,32.6820720095007,,33.32025753989161
43029099999,CHANDRAPUR,Synoptic/Airport,19.9666666,79.3,2023-02-08T12:00:00,2023-02-06T12:00:00,2023-02-08T12:00:00,48,31.2,31.05,193.0,200.22,-7.22,20.0,79.25,31.22,31.27,31.05,30.63,1,12z,48,NOAA NCEI GFS Archive,experiments/phase6/data/raw/gfs_20230206_12_048_subset.grib2,2023-02-08 12:00:00,31.05,31.001200070400003,31.09693,2,30.977431386347643,32.0983694267516,31.936972119587985,,32.431288116167465
43063099999,PUNE,Synoptic/Airport,18.5333333,73.85,2023-02-08T12:00:00,2023-02-06T12:00:00,2023-02-08T12:00:00,48,31.6,30.68,558.0,677.98,-119.98,18.5,73.75,30.68,31.25,31.7,32.08,1,12z,48,NOAA NCEI GFS Archive,experiments/phase6/data/raw/gfs_20230206_12_048_subset.grib2,2023-02-08 12:00:00,30.68,31.033866540799984,31.45987,2,30.76796986518636,31.72836942675159,32.23036666170854,,32.910349988471495
43069099999,BARAMATI,Synoptic/Airport,18.15,74.5833333,2023-02-08T12:00:00,2023-02-06T12:00:00,2023-02-08T12:00:00,48,30.4,31.6,551.0,580.7,-29.7,18.25,74.5,31.31,31.98,31.6,32.37,1,12z,48,NOAA NCEI GFS Archive,experiments/phase6/data/raw/gfs_20230206_12_048_subset.grib2,2023-02-08 12:00:00,31.6,31.727333236000018,31.79305,2,31.527431386347644,32.64836942675159,32.740782179181636,,33.149752891186154
43110099999,RATNAGIRI,Synoptic/Airport,16.9833333,73.3333333,2023-02-08T12:00:00,2023-02-06T12:00:00,2023-02-08T12:00:00,48,29.0,26.46,67.0,36.22,30.78,17.0,73.25,26.67,28.9,26.46,29.36,1,12z,48,NOAA NCEI GFS Archive,experiments/phase6/data/raw/gfs_20230206_12_048_subset.grib2,2023-02-08 12:00:00,26.46,27.42577739528898,26.25993,2,26.32682551319648,27.508369426751592,26.051568604482235,,27.56124314678671
43111099999,MAHABALESHWAR,Synoptic/Airport,17.9333333,73.6666666,2023-02-08T12:00:00,2023-02-06T12:00:00,2023-02-08T12:00:00,48,24.6,29.21,1382.0,888.7,493.3,18.0,73.75,31.76,30.29,34.98,29.21,1,12z,48,NOAA NCEI GFS Archive,experiments/phase6/data/raw/gfs_20230206_12_048_subset.grib2,2023-02-08 12:00:00,29.21,31.039112296888757,26.00355,2,29.593029315960912,30.258369426751592,28.051645110947696,,26.8269621059961
43113099999,SATARA,Synoptic/Airport,17.5166666,74.05,2023-02-08T12:00:00,2023-02-06T12:00:00,2023-02-08T12:00:00,48,31.0,30.62,612.0,746.14,-134.14,17.5,74.0,30.62,30.94,29.77,29.8,1,12z,48,NOAA NCEI GFS Archive,experiments/phase6/data/raw/gfs_20230206_12_048_subset.grib2,2023-02-08 12:00:00,30.62,30.6234669088,31.49191,2,30.70796986518636,31.668369426751592,32.27611558689791,,32.95698964011702
43117099999,SOLAPUR,Synoptic/Airport,17.627958,75.934842,2023-02-08T12:00:00,2023-02-06T12:00:00,2023-02-08T12:00:00,48,33.8,33.15,482.8,492.06,-9.26,17.75,76.0,33.3,33.28,33.27,33.15,1,12z,48,NOAA NCEI GFS Archive,experiments/phase6/data/raw/gfs_20230206_12_048_subset.grib2,2023-02-08 12:00:00,33.15,33.2320144597824,33.21019,2,33.53302931596091,34.19836942675159,34.48053071185992,,34.543928608755934
43157099999,KOLHAPUR,Synoptic/Airport,16.664658,74.289353,2023-02-08T12:00:00,2023-02-06T12:00:00,2023-02-08T12:00:00,48,32.2,31.24,608.38,591.9,16.48,16.75,74.25,31.76,31.89,31.24,31.97,1,12z,48,NOAA NCEI GFS Archive,experiments/phase6/data/raw/gfs_20230206_12_048_subset.grib2,2023-02-08 12:00:00,31.24,31.500180868230416,31.13288,2,31.62302931596091,32.28836942675159,32.15076175252669,,32.44268659061431
43158099999,SANGLI,Synoptic/Airport,16.85,74.6,2023-02-08T12:00:00,2023-02-06T12:00:00,2023-02-08T12:00:00,48,32.8,31.97,549.0,562.78,-13.78,16.75,74.5,31.97,31.93,31.63,31.24,1,12z,48,NOAA NCEI GFS Archive,experiments/phase6/data/raw/gfs_20230206_12_048_subset.grib2,2023-02-08 12:00:00,31.97,31.762,32.05957,2,31.89743138634764,33.01836942675159,33.07884309916151,,33.399467927067974
42851099999,JALGAON,Synoptic/Airport,21.05,75.5666666,2023-08-06T12:00:00,2023-08-06T00:00:00,2023-08-06T12:00:00,12,29.4,28.52,201.0,212.38,-11.38,21.0,75.5,28.52,28.82,28.02,27.82,1,00z,12,NOAA NCEI GFS Archive,experiments/phase6/data/raw/gfs_20230806_00_012_subset.grib2,2023-08-06 12:00:00,28.52,28.47333328,28.59397,8,28.37510980966325,27.607634285714287,28.923785804919955,28.27336042834043,
42871099999,GONDIA ARPT/BIRSI,Synoptic/Airport,21.524467,80.287997,2023-08-06T12:00:00,2023-08-06T00:00:00,2023-08-06T12:00:00,12,25.6,27.12,300.84,301.18,-0.34,21.5,80.25,27.12,26.12,27.12,25.02,1,00z,12,NOAA NCEI GFS Archive,experiments/phase6/data/raw/gfs_20230806_00_012_subset.grib2,2023-08-06 12:00:00,27.12,26.95164976225758,27.122210000000003,8,26.97510980966325,26.20763428571429,27.212617505991055,26.35063798854045,
42933099999,AKOLA,Synoptic/Airport,20.7,77.0333333,2023-08-06T12:00:00,2023-08-06T00:00:00,2023-08-06T12:00:00,12,29.8,30.02,282.0,280.22,1.78,20.75,77.0,28.62,28.22,30.02,29.42,1,00z,12,NOAA NCEI GFS Archive,experiments/phase6/data/raw/gfs_20230806_00_012_subset.grib2,2023-08-06 12:00:00,30.02,29.665333408,30.00843,8,30.40302931596091,29.107634285714287,30.88321711791997,30.171615819247574,
42939099999,WARDHA,Synoptic/Airport,20.6666666,78.5833333,2023-08-06T12:00:00,2023-08-06T00:00:00,2023-08-06T12:00:00,12,29.0,30.12,283.0,275.58,7.42,20.75,78.5,29.92,30.72,30.12,30.42,1,00z,12,NOAA NCEI GFS Archive,experiments/phase6/data/raw/gfs_20230806_00_012_subset.grib2,2023-08-06 12:00:00,30.12,30.208888817777776,30.07177,8,29.98682551319648,29.20763428571429,30.588207157162923,30.26732727043192,
42943099999,YEOTMAL,Synoptic/Airport,20.4,78.15,2023-08-06T12:00:00,2023-08-06T00:00:00,2023-08-06T12:00:00,12,26.2,29.02,451.0,308.86,142.14,20.5,78.25,28.32,28.32,28.72,29.02,1,00z,12,NOAA NCEI GFS Archive,experiments/phase6/data/raw/gfs_20230806_00_012_subset.grib2,2023-08-06 12:00:00,29.02,28.668000000000003,28.09609,8,28.87510980966325,28.107634285714287,28.530097245189502,27.940453803353044,
43014099999,AURANGABAD,Synoptic/Airport,19.863169,75.398206,2023-08-06T12:00:00,2023-08-06T00:00:00,2023-08-06T12:00:00,12,26.4,27.62,582.47,556.06,26.41,19.75,75.5,28.12,27.62,25.72,26.02,1,00z,12,NOAA NCEI GFS Archive,experiments/phase6/data/raw/gfs_20230806_00_012_subset.grib2,2023-08-06 12:00:00,27.62,26.951851357619205,27.448335,8,27.70796986518636,26.70763428571429,27.824712703932757,26.83858418978071,
43017099999,PARBHANI,Synoptic/Airport,19.1333333,76.8333333,2023-08-06T12:00:00,2023-08-06T00:00:00,2023-08-06T12:00:00,12,31.2,29.62,422.0,405.66,16.34,19.25,76.75,28.52,28.42,29.62,28.72,1,00z,12,NOAA NCEI GFS Archive,experiments/phase6/data/raw/gfs_20230806_00_012_subset.grib2,2023-08-06 12:00:00,29.62,28.9311110702222,29.51379,8,29.48682551319648,28.70763428571429,29.95401007674987,29.54841301435581,
43021099999,NANDED,Synoptic/Airport,19.0833333,77.3333333,2023-08-06T12:00:00,2023-08-06T00:00:00,2023-08-06T12:00:00,12,30.0,27.72,358.0,399.74,-41.74,19.0,77.25,27.72,28.52,28.22,29.02,1,00z,12,NOAA NCEI GFS Archive,experiments/phase6/data/raw/gfs_20230806_00_012_subset.grib2,2023-08-06 12:00:00,27.72,28.153333160000017,27.99131,8,27.57510980966325,26.80763428571429,28.17996905393474,27.412095830657712,
43029099999,CHANDRAPUR,Synoptic/Airport,19.9666666,79.3,2023-08-06T12:00:00,2023-08-06T00:00:00,2023-08-06T12:00:00,12,30.0,29.12,193.0,200.22,-7.22,20.0,79.25,29.72,29.42,29.12,28.52,1,00z,12,NOAA NCEI GFS Archive,experiments/phase6/data/raw/gfs_20230806_00_012_subset.grib2,2023-08-06 12:00:00,29.12,29.08800017600001,29.16693,8,29.047431386347643,28.20763428571429,29.7528001897422,29.039811133414776,
43063099999,PUNE,Synoptic/Airport,18.5333333,73.85,2023-08-06T12:00:00,2023-08-06T00:00:00,2023-08-06T12:00:00,12,24.8,23.92,558.0,677.98,-119.98,18.5,73.75,23.92,25.52,24.02,25.02,1,00z,12,NOAA NCEI GFS Archive,experiments/phase6/data/raw/gfs_20230806_00_012_subset.grib2,2023-08-06 12:00:00,23.92,24.541333351999967,24.69987,8,24.00796986518636,23.00763428571429,24.961316697395535,22.893924355345206,
43069099999,BARAMATI,Synoptic/Airport,18.15,74.5833333,2023-08-06T12:00:00,2023-08-06T00:00:00,2023-08-06T12:00:00,12,28.2,27.62,551.0,580.7,-29.7,18.25,74.5,28.42,29.22,27.62,28.72,1,00z,12,NOAA NCEI GFS Archive,experiments/phase6/data/raw/gfs_20230806_00_012_subset.grib2,2023-08-06 12:00:00,27.62,28.26666653600003,27.81305,8,27.547431386347643,26.70763428571429,28.107663071163056,27.201903997934323,
43110099999,RATNAGIRI,Synoptic/Airport,16.9833333,73.3333333,2023-08-06T12:00:00,2023-08-06T00:00:00,2023-08-06T12:00:00,12,28.2,27.02,67.0,36.22,30.78,17.0,73.25,27.12,27.32,27.02,27.42,1,00z,12,NOAA NCEI GFS Archive,experiments/phase6/data/raw/gfs_20230806_00_012_subset.grib2,2023-08-06 12:00:00,27.02,27.155555508444458,26.81993,8,26.88682551319648,26.107634285714287,26.86638072452864,26.016900585694593,
43111099999,MAHABALESHWAR,Synoptic/Airport,17.9333333,73.6666666,2023-08-06T12:00:00,2023-08-06T00:00:00,2023-08-06T12:00:00,12,18.8,21.82,1382.0,888.7,493.3,18.0,73.75,26.32,22.42,26.22,21.82,1,00z,12,NOAA NCEI GFS Archive,experiments/phase6/data/raw/gfs_20230806_00_012_subset.grib2,2023-08-06 12:00:00,21.82,23.402223417777773,18.61355,8,22.20302931596091,20.907634285714288,19.505259115015782,16.145998316008377,
43113099999,SATARA,Synoptic/Airport,17.5166666,74.05,2023-08-06T12:00:00,2023-08-06T00:00:00,2023-08-06T12:00:00,12,25.4,23.52,612.0,746.14,-134.14,17.5,74.0,23.52,24.72,23.82,24.52,1,00z,12,NOAA NCEI GFS Archive,experiments/phase6/data/raw/gfs_20230806_00_012_subset.grib2,2023-08-06 12:00:00,23.52,23.77333327999999,24.39191,8,23.60796986518636,22.607634285714287,24.63873055363627,22.456687419107364,
43117099999,SOLAPUR,Synoptic/Airport,17.627958,75.934842,2023-08-06T12:00:00,2023-08-06T00:00:00,2023-08-06T12:00:00,12,29.0,29.02,482.8,492.06,-9.26,17.75,76.0,29.62,29.22,29.12,29.02,1,00z,12,NOAA NCEI GFS Archive,experiments/phase6/data/raw/gfs_20230806_00_012_subset.grib2,2023-08-06 12:00:00,29.02,29.1818664606528,29.080189999999998,8,29.40302931596091,28.107634285714287,29.75196972104429,28.92078919730166,
43157099999,KOLHAPUR,Synoptic/Airport,16.664658,74.289353,2023-08-06T12:00:00,2023-08-06T00:00:00,2023-08-06T12:00:00,12,25.0,25.02,608.38,591.9,16.48,16.75,74.25,24.82,25.62,25.02,25.92,1,00z,12,NOAA NCEI GFS Archive,experiments/phase6/data/raw/gfs_20230806_00_012_subset.grib2,2023-08-06 12:00:00,25.02,25.08802365803842,24.91288,8,25.40302931596091,24.107634285714287,24.974576755363504,23.464870793817834,
43158099999,SANGLI,Synoptic/Airport,16.85,74.6,2023-08-06T12:00:00,2023-08-06T00:00:00,2023-08-06T12:00:00,12,26.2,25.92,549.0,562.78,-13.78,16.75,74.5,25.92,26.52,26.12,26.02,1,00z,12,NOAA NCEI GFS Archive,experiments/phase6/data/raw/gfs_20230806_00_012_subset.grib2,2023-08-06 12:00:00,25.92,26.127999999999997,26.00957,8,25.847431386347644,25.00763428571429,25.972884645378215,24.85088926806822,
42933099999,AKOLA,Synoptic/Airport,20.7,77.0333333,2023-08-07T00:00:00,2023-08-06T00:00:00,2023-08-07T00:00:00,24,24.7,24.21,282.0,280.22,1.78,20.75,77.0,23.41,23.11,24.21,23.81,1,00z,24,NOAA NCEI GFS Archive,experiments/phase6/data/raw/gfs_20230806_00_024_subset.grib2,2023-08-07 00:00:00,24.21,23.999333384000003,24.198430000000002,8,24.593029315960912,23.297634285714288,24.043012794786218,22.254719208857175,
43014099999,AURANGABAD,Synoptic/Airport,19.863169,75.398206,2023-08-07T00:00:00,2023-08-06T00:00:00,2023-08-07T00:00:00,24,23.0,22.21,582.47,556.06,26.41,19.75,75.5,22.51,22.21,20.91,21.21,1,00z,24,NOAA NCEI GFS Archive,experiments/phase6/data/raw/gfs_20230806_00_024_subset.grib2,2023-08-07 00:00:00,22.21,21.768885518214404,22.038335,8,22.29796986518636,21.297634285714288,21.94574579485184,19.450612423014626,
43063099999,PUNE,Synoptic/Airport,18.5333333,73.85,2023-08-07T00:00:00,2023-08-06T00:00:00,2023-08-07T00:00:00,24,23.4,21.31,558.0,677.98,-119.98,18.5,73.75,21.31,21.81,21.31,21.71,1,00z,24,NOAA NCEI GFS Archive,experiments/phase6/data/raw/gfs_20230806_00_024_subset.grib2,2023-08-07 00:00:00,21.31,21.50466667199999,22.089869999999998,8,21.39796986518636,20.39763428571429,22.115697414950375,19.20842649394933,
43110099999,RATNAGIRI,Synoptic/Airport,16.9833333,73.3333333,2023-08-07T00:00:00,2023-08-06T00:00:00,2023-08-07T00:00:00,24,26.6,26.11,67.0,36.22,30.78,17.0,73.25,26.51,24.31,26.11,23.81,1,00z,24,NOAA NCEI GFS Archive,experiments/phase6/data/raw/gfs_20230806_00_024_subset.grib2,2023-08-07 00:00:00,26.11,25.372222585777703,25.90993,8,25.97682551319648,25.197634285714287,25.762216576866283,24.579333309702065,
42851099999,JALGAON,Synoptic/Airport,21.05,75.5666666,2023-08-07T12:00:00,2023-08-06T00:00:00,2023-08-07T12:00:00,36,30.0,29.01,201.0,212.38,-11.38,21.0,75.5,29.01,28.91,27.51,27.41,1,00z,36,NOAA NCEI GFS Archive,experiments/phase6/data/raw/gfs_20230806_00_036_subset.grib2,2023-08-07 12:00:00,29.01,28.683333359999992,29.08397,8,28.86510980966325,28.09763428571429,29.405512811418692,28.452766848285798,
42871099999,GONDIA ARPT/BIRSI,Synoptic/Airport,21.524467,80.287997,2023-08-07T12:00:00,2023-08-06T00:00:00,2023-08-07T12:00:00,36,30.2,27.31,300.84,301.18,-0.34,21.5,80.25,27.31,26.21,26.71,25.21,1,00z,36,NOAA NCEI GFS Archive,experiments/phase6/data/raw/gfs_20230806_00_036_subset.grib2,2023-08-07 12:00:00,27.31,27.07814249536637,27.31221,8,27.16510980966325,26.39763428571429,27.34276195939045,26.133350775767575,
42933099999,AKOLA,Synoptic/Airport,20.7,77.0333333,2023-08-07T12:00:00,2023-08-06T00:00:00,2023-08-07T12:00:00,36,30.0,28.51,282.0,280.22,1.78,20.75,77.0,27.31,26.91,28.51,27.91,1,00z,36,NOAA NCEI GFS Archive,experiments/phase6/data/raw/gfs_20230806_00_036_subset.grib2,2023-08-07 12:00:00,28.51,28.19533340800001,28.498430000000003,8,28.893029315960916,27.59763428571429,29.042750435371982,27.706398021071365,
42939099999,WARDHA,Synoptic/Airport,20.6666666,78.5833333,2023-08-07T12:00:00,2023-08-06T00:00:00,2023-08-07T12:00:00,36,30.0,28.11,283.0,275.58,7.42,20.75,78.5,28.81,29.31,28.11,28.11,1,00z,36,NOAA NCEI GFS Archive,experiments/phase6/data/raw/gfs_20230806_00_036_subset.grib2,2023-08-07 12:00:00,28.11,28.398889097777765,28.06177,8,27.97682551319648,27.197634285714287,28.161187957986265,27.14095341772531,
42943099999,YEOTMAL,Synoptic/Airport,20.4,78.15,2023-08-07T12:00:00,2023-08-06T00:00:00,2023-08-07T12:00:00,36,29.0,27.71,451.0,308.86,142.14,20.5,78.25,27.91,27.91,27.31,27.71,1,00z,36,NOAA NCEI GFS Archive,experiments/phase6/data/raw/gfs_20230806_00_036_subset.grib2,2023-08-07 12:00:00,27.71,27.69400000000001,26.78609,8,27.56510980966325,26.797634285714288,26.90232893309222,25.73969842698899,
43014099999,AURANGABAD,Synoptic/Airport,19.863169,75.398206,2023-08-07T12:00:00,2023-08-06T00:00:00,2023-08-07T12:00:00,36,28.4,27.51,582.47,556.06,26.41,19.75,75.5,27.91,27.51,26.11,26.61,1,00z,36,NOAA NCEI GFS Archive,experiments/phase6/data/raw/gfs_20230806_00_036_subset.grib2,2023-08-07 12:00:00,27.51,27.099575077321607,27.338335,8,27.59796986518636,26.59763428571429,27.669333557652706,26.224603344289605,
43017099999,PARBHANI,Synoptic/Airport,19.1333333,76.8333333,2023-08-07T12:00:00,2023-08-06T00:00:00,2023-08-07T12:00:00,36,30.4,27.71,422.0,405.66,16.34,19.25,76.75,27.61,27.41,27.71,27.51,1,00z,36,NOAA NCEI GFS Archive,experiments/phase6/data/raw/gfs_20230806_00_036_subset.grib2,2023-08-07 12:00:00,27.71,27.59666668,27.60379,8,27.57682551319648,26.797634285714288,27.642091353284766,26.554270372555276,
43021099999,NANDED,Synoptic/Airport,19.0833333,77.3333333,2023-08-07T12:00:00,2023-08-06T00:00:00,2023-08-07T12:00:00,36,30.2,27.61,358.0,399.74,-41.74,19.0,77.25,27.61,27.71,27.41,26.91,1,00z,36,NOAA NCEI GFS Archive,experiments/phase6/data/raw/gfs_20230806_00_036_subset.grib2,2023-08-07 12:00:00,27.61,27.510000066666656,27.88131,8,27.46510980966325,26.697634285714287,27.958530954234803,26.798114985166606,
43029099999,CHANDRAPUR,Synoptic/Airport,19.9666666,79.3,2023-08-07T12:00:00,2023-08-06T00:00:00,2023-08-07T12:00:00,36,30.8,28.11,193.0,200.22,-7.22,20.0,79.25,28.11,27.91,28.11,27.41,1,00z,36,NOAA NCEI GFS Archive,experiments/phase6/data/raw/gfs_20230806_00_036_subset.grib2,2023-08-07 12:00:00,28.11,27.983333360000007,28.15693,8,28.03743138634764,27.197634285714287,28.465297564499465,27.235749389768955,
43063099999,PUNE,Synoptic/Airport,18.5333333,73.85,2023-08-07T12:00:00,2023-08-06T00:00:00,2023-08-07T12:00:00,36,26.2,23.41,558.0,677.98,-119.98,18.5,73.75,23.41,24.81,24.01,25.11,1,00z,36,NOAA NCEI GFS Archive,experiments/phase6/data/raw/gfs_20230806_00_036_subset.grib2,2023-08-07 12:00:00,23.41,24.033999935999965,24.18987,8,23.49796986518636,22.497634285714287,24.372602175881802,21.75101866622978,
43069099999,BARAMATI,Synoptic/Airport,18.15,74.5833333,2023-08-07T12:00:00,2023-08-06T00:00:00,2023-08-07T12:00:00,36,28.0,26.91,551.0,580.7,-29.7,18.25,74.5,27.41,28.51,26.91,27.71,1,00z,36,NOAA NCEI GFS Archive,experiments/phase6/data/raw/gfs_20230806_00_036_subset.grib2,2023-08-07 12:00:00,26.91,27.41666654400003,27.10305,8,26.83743138634764,25.997634285714287,27.17854295979927,25.79453588700674,
43110099999,RATNAGIRI,Synoptic/Airport,16.9833333,73.3333333,2023-08-07T12:00:00,2023-08-06T00:00:00,2023-08-07T12:00:00,36,28.6,27.01,67.0,36.22,30.78,17.0,73.25,27.01,26.71,27.01,26.71,1,00z,36,NOAA NCEI GFS Archive,experiments/phase6/data/raw/gfs_20230806_00_036_subset.grib2,2023-08-07 12:00:00,27.01,26.910000039999996,26.80993,8,26.876825513196483,26.09763428571429,26.741371039583004,25.535150951109568,
43111099999,MAHABALESHWAR,Synoptic/Airport,17.9333333,73.6666666,2023-08-07T12:00:00,2023-08-06T00:00:00,2023-08-07T12:00:00,36,18.6,20.71,1382.0,888.7,493.3,18.0,73.75,25.41,21.11,25.31,20.71,1,00z,36,NOAA NCEI GFS Archive,experiments/phase6/data/raw/gfs_20230806_00_036_subset.grib2,2023-08-07 12:00:00,20.71,22.323334578666667,17.50355,8,21.093029315960912,19.797634285714288,18.133237218371633,14.209705361456479,
43113099999,SATARA,Synoptic/Airport,17.5166666,74.05,2023-08-07T12:00:00,2023-08-06T00:00:00,2023-08-07T12:00:00,36,25.0,22.11,612.0,746.14,-134.14,17.5,74.0,22.11,23.41,22.31,23.11,1,00z,36,NOAA NCEI GFS Archive,experiments/phase6/data/raw/gfs_20230806_00_036_subset.grib2,2023-08-07 12:00:00,22.11,22.376666639999986,22.98191,8,22.19796986518636,21.197634285714287,23.07501143784676,20.12370083183723,
43117099999,SOLAPUR,Synoptic/Airport,17.627958,75.934842,2023-08-07T12:00:00,2023-08-06T00:00:00,2023-08-07T12:00:00,36,28.6,28.01,482.8,492.06,-9.26,17.75,76.0,28.71,28.41,28.21,28.01,1,00z,36,NOAA NCEI GFS Archive,experiments/phase6/data/raw/gfs_20230806_00_036_subset.grib2,2023-08-07 12:00:00,28.01,28.2701168202176,28.07019,8,28.393029315960916,27.09763428571429,28.4970590208761,27.116727453655844,
43157099999,KOLHAPUR,Synoptic/Airport,16.664658,74.289353,2023-08-07T12:00:00,2023-08-06T00:00:00,2023-08-07T12:00:00,36,25.4,24.31,608.38,591.9,16.48,16.75,74.25,24.41,25.21,24.31,25.21,1,00z,36,NOAA NCEI GFS Archive,experiments/phase6/data/raw/gfs_20230806_00_036_subset.grib2,2023-08-07 12:00:00,24.31,24.480434058038423,24.20288,8,24.69302931596091,23.39763428571429,24.070999644623193,22.05750268289025,
43158099999,SANGLI,Synoptic/Airport,16.85,74.6,2023-08-07T12:00:00,2023-08-06T00:00:00,2023-08-07T12:00:00,36,27.6,25.21,549.0,562.78,-13.78,16.75,74.5,25.21,25.71,25.11,25.01,1,00z,36,NOAA NCEI GFS Archive,experiments/phase6/data/raw/gfs_20230806_00_036_subset.grib2,2023-08-07 12:00:00,25.21,25.273999999999997,25.29957,8,25.137431386347643,24.297634285714288,25.04376453401443,23.443521157140637,
42933099999,AKOLA,Synoptic/Airport,20.7,77.0333333,2023-08-08T00:00:00,2023-08-06T00:00:00,2023-08-08T00:00:00,48,25.2,24.61,282.0,280.22,1.78,20.75,77.0,23.91,23.71,24.61,24.31,1,00z,48,NOAA NCEI GFS Archive,experiments/phase6/data/raw/gfs_20230806_00_048_subset.grib2,2023-08-08 00:00:00,24.61,24.432666704000003,24.59843,8,24.99302931596091,23.697634285714287,24.439369964929057,22.315117538987067,
43014099999,AURANGABAD,Synoptic/Airport,19.863169,75.398206,2023-08-08T00:00:00,2023-08-06T00:00:00,2023-08-08T00:00:00,48,23.2,22.91,582.47,556.06,26.41,19.75,75.5,23.31,22.91,21.81,22.01,1,00z,48,NOAA NCEI GFS Archive,experiments/phase6/data/raw/gfs_20230806_00_048_subset.grib2,2023-08-08 00:00:00,22.91,22.554870718214403,22.738335,8,22.99796986518636,21.997634285714287,22.66787078341999,19.907704385862754,
43063099999,PUNE,Synoptic/Airport,18.5333333,73.85,2023-08-08T00:00:00,2023-08-06T00:00:00,2023-08-08T00:00:00,48,23.2,21.51,558.0,677.98,-119.98,18.5,73.75,21.51,22.51,21.61,22.11,1,00z,48,NOAA NCEI GFS Archive,experiments/phase6/data/raw/gfs_20230806_00_048_subset.grib2,2023-08-08 00:00:00,21.51,21.89666667999998,22.28987,8,21.59796986518636,20.59763428571429,22.296153184476427,19.00436240226707,
43110099999,RATNAGIRI,Synoptic/Airport,16.9833333,73.3333333,2023-08-08T00:00:00,2023-08-06T00:00:00,2023-08-08T00:00:00,48,27.0,25.71,67.0,36.22,30.78,17.0,73.25,26.01,24.11,25.71,23.91,1,00z,48,NOAA NCEI GFS Archive,experiments/phase6/data/raw/gfs_20230806_00_048_subset.grib2,2023-08-08 00:00:00,25.71,25.127778054222173,25.50993,8,25.57682551319648,24.797634285714288,25.1883150366456,23.58188195258333,
42933099999,AKOLA,Synoptic/Airport,20.7,77.0333333,2023-08-07T00:00:00,2023-08-06T12:00:00,2023-08-07T00:00:00,12,24.7,24.7,282.0,280.22,1.78,20.75,77.0,23.7,23.4,24.7,24.4,1,12z,12,NOAA NCEI GFS Archive,experiments/phase6/data/raw/gfs_20230806_12_012_subset.grib2,2023-08-07 00:00:00,24.7,24.46000004,24.68843,8,25.08302931596091,23.787634285714287,24.65290146539892,23.13691539904417,
43014099999,AURANGABAD,Synoptic/Airport,19.863169,75.398206,2023-08-07T00:00:00,2023-08-06T12:00:00,2023-08-07T00:00:00,12,23.0,22.6,582.47,556.06,26.41,19.75,75.5,22.9,22.6,21.5,21.7,1,12z,12,NOAA NCEI GFS Archive,experiments/phase6/data/raw/gfs_20230806_12_012_subset.grib2,2023-08-07 00:00:00,22.6,22.222584998512005,22.428335,8,22.68796986518636,21.68763428571429,22.386353744750075,20.200577402295544,
43063099999,PUNE,Synoptic/Airport,18.5333333,73.85,2023-08-07T00:00:00,2023-08-06T12:00:00,2023-08-07T00:00:00,12,23.4,21.5,558.0,677.98,-119.98,18.5,73.75,21.5,22.3,21.6,22.1,1,12z,12,NOAA NCEI GFS Archive,experiments/phase6/data/raw/gfs_20230806_12_012_subset.grib2,2023-08-07 00:00:00,21.5,21.81733333599998,22.27987,8,21.58796986518636,20.587634285714287,22.33963767723177,19.693929051418092,
43110099999,RATNAGIRI,Synoptic/Airport,16.9833333,73.3333333,2023-08-07T00:00:00,2023-08-06T12:00:00,2023-08-07T00:00:00,12,26.6,26.0,67.0,36.22,30.78,17.0,73.25,26.4,24.7,26.0,24.2,1,12z,12,NOAA NCEI GFS Archive,experiments/phase6/data/raw/gfs_20230806_12_012_subset.grib2,2023-08-07 00:00:00,26.0,25.428889185777727,25.79993,8,25.86682551319648,25.087634285714287,25.69235587227082,24.66814223445259,
42851099999,JALGAON,Synoptic/Airport,21.05,75.5666666,2023-08-07T12:00:00,2023-08-06T12:00:00,2023-08-07T12:00:00,24,30.0,27.9,201.0,212.38,-11.38,21.0,75.5,27.9,28.2,27.2,27.4,1,12z,24,NOAA NCEI GFS Archive,experiments/phase6/data/raw/gfs_20230806_12_024_subset.grib2,2023-08-07 12:00:00,27.9,27.834666592,27.973969999999998,8,27.75510980966325,26.98763428571429,28.15091961339957,27.219263663975525,
42871099999,GONDIA ARPT/BIRSI,Synoptic/Airport,21.524467,80.287997,2023-08-07T12:00:00,2023-08-06T12:00:00,2023-08-07T12:00:00,24,30.2,27.9,300.84,301.18,-0.34,21.5,80.25,27.9,26.7,28.1,25.7,1,12z,24,NOAA NCEI GFS Archive,experiments/phase6/data/raw/gfs_20230806_12_024_subset.grib2,2023-08-07 12:00:00,27.9,27.719338286099177,27.90221,8,27.75510980966325,26.98763428571429,28.0804698956009,27.14777817686065,
42933099999,AKOLA,Synoptic/Airport,20.7,77.0333333,2023-08-07T12:00:00,2023-08-06T12:00:00,2023-08-07T12:00:00,24,30.0,29.4,282.0,280.22,1.78,20.75,77.0,28.0,27.8,29.4,28.9,1,12z,24,NOAA NCEI GFS Archive,experiments/phase6/data/raw/gfs_20230806_12_024_subset.grib2,2023-08-07 12:00:00,29.4,29.061333392,29.38843,8,29.78302931596091,28.48763428571429,30.121083891888517,29.11751905488267,
42939099999,WARDHA,Synoptic/Airport,20.6666666,78.5833333,2023-08-07T12:00:00,2023-08-06T12:00:00,2023-08-07T12:00:00,24,30.0,29.1,283.0,275.58,7.42,20.75,78.5,29.8,30.0,29.1,29.2,1,12z,24,NOAA NCEI GFS Archive,experiments/phase6/data/raw/gfs_20230806_12_024_subset.grib2,2023-08-07 12:00:00,29.1,29.37777795555556,29.05177,8,28.966825513196483,28.18763428571429,29.357432486217863,28.684305662442707,
42943099999,YEOTMAL,Synoptic/Airport,20.4,78.15,2023-08-07T12:00:00,2023-08-06T12:00:00,2023-08-07T12:00:00,24,29.0,29.1,451.0,308.86,142.14,20.5,78.25,28.1,28.5,28.6,29.1,1,12z,24,NOAA NCEI GFS Archive,experiments/phase6/data/raw/gfs_20230806_12_024_subset.grib2,2023-08-07 12:00:00,29.1,28.67600000000001,28.176090000000002,8,28.95510980966325,28.18763428571429,28.577590344234235,27.8119755153307,
43014099999,AURANGABAD,Synoptic/Airport,19.863169,75.398206,2023-08-07T12:00:00,2023-08-06T12:00:00,2023-08-07T12:00:00,24,28.4,27.7,582.47,556.06,26.41,19.75,75.5,27.8,27.7,26.5,26.4,1,12z,24,NOAA NCEI GFS Archive,experiments/phase6/data/raw/gfs_20230806_12_024_subset.grib2,2023-08-07 12:00:00,27.7,27.152238800000006,27.528335,8,27.78796986518636,26.787634285714287,27.893273819934095,26.71010590175836,
43017099999,PARBHANI,Synoptic/Airport,19.1333333,76.8333333,2023-08-07T12:00:00,2023-08-06T12:00:00,2023-08-07T12:00:00,24,30.4,28.6,422.0,405.66,16.34,19.25,76.75,28.2,27.7,28.6,28.0,1,12z,24,NOAA NCEI GFS Archive,experiments/phase6/data/raw/gfs_20230806_12_024_subset.grib2,2023-08-07 12:00:00,28.6,28.22888891377776,28.49379,8,28.466825513196483,27.68763428571429,28.72323540580481,27.965391406366592,
43021099999,NANDED,Synoptic/Airport,19.0833333,77.3333333,2023-08-07T12:00:00,2023-08-06T12:00:00,2023-08-07T12:00:00,24,30.2,27.6,358.0,399.74,-41.74,19.0,77.25,27.6,28.0,27.5,28.0,1,12z,24,NOAA NCEI GFS Archive,experiments/phase6/data/raw/gfs_20230806_12_024_subset.grib2,2023-08-07 12:00:00,27.6,27.71111106222224,27.87131,8,27.45510980966325,26.68763428571429,27.993073784246583,27.01915512082321,
43029099999,CHANDRAPUR,Synoptic/Airport,19.9666666,79.3,2023-08-07T12:00:00,2023-08-06T12:00:00,2023-08-07T12:00:00,24,30.8,27.7,193.0,200.22,-7.22,20.0,79.25,29.0,28.2,27.7,27.5,1,12z,24,NOAA NCEI GFS Archive,experiments/phase6/data/raw/gfs_20230806_12_024_subset.grib2,2023-08-07 12:00:00,27.7,27.817333648000005,27.74693,8,27.62743138634764,26.787634285714287,28.01598220979005,26.92786468180124,
43063099999,PUNE,Synoptic/Airport,18.5333333,73.85,2023-08-07T12:00:00,2023-08-06T12:00:00,2023-08-07T12:00:00,24,26.2,23.8,558.0,677.98,-119.98,18.5,73.75,23.8,25.2,24.0,25.0,1,12z,24,NOAA NCEI GFS Archive,experiments/phase6/data/raw/gfs_20230806_12_024_subset.grib2,2023-08-07 12:00:00,23.8,24.36533332799997,24.57987,8,23.88796986518636,22.887634285714288,24.813210125780035,22.5009836455107,
43069099999,BARAMATI,Synoptic/Airport,18.15,74.5833333,2023-08-07T12:00:00,2023-08-06T12:00:00,2023-08-07T12:00:00,24,28.0,27.0,551.0,580.7,-29.7,18.25,74.5,27.4,28.3,27.0,27.8,1,12z,24,NOAA NCEI GFS Archive,experiments/phase6/data/raw/gfs_20230806_12_024_subset.grib2,2023-08-07 12:00:00,27.0,27.439999888000024,27.19305,8,26.92743138634764,26.087634285714287,27.326531794888094,26.14780723356942,
43110099999,RATNAGIRI,Synoptic/Airport,16.9833333,73.3333333,2023-08-07T12:00:00,2023-08-06T12:00:00,2023-08-07T12:00:00,24,28.6,27.3,67.0,36.22,30.78,17.0,73.25,27.3,27.2,27.3,27.1,1,12z,24,NOAA NCEI GFS Archive,experiments/phase6/data/raw/gfs_20230806_12_024_subset.grib2,2023-08-07 12:00:00,27.3,27.235555585777767,27.09993,8,27.16682551319648,26.387634285714288,27.131912237833742,26.152884719484405,
43111099999,MAHABALESHWAR,Synoptic/Airport,17.9333333,73.6666666,2023-08-07T12:00:00,2023-08-06T12:00:00,2023-08-07T12:00:00,24,18.6,21.1,1382.0,888.7,493.3,18.0,73.75,25.8,21.5,25.8,21.1,1,12z,24,NOAA NCEI GFS Archive,experiments/phase6/data/raw/gfs_20230806_12_024_subset.grib2,2023-08-07 12:00:00,21.1,22.73777903822222,17.89355,8,21.483029315960916,20.18763428571429,18.626014692508377,14.959670340737398,
43113099999,SATARA,Synoptic/Airport,17.5166666,74.05,2023-08-07T12:00:00,2023-08-06T12:00:00,2023-08-07T12:00:00,24,25.0,22.5,612.0,746.14,-134.14,17.5,74.0,22.5,23.6,22.8,23.5,1,12z,24,NOAA NCEI GFS Archive,experiments/phase6/data/raw/gfs_20230806_12_024_subset.grib2,2023-08-07 12:00:00,22.5,22.734666607999987,23.37191,8,22.58796986518636,21.587634285714287,23.515619387744994,20.873665811118148,
43117099999,SOLAPUR,Synoptic/Airport,17.627958,75.934842,2023-08-07T12:00:00,2023-08-06T12:00:00,2023-08-07T12:00:00,24,28.6,28.1,482.8,492.06,-9.26,17.75,76.0,29.5,29.3,28.4,28.1,1,12z,24,NOAA NCEI GFS Archive,experiments/phase6/data/raw/gfs_20230806_12_024_subset.grib2,2023-08-07 12:00:00,28.1,28.7512679797824,28.16019,8,28.483029315960916,27.18763428571429,28.638502905584964,27.469998800218526,
43157099999,KOLHAPUR,Synoptic/Airport,16.664658,74.289353,2023-08-07T12:00:00,2023-08-06T12:00:00,2023-08-07T12:00:00,24,25.4,24.7,608.38,591.9,16.48,16.75,74.25,24.5,25.6,24.7,25.8,1,12z,24,NOAA NCEI GFS Archive,experiments/phase6/data/raw/gfs_20230806_12_024_subset.grib2,2023-08-07 12:00:00,24.7,24.804879600000024,24.59288,8,25.08302931596091,23.787634285714287,24.563777118759933,22.80746766217117,
43158099999,SANGLI,Synoptic/Airport,16.85,74.6,2023-08-07T12:00:00,2023-08-06T12:00:00,2023-08-07T12:00:00,24,27.6,25.8,549.0,562.78,-13.78,16.75,74.5,25.8,26.5,25.9,25.7,1,12z,24,NOAA NCEI GFS Archive,experiments/phase6/data/raw/gfs_20230806_12_024_subset.grib2,2023-08-07 12:00:00,25.8,25.975999999999992,25.88957,8,25.727431386347643,24.887634285714288,25.789057558901494,24.45794855823371,
42933099999,AKOLA,Synoptic/Airport,20.7,77.0333333,2023-08-08T00:00:00,2023-08-06T12:00:00,2023-08-08T00:00:00,36,25.2,24.73,282.0,280.22,1.78,20.75,77.0,23.63,23.43,24.73,24.33,1,12z,36,NOAA NCEI GFS Archive,experiments/phase6/data/raw/gfs_20230806_12_036_subset.grib2,2023-08-08 00:00:00,24.73,24.462000048000004,24.71843,8,25.11302931596091,23.817634285714288,24.615947208580707,22.708058248821573,
43014099999,AURANGABAD,Synoptic/Airport,19.863169,75.398206,2023-08-08T00:00:00,2023-08-06T12:00:00,2023-08-08T00:00:00,36,23.2,22.43,582.47,556.06,26.41,19.75,75.5,22.93,22.43,21.33,21.33,1,12z,36,NOAA NCEI GFS Archive,experiments/phase6/data/raw/gfs_20230806_12_036_subset.grib2,2023-08-08 00:00:00,22.43,22.043484998512,22.258335,8,22.51796986518636,21.517634285714287,22.16597429218497,19.507257830260784,
43063099999,PUNE,Synoptic/Airport,18.5333333,73.85,2023-08-08T00:00:00,2023-08-06T12:00:00,2023-08-08T00:00:00,36,23.2,21.63,558.0,677.98,-119.98,18.5,73.75,21.63,22.23,21.73,21.93,1,12z,36,NOAA NCEI GFS Archive,experiments/phase6/data/raw/gfs_20230806_12_036_subset.grib2,2023-08-08 00:00:00,21.63,21.862000007999985,22.409869999999998,8,21.71796986518636,20.717634285714286,22.444259756091924,19.39730311210157,
43110099999,RATNAGIRI,Synoptic/Airport,16.9833333,73.3333333,2023-08-08T00:00:00,2023-08-06T12:00:00,2023-08-08T00:00:00,36,27.0,26.13,67.0,36.22,30.78,17.0,73.25,26.23,24.83,26.13,24.33,1,12z,36,NOAA NCEI GFS Archive,experiments/phase6/data/raw/gfs_20230806_12_036_subset.grib2,2023-08-08 00:00:00,26.13,25.54555582311105,25.92993,8,25.99682551319648,25.217634285714286,25.728486853321353,24.37151629513607,
42851099999,JALGAON,Synoptic/Airport,21.05,75.5666666,2023-08-08T12:00:00,2023-08-06T12:00:00,2023-08-08T12:00:00,48,30.0,28.36,201.0,212.38,-11.38,21.0,75.5,28.36,28.76,27.46,27.66,1,12z,48,NOAA NCEI GFS Archive,experiments/phase6/data/raw/gfs_20230806_12_048_subset.grib2,2023-08-08 12:00:00,28.36,28.275999904000003,28.43397,8,28.21510980966325,27.447634285714287,28.59748836458837,27.35900072064907,
42871099999,GONDIA ARPT/BIRSI,Synoptic/Airport,21.524467,80.287997,2023-08-08T12:00:00,2023-08-06T12:00:00,2023-08-08T12:00:00,48,29.6,26.96,300.84,301.18,-0.34,21.5,80.25,26.96,25.96,26.76,24.96,1,12z,48,NOAA NCEI GFS Archive,experiments/phase6/data/raw/gfs_20230806_12_048_subset.grib2,2023-08-08 12:00:00,26.96,26.776538590732777,26.962210000000002,8,26.81510980966325,26.047634285714288,26.88632006565947,25.436278280849088,
42933099999,AKOLA,Synoptic/Airport,20.7,77.0333333,2023-08-08T12:00:00,2023-08-06T12:00:00,2023-08-08T12:00:00,48,30.1,28.46,282.0,280.22,1.78,20.75,77.0,27.76,27.46,28.46,28.06,1,12z,48,NOAA NCEI GFS Archive,experiments/phase6/data/raw/gfs_20230806_12_048_subset.grib2,2023-08-08 12:00:00,28.46,28.269333384000007,28.448430000000002,8,28.843029315960912,27.547634285714288,28.948151029253502,27.40601915887111,
42939099999,WARDHA,Synoptic/Airport,20.6666666,78.5833333,2023-08-08T12:00:00,2023-08-06T12:00:00,2023-08-08T12:00:00,48,31.1,28.46,283.0,275.58,7.42,20.75,78.5,27.96,28.36,28.46,28.76,1,12z,48,NOAA NCEI GFS Archive,experiments/phase6/data/raw/gfs_20230806_12_048_subset.grib2,2023-08-08 12:00:00,28.46,28.40444427555556,28.41177,8,28.32682551319648,27.547634285714288,28.507289804289456,27.36949939914938,
42943099999,YEOTMAL,Synoptic/Airport,20.4,78.15,2023-08-08T12:00:00,2023-08-06T12:00:00,2023-08-08T12:00:00,48,28.0,27.56,451.0,308.86,142.14,20.5,78.25,28.86,28.16,28.36,27.56,1,12z,48,NOAA NCEI GFS Archive,experiments/phase6/data/raw/gfs_20230806_12_048_subset.grib2,2023-08-08 12:00:00,27.56,28.103999999999985,26.63609,8,27.41510980966325,26.64763428571429,26.680275408094126,25.30708835388266,
43014099999,AURANGABAD,Synoptic/Airport,19.863169,75.398206,2023-08-08T12:00:00,2023-08-06T12:00:00,2023-08-08T12:00:00,48,28.7,27.86,582.47,556.06,26.41,19.75,75.5,28.56,27.86,27.06,26.86,1,12z,48,NOAA NCEI GFS Archive,experiments/phase6/data/raw/gfs_20230806_12_048_subset.grib2,2023-08-08 12:00:00,27.86,27.600187798512,27.688335,8,27.94796986518636,26.947634285714287,28.030396051936776,26.453149325713667,
43017099999,PARBHANI,Synoptic/Airport,19.1333333,76.8333333,2023-08-08T12:00:00,2023-08-06T12:00:00,2023-08-08T12:00:00,48,30.0,29.16,422.0,405.66,16.34,19.25,76.75,28.36,28.46,29.16,28.76,1,12z,48,NOAA NCEI GFS Archive,experiments/phase6/data/raw/gfs_20230806_12_048_subset.grib2,2023-08-08 12:00:00,29.16,28.73111104888888,29.05379,8,29.02682551319648,28.247634285714287,29.254298432415016,28.237359673946212,
43021099999,NANDED,Synoptic/Airport,19.0833333,77.3333333,2023-08-08T12:00:00,2023-08-06T12:00:00,2023-08-08T12:00:00,48,30.8,28.36,358.0,399.74,-41.74,19.0,77.25,28.36,28.26,28.76,28.06,1,12z,48,NOAA NCEI GFS Archive,experiments/phase6/data/raw/gfs_20230806_12_048_subset.grib2,2023-08-08 12:00:00,28.36,28.393333346666648,28.63131,8,28.21510980966325,27.447634285714287,28.791225088534716,27.555585810214986,
43029099999,CHANDRAPUR,Synoptic/Airport,19.9666666,79.3,2023-08-08T12:00:00,2023-08-06T12:00:00,2023-08-08T12:00:00,48,31.6,27.96,193.0,200.22,-7.22,20.0,79.25,28.66,28.56,27.96,27.16,1,12z,48,NOAA NCEI GFS Archive,experiments/phase6/data/raw/gfs_20230806_12_048_subset.grib2,2023-08-08 12:00:00,27.96,27.91200022400001,28.00693,8,27.887431386347643,27.047634285714288,28.245632226634854,26.80313931666263,
43063099999,PUNE,Synoptic/Airport,18.5333333,73.85,2023-08-08T12:00:00,2023-08-06T12:00:00,2023-08-08T12:00:00,48,26.2,24.36,558.0,677.98,-119.98,18.5,73.75,24.36,25.76,24.76,25.86,1,12z,48,NOAA NCEI GFS Archive,experiments/phase6/data/raw/gfs_20230806_12_048_subset.grib2,2023-08-08 12:00:00,24.36,24.95733329599997,25.13987,8,24.44796986518636,23.447634285714287,25.383667733016395,22.772951913090317,
43110099999,RATNAGIRI,Synoptic/Airport,16.9833333,73.3333333,2023-08-08T12:00:00,2023-08-06T12:00:00,2023-08-08T12:00:00,48,28.4,27.16,67.0,36.22,30.78,17.0,73.25,27.16,26.86,27.16,27.26,1,12z,48,NOAA NCEI GFS Archive,experiments/phase6/data/raw/gfs_20230806_12_048_subset.grib2,2023-08-08 12:00:00,27.16,27.184444416888898,26.95993,8,27.02682551319648,26.247634285714287,26.85727193446309,25.499234510721475,
43111099999,MAHABALESHWAR,Synoptic/Airport,17.9333333,73.6666666,2023-08-08T12:00:00,2023-08-06T12:00:00,2023-08-08T12:00:00,48,18.8,21.46,1382.0,888.7,493.3,18.0,73.75,25.96,21.76,26.16,21.46,1,12z,48,NOAA NCEI GFS Archive,experiments/phase6/data/raw/gfs_20230806_12_048_subset.grib2,2023-08-08 12:00:00,21.46,23.062223457777776,18.25355,8,21.843029315960912,20.547634285714288,18.975527384060833,14.967176186504862,
43113099999,SATARA,Synoptic/Airport,17.5166666,74.05,2023-08-08T12:00:00,2023-08-06T12:00:00,2023-08-08T12:00:00,48,25.0,22.76,612.0,746.14,-134.14,17.5,74.0,22.76,24.26,23.46,24.36,1,12z,48,NOAA NCEI GFS Archive,experiments/phase6/data/raw/gfs_20230806_12_048_subset.grib2,2023-08-08 12:00:00,22.76,23.098666511999987,23.63191,8,22.84796986518636,21.84763428571429,23.761075463556097,20.748940445979535,
43117099999,SOLAPUR,Synoptic/Airport,17.627958,75.934842,2023-08-08T12:00:00,2023-08-06T12:00:00,2023-08-08T12:00:00,48,29.8,28.36,482.8,492.06,-9.26,17.75,76.0,29.36,29.66,28.66,28.36,1,12z,48,NOAA NCEI GFS Archive,experiments/phase6/data/raw/gfs_20230806_12_048_subset.grib2,2023-08-08 12:00:00,28.36,28.9964686786944,28.420189999999998,8,28.74302931596091,27.447634285714287,28.87090440066146,27.345273435079907,
43157099999,KOLHAPUR,Synoptic/Airport,16.664658,74.289353,2023-08-08T12:00:00,2023-08-06T12:00:00,2023-08-08T12:00:00,48,25.2,24.66,608.38,591.9,16.48,16.75,74.25,24.66,25.76,24.66,26.06,1,12z,48,NOAA NCEI GFS Archive,experiments/phase6/data/raw/gfs_20230806_12_048_subset.grib2,2023-08-08 12:00:00,24.66,24.86425617411523,24.552880000000002,8,25.04302931596091,23.747634285714287,24.44484502440855,22.28604866431432,
43158099999,SANGLI,Synoptic/Airport,16.85,74.6,2023-08-08T12:00:00,2023-08-06T12:00:00,2023-08-08T12:00:00,48,27.6,26.06,549.0,562.78,-13.78,16.75,74.5,26.06,26.76,25.76,25.66,1,12z,48,NOAA NCEI GFS Archive,experiments/phase6/data/raw/gfs_20230806_12_048_subset.grib2,2023-08-08 12:00:00,26.06,26.09199999999999,26.149569999999997,8,25.98743138634764,25.14763428571429,26.018707575746294,24.333223193095094,
42851099999,JALGAON,Synoptic/Airport,21.05,75.5666666,2023-02-07T12:00:00,2023-02-07T00:00:00,2023-02-07T12:00:00,12,33.0,30.74,201.0,212.38,-11.38,21.0,75.5,30.74,30.4,29.86,29.35,1,00z,12,NOAA NCEI GFS Archive,experiments/phase6/data/raw/gfs_20230207_00_012_subset.grib2,2023-02-07 12:00:00,30.74,30.46426676639999,30.813969999999998,2,30.59510980966325,31.78836942675159,31.52549669785504,,31.817382996555992
42871099999,GONDIA ARPT/BIRSI,Synoptic/Airport,21.524467,80.287997,2023-02-07T12:00:00,2023-02-07T00:00:00,2023-02-07T12:00:00,12,30.2,28.87,300.84,301.18,-0.34,21.5,80.25,28.87,27.56,28.83,25.48,1,00z,12,NOAA NCEI GFS Archive,experiments/phase6/data/raw/gfs_20230207_00_012_subset.grib2,2023-02-07 12:00:00,28.87,28.63663648636861,28.872210000000003,2,28.72510980966325,29.918369426751592,29.263515732403846,,29.866715313951048
42920099999,OZAR AIR FORCE STATION /NASHIK ARPT,Synoptic/Airport,20.119156,73.914097,2023-02-07T12:00:00,2023-02-07T00:00:00,2023-02-07T12:00:00,12,29.0,28.73,598.02,584.38,13.64,20.0,74.0,28.7,28.73,27.97,28.24,1,00z,12,NOAA NCEI GFS Archive,experiments/phase6/data/raw/gfs_20230207_00_012_subset.grib2,2023-02-07 12:00:00,28.73,28.44684018578688,28.64134,2,28.657431386347643,29.778369426751592,29.150704705328884,,29.62168852195315
42933099999,AKOLA,Synoptic/Airport,20.7,77.0333333,2023-02-07T12:00:00,2023-02-07T00:00:00,2023-02-07T12:00:00,12,30.0,30.83,282.0,280.22,1.78,20.75,77.0,30.04,30.1,30.83,30.87,1,00z,12,NOAA NCEI GFS Archive,experiments/phase6/data/raw/gfs_20230207_00_012_subset.grib2,2023-02-07 12:00:00,30.83,30.677866660799992,30.81843,2,31.21302931596091,31.87836942675159,31.831817809375238,,31.80823018387645
42939099999,WARDHA,Synoptic/Airport,20.6666666,78.5833333,2023-02-07T12:00:00,2023-02-07T00:00:00,2023-02-07T12:00:00,12,33.0,30.67,283.0,275.58,7.42,20.75,78.5,30.69,30.8,30.67,30.62,1,00z,12,NOAA NCEI GFS Archive,experiments/phase6/data/raw/gfs_20230207_00_012_subset.grib2,2023-02-07 12:00:00,30.67,30.677777796888886,30.62177,2,30.536825513196483,31.718369426751597,31.221259773576456,,31.605992532344793
42943099999,YEOTMAL,Synoptic/Airport,20.4,78.15,2023-02-07T12:00:00,2023-02-07T00:00:00,2023-02-07T12:00:00,12,30.0,30.35,451.0,308.86,142.14,20.5,78.25,30.67,30.64,30.52,30.35,1,00z,12,NOAA NCEI GFS Archive,experiments/phase6/data/raw/gfs_20230207_00_012_subset.grib2,2023-02-07 12:00:00,30.35,30.5116,29.426090000000002,2,30.20510980966325,31.398369426751596,30.088779897263226,,30.2725599642416
43014099999,AURANGABAD,Synoptic/Airport,19.863169,75.398206,2023-02-07T12:00:00,2023-02-07T00:00:00,2023-02-07T12:00:00,12,31.0,29.84,582.47,556.06,26.41,19.75,75.5,29.95,29.84,28.23,28.81,1,00z,12,NOAA NCEI GFS Archive,experiments/phase6/data/raw/gfs_20230207_00_012_subset.grib2,2023-02-07 12:00:00,29.84,29.29135310594657,29.668335,2,29.92796986518636,30.88836942675159,30.22972403647968,,30.634153580212235
43017099999,PARBHANI,Synoptic/Airport,19.1333333,76.8333333,2023-02-07T12:00:00,2023-02-07T00:00:00,2023-02-07T12:00:00,12,30.6,30.58,422.0,405.66,16.34,19.25,76.75,30.94,31.04,30.58,30.61,1,00z,12,NOAA NCEI GFS Archive,experiments/phase6/data/raw/gfs_20230207_00_012_subset.grib2,2023-02-07 12:00:00,30.58,30.768888931644444,30.473789999999997,2,30.44682551319648,31.62836942675159,31.058974643580758,,31.448980597680844
43021099999,NANDED,Synoptic/Airport,19.0833333,77.3333333,2023-02-07T12:00:00,2023-02-07T00:00:00,2023-02-07T12:00:00,12,31.6,31.31,358.0,399.74,-41.74,19.0,77.25,31.31,31.46,31.03,30.98,1,00z,12,NOAA NCEI GFS Archive,experiments/phase6/data/raw/gfs_20230207_00_012_subset.grib2,2023-02-07 12:00:00,31.31,31.244444479555558,31.58131,2,31.16510980966325,32.358369426751594,32.38724027269013,,32.61512349532545
43029099999,CHANDRAPUR,Synoptic/Airport,19.9666666,79.3,2023-02-07T12:00:00,2023-02-07T00:00:00,2023-02-07T12:00:00,12,31.4,30.58,193.0,200.22,-7.22,20.0,79.25,31.16,31.04,30.58,30.05,1,00z,12,NOAA NCEI GFS Archive,experiments/phase6/data/raw/gfs_20230207_00_012_subset.grib2,2023-02-07 12:00:00,30.58,30.562266843200007,30.626929999999998,2,30.50743138634764,31.62836942675159,31.496928423953058,,31.62628319946584
43063099999,PUNE,Synoptic/Airport,18.5333333,73.85,2023-02-07T12:00:00,2023-02-07T00:00:00,2023-02-07T12:00:00,12,30.8,30.03,558.0,677.98,-119.98,18.5,73.75,30.03,30.13,29.97,30.12,1,00z,12,NOAA NCEI GFS Archive,experiments/phase6/data/raw/gfs_20230207_00_012_subset.grib2,2023-02-07 12:00:00,30.03,30.064666672,30.80987,2,30.11796986518636,31.078369426751596,31.580514554089994,,31.925577501926032
43069099999,BARAMATI,Synoptic/Airport,18.15,74.5833333,2023-02-07T12:00:00,2023-02-07T00:00:00,2023-02-07T12:00:00,12,30.0,30.53,551.0,580.7,-29.7,18.25,74.5,30.09,30.55,30.53,30.87,1,00z,12,NOAA NCEI GFS Archive,experiments/phase6/data/raw/gfs_20230207_00_012_subset.grib2,2023-02-07 12:00:00,30.53,30.48333328160001,30.72305,2,30.457431386347643,31.578369426751596,31.583973455788822,,31.745522741671735
43110099999,RATNAGIRI,Synoptic/Airport,16.9833333,73.3333333,2023-02-07T12:00:00,2023-02-07T00:00:00,2023-02-07T12:00:00,12,27.6,25.81,67.0,36.22,30.78,17.0,73.25,26.07,27.21,25.81,26.84,1,00z,12,NOAA NCEI GFS Archive,experiments/phase6/data/raw/gfs_20230207_00_012_subset.grib2,2023-02-07 12:00:00,25.81,26.17311101235558,25.60993,2,25.67682551319648,26.85836942675159,25.47366496841887,,26.57647066024124
43111099999,MAHABALESHWAR,Synoptic/Airport,17.9333333,73.6666666,2023-02-07T12:00:00,2023-02-07T00:00:00,2023-02-07T12:00:00,12,24.0,28.49,1382.0,888.7,493.3,18.0,73.75,29.63,28.38,32.07,28.49,1,00z,12,NOAA NCEI GFS Archive,experiments/phase6/data/raw/gfs_20230207_00_012_subset.grib2,2023-02-07 12:00:00,28.49,29.446889559644376,25.283549999999998,2,28.87302931596091,29.53836942675159,27.316575919962286,,25.772280008955807
43113099999,SATARA,Synoptic/Airport,17.5166666,74.05,2023-02-07T12:00:00,2023-02-07T00:00:00,2023-02-07T12:00:00,12,30.4,29.73,612.0,746.14,-134.14,17.5,74.0,29.73,29.86,29.76,29.24,1,00z,12,NOAA NCEI GFS Archive,experiments/phase6/data/raw/gfs_20230207_00_012_subset.grib2,2023-02-07 12:00:00,29.73,29.74933336,30.60191,2,29.81796986518636,30.778369426751592,31.366262254139155,,31.73252706044644
43117099999,SOLAPUR,Synoptic/Airport,17.627958,75.934842,2023-02-07T12:00:00,2023-02-07T00:00:00,2023-02-07T12:00:00,12,30.2,31.76,482.8,492.06,-9.26,17.75,76.0,32.32,32.14,32.0,31.76,1,00z,12,NOAA NCEI GFS Archive,experiments/phase6/data/raw/gfs_20230207_00_012_subset.grib2,2023-02-07 12:00:00,31.76,32.00042158786944,31.82019,2,32.14302931596092,32.8083694267516,32.960816504485585,,32.820111668408025
43157099999,KOLHAPUR,Synoptic/Airport,16.664658,74.289353,2023-02-07T12:00:00,2023-02-07T00:00:00,2023-02-07T12:00:00,12,31.2,30.91,608.38,591.9,16.48,16.75,74.25,31.26,31.63,30.91,31.24,1,00z,12,NOAA NCEI GFS Archive,experiments/phase6/data/raw/gfs_20230207_00_012_subset.grib2,2023-02-07 12:00:00,30.91,31.083574176784648,30.802880000000002,2,31.29302931596091,31.95836942675159,31.872426227797526,,31.77750089490234
43158099999,SANGLI,Synoptic/Airport,16.85,74.6,2023-02-07T12:00:00,2023-02-07T00:00:00,2023-02-07T12:00:00,12,31.6,31.24,549.0,562.78,-13.78,16.75,74.5,31.24,31.8,30.89,31.06,1,00z,12,NOAA NCEI GFS Archive,experiments/phase6/data/raw/gfs_20230207_00_012_subset.grib2,2023-02-07 12:00:00,31.24,31.261599999999987,31.329569999999997,2,31.16743138634764,32.28836942675159,32.328201224831496,,32.33479874281414
42933099999,AKOLA,Synoptic/Airport,20.7,77.0333333,2023-02-08T00:00:00,2023-02-07T00:00:00,2023-02-08T00:00:00,24,16.4,19.9,282.0,280.22,1.78,20.75,77.0,19.63,19.74,19.9,19.98,1,00z,24,NOAA NCEI GFS Archive,experiments/phase6/data/raw/gfs_20230207_00_024_subset.grib2,2023-02-08 00:00:00,19.9,19.8574666552,19.88843,2,20.28302931596091,20.94836942675159,18.995520226672355,,21.00421446535838
43014099999,AURANGABAD,Synoptic/Airport,19.863169,75.398206,2023-02-08T00:00:00,2023-02-07T00:00:00,2023-02-08T00:00:00,24,15.0,19.09,582.47,556.06,26.41,19.75,75.5,18.84,19.09,18.12,18.41,1,00z,24,NOAA NCEI GFS Archive,experiments/phase6/data/raw/gfs_20230207_00_024_subset.grib2,2023-02-08 00:00:00,19.09,18.673013567880965,18.918335,2,19.17796986518636,20.13836942675159,18.565729868029138,,20.009905431538005
43063099999,PUNE,Synoptic/Airport,18.5333333,73.85,2023-02-08T00:00:00,2023-02-07T00:00:00,2023-02-08T00:00:00,24,13.4,19.21,558.0,677.98,-119.98,18.5,73.75,19.21,18.43,19.15,19.31,1,00z,24,NOAA NCEI GFS Archive,experiments/phase6/data/raw/gfs_20230207_00_024_subset.grib2,2023-02-08 00:00:00,19.21,18.940133291200013,19.98987,2,19.29796986518636,20.258369426751592,19.84068669497356,,21.231419742756977
43110099999,RATNAGIRI,Synoptic/Airport,16.9833333,73.3333333,2023-02-08T00:00:00,2023-02-07T00:00:00,2023-02-08T00:00:00,24,18.6,21.14,67.0,36.22,30.78,17.0,73.25,23.18,17.77,21.14,17.68,1,00z,24,NOAA NCEI GFS Archive,experiments/phase6/data/raw/gfs_20230207_00_024_subset.grib2,2023-02-08 00:00:00,21.14,20.07933399733326,20.93993,2,21.00682551319648,22.188369426751592,20.0417229340022,,22.024371537403315
43117099999,SOLAPUR,Synoptic/Airport,17.627958,75.934842,2023-02-08T00:00:00,2023-02-07T00:00:00,2023-02-08T00:00:00,24,21.8,22.11,482.8,492.06,-9.26,17.75,76.0,23.26,22.99,22.32,22.11,1,00z,24,NOAA NCEI GFS Archive,experiments/phase6/data/raw/gfs_20230207_00_024_subset.grib2,2023-02-08 00:00:00,22.11,22.60195449213056,22.170189999999998,2,22.49302931596091,23.15836942675159,21.623542236674986,,23.294443113223913
42851099999,JALGAON,Synoptic/Airport,21.05,75.5666666,2023-02-08T12:00:00,2023-02-07T00:00:00,2023-02-08T12:00:00,36,32.6,32.01,201.0,212.38,-11.38,21.0,75.5,32.01,31.9,31.2,30.46,1,00z,36,NOAA NCEI GFS Archive,experiments/phase6/data/raw/gfs_20230207_00_036_subset.grib2,2023-02-08 12:00:00,32.01,31.785066729599997,32.08397,2,31.86510980966325,33.05836942675159,32.92133834241205,,33.309484284453035
42871099999,GONDIA ARPT/BIRSI,Synoptic/Airport,21.524467,80.287997,2023-02-08T12:00:00,2023-02-07T00:00:00,2023-02-08T12:00:00,36,28.6,29.23,300.84,301.18,-0.34,21.5,80.25,29.23,28.46,28.75,26.26,1,00z,36,NOAA NCEI GFS Archive,experiments/phase6/data/raw/gfs_20230207_00_036_subset.grib2,2023-02-08 12:00:00,29.23,29.0404080100755,29.232210000000002,2,29.08510980966325,30.278369426751592,29.5928902992262,,30.44999166541535
42920099999,OZAR AIR FORCE STATION /NASHIK ARPT,Synoptic/Airport,20.119156,73.914097,2023-02-08T12:00:00,2023-02-07T00:00:00,2023-02-08T12:00:00,36,30.0,30.92,598.02,584.38,13.64,20.0,74.0,30.54,30.92,30.52,30.38,1,00z,36,NOAA NCEI GFS Archive,experiments/phase6/data/raw/gfs_20230207_00_036_subset.grib2,2023-02-08 12:00:00,30.92,30.61721281746176,30.83134,2,30.847431386347644,31.968369426751597,31.685948894794898,,32.03260183349647
42933099999,AKOLA,Synoptic/Airport,20.7,77.0333333,2023-02-08T12:00:00,2023-02-07T00:00:00,2023-02-08T12:00:00,36,31.0,32.33,282.0,280.22,1.78,20.75,77.0,31.07,30.9,32.33,31.64,1,00z,36,NOAA NCEI GFS Archive,experiments/phase6/data/raw/gfs_20230207_00_036_subset.grib2,2023-02-08 12:00:00,32.33,31.99986674480001,32.31843,2,32.71302931596091,33.37836942675159,33.51639814075363,,33.53003447768506
42939099999,WARDHA,Synoptic/Airport,20.6666666,78.5833333,2023-02-08T12:00:00,2023-02-07T00:00:00,2023-02-08T12:00:00,36,32.5,31.42,283.0,275.58,7.42,20.75,78.5,31.51,31.36,31.42,31.31,1,00z,36,NOAA NCEI GFS Archive,experiments/phase6/data/raw/gfs_20230207_00_036_subset.grib2,2023-02-08 12:00:00,31.42,31.40888892577778,31.37177,2,31.286825513196483,32.46836942675159,31.971013704038608,,32.57876528513741
42943099999,YEOTMAL,Synoptic/Airport,20.4,78.15,2023-02-08T12:00:00,2023-02-07T00:00:00,2023-02-08T12:00:00,36,29.5,31.08,451.0,308.86,142.14,20.5,78.25,31.16,30.96,31.07,31.08,1,00z,36,NOAA NCEI GFS Archive,experiments/phase6/data/raw/gfs_20230207_00_036_subset.grib2,2023-02-08 12:00:00,31.08,31.0616,30.15609,2,30.93510980966325,32.12836942675159,30.851772946241425,,31.225358542607122
43014099999,AURANGABAD,Synoptic/Airport,19.863169,75.398206,2023-02-08T12:00:00,2023-02-07T00:00:00,2023-02-08T12:00:00,36,32.0,31.59,582.47,556.06,26.41,19.75,75.5,32.23,31.59,29.95,29.82,1,00z,36,NOAA NCEI GFS Archive,experiments/phase6/data/raw/gfs_20230207_00_036_subset.grib2,2023-02-08 12:00:00,31.59,30.95535353048224,31.418335,2,31.67796986518636,32.638369426751595,32.08935438503624,,32.60563505435951
43017099999,PARBHANI,Synoptic/Airport,19.1333333,76.8333333,2023-02-08T12:00:00,2023-02-07T00:00:00,2023-02-08T12:00:00,36,31.2,31.92,422.0,405.66,16.34,19.25,76.75,31.91,32.05,31.92,32.05,1,00z,36,NOAA NCEI GFS Archive,experiments/phase6/data/raw/gfs_20230207_00_036_subset.grib2,2023-02-08 12:00:00,31.92,31.960222203377786,31.81379,2,31.786825513196483,32.96836942675159,32.48782138074107,,33.01099149607271
43021099999,NANDED,Synoptic/Airport,19.0833333,77.3333333,2023-02-08T12:00:00,2023-02-07T00:00:00,2023-02-08T12:00:00,36,31.8,31.88,358.0,399.74,-41.74,19.0,77.25,31.88,31.8,31.83,31.05,1,00z,36,NOAA NCEI GFS Archive,experiments/phase6/data/raw/gfs_20230207_00_036_subset.grib2,2023-02-08 12:00:00,31.88,31.758888968444424,32.15131,2,31.73510980966325,32.928369426751594,32.96272262668202,,33.40812867827423
43029099999,CHANDRAPUR,Synoptic/Airport,19.9666666,79.3,2023-02-08T12:00:00,2023-02-07T00:00:00,2023-02-08T12:00:00,36,31.2,31.17,193.0,200.22,-7.22,20.0,79.25,31.38,31.38,31.17,30.87,1,00z,36,NOAA NCEI GFS Archive,experiments/phase6/data/raw/gfs_20230207_00_036_subset.grib2,2023-02-08 12:00:00,31.17,31.146000072000007,31.21693,2,31.097431386347644,32.21836942675159,32.1207992060647,,32.43926255684171
43063099999,PUNE,Synoptic/Airport,18.5333333,73.85,2023-02-08T12:00:00,2023-02-07T00:00:00,2023-02-08T12:00:00,36,31.6,30.99,558.0,677.98,-119.98,18.5,73.75,30.99,31.63,31.86,32.17,1,00z,36,NOAA NCEI GFS Archive,experiments/phase6/data/raw/gfs_20230207_00_036_subset.grib2,2023-02-08 12:00:00,30.99,31.344399901599985,31.769869999999997,2,31.07796986518636,32.03836942675159,32.58430753656003,,33.10807908620313
43069099999,BARAMATI,Synoptic/Airport,18.15,74.5833333,2023-02-08T12:00:00,2023-02-07T00:00:00,2023-02-08T12:00:00,36,30.4,31.69,551.0,580.7,-29.7,18.25,74.5,31.4,31.93,31.69,32.31,1,00z,36,NOAA NCEI GFS Archive,experiments/phase6/data/raw/gfs_20230207_00_036_subset.grib2,2023-02-08 12:00:00,31.69,31.768666588800013,31.88305,2,31.617431386347643,32.7383694267516,32.88877101427046,,33.127766070219764
43110099999,RATNAGIRI,Synoptic/Airport,16.9833333,73.3333333,2023-02-08T12:00:00,2023-02-07T00:00:00,2023-02-08T12:00:00,36,29.0,26.51,67.0,36.22,30.78,17.0,73.25,26.57,28.8,26.51,29.75,1,00z,36,NOAA NCEI GFS Archive,experiments/phase6/data/raw/gfs_20230207_00_036_subset.grib2,2023-02-08 12:00:00,26.51,27.57155509564455,26.30993,2,26.376825513196483,27.558369426751597,26.16586866102525,,27.49930797696613
43111099999,MAHABALESHWAR,Synoptic/Airport,17.9333333,73.6666666,2023-02-08T12:00:00,2023-02-07T00:00:00,2023-02-08T12:00:00,36,24.6,29.27,1382.0,888.7,493.3,18.0,73.75,32.34,30.42,34.54,29.27,1,00z,36,NOAA NCEI GFS Archive,experiments/phase6/data/raw/gfs_20230207_00_036_subset.grib2,2023-02-08 12:00:00,29.27,31.035556727111008,26.06355,2,29.65302931596091,30.31836942675159,28.157955636713773,,26.775014023389065
43113099999,SATARA,Synoptic/Airport,17.5166666,74.05,2023-02-08T12:00:00,2023-02-07T00:00:00,2023-02-08T12:00:00,36,31.0,30.91,612.0,746.14,-134.14,17.5,74.0,30.91,31.23,29.97,29.89,1,00z,36,NOAA NCEI GFS Archive,experiments/phase6/data/raw/gfs_20230207_00_036_subset.grib2,2023-02-08 12:00:00,30.91,30.906000272,31.78191,2,30.99796986518636,31.95836942675159,32.60838969298772,,33.13474456342156
43117099999,SOLAPUR,Synoptic/Airport,17.627958,75.934842,2023-02-08T12:00:00,2023-02-07T00:00:00,2023-02-08T12:00:00,36,33.8,33.33,482.8,492.06,-9.26,17.75,76.0,33.48,33.53,33.36,33.33,1,00z,36,NOAA NCEI GFS Archive,experiments/phase6/data/raw/gfs_20230207_00_036_subset.grib2,2023-02-08 12:00:00,33.33,33.42527398382592,33.39019,2,33.71302931596091,34.37836942675159,34.72737467339715,,34.61182557271146
43157099999,KOLHAPUR,Synoptic/Airport,16.664658,74.289353,2023-02-08T12:00:00,2023-02-07T00:00:00,2023-02-08T12:00:00,36,32.2,32.52,608.38,591.9,16.48,16.75,74.25,32.58,32.35,32.52,32.63,1,00z,36,NOAA NCEI GFS Archive,experiments/phase6/data/raw/gfs_20230207_00_036_subset.grib2,2023-02-08 12:00:00,32.52,32.53952735733056,32.41288,2,32.903029315960914,33.568369426751595,33.68582887529948,,33.609163148059956
43158099999,SANGLI,Synoptic/Airport,16.85,74.6,2023-02-08T12:00:00,2023-02-07T00:00:00,2023-02-08T12:00:00,36,32.8,32.63,549.0,562.78,-13.78,16.75,74.5,32.63,32.34,32.36,31.48,1,00z,36,NOAA NCEI GFS Archive,experiments/phase6/data/raw/gfs_20230207_00_036_subset.grib2,2023-02-08 12:00:00,32.63,32.31160000000001,32.719570000000004,2,32.557431386347645,33.678369426751594,33.907758710620335,,33.94674507727374
42933099999,AKOLA,Synoptic/Airport,20.7,77.0333333,2023-02-09T00:00:00,2023-02-07T00:00:00,2023-02-09T00:00:00,48,14.4,19.59,282.0,280.22,1.78,20.75,77.0,19.33,19.48,19.59,19.49,1,00z,48,NOAA NCEI GFS Archive,experiments/phase6/data/raw/gfs_20230207_00_048_subset.grib2,2023-02-09 00:00:00,19.59,19.53133334,19.57843,2,19.97302931596091,20.63836942675159,18.560387901835885,,20.918355973515066
43014099999,AURANGABAD,Synoptic/Airport,19.863169,75.398206,2023-02-09T00:00:00,2023-02-07T00:00:00,2023-02-09T00:00:00,48,15.0,18.33,582.47,556.06,26.41,19.75,75.5,19.15,18.33,17.46,17.56,1,00z,48,NOAA NCEI GFS Archive,experiments/phase6/data/raw/gfs_20230207_00_048_subset.grib2,2023-02-09 00:00:00,18.33,18.14575050126208,18.158334999999997,2,18.41796986518636,19.37836942675159,17.70618073699435,,19.47462801508509
43063099999,PUNE,Synoptic/Airport,18.5333333,73.85,2023-02-09T00:00:00,2023-02-07T00:00:00,2023-02-09T00:00:00,48,12.6,19.36,558.0,677.98,-119.98,18.5,73.75,19.36,18.16,19.3,19.07,1,00z,48,NOAA NCEI GFS Archive,experiments/phase6/data/raw/gfs_20230207_00_048_subset.grib2,2023-02-09 00:00:00,19.36,18.923733289600023,20.13987,2,19.44796986518636,20.40836942675159,19.966975542595396,,21.6049672627368
43110099999,RATNAGIRI,Synoptic/Airport,16.9833333,73.3333333,2023-02-09T00:00:00,2023-02-07T00:00:00,2023-02-09T00:00:00,48,19.6,23.34,67.0,36.22,30.78,17.0,73.25,24.83,20.57,23.34,20.67,1,00z,48,NOAA NCEI GFS Archive,experiments/phase6/data/raw/gfs_20230207_00_048_subset.grib2,2023-02-09 00:00:00,23.34,22.51400049813328,23.13993,2,23.20682551319648,24.38836942675159,22.46043376228184,,24.445271936160182
43117099999,SOLAPUR,Synoptic/Airport,17.627958,75.934842,2023-02-09T00:00:00,2023-02-07T00:00:00,2023-02-09T00:00:00,48,20.0,22.37,482.8,492.06,-9.26,17.75,76.0,22.29,22.26,22.21,22.37,1,00z,48,NOAA NCEI GFS Archive,experiments/phase6/data/raw/gfs_20230207_00_048_subset.grib2,2023-02-09 00:00:00,22.37,22.298774518413445,22.43019,2,22.753029315960912,23.418369426751592,21.85594373175148,,23.77784859255275
42933099999,AKOLA,Synoptic/Airport,20.7,77.0333333,2023-02-08T00:00:00,2023-02-07T12:00:00,2023-02-08T00:00:00,12,16.4,19.38,282.0,280.22,1.78,20.75,77.0,19.01,19.14,19.38,19.46,1,12z,12,NOAA NCEI GFS Archive,experiments/phase6/data/raw/gfs_20230207_12_012_subset.grib2,2023-02-08 00:00:00,19.38,19.317999988,19.36843,2,19.76302931596091,20.42836942675159,18.422585812877866,,20.373015324365646
43014099999,AURANGABAD,Synoptic/Airport,19.863169,75.398206,2023-02-08T00:00:00,2023-02-07T12:00:00,2023-02-08T00:00:00,12,15.0,18.94,582.47,556.06,26.41,19.75,75.5,18.76,18.94,17.95,18.09,1,12z,12,NOAA NCEI GFS Archive,experiments/phase6/data/raw/gfs_20230207_12_012_subset.grib2,2023-02-08 00:00:00,18.94,18.489306472119043,18.768335,2,19.02796986518636,19.988369426751596,18.421335061361905,,19.748228517446496
43063099999,PUNE,Synoptic/Airport,18.5333333,73.85,2023-02-08T00:00:00,2023-02-07T12:00:00,2023-02-08T00:00:00,12,13.4,19.09,558.0,677.98,-119.98,18.5,73.75,19.09,18.48,19.16,19.39,1,12z,12,NOAA NCEI GFS Archive,experiments/phase6/data/raw/gfs_20230207_12_012_subset.grib2,2023-02-08 00:00:00,19.09,18.90013327920001,19.86987,2,19.17796986518636,20.13836942675159,19.72879204144885,,20.999704090306103
43110099999,RATNAGIRI,Synoptic/Airport,16.9833333,73.3333333,2023-02-08T00:00:00,2023-02-07T12:00:00,2023-02-08T00:00:00,12,18.6,21.2,67.0,36.22,30.78,17.0,73.25,23.16,18.16,21.2,17.99,1,12z,12,NOAA NCEI GFS Archive,experiments/phase6/data/raw/gfs_20230207_12_012_subset.grib2,2023-02-08 00:00:00,21.2,20.220889514577703,20.99993,2,21.06682551319648,22.24836942675159,20.167533038116368,,21.97242345479628
43117099999,SOLAPUR,Synoptic/Airport,17.627958,75.934842,2023-02-08T00:00:00,2023-02-07T12:00:00,2023-02-08T00:00:00,12,21.8,22.22,482.8,492.06,-9.26,17.75,76.0,23.22,23.13,22.46,22.22,1,12z,12,NOAA NCEI GFS Archive,experiments/phase6/data/raw/gfs_20230207_12_012_subset.grib2,2023-02-08 00:00:00,22.22,22.7076997296736,22.280189999999997,2,22.60302931596091,23.26836942675159,21.78840836067904,,23.29243046668461
42851099999,JALGAON,Synoptic/Airport,21.05,75.5666666,2023-02-08T12:00:00,2023-02-07T12:00:00,2023-02-08T12:00:00,24,32.6,31.74,201.0,212.38,-11.38,21.0,75.5,31.74,31.38,30.95,29.87,1,12z,24,NOAA NCEI GFS Archive,experiments/phase6/data/raw/gfs_20230207_12_024_subset.grib2,2023-02-08 12:00:00,31.74,31.447600134399988,31.813969999999998,2,31.59510980966325,32.78836942675159,32.65117629307107,,32.927962323798965
42871099999,GONDIA ARPT/BIRSI,Synoptic/Airport,21.524467,80.287997,2023-02-08T12:00:00,2023-02-07T12:00:00,2023-02-08T12:00:00,24,28.6,28.74,300.84,301.18,-0.34,21.5,80.25,28.74,27.93,28.12,25.44,1,12z,24,NOAA NCEI GFS Archive,experiments/phase6/data/raw/gfs_20230207_12_024_subset.grib2,2023-02-08 12:00:00,28.74,28.5283957558379,28.74221,2,28.59510980966325,29.78836942675159,29.06490104427904,,29.848753786063252
42920099999,OZAR AIR FORCE STATION /NASHIK ARPT,Synoptic/Airport,20.119156,73.914097,2023-02-08T12:00:00,2023-02-07T12:00:00,2023-02-08T12:00:00,24,30.0,30.23,598.02,584.38,13.64,20.0,74.0,30.03,30.23,30.27,29.7,1,12z,24,NOAA NCEI GFS Archive,experiments/phase6/data/raw/gfs_20230207_12_024_subset.grib2,2023-02-08 12:00:00,30.23,30.03477264893376,30.14134,2,30.157431386347643,31.278369426751592,30.902143193798466,,31.231622209873446
42933099999,AKOLA,Synoptic/Airport,20.7,77.0333333,2023-02-08T12:00:00,2023-02-07T12:00:00,2023-02-08T12:00:00,24,31.0,31.52,282.0,280.22,1.78,20.75,77.0,30.35,30.23,31.52,30.96,1,12z,24,NOAA NCEI GFS Archive,experiments/phase6/data/raw/gfs_20230207_12_024_subset.grib2,2023-02-08 12:00:00,31.52,31.223066729600003,31.50843,2,31.90302931596091,32.568369426751595,32.603841257178864,,32.609209807499475
42939099999,WARDHA,Synoptic/Airport,20.6666666,78.5833333,2023-02-08T12:00:00,2023-02-07T12:00:00,2023-02-08T12:00:00,24,32.5,30.72,283.0,275.58,7.42,20.75,78.5,30.71,30.63,30.72,30.6,1,12z,24,NOAA NCEI GFS Archive,experiments/phase6/data/raw/gfs_20230207_12_024_subset.grib2,2023-02-08 12:00:00,30.72,30.681111126222216,30.67177,2,30.58682551319648,31.76836942675159,31.222060192744987,,31.767798574300837
42943099999,YEOTMAL,Synoptic/Airport,20.4,78.15,2023-02-08T12:00:00,2023-02-07T12:00:00,2023-02-08T12:00:00,24,29.5,30.4,451.0,308.86,142.14,20.5,78.25,30.43,30.23,30.43,30.4,1,12z,24,NOAA NCEI GFS Archive,experiments/phase6/data/raw/gfs_20230207_12_024_subset.grib2,2023-02-08 12:00:00,30.4,30.3712,29.47609,2,30.25510980966325,31.44836942675159,30.10111474099802,,30.434366006197642
43014099999,AURANGABAD,Synoptic/Airport,19.863169,75.398206,2023-02-08T12:00:00,2023-02-07T12:00:00,2023-02-08T12:00:00,24,32.0,30.77,582.47,556.06,26.41,19.75,75.5,31.79,30.77,29.65,29.31,1,12z,24,NOAA NCEI GFS Archive,experiments/phase6/data/raw/gfs_20230207_12_024_subset.grib2,2023-02-08 12:00:00,30.77,30.39907577397632,30.598335,2,30.85796986518636,31.81836942675159,31.21912282485259,,31.674823296960376
43017099999,PARBHANI,Synoptic/Airport,19.1333333,76.8333333,2023-02-08T12:00:00,2023-02-07T12:00:00,2023-02-08T12:00:00,24,31.2,31.29,422.0,405.66,16.34,19.25,76.75,31.74,31.88,31.29,31.46,1,12z,24,NOAA NCEI GFS Archive,experiments/phase6/data/raw/gfs_20230207_12_024_subset.grib2,2023-02-08 12:00:00,31.29,31.55200003786667,31.18379,2,31.15682551319648,32.33836942675159,31.819438202445532,,32.269934395730964
43021099999,NANDED,Synoptic/Airport,19.0833333,77.3333333,2023-02-08T12:00:00,2023-02-07T12:00:00,2023-02-08T12:00:00,24,31.8,31.45,358.0,399.74,-41.74,19.0,77.25,31.45,31.29,31.46,30.81,1,12z,24,NOAA NCEI GFS Archive,experiments/phase6/data/raw/gfs_20230207_12_024_subset.grib2,2023-02-08 12:00:00,31.45,31.34555561911109,31.72131,2,31.30510980966325,32.498369426751594,32.505049882354726,,32.86681332220341
43029099999,CHANDRAPUR,Synoptic/Airport,19.9666666,79.3,2023-02-08T12:00:00,2023-02-07T12:00:00,2023-02-08T12:00:00,24,31.2,30.74,193.0,200.22,-7.22,20.0,79.25,31.03,31.21,30.74,30.44,1,12z,24,NOAA NCEI GFS Archive,experiments/phase6/data/raw/gfs_20230207_12_024_subset.grib2,2023-02-08 12:00:00,30.74,30.731466769600004,30.786929999999998,2,30.66743138634764,31.78836942675159,31.647591683763356,,31.897947200770897
43063099999,PUNE,Synoptic/Airport,18.5333333,73.85,2023-02-08T12:00:00,2023-02-07T12:00:00,2023-02-08T12:00:00,24,31.6,30.62,558.0,677.98,-119.98,18.5,73.75,30.62,31.12,31.55,31.73,1,12z,24,NOAA NCEI GFS Archive,experiments/phase6/data/raw/gfs_20230207_12_024_subset.grib2,2023-02-08 12:00:00,30.62,30.926933226399985,31.39987,2,30.70796986518636,31.668369426751592,32.20157827351428,,32.626686253413595
43069099999,BARAMATI,Synoptic/Airport,18.15,74.5833333,2023-02-08T12:00:00,2023-02-07T12:00:00,2023-02-08T12:00:00,24,30.4,31.43,551.0,580.7,-29.7,18.25,74.5,31.08,31.75,31.43,32.14,1,12z,24,NOAA NCEI GFS Archive,experiments/phase6/data/raw/gfs_20230207_12_024_subset.grib2,2023-02-08 12:00:00,31.43,31.52133324080002,31.62305,2,31.35743138634764,32.47836942675159,32.61864691650051,,32.75623119677923
43110099999,RATNAGIRI,Synoptic/Airport,16.9833333,73.3333333,2023-02-08T12:00:00,2023-02-07T12:00:00,2023-02-08T12:00:00,24,29.0,26.54,67.0,36.22,30.78,17.0,73.25,26.63,30.58,26.54,30.58,1,12z,24,NOAA NCEI GFS Archive,experiments/phase6/data/raw/gfs_20230207_12_024_subset.grib2,2023-02-08 12:00:00,26.54,27.890666136800107,26.33993,2,26.40682551319648,27.58836942675159,26.25714862242595,,27.417398632718452
43111099999,MAHABALESHWAR,Synoptic/Airport,17.9333333,73.6666666,2023-02-08T12:00:00,2023-02-07T12:00:00,2023-02-08T12:00:00,24,24.6,28.78,1382.0,888.7,493.3,18.0,73.75,33.06,29.78,34.49,28.78,1,12z,24,NOAA NCEI GFS Archive,experiments/phase6/data/raw/gfs_20230207_12_024_subset.grib2,2023-02-08 12:00:00,28.78,30.734001375199927,25.57355,2,29.163029315960912,29.828369426751596,27.62015458186207,,26.17377614403697
43113099999,SATARA,Synoptic/Airport,17.5166666,74.05,2023-02-08T12:00:00,2023-02-07T12:00:00,2023-02-08T12:00:00,24,31.0,30.71,612.0,746.14,-134.14,17.5,74.0,30.71,31.02,29.63,29.74,1,12z,24,NOAA NCEI GFS Archive,experiments/phase6/data/raw/gfs_20230207_12_024_subset.grib2,2023-02-08 12:00:00,30.71,30.697333632,31.58191,2,30.79796986518636,31.758369426751592,32.40982796441627,,32.82313221326232
43117099999,SOLAPUR,Synoptic/Airport,17.627958,75.934842,2023-02-08T12:00:00,2023-02-07T12:00:00,2023-02-08T12:00:00,24,33.8,32.61,482.8,492.06,-9.26,17.75,76.0,33.34,33.32,33.0,32.61,1,12z,24,NOAA NCEI GFS Archive,experiments/phase6/data/raw/gfs_20230207_12_024_subset.grib2,2023-02-08 12:00:00,32.61,33.01116984519488,32.67019,2,32.99302931596091,33.65836942675159,33.92021786665074,,33.780884687447795
43157099999,KOLHAPUR,Synoptic/Airport,16.664658,74.289353,2023-02-08T12:00:00,2023-02-07T12:00:00,2023-02-08T12:00:00,24,32.2,32.3,608.38,591.9,16.48,16.75,74.25,32.28,32.02,32.3,32.32,1,12z,24,NOAA NCEI GFS Archive,experiments/phase6/data/raw/gfs_20230207_12_024_subset.grib2,2023-02-08 12:00:00,32.3,32.28127496250752,32.192879999999995,2,32.68302931596091,33.34836942675159,33.46422805093285,,33.277576623473614
43158099999,SANGLI,Synoptic/Airport,16.85,74.6,2023-02-08T12:00:00,2023-02-07T12:00:00,2023-02-08T12:00:00,24,32.8,32.32,549.0,562.78,-13.78,16.75,74.5,32.32,32.01,32.07,31.21,1,12z,24,NOAA NCEI GFS Archive,experiments/phase6/data/raw/gfs_20230207_12_024_subset.grib2,2023-02-08 12:00:00,32.32,32.00800000000001,32.40957,2,32.24743138634764,33.36836942675159,33.577904193870566,,33.52527476776548
42933099999,AKOLA,Synoptic/Airport,20.7,77.0333333,2023-02-09T00:00:00,2023-02-07T12:00:00,2023-02-09T00:00:00,36,14.4,19.32,282.0,280.22,1.78,20.75,77.0,19.06,19.22,19.32,19.16,1,12z,36,NOAA NCEI GFS Archive,experiments/phase6/data/raw/gfs_20230207_12_036_subset.grib2,2023-02-09 00:00:00,19.32,19.255200012800003,19.30843,2,19.70302931596091,20.368369426751592,18.280231479231293,,20.536834012860997
43014099999,AURANGABAD,Synoptic/Airport,19.863169,75.398206,2023-02-09T00:00:00,2023-02-07T12:00:00,2023-02-09T00:00:00,36,15.0,18.0,582.47,556.06,26.41,19.75,75.5,18.93,18.0,17.04,16.59,1,12z,36,NOAA NCEI GFS Archive,experiments/phase6/data/raw/gfs_20230207_12_036_subset.grib2,2023-02-09 00:00:00,18.0,17.65192749457152,17.828335,2,18.08796986518636,19.04836942675159,17.366785011471965,,19.033183531149742
43063099999,PUNE,Synoptic/Airport,18.5333333,73.85,2023-02-09T00:00:00,2023-02-07T12:00:00,2023-02-09T00:00:00,36,12.6,19.36,558.0,677.98,-119.98,18.5,73.75,19.36,18.25,19.45,19.05,1,12z,36,NOAA NCEI GFS Archive,experiments/phase6/data/raw/gfs_20230207_12_036_subset.grib2,2023-02-09 00:00:00,19.36,18.96586661680002,20.13987,2,19.44796986518636,20.40836942675159,19.985081501640792,,21.493096656848486
43110099999,RATNAGIRI,Synoptic/Airport,16.9833333,73.3333333,2023-02-09T00:00:00,2023-02-07T12:00:00,2023-02-09T00:00:00,36,19.6,23.73,67.0,36.22,30.78,17.0,73.25,25.19,21.57,23.73,21.23,1,12z,36,NOAA NCEI GFS Archive,experiments/phase6/data/raw/gfs_20230207_12_036_subset.grib2,2023-02-09 00:00:00,23.73,22.96911159928883,23.52993,2,23.59682551319648,24.778369426751592,22.966075436244132,,24.722897731600185
43117099999,SOLAPUR,Synoptic/Airport,17.627958,75.934842,2023-02-09T00:00:00,2023-02-07T12:00:00,2023-02-09T00:00:00,36,20.0,21.74,482.8,492.06,-9.26,17.75,76.0,22.03,22.01,21.85,21.74,1,12z,36,NOAA NCEI GFS Archive,experiments/phase6/data/raw/gfs_20230207_12_036_subset.grib2,2023-02-09 00:00:00,21.74,21.88902398180416,21.800189999999997,2,22.12302931596091,22.78836942675159,21.15418700183343,,23.036791492211
42851099999,JALGAON,Synoptic/Airport,21.05,75.5666666,2023-02-09T12:00:00,2023-02-07T12:00:00,2023-02-09T12:00:00,48,34.0,32.6,201.0,212.38,-11.38,21.0,75.5,32.6,32.47,31.65,31.1,1,12z,48,NOAA NCEI GFS Archive,experiments/phase6/data/raw/gfs_20230207_12_048_subset.grib2,2023-02-09 12:00:00,32.6,32.3529333904,32.673970000000004,2,32.45510980966325,33.64836942675159,33.566521781725655,,34.010593035940595
42871099999,GONDIA ARPT/BIRSI,Synoptic/Airport,21.524467,80.287997,2023-02-09T12:00:00,2023-02-07T12:00:00,2023-02-09T12:00:00,48,29.0,30.1,300.84,301.18,-0.34,21.5,80.25,30.1,29.01,29.87,26.79,1,12z,48,NOAA NCEI GFS Archive,experiments/phase6/data/raw/gfs_20230207_12_048_subset.grib2,2023-02-09 12:00:00,30.1,29.88222266444782,30.102210000000003,2,29.95510980966325,31.148369426751596,30.56621745476585,,31.430738858882215
42920099999,OZAR AIR FORCE STATION /NASHIK ARPT,Synoptic/Airport,20.119156,73.914097,2023-02-09T12:00:00,2023-02-07T12:00:00,2023-02-09T12:00:00,48,32.0,31.28,598.02,584.38,13.64,20.0,74.0,31.13,31.28,30.95,31.08,1,12z,48,NOAA NCEI GFS Archive,experiments/phase6/data/raw/gfs_20230207_12_048_subset.grib2,2023-02-09 12:00:00,31.28,31.13640887451776,31.19134,2,31.207431386347643,32.32836942675159,32.07553383052449,,32.504007579072464
42933099999,AKOLA,Synoptic/Airport,20.7,77.0333333,2023-02-09T12:00:00,2023-02-07T12:00:00,2023-02-09T12:00:00,48,30.4,32.14,282.0,280.22,1.78,20.75,77.0,31.33,31.05,32.14,31.73,1,12z,48,NOAA NCEI GFS Archive,experiments/phase6/data/raw/gfs_20230207_12_048_subset.grib2,2023-02-09 12:00:00,32.14,31.9268000512,32.12843,2,32.52302931596091,33.18836942675159,33.25784305956881,,33.45215042651599
42939099999,WARDHA,Synoptic/Airport,20.6666666,78.5833333,2023-02-09T12:00:00,2023-02-07T12:00:00,2023-02-09T12:00:00,48,31.5,31.57,283.0,275.58,7.42,20.75,78.5,31.05,31.08,31.57,31.28,1,12z,48,NOAA NCEI GFS Archive,experiments/phase6/data/raw/gfs_20230207_12_048_subset.grib2,2023-02-09 12:00:00,31.57,31.33555546977776,31.52177,2,31.43682551319648,32.61836942675159,32.08691459891869,,32.840442199228924
42943099999,YEOTMAL,Synoptic/Airport,20.4,78.15,2023-02-09T12:00:00,2023-02-07T12:00:00,2023-02-09T12:00:00,48,29.2,30.51,451.0,308.86,142.14,20.5,78.25,30.63,30.26,30.58,30.51,1,12z,48,NOAA NCEI GFS Archive,experiments/phase6/data/raw/gfs_20230207_12_048_subset.grib2,2023-02-09 12:00:00,30.51,30.486,29.586090000000002,2,30.36510980966325,31.558369426751597,30.137503846904266,,30.767965177323283
43014099999,AURANGABAD,Synoptic/Airport,19.863169,75.398206,2023-02-09T12:00:00,2023-02-07T12:00:00,2023-02-09T12:00:00,48,32.0,31.87,582.47,556.06,26.41,19.75,75.5,32.34,31.87,31.17,30.99,1,12z,48,NOAA NCEI GFS Archive,experiments/phase6/data/raw/gfs_20230207_12_048_subset.grib2,2023-02-09 12:00:00,31.87,31.60956538713696,31.698335,2,31.95796986518636,32.9183694267516,32.37458318865442,,32.997144102227125
43021099999,NANDED,Synoptic/Airport,19.0833333,77.3333333,2023-02-09T12:00:00,2023-02-07T12:00:00,2023-02-09T12:00:00,48,33.0,32.29,358.0,399.74,-41.74,19.0,77.25,32.29,32.16,31.66,31.09,1,12z,48,NOAA NCEI GFS Archive,experiments/phase6/data/raw/gfs_20230207_12_048_subset.grib2,2023-02-09 12:00:00,32.29,31.98777791822221,32.56131,2,32.145109809663246,33.33836942675159,33.39695653413602,,33.92946985991795
43029099999,CHANDRAPUR,Synoptic/Airport,19.9666666,79.3,2023-02-09T12:00:00,2023-02-07T12:00:00,2023-02-09T12:00:00,48,31.4,31.32,193.0,200.22,-7.22,20.0,79.25,31.55,31.45,31.32,30.86,1,12z,48,NOAA NCEI GFS Archive,experiments/phase6/data/raw/gfs_20230207_12_048_subset.grib2,2023-02-09 12:00:00,31.32,31.2682667472,31.36693,2,31.247431386347643,32.36836942675159,32.259516382079035,,32.70093947093322
43063099999,PUNE,Synoptic/Airport,18.5333333,73.85,2023-02-09T12:00:00,2023-02-07T12:00:00,2023-02-09T12:00:00,48,32.6,31.58,558.0,677.98,-119.98,18.5,73.75,31.58,32.1,32.44,32.77,1,12z,48,NOAA NCEI GFS Archive,experiments/phase6/data/raw/gfs_20230207_12_048_subset.grib2,2023-02-09 12:00:00,31.58,31.892533228799984,32.35987,2,31.66796986518636,32.62836942675159,33.20537125598432,,33.809187837690686
43110099999,RATNAGIRI,Synoptic/Airport,16.9833333,73.3333333,2023-02-09T12:00:00,2023-02-07T12:00:00,2023-02-09T12:00:00,48,30.4,26.83,67.0,36.22,30.78,17.0,73.25,27.01,29.65,26.83,30.7,1,12z,48,NOAA NCEI GFS Archive,experiments/phase6/data/raw/gfs_20230207_12_048_subset.grib2,2023-02-09 12:00:00,26.83,28.10466613093346,26.629929999999998,2,26.69682551319648,27.87836942675159,26.47744036461497,,27.93076537368793
43111099999,MAHABALESHWAR,Synoptic/Airport,17.9333333,73.6666666,2023-02-09T12:00:00,2023-02-07T12:00:00,2023-02-09T12:00:00,48,25.0,30.29,1382.0,888.7,493.3,18.0,73.75,31.71,31.29,33.85,30.29,1,12z,48,NOAA NCEI GFS Archive,experiments/phase6/data/raw/gfs_20230207_12_048_subset.grib2,2023-02-09 12:00:00,30.29,31.46422294204434,27.08355,2,30.67302931596091,31.33836942675159,29.31644603288806,,27.905567525059126
43113099999,SATARA,Synoptic/Airport,17.5166666,74.05,2023-02-09T12:00:00,2023-02-07T12:00:00,2023-02-09T12:00:00,48,32.0,31.44,612.0,746.14,-134.14,17.5,74.0,31.44,31.52,30.78,30.53,1,12z,48,NOAA NCEI GFS Archive,experiments/phase6/data/raw/gfs_20230207_12_048_subset.grib2,2023-02-09 12:00:00,31.44,31.4076001936,32.311910000000005,2,31.52796986518636,32.4883694267516,33.164453106126956,,33.77593079162784
43117099999,SOLAPUR,Synoptic/Airport,17.627958,75.934842,2023-02-09T12:00:00,2023-02-07T12:00:00,2023-02-09T12:00:00,48,33.0,33.43,482.8,492.06,-9.26,17.75,76.0,33.43,33.53,33.69,33.43,1,12z,48,NOAA NCEI GFS Archive,experiments/phase6/data/raw/gfs_20230207_12_048_subset.grib2,2023-02-09 12:00:00,33.43,33.50077752721664,33.49019,2,33.81302931596091,34.47836942675159,34.80844206199261,,34.823567050735235
43157099999,KOLHAPUR,Synoptic/Airport,16.664658,74.289353,2023-02-09T12:00:00,2023-02-07T12:00:00,2023-02-09T12:00:00,48,32.0,32.72,608.38,591.9,16.48,16.75,74.25,32.77,32.65,32.72,32.76,1,12z,48,NOAA NCEI GFS Archive,experiments/phase6/data/raw/gfs_20230207_12_048_subset.grib2,2023-02-09 12:00:00,32.72,32.73476721286144,32.61288,2,33.10302931596091,33.76836942675159,33.88400746037089,,33.9207754982192
43158099999,SANGLI,Synoptic/Airport,16.85,74.6,2023-02-09T12:00:00,2023-02-07T12:00:00,2023-02-09T12:00:00,48,32.8,32.76,549.0,562.78,-13.78,16.75,74.5,32.76,32.48,32.45,31.46,1,12z,48,NOAA NCEI GFS Archive,experiments/phase6/data/raw/gfs_20230207_12_048_subset.grib2,2023-02-09 12:00:00,32.76,32.41040000000001,32.84957,2,32.68743138634764,33.80836942675159,34.02258371904273,,34.18844781693815
42851099999,JALGAON,Synoptic/Airport,21.05,75.5666666,2023-08-07T12:00:00,2023-08-07T00:00:00,2023-08-07T12:00:00,12,30.0,28.67,201.0,212.38,-11.38,21.0,75.5,28.67,28.47,27.27,27.17,1,00z,12,NOAA NCEI GFS Archive,experiments/phase6/data/raw/gfs_20230807_00_012_subset.grib2,2023-08-07 12:00:00,28.67,28.342000048,28.74397,8,28.52510980966325,27.75763428571429,29.099577081469626,28.47170724469955,
42871099999,GONDIA ARPT/BIRSI,Synoptic/Airport,21.524467,80.287997,2023-08-07T12:00:00,2023-08-07T00:00:00,2023-08-07T12:00:00,12,30.2,28.07,300.84,301.18,-0.34,21.5,80.25,28.07,27.07,27.97,25.87,1,00z,12,NOAA NCEI GFS Archive,experiments/phase6/data/raw/gfs_20230807_00_012_subset.grib2,2023-08-07 12:00:00,28.07,27.89186296225758,28.072210000000002,8,27.92510980966325,27.157634285714288,28.325962257472284,27.606834492148195,
42933099999,AKOLA,Synoptic/Airport,20.7,77.0333333,2023-08-07T12:00:00,2023-08-07T00:00:00,2023-08-07T12:00:00,12,30.0,28.97,282.0,280.22,1.78,20.75,77.0,27.57,27.47,28.97,28.77,1,00z,12,NOAA NCEI GFS Archive,experiments/phase6/data/raw/gfs_20230807_00_012_subset.grib2,2023-08-07 12:00:00,28.97,28.666000024,28.95843,8,29.35302931596091,28.05763428571429,29.653549554922392,28.783188104733746,
42939099999,WARDHA,Synoptic/Airport,20.6666666,78.5833333,2023-08-07T12:00:00,2023-08-07T00:00:00,2023-08-07T12:00:00,12,30.0,28.77,283.0,275.58,7.42,20.75,78.5,29.67,30.17,28.77,29.37,1,00z,12,NOAA NCEI GFS Archive,experiments/phase6/data/raw/gfs_20230807_00_012_subset.grib2,2023-08-07 12:00:00,28.77,29.258889044444462,28.72177,8,28.63682551319648,27.857634285714287,29.034350735056982,28.482205923199853,
42943099999,YEOTMAL,Synoptic/Airport,20.4,78.15,2023-08-07T12:00:00,2023-08-07T00:00:00,2023-08-07T12:00:00,12,29.0,28.67,451.0,308.86,142.14,20.5,78.25,28.47,28.57,28.97,28.67,1,00z,12,NOAA NCEI GFS Archive,experiments/phase6/data/raw/gfs_20230807_00_012_subset.grib2,2023-08-07 12:00:00,28.67,28.685999999999996,27.746090000000002,8,28.52510980966325,27.75763428571429,28.119917599906945,27.47764456518177,
43014099999,AURANGABAD,Synoptic/Airport,19.863169,75.398206,2023-08-07T12:00:00,2023-08-07T00:00:00,2023-08-07T12:00:00,12,28.4,27.97,582.47,556.06,26.41,19.75,75.5,28.27,27.97,26.07,26.47,1,00z,12,NOAA NCEI GFS Archive,experiments/phase6/data/raw/gfs_20230807_00_012_subset.grib2,2023-08-07 12:00:00,27.97,27.284115637916805,27.798334999999998,8,28.05796986518636,27.05763428571429,28.203881157262224,27.301393427951986,
43017099999,PARBHANI,Synoptic/Airport,19.1333333,76.8333333,2023-08-07T12:00:00,2023-08-07T00:00:00,2023-08-07T12:00:00,12,30.4,28.37,422.0,405.66,16.34,19.25,76.75,28.07,27.67,28.37,27.77,1,00z,12,NOAA NCEI GFS Archive,experiments/phase6/data/raw/gfs_20230807_00_012_subset.grib2,2023-08-07 12:00:00,28.37,28.06111114755554,28.26379,8,28.23682551319648,27.45763428571429,28.515254130355483,27.89552287802982,
43021099999,NANDED,Synoptic/Airport,19.0833333,77.3333333,2023-08-07T12:00:00,2023-08-07T00:00:00,2023-08-07T12:00:00,12,30.2,27.47,358.0,399.74,-41.74,19.0,77.25,27.47,27.87,27.67,27.67,1,00z,12,NOAA NCEI GFS Archive,experiments/phase6/data/raw/gfs_20230807_00_012_subset.grib2,2023-08-07 12:00:00,27.47,27.625555511111116,27.74131,8,27.32510980966325,26.55763428571429,27.886983593018627,27.081517803392515,
43029099999,CHANDRAPUR,Synoptic/Airport,19.9666666,79.3,2023-08-07T12:00:00,2023-08-07T00:00:00,2023-08-07T12:00:00,12,30.8,28.77,193.0,200.22,-7.22,20.0,79.25,28.67,27.97,28.77,28.07,1,00z,12,NOAA NCEI GFS Archive,experiments/phase6/data/raw/gfs_20230807_00_012_subset.grib2,2023-08-07 12:00:00,28.77,28.61666664000001,28.81693,8,28.69743138634764,27.857634285714287,29.334687256883427,28.577001895243498,
43063099999,PUNE,Synoptic/Airport,18.5333333,73.85,2023-08-07T12:00:00,2023-08-07T00:00:00,2023-08-07T12:00:00,12,26.2,23.87,558.0,677.98,-119.98,18.5,73.75,23.87,25.27,24.07,24.97,1,00z,12,NOAA NCEI GFS Archive,experiments/phase6/data/raw/gfs_20230807_00_012_subset.grib2,2023-08-07 12:00:00,23.87,24.42999999999997,24.64987,8,23.95796986518636,22.95763428571429,24.907149775491323,22.827808749892164,
43069099999,BARAMATI,Synoptic/Airport,18.15,74.5833333,2023-08-07T12:00:00,2023-08-07T00:00:00,2023-08-07T12:00:00,12,28.0,27.47,551.0,580.7,-29.7,18.25,74.5,28.07,28.87,27.47,28.37,1,00z,12,NOAA NCEI GFS Archive,experiments/phase6/data/raw/gfs_20230807_00_012_subset.grib2,2023-08-07 12:00:00,27.47,27.996666552000026,27.66305,8,27.39743138634764,26.55763428571429,27.92847181422358,27.003557181575204,
43110099999,RATNAGIRI,Synoptic/Airport,16.9833333,73.3333333,2023-08-07T12:00:00,2023-08-07T00:00:00,2023-08-07T12:00:00,12,28.6,27.27,67.0,36.22,30.78,17.0,73.25,27.27,27.37,27.27,27.37,1,00z,12,NOAA NCEI GFS Archive,experiments/phase6/data/raw/gfs_20230807_00_012_subset.grib2,2023-08-07 12:00:00,27.27,27.30333332,27.06993,8,27.13682551319648,26.357634285714287,27.154131913807515,26.34747861295979,
43111099999,MAHABALESHWAR,Synoptic/Airport,17.9333333,73.6666666,2023-08-07T12:00:00,2023-08-07T00:00:00,2023-08-07T12:00:00,12,18.6,21.57,1382.0,888.7,493.3,18.0,73.75,26.17,22.17,25.67,21.57,1,00z,12,NOAA NCEI GFS Archive,experiments/phase6/data/raw/gfs_20230807_00_012_subset.grib2,2023-08-07 12:00:00,21.57,23.08777893955556,18.36355,8,21.95302931596091,20.657634285714288,19.212481123825885,15.815420288743178,
43113099999,SATARA,Synoptic/Airport,17.5166666,74.05,2023-08-07T12:00:00,2023-08-07T00:00:00,2023-08-07T12:00:00,12,25.0,23.47,612.0,746.14,-134.14,17.5,74.0,23.47,24.77,23.67,24.37,1,00z,12,NOAA NCEI GFS Archive,experiments/phase6/data/raw/gfs_20230807_00_012_subset.grib2,2023-08-07 12:00:00,23.47,23.73533331199998,24.34191,8,23.55796986518636,22.55763428571429,24.584563631732063,22.390571813654326,
43117099999,SOLAPUR,Synoptic/Airport,17.627958,75.934842,2023-08-07T12:00:00,2023-08-07T00:00:00,2023-08-07T12:00:00,12,28.6,28.37,482.8,492.06,-9.26,17.75,76.0,29.17,28.97,28.57,28.37,1,00z,12,NOAA NCEI GFS Archive,experiments/phase6/data/raw/gfs_20230807_00_012_subset.grib2,2023-08-07 12:00:00,28.37,28.7150272,28.43019,8,28.753029315960912,27.45763428571429,28.990746943950555,28.061286326412148,
43157099999,KOLHAPUR,Synoptic/Airport,16.664658,74.289353,2023-08-07T12:00:00,2023-08-07T00:00:00,2023-08-07T12:00:00,12,25.4,24.97,608.38,591.9,16.48,16.75,74.25,24.77,25.77,24.97,26.17,1,00z,12,NOAA NCEI GFS Archive,experiments/phase6/data/raw/gfs_20230807_00_012_subset.grib2,2023-08-07 12:00:00,24.97,25.079873716076825,24.86288,8,25.35302931596091,24.05763428571429,24.916021157125524,23.39875518836479,
43158099999,SANGLI,Synoptic/Airport,16.85,74.6,2023-08-07T12:00:00,2023-08-07T00:00:00,2023-08-07T12:00:00,12,27.6,26.17,549.0,562.78,-13.78,16.75,74.5,26.17,26.57,26.07,25.87,1,00z,12,NOAA NCEI GFS Archive,experiments/phase6/data/raw/gfs_20230807_00_012_subset.grib2,2023-08-07 12:00:00,26.17,26.194,26.25957,8,26.097431386347644,25.25763428571429,26.271536740277334,25.181467295333416,
42933099999,AKOLA,Synoptic/Airport,20.7,77.0333333,2023-08-08T00:00:00,2023-08-07T00:00:00,2023-08-08T00:00:00,24,25.2,24.19,282.0,280.22,1.78,20.75,77.0,23.39,23.09,24.19,23.69,1,00z,24,NOAA NCEI GFS Archive,experiments/phase6/data/raw/gfs_20230807_00_024_subset.grib2,2023-08-08 00:00:00,24.19,23.96866672800001,24.178430000000002,8,24.573029315960916,23.27763428571429,24.019590555491025,22.22827296667596,
43014099999,AURANGABAD,Synoptic/Airport,19.863169,75.398206,2023-08-08T00:00:00,2023-08-07T00:00:00,2023-08-08T00:00:00,24,23.2,22.99,582.47,556.06,26.41,19.75,75.5,23.19,22.99,21.29,21.39,1,00z,24,NOAA NCEI GFS Archive,experiments/phase6/data/raw/gfs_20230807_00_024_subset.grib2,2023-08-08 00:00:00,22.99,22.291857959107205,22.818334999999998,8,23.07796986518636,22.07763428571429,22.790749776557515,20.482015868082037,
43063099999,PUNE,Synoptic/Airport,18.5333333,73.85,2023-08-08T00:00:00,2023-08-07T00:00:00,2023-08-08T00:00:00,24,23.2,21.49,558.0,677.98,-119.98,18.5,73.75,21.49,22.49,21.49,21.59,1,00z,24,NOAA NCEI GFS Archive,experiments/phase6/data/raw/gfs_20230807_00_024_subset.grib2,2023-08-08 00:00:00,21.49,21.84200004799997,22.269869999999997,8,21.57796986518636,20.57763428571429,22.31069833380553,19.446442673580272,
43110099999,RATNAGIRI,Synoptic/Airport,16.9833333,73.3333333,2023-08-08T00:00:00,2023-08-07T00:00:00,2023-08-08T00:00:00,24,27.0,26.59,67.0,36.22,30.78,17.0,73.25,26.69,24.79,26.59,24.39,1,00z,24,NOAA NCEI GFS Archive,experiments/phase6/data/raw/gfs_20230807_00_024_subset.grib2,2023-08-08 00:00:00,26.59,25.870000317333268,26.38993,8,26.45682551319648,25.677634285714287,26.31469886028173,25.214043122051244,
42851099999,JALGAON,Synoptic/Airport,21.05,75.5666666,2023-08-08T12:00:00,2023-08-07T00:00:00,2023-08-08T12:00:00,36,30.0,28.53,201.0,212.38,-11.38,21.0,75.5,28.53,28.53,27.73,27.63,1,00z,36,NOAA NCEI GFS Archive,experiments/phase6/data/raw/gfs_20230807_00_036_subset.grib2,2023-08-08 12:00:00,28.53,28.364666671999995,28.60397,8,28.38510980966325,27.61763428571429,28.842980726459754,27.81805703593662,
42871099999,GONDIA ARPT/BIRSI,Synoptic/Airport,21.524467,80.287997,2023-08-08T12:00:00,2023-08-07T00:00:00,2023-08-08T12:00:00,36,29.6,26.83,300.84,301.18,-0.34,21.5,80.25,26.83,25.93,27.13,25.03,1,00z,36,NOAA NCEI GFS Archive,experiments/phase6/data/raw/gfs_20230807_00_036_subset.grib2,2023-08-08 12:00:00,26.83,26.70472148609918,26.83221,8,26.68510980966325,25.91763428571429,26.780229874431512,25.498640963418392,
42933099999,AKOLA,Synoptic/Airport,20.7,77.0333333,2023-08-08T12:00:00,2023-08-07T00:00:00,2023-08-08T12:00:00,36,30.1,29.33,282.0,280.22,1.78,20.75,77.0,28.33,28.13,29.33,29.03,1,00z,36,NOAA NCEI GFS Archive,experiments/phase6/data/raw/gfs_20230807_00_036_subset.grib2,2023-08-08 12:00:00,29.33,29.092666704,29.31843,8,29.71302931596091,28.41763428571429,30.003062246474844,28.790693950501208,
42939099999,WARDHA,Synoptic/Airport,20.6666666,78.5833333,2023-08-08T12:00:00,2023-08-07T00:00:00,2023-08-08T12:00:00,36,31.1,28.13,283.0,275.58,7.42,20.75,78.5,28.23,29.03,28.13,28.63,1,00z,36,NOAA NCEI GFS Archive,experiments/phase6/data/raw/gfs_20230807_00_036_subset.grib2,2023-08-08 12:00:00,28.13,28.36333330666667,28.08177,8,27.99682551319648,27.217634285714286,28.184208053128575,27.167399659906525,
42943099999,YEOTMAL,Synoptic/Airport,20.4,78.15,2023-08-08T12:00:00,2023-08-07T00:00:00,2023-08-08T12:00:00,36,28.0,27.53,451.0,308.86,142.14,20.5,78.25,28.43,28.03,27.63,27.53,1,00z,36,NOAA NCEI GFS Archive,experiments/phase6/data/raw/gfs_20230807_00_036_subset.grib2,2023-08-08 12:00:00,27.53,27.818,26.606090000000002,8,27.38510980966325,26.61763428571429,26.69137940123262,25.501682247358048,
43014099999,AURANGABAD,Synoptic/Airport,19.863169,75.398206,2023-08-08T12:00:00,2023-08-07T00:00:00,2023-08-08T12:00:00,36,28.7,27.83,582.47,556.06,26.41,19.75,75.5,28.63,27.83,26.33,26.43,1,00z,36,NOAA NCEI GFS Archive,experiments/phase6/data/raw/gfs_20230807_00_036_subset.grib2,2023-08-08 12:00:00,27.83,27.356107477321604,27.658334999999997,8,27.91796986518636,26.91763428571429,28.016001857839644,26.647743219189053,
43017099999,PARBHANI,Synoptic/Airport,19.1333333,76.8333333,2023-08-08T12:00:00,2023-08-07T00:00:00,2023-08-08T12:00:00,36,30.0,28.33,422.0,405.66,16.34,19.25,76.75,28.13,27.93,28.33,28.03,1,00z,36,NOAA NCEI GFS Archive,experiments/phase6/data/raw/gfs_20230807_00_036_subset.grib2,2023-08-08 12:00:00,28.33,28.152222233777767,28.223789999999997,8,28.19682551319648,27.41763428571429,28.35571430269638,27.374103880172964,
43021099999,NANDED,Synoptic/Airport,19.0833333,77.3333333,2023-08-08T12:00:00,2023-08-07T00:00:00,2023-08-08T12:00:00,36,30.8,27.83,358.0,399.74,-41.74,19.0,77.25,27.83,28.23,27.63,27.33,1,00z,36,NOAA NCEI GFS Archive,experiments/phase6/data/raw/gfs_20230807_00_036_subset.grib2,2023-08-08 12:00:00,27.83,27.81888892444444,28.101309999999998,8,27.68510980966325,26.91763428571429,28.21635815984098,27.089023649159977,
43029099999,CHANDRAPUR,Synoptic/Airport,19.9666666,79.3,2023-08-08T12:00:00,2023-08-07T00:00:00,2023-08-08T12:00:00,36,31.6,28.83,193.0,200.22,-7.22,20.0,79.25,28.63,28.63,28.83,28.23,1,00z,36,NOAA NCEI GFS Archive,experiments/phase6/data/raw/gfs_20230807_00_036_subset.grib2,2023-08-08 12:00:00,28.83,28.699333312000004,28.876929999999998,8,28.75743138634764,27.91763428571429,29.325415597808934,28.18781410829272,
43063099999,PUNE,Synoptic/Airport,18.5333333,73.85,2023-08-08T12:00:00,2023-08-07T00:00:00,2023-08-08T12:00:00,36,26.2,24.23,558.0,677.98,-119.98,18.5,73.75,24.23,25.63,24.63,25.73,1,00z,36,NOAA NCEI GFS Archive,experiments/phase6/data/raw/gfs_20230807_00_036_subset.grib2,2023-08-08 12:00:00,24.23,24.827333295999967,25.00987,8,24.31796986518636,23.317634285714288,25.260939695110846,22.83531459565963,
43110099999,RATNAGIRI,Synoptic/Airport,16.9833333,73.3333333,2023-08-08T12:00:00,2023-08-07T00:00:00,2023-08-08T12:00:00,36,28.4,27.33,67.0,36.22,30.78,17.0,73.25,27.33,27.43,27.33,27.33,1,00z,36,NOAA NCEI GFS Archive,experiments/phase6/data/raw/gfs_20230807_00_036_subset.grib2,2023-08-08 12:00:00,27.33,27.332222225777773,27.129929999999998,8,27.19682551319648,26.41763428571429,27.109692561859966,25.95829082600902,
43111099999,MAHABALESHWAR,Synoptic/Airport,17.9333333,73.6666666,2023-08-08T12:00:00,2023-08-07T00:00:00,2023-08-08T12:00:00,36,18.8,22.03,1382.0,888.7,493.3,18.0,73.75,25.93,22.43,26.03,22.03,1,00z,36,NOAA NCEI GFS Archive,experiments/phase6/data/raw/gfs_20230807_00_036_subset.grib2,2023-08-08 12:00:00,22.03,23.42555661777777,18.82355,8,22.413029315960912,21.11763428571429,19.6791050118543,15.955157345416723,
43113099999,SATARA,Synoptic/Airport,17.5166666,74.05,2023-08-08T12:00:00,2023-08-07T00:00:00,2023-08-08T12:00:00,36,25.0,23.43,612.0,746.14,-134.14,17.5,74.0,23.43,24.73,23.83,24.43,1,00z,36,NOAA NCEI GFS Archive,experiments/phase6/data/raw/gfs_20230807_00_036_subset.grib2,2023-08-08 12:00:00,23.43,23.70733326399999,24.30191,8,23.51796986518636,22.517634285714287,24.505018176117904,21.869152815797474,
43117099999,SOLAPUR,Synoptic/Airport,17.627958,75.934842,2023-08-08T12:00:00,2023-08-07T00:00:00,2023-08-08T12:00:00,36,29.8,28.03,482.8,492.06,-9.26,17.75,76.0,29.13,28.73,28.33,28.03,1,00z,36,NOAA NCEI GFS Archive,experiments/phase6/data/raw/gfs_20230807_00_036_subset.grib2,2023-08-08 12:00:00,28.03,28.4626304202176,28.09019,8,28.413029315960912,27.11763428571429,28.520481260171294,27.143173695837056,
43157099999,KOLHAPUR,Synoptic/Airport,16.664658,74.289353,2023-08-08T12:00:00,2023-08-07T00:00:00,2023-08-08T12:00:00,36,25.2,24.93,608.38,591.9,16.48,16.75,74.25,24.93,25.93,24.93,26.13,1,00z,36,NOAA NCEI GFS Archive,experiments/phase6/data/raw/gfs_20230807_00_036_subset.grib2,2023-08-08 12:00:00,24.93,25.10814731607683,24.82288,8,25.31302931596091,24.017634285714287,24.79708906277414,22.87733619050794,
43158099999,SANGLI,Synoptic/Airport,16.85,74.6,2023-08-08T12:00:00,2023-08-07T00:00:00,2023-08-08T12:00:00,36,27.6,26.13,549.0,562.78,-13.78,16.75,74.5,26.13,26.63,26.23,25.93,1,00z,36,NOAA NCEI GFS Archive,experiments/phase6/data/raw/gfs_20230807_00_036_subset.grib2,2023-08-08 12:00:00,26.13,26.241999999999997,26.219569999999997,8,26.05743138634764,25.217634285714286,26.14280424324319,24.66004829747656,
42933099999,AKOLA,Synoptic/Airport,20.7,77.0333333,2023-08-09T00:00:00,2023-08-07T00:00:00,2023-08-09T00:00:00,48,24.6,24.3,282.0,280.22,1.78,20.75,77.0,23.7,23.3,24.3,23.7,1,00z,48,NOAA NCEI GFS Archive,experiments/phase6/data/raw/gfs_20230807_00_048_subset.grib2,2023-08-09 00:00:00,24.3,24.105333408000007,24.28843,8,24.683029315960912,23.387634285714288,24.076325255853583,21.905200785178224,
43014099999,AURANGABAD,Synoptic/Airport,19.863169,75.398206,2023-08-09T00:00:00,2023-08-07T00:00:00,2023-08-09T00:00:00,48,22.8,23.0,582.47,556.06,26.41,19.75,75.5,23.3,23.0,21.4,21.5,1,00z,48,NOAA NCEI GFS Archive,experiments/phase6/data/raw/gfs_20230807_00_048_subset.grib2,2023-08-09 00:00:00,23.0,22.369411278809604,22.828335,8,23.08796986518636,22.087634285714287,22.765371242847568,20.026712475678224,
43063099999,PUNE,Synoptic/Airport,18.5333333,73.85,2023-08-09T00:00:00,2023-08-07T00:00:00,2023-08-09T00:00:00,48,23.6,21.7,558.0,677.98,-119.98,18.5,73.75,21.7,22.0,21.8,21.9,1,00z,48,NOAA NCEI GFS Archive,experiments/phase6/data/raw/gfs_20230807_00_048_subset.grib2,2023-08-09 00:00:00,21.7,21.822666663999996,22.47987,8,21.78796986518636,20.787634285714287,22.501987487712423,19.255601702988617,
43110099999,RATNAGIRI,Synoptic/Airport,16.9833333,73.3333333,2023-08-09T00:00:00,2023-08-07T00:00:00,2023-08-09T00:00:00,48,26.4,26.3,67.0,36.22,30.78,17.0,73.25,26.7,24.3,26.3,23.7,1,00z,48,NOAA NCEI GFS Archive,experiments/phase6/data/raw/gfs_20230807_00_048_subset.grib2,2023-08-09 00:00:00,26.3,25.46444485155548,26.09993,8,26.16682551319648,25.387634285714288,25.867407843343752,24.362046096929195,
42933099999,AKOLA,Synoptic/Airport,20.7,77.0333333,2023-08-08T00:00:00,2023-08-07T12:00:00,2023-08-08T00:00:00,12,25.2,23.78,282.0,280.22,1.78,20.75,77.0,23.08,23.08,23.78,23.48,1,12z,12,NOAA NCEI GFS Archive,experiments/phase6/data/raw/gfs_20230807_12_012_subset.grib2,2023-08-08 00:00:00,23.78,23.608000032000003,23.768430000000002,8,24.163029315960912,22.86763428571429,23.57547845782009,21.920388258708243,
43014099999,AURANGABAD,Synoptic/Airport,19.863169,75.398206,2023-08-08T00:00:00,2023-08-07T12:00:00,2023-08-08T00:00:00,12,23.2,22.08,582.47,556.06,26.41,19.75,75.5,22.48,22.08,21.48,21.68,1,12z,12,NOAA NCEI GFS Archive,experiments/phase6/data/raw/gfs_20230807_12_012_subset.grib2,2023-08-08 00:00:00,22.08,21.9512087182144,21.908334999999997,8,22.16796986518636,21.16763428571429,21.82301775694629,19.512975105583926,
43063099999,PUNE,Synoptic/Airport,18.5333333,73.85,2023-08-08T00:00:00,2023-08-07T12:00:00,2023-08-08T00:00:00,12,23.2,21.38,558.0,677.98,-119.98,18.5,73.75,21.38,21.88,21.48,21.88,1,12z,12,NOAA NCEI GFS Archive,experiments/phase6/data/raw/gfs_20230807_12_012_subset.grib2,2023-08-08 00:00:00,21.38,21.58799999199999,22.159869999999998,8,21.46796986518636,20.467634285714286,22.209637064661663,19.535251598330795,
43110099999,RATNAGIRI,Synoptic/Airport,16.9833333,73.3333333,2023-08-08T00:00:00,2023-08-07T12:00:00,2023-08-08T00:00:00,12,27.0,26.88,67.0,36.22,30.78,17.0,73.25,26.98,24.88,26.88,24.78,1,12z,12,NOAA NCEI GFS Archive,experiments/phase6/data/raw/gfs_20230807_12_012_subset.grib2,2023-08-08 00:00:00,26.88,26.18666695999994,26.67993,8,26.74682551319648,25.967634285714286,26.705240058532468,25.831776890426084,
42851099999,JALGAON,Synoptic/Airport,21.05,75.5666666,2023-08-08T12:00:00,2023-08-07T12:00:00,2023-08-08T12:00:00,24,30.0,28.35,201.0,212.38,-11.38,21.0,75.5,28.35,28.25,27.15,26.95,1,12z,24,NOAA NCEI GFS Archive,experiments/phase6/data/raw/gfs_20230807_12_024_subset.grib2,2023-08-08 12:00:00,28.35,28.07800003199999,28.42397,8,28.20510980966325,27.43763428571429,28.678293443048577,27.814304113052884,
42871099999,GONDIA ARPT/BIRSI,Synoptic/Airport,21.524467,80.287997,2023-08-08T12:00:00,2023-08-07T12:00:00,2023-08-08T12:00:00,24,29.6,27.95,300.84,301.18,-0.34,21.5,80.25,27.95,27.25,27.55,26.35,1,12z,24,NOAA NCEI GFS Archive,experiments/phase6/data/raw/gfs_20230807_12_024_subset.grib2,2023-08-08 12:00:00,27.95,27.797023819207983,27.95221,8,27.80510980966325,27.037634285714287,28.139066987784123,27.21389378231369,
42933099999,AKOLA,Synoptic/Airport,20.7,77.0333333,2023-08-08T12:00:00,2023-08-07T12:00:00,2023-08-08T12:00:00,24,30.1,28.25,282.0,280.22,1.78,20.75,77.0,27.05,27.25,28.25,28.15,1,12z,24,NOAA NCEI GFS Archive,experiments/phase6/data/raw/gfs_20230807_12_024_subset.grib2,2023-08-08 12:00:00,28.25,28.004666672,28.23843,8,28.63302931596091,27.337634285714287,28.774305132414984,27.596860129462765,
42939099999,WARDHA,Synoptic/Airport,20.6666666,78.5833333,2023-08-08T12:00:00,2023-08-07T12:00:00,2023-08-08T12:00:00,24,31.1,29.85,283.0,275.58,7.42,20.75,78.5,29.45,29.65,29.85,29.85,1,12z,24,NOAA NCEI GFS Archive,experiments/phase6/data/raw/gfs_20230807_12_024_subset.grib2,2023-08-08 12:00:00,29.85,29.7388887911111,29.80177,8,29.716825513196483,28.93763428571429,30.220686054054497,29.6760397442383,
42943099999,YEOTMAL,Synoptic/Airport,20.4,78.15,2023-08-08T12:00:00,2023-08-07T12:00:00,2023-08-08T12:00:00,24,28.0,28.25,451.0,308.86,142.14,20.5,78.25,28.55,28.05,27.75,28.25,1,12z,24,NOAA NCEI GFS Archive,experiments/phase6/data/raw/gfs_20230807_12_024_subset.grib2,2023-08-08 12:00:00,28.25,28.13000000000001,27.32609,8,28.10510980966325,27.337634285714287,27.58143977711945,26.688010222629025,
43014099999,AURANGABAD,Synoptic/Airport,19.863169,75.398206,2023-08-08T12:00:00,2023-08-07T12:00:00,2023-08-08T12:00:00,24,28.7,27.35,582.47,556.06,26.41,19.75,75.5,27.85,27.35,26.65,26.75,1,12z,24,NOAA NCEI GFS Archive,experiments/phase6/data/raw/gfs_20230807_12_024_subset.grib2,2023-08-08 12:00:00,27.35,27.1713911182144,27.178335,8,27.43796986518636,26.43763428571429,27.51410536660463,26.247296663587086,
43017099999,PARBHANI,Synoptic/Airport,19.1333333,76.8333333,2023-08-08T12:00:00,2023-08-07T12:00:00,2023-08-08T12:00:00,24,30.0,28.45,422.0,405.66,16.34,19.25,76.75,28.75,28.55,28.45,28.55,1,12z,24,NOAA NCEI GFS Archive,experiments/phase6/data/raw/gfs_20230807_12_024_subset.grib2,2023-08-08 12:00:00,28.45,28.57666669866667,28.34379,8,28.31682551319648,27.537634285714287,28.550584692237482,27.767044590007472,
43021099999,NANDED,Synoptic/Airport,19.0833333,77.3333333,2023-08-08T12:00:00,2023-08-07T12:00:00,2023-08-08T12:00:00,24,30.8,28.45,358.0,399.74,-41.74,19.0,77.25,28.45,28.45,28.55,28.15,1,12z,24,NOAA NCEI GFS Archive,experiments/phase6/data/raw/gfs_20230807_12_024_subset.grib2,2023-08-08 12:00:00,28.45,28.438888911111096,28.72131,8,28.30510980966325,27.537634285714287,28.989224351361365,28.14312041352488,
43029099999,CHANDRAPUR,Synoptic/Airport,19.9666666,79.3,2023-08-08T12:00:00,2023-08-07T12:00:00,2023-08-08T12:00:00,24,31.6,29.45,193.0,200.22,-7.22,20.0,79.25,28.85,29.35,29.45,28.85,1,12z,24,NOAA NCEI GFS Archive,experiments/phase6/data/raw/gfs_20230807_12_024_subset.grib2,2023-08-08 12:00:00,29.45,29.279333232000003,29.49693,8,29.37743138634764,28.537634285714287,30.106546874083893,29.241910872657623,
43063099999,PUNE,Synoptic/Airport,18.5333333,73.85,2023-08-08T12:00:00,2023-08-07T12:00:00,2023-08-08T12:00:00,24,26.2,23.85,558.0,677.98,-119.98,18.5,73.75,23.85,25.35,24.15,25.15,1,12z,24,NOAA NCEI GFS Archive,experiments/phase6/data/raw/gfs_20230807_12_024_subset.grib2,2023-08-08 12:00:00,23.85,24.463333319999965,24.62987,8,23.93796986518636,22.93763428571429,24.867377047684247,22.56709925096374,
43110099999,RATNAGIRI,Synoptic/Airport,16.9833333,73.3333333,2023-08-08T12:00:00,2023-08-07T12:00:00,2023-08-08T12:00:00,24,28.4,27.35,67.0,36.22,30.78,17.0,73.25,27.25,27.45,27.35,27.45,1,12z,24,NOAA NCEI GFS Archive,experiments/phase6/data/raw/gfs_20230807_12_024_subset.grib2,2023-08-08 12:00:00,27.35,27.37888886577778,27.14993,8,27.216825513196483,26.43763428571429,27.189462475689517,26.219000324937447,
43111099999,MAHABALESHWAR,Synoptic/Airport,17.9333333,73.6666666,2023-08-08T12:00:00,2023-08-07T12:00:00,2023-08-08T12:00:00,24,18.8,21.45,1382.0,888.7,493.3,18.0,73.75,26.35,22.05,26.25,21.45,1,12z,24,NOAA NCEI GFS Archive,experiments/phase6/data/raw/gfs_20230807_12_024_subset.grib2,2023-08-08 12:00:00,21.45,23.165556857777773,18.24355,8,21.83302931596091,20.537634285714287,19.03590388017423,15.422479578908671,
43113099999,SATARA,Synoptic/Airport,17.5166666,74.05,2023-08-08T12:00:00,2023-08-07T12:00:00,2023-08-08T12:00:00,24,25.0,23.35,612.0,746.14,-134.14,17.5,74.0,23.35,24.65,23.75,24.65,1,12z,24,NOAA NCEI GFS Archive,experiments/phase6/data/raw/gfs_20230807_12_024_subset.grib2,2023-08-08 12:00:00,23.35,23.631333247999983,24.22191,8,23.43796986518636,22.43763428571429,24.436457060116567,21.99763110381982,
43117099999,SOLAPUR,Synoptic/Airport,17.627958,75.934842,2023-08-08T12:00:00,2023-08-07T12:00:00,2023-08-08T12:00:00,24,29.8,28.75,482.8,492.06,-9.26,17.75,76.0,30.35,29.95,28.85,28.75,1,12z,24,NOAA NCEI GFS Archive,experiments/phase6/data/raw/gfs_20230807_12_024_subset.grib2,2023-08-08 12:00:00,28.75,29.4000344606528,28.81019,8,29.13302931596091,27.837634285714287,29.3997256826787,28.329501671108037,
43157099999,KOLHAPUR,Synoptic/Airport,16.664658,74.289353,2023-08-08T12:00:00,2023-08-07T12:00:00,2023-08-08T12:00:00,24,25.2,24.85,608.38,591.9,16.48,16.75,74.25,24.85,25.95,24.85,26.05,1,12z,24,NOAA NCEI GFS Archive,experiments/phase6/data/raw/gfs_20230807_12_024_subset.grib2,2023-08-08 12:00:00,24.85,25.033520858038425,24.742880000000003,8,25.233029315960916,23.93763428571429,24.739443913473878,23.00581447853029,
43158099999,SANGLI,Synoptic/Airport,16.85,74.6,2023-08-08T12:00:00,2023-08-07T12:00:00,2023-08-08T12:00:00,24,27.6,26.05,549.0,562.78,-13.78,16.75,74.5,26.05,26.65,25.85,25.55,1,12z,24,NOAA NCEI GFS Archive,experiments/phase6/data/raw/gfs_20230807_12_024_subset.grib2,2023-08-08 12:00:00,26.05,26.065999999999992,26.13957,8,25.977431386347643,25.137634285714288,26.087709653800616,24.788526585498907,
42933099999,AKOLA,Synoptic/Airport,20.7,77.0333333,2023-08-09T00:00:00,2023-08-07T12:00:00,2023-08-09T00:00:00,36,24.6,23.69,282.0,280.22,1.78,20.75,77.0,23.09,22.89,23.69,23.59,1,12z,36,NOAA NCEI GFS Archive,experiments/phase6/data/raw/gfs_20230807_12_036_subset.grib2,2023-08-09 00:00:00,23.69,23.554000016,23.678430000000002,8,24.073029315960916,22.77763428571429,23.397990765230727,21.332853655398353,
43014099999,AURANGABAD,Synoptic/Airport,19.863169,75.398206,2023-08-09T00:00:00,2023-08-07T12:00:00,2023-08-09T00:00:00,36,22.8,22.79,582.47,556.06,26.41,19.75,75.5,23.09,22.79,21.29,21.79,1,12z,36,NOAA NCEI GFS Archive,experiments/phase6/data/raw/gfs_20230807_12_036_subset.grib2,2023-08-09 00:00:00,22.79,22.31202175761921,22.618335,8,22.87796986518636,21.877634285714286,22.555976129895278,19.98329018952267,
43063099999,PUNE,Synoptic/Airport,18.5333333,73.85,2023-08-09T00:00:00,2023-08-07T12:00:00,2023-08-09T00:00:00,36,23.6,21.49,558.0,677.98,-119.98,18.5,73.75,21.49,22.49,21.29,21.79,1,12z,36,NOAA NCEI GFS Archive,experiments/phase6/data/raw/gfs_20230807_12_036_subset.grib2,2023-08-09 00:00:00,21.49,21.83666671999997,22.269869999999997,8,21.57796986518636,20.57763428571429,22.292592374760137,19.21217941683306,
43110099999,RATNAGIRI,Synoptic/Airport,16.9833333,73.3333333,2023-08-09T00:00:00,2023-08-07T12:00:00,2023-08-09T00:00:00,36,26.4,25.79,67.0,36.22,30.78,17.0,73.25,26.29,23.89,25.79,23.49,1,12z,36,NOAA NCEI GFS Archive,experiments/phase6/data/raw/gfs_20230807_12_036_subset.grib2,2023-08-09 00:00:00,25.79,25.05444481422216,25.58993,8,25.65682551319648,24.877634285714286,25.337145235902078,23.9219301780554,
42851099999,JALGAON,Synoptic/Airport,21.05,75.5666666,2023-08-09T12:00:00,2023-08-07T12:00:00,2023-08-09T12:00:00,48,30.4,28.75,201.0,212.38,-11.38,21.0,75.5,28.75,29.35,27.65,27.55,1,12z,48,NOAA NCEI GFS Archive,experiments/phase6/data/raw/gfs_20230807_12_048_subset.grib2,2023-08-09 12:00:00,28.75,28.652666544,28.82397,8,28.60510980966325,27.837634285714287,29.054545683617505,27.874702443182777,
42871099999,GONDIA ARPT/BIRSI,Synoptic/Airport,21.524467,80.287997,2023-08-09T12:00:00,2023-08-07T12:00:00,2023-08-09T12:00:00,48,31.0,28.05,300.84,301.18,-0.34,21.5,80.25,28.05,26.75,27.75,25.65,1,12z,48,NOAA NCEI GFS Archive,experiments/phase6/data/raw/gfs_20230807_12_048_subset.grib2,2023-08-09 12:00:00,28.05,27.81115539073277,28.052210000000002,8,27.90510980966325,27.137634285714288,28.163736675253723,26.87759847972535,
42933099999,AKOLA,Synoptic/Airport,20.7,77.0333333,2023-08-09T12:00:00,2023-08-07T12:00:00,2023-08-09T12:00:00,48,31.4,29.25,282.0,280.22,1.78,20.75,77.0,27.65,27.35,29.25,28.45,1,12z,48,NOAA NCEI GFS Archive,experiments/phase6/data/raw/gfs_20230807_12_048_subset.grib2,2023-08-09 12:00:00,29.25,28.836666760000007,29.23843,8,29.63302931596091,28.337634285714287,29.87332948141358,28.450645725029133,
42939099999,WARDHA,Synoptic/Airport,20.6666666,78.5833333,2023-08-09T12:00:00,2023-08-07T12:00:00,2023-08-09T12:00:00,48,31.0,28.35,283.0,275.58,7.42,20.75,78.5,28.25,28.45,28.35,29.35,1,12z,48,NOAA NCEI GFS Archive,experiments/phase6/data/raw/gfs_20230807_12_048_subset.grib2,2023-08-09 12:00:00,28.35,28.5611109155556,28.30177,8,28.216825513196483,27.43763428571429,28.38067928100675,27.224045067152694,
42943099999,YEOTMAL,Synoptic/Airport,20.4,78.15,2023-08-09T12:00:00,2023-08-07T12:00:00,2023-08-09T12:00:00,48,28.5,27.95,451.0,308.86,142.14,20.5,78.25,27.15,27.15,27.55,27.95,1,12z,48,NOAA NCEI GFS Archive,experiments/phase6/data/raw/gfs_20230807_12_048_subset.grib2,2023-08-09 12:00:00,27.95,27.53400000000001,27.02609,8,27.80510980966325,27.037634285714287,27.137332727123262,25.822790076416368,
43014099999,AURANGABAD,Synoptic/Airport,19.863169,75.398206,2023-08-09T12:00:00,2023-08-07T12:00:00,2023-08-09T12:00:00,48,29.6,27.55,582.47,556.06,26.41,19.75,75.5,27.95,27.55,26.55,26.45,1,12z,48,NOAA NCEI GFS Archive,experiments/phase6/data/raw/gfs_20230807_12_048_subset.grib2,2023-08-09 12:00:00,27.55,27.159631159107203,27.378335,8,27.63796986518636,26.637634285714288,27.694561136130677,26.043232571904824,
43017099999,PARBHANI,Synoptic/Airport,19.1333333,76.8333333,2023-08-09T12:00:00,2023-08-07T12:00:00,2023-08-09T12:00:00,48,31.4,28.85,422.0,405.66,16.34,19.25,76.75,29.05,28.45,28.85,28.55,1,12z,48,NOAA NCEI GFS Archive,experiments/phase6/data/raw/gfs_20230807_12_048_subset.grib2,2023-08-09 12:00:00,28.85,28.796666738666666,28.74379,8,28.716825513196483,27.93763428571429,28.89748695770921,27.82744292013737,
43021099999,NANDED,Synoptic/Airport,19.0833333,77.3333333,2023-08-09T12:00:00,2023-08-07T12:00:00,2023-08-09T12:00:00,48,30.6,27.85,358.0,399.74,-41.74,19.0,77.25,27.85,27.95,28.05,27.85,1,12z,48,NOAA NCEI GFS Archive,experiments/phase6/data/raw/gfs_20230807_12_048_subset.grib2,2023-08-09 12:00:00,27.85,27.91666665333333,28.12131,8,27.70510980966325,26.93763428571429,28.193534748265847,26.881206634593987,
43029099999,CHANDRAPUR,Synoptic/Airport,19.9666666,79.3,2023-08-09T12:00:00,2023-08-07T12:00:00,2023-08-09T12:00:00,48,30.2,28.85,193.0,200.22,-7.22,20.0,79.25,28.45,28.35,28.85,28.35,1,12z,48,NOAA NCEI GFS Archive,experiments/phase6/data/raw/gfs_20230807_12_048_subset.grib2,2023-08-09 12:00:00,28.85,28.70733324800001,28.89693,8,28.777431386347644,27.93763428571429,29.308833684475722,27.97999709372673,
43063099999,PUNE,Synoptic/Airport,18.5333333,73.85,2023-08-09T12:00:00,2023-08-07T12:00:00,2023-08-09T12:00:00,48,25.6,24.35,558.0,677.98,-119.98,18.5,73.75,24.35,25.85,24.55,25.75,1,12z,48,NOAA NCEI GFS Archive,experiments/phase6/data/raw/gfs_20230807_12_048_subset.grib2,2023-08-09 12:00:00,24.35,24.96066665599997,25.12987,8,24.43796986518636,23.43763428571429,25.372834348635553,22.759728791999713,
43069099999,BARAMATI,Synoptic/Airport,18.15,74.5833333,2023-08-09T12:00:00,2023-08-07T12:00:00,2023-08-09T12:00:00,48,28.6,28.35,551.0,580.7,-29.7,18.25,74.5,28.75,29.25,28.35,29.15,1,12z,48,NOAA NCEI GFS Archive,experiments/phase6/data/raw/gfs_20230807_12_048_subset.grib2,2023-08-09 12:00:00,28.35,28.73666657600002,28.54305,8,28.277431386347644,27.43763428571429,28.858304945493067,27.46440206730707,
43110099999,RATNAGIRI,Synoptic/Airport,16.9833333,73.3333333,2023-08-09T12:00:00,2023-08-07T12:00:00,2023-08-09T12:00:00,48,28.4,27.75,67.0,36.22,30.78,17.0,73.25,27.75,27.75,27.75,27.95,1,12z,48,NOAA NCEI GFS Archive,experiments/phase6/data/raw/gfs_20230807_12_048_subset.grib2,2023-08-09 12:00:00,27.75,27.81222218844445,27.54993,8,27.61682551319648,26.837634285714287,27.53636474116124,26.27939865506734,
43111099999,MAHABALESHWAR,Synoptic/Airport,17.9333333,73.6666666,2023-08-09T12:00:00,2023-08-07T12:00:00,2023-08-09T12:00:00,48,18.8,22.35,1382.0,888.7,493.3,18.0,73.75,26.75,22.95,26.65,22.35,1,12z,48,NOAA NCEI GFS Archive,experiments/phase6/data/raw/gfs_20230807_12_048_subset.grib2,2023-08-09 12:00:00,22.35,23.89889005777777,19.14355,8,22.733029315960916,21.43763428571429,20.017817032696872,16.144033963568965,
43113099999,SATARA,Synoptic/Airport,17.5166666,74.05,2023-08-09T12:00:00,2023-08-07T12:00:00,2023-08-09T12:00:00,48,27.0,24.35,612.0,746.14,-134.14,17.5,74.0,24.35,25.65,24.45,25.35,1,12z,48,NOAA NCEI GFS Archive,experiments/phase6/data/raw/gfs_20230807_12_048_subset.grib2,2023-08-09 12:00:00,24.35,24.611333327999983,25.22191,8,24.43796986518636,23.43763428571429,25.483583580109975,22.851416699386192,
43117099999,SOLAPUR,Synoptic/Airport,17.627958,75.934842,2023-08-09T12:00:00,2023-08-07T12:00:00,2023-08-09T12:00:00,48,31.0,28.85,482.8,492.06,-9.26,17.75,76.0,29.75,29.35,29.25,28.85,1,12z,48,NOAA NCEI GFS Archive,experiments/phase6/data/raw/gfs_20230807_12_048_subset.grib2,2023-08-09 12:00:00,28.85,29.1983368,28.91019,8,29.233029315960916,27.93763428571429,29.44474926339366,27.993206368519697,
43157099999,KOLHAPUR,Synoptic/Airport,16.664658,74.289353,2023-08-09T12:00:00,2023-08-07T12:00:00,2023-08-09T12:00:00,48,26.8,25.45,608.38,591.9,16.48,16.75,74.25,25.55,26.75,25.45,26.75,1,12z,48,NOAA NCEI GFS Archive,experiments/phase6/data/raw/gfs_20230807_12_048_subset.grib2,2023-08-09 12:00:00,25.45,25.68339885803843,25.34288,8,25.83302931596091,24.537634285714287,25.370023476568633,23.33067523047234,
43158099999,SANGLI,Synoptic/Airport,16.85,74.6,2023-08-09T12:00:00,2023-08-07T12:00:00,2023-08-09T12:00:00,48,28.8,26.75,549.0,562.78,-13.78,16.75,74.5,26.75,27.45,27.15,27.05,1,12z,48,NOAA NCEI GFS Archive,experiments/phase6/data/raw/gfs_20230807_12_048_subset.grib2,2023-08-09 12:00:00,26.75,27.06199999999999,26.83957,8,26.67743138634764,25.837634285714287,26.84298735766787,25.24561854834704,
42851099999,JALGAON,Synoptic/Airport,21.05,75.5666666,2023-02-08T12:00:00,2023-02-08T00:00:00,2023-02-08T12:00:00,12,32.6,31.74,201.0,212.38,-11.38,21.0,75.5,31.74,31.59,30.6,29.94,1,00z,12,NOAA NCEI GFS Archive,experiments/phase6/data/raw/gfs_20230208_00_012_subset.grib2,2023-02-08 12:00:00,31.74,31.444800067199992,31.813969999999998,2,31.59510980966325,32.78836942675159,32.697438541519496,,32.81609171791065
42871099999,GONDIA ARPT/BIRSI,Synoptic/Airport,21.524467,80.287997,2023-02-08T12:00:00,2023-02-08T00:00:00,2023-02-08T12:00:00,12,28.6,28.87,300.84,301.18,-0.34,21.5,80.25,28.87,27.82,28.3,25.82,1,00z,12,NOAA NCEI GFS Archive,experiments/phase6/data/raw/gfs_20230208_00_012_subset.grib2,2023-02-08 12:00:00,28.87,28.633356930934852,28.872210000000003,2,28.72510980966325,29.918369426751592,29.263515732403846,,29.866715313951048
42920099999,OZAR AIR FORCE STATION /NASHIK ARPT,Synoptic/Airport,20.119156,73.914097,2023-02-08T12:00:00,2023-02-08T00:00:00,2023-02-08T12:00:00,12,30.0,30.49,598.02,584.38,13.64,20.0,74.0,30.19,30.49,30.12,30.02,1,00z,12,NOAA NCEI GFS Archive,experiments/phase6/data/raw/gfs_20230208_00_012_subset.grib2,2023-02-08 12:00:00,30.49,30.2284126103552,30.401339999999998,2,30.41743138634764,31.53836942675159,31.25321545341869,,31.37941587153734
42933099999,AKOLA,Synoptic/Airport,20.7,77.0333333,2023-02-08T12:00:00,2023-02-08T00:00:00,2023-02-08T12:00:00,12,31.0,31.83,282.0,280.22,1.78,20.75,77.0,30.59,30.39,31.83,31.16,1,00z,12,NOAA NCEI GFS Archive,experiments/phase6/data/raw/gfs_20230208_00_012_subset.grib2,2023-02-08 12:00:00,31.83,31.50520007680001,31.81843,2,32.21302931596091,32.87836942675159,33.002929774134834,,32.80693890523111
42939099999,WARDHA,Synoptic/Airport,20.6666666,78.5833333,2023-02-08T12:00:00,2023-02-08T00:00:00,2023-02-08T12:00:00,12,32.5,30.91,283.0,275.58,7.42,20.75,78.5,30.99,31.15,30.91,30.88,1,00z,12,NOAA NCEI GFS Archive,experiments/phase6/data/raw/gfs_20230208_00_012_subset.grib2,2023-02-08 12:00:00,30.91,30.947777811555547,30.86177,2,30.77682551319648,31.95836942675159,31.497500915284174,,31.84568262546991
42943099999,YEOTMAL,Synoptic/Airport,20.4,78.15,2023-02-08T12:00:00,2023-02-08T00:00:00,2023-02-08T12:00:00,12,29.5,30.66,451.0,308.86,142.14,20.5,78.25,30.73,30.45,30.72,30.66,1,00z,12,NOAA NCEI GFS Archive,experiments/phase6/data/raw/gfs_20230208_00_012_subset.grib2,2023-02-08 12:00:00,30.66,30.6352,29.73609,2,30.51510980966325,31.70836942675159,30.452081868799205,,30.582159667861543
43014099999,AURANGABAD,Synoptic/Airport,19.863169,75.398206,2023-02-08T12:00:00,2023-02-08T00:00:00,2023-02-08T12:00:00,12,32.0,31.07,582.47,556.06,26.41,19.75,75.5,31.76,31.07,29.55,29.33,1,00z,12,NOAA NCEI GFS Archive,experiments/phase6/data/raw/gfs_20230208_00_012_subset.grib2,2023-02-08 12:00:00,31.07,30.47666536260128,30.898335,2,31.15796986518636,32.11836942675159,31.562230315323244,,31.862565307478462
43017099999,PARBHANI,Synoptic/Airport,19.1333333,76.8333333,2023-02-08T12:00:00,2023-02-08T00:00:00,2023-02-08T12:00:00,12,31.2,31.63,422.0,405.66,16.34,19.25,76.75,31.87,32.07,31.63,31.66,1,00z,12,NOAA NCEI GFS Archive,experiments/phase6/data/raw/gfs_20230208_00_012_subset.grib2,2023-02-08 12:00:00,31.63,31.77844446942222,31.523789999999998,2,31.49682551319648,32.678369426751594,32.26752963855205,,32.49762475510323
43021099999,NANDED,Synoptic/Airport,19.0833333,77.3333333,2023-02-08T12:00:00,2023-02-08T00:00:00,2023-02-08T12:00:00,12,31.8,31.96,358.0,399.74,-41.74,19.0,77.25,31.96,31.82,31.67,31.12,1,00z,12,NOAA NCEI GFS Archive,experiments/phase6/data/raw/gfs_20230208_00_012_subset.grib2,2023-02-08 12:00:00,31.96,31.771111204888875,32.23131,2,31.81510980966325,33.00836942675159,33.14900247107202,,33.264284164205975
43029099999,CHANDRAPUR,Synoptic/Airport,19.9666666,79.3,2023-02-08T12:00:00,2023-02-08T00:00:00,2023-02-08T12:00:00,12,31.2,30.89,193.0,200.22,-7.22,20.0,79.25,31.1,31.49,30.89,30.74,1,00z,12,NOAA NCEI GFS Archive,experiments/phase6/data/raw/gfs_20230208_00_012_subset.grib2,2023-02-08 12:00:00,30.89,30.902400084800004,30.93693,2,30.817431386347643,31.938369426751592,31.86725702162797,,31.935882903085783
43063099999,PUNE,Synoptic/Airport,18.5333333,73.85,2023-02-08T12:00:00,2023-02-08T00:00:00,2023-02-08T12:00:00,12,31.6,30.83,558.0,677.98,-119.98,18.5,73.75,30.83,31.45,31.65,31.96,1,00z,12,NOAA NCEI GFS Archive,experiments/phase6/data/raw/gfs_20230208_00_012_subset.grib2,2023-02-08 12:00:00,30.83,31.170799907199974,31.609869999999997,2,30.91796986518636,31.87836942675159,32.44718530455735,,32.72454447900976
43069099999,BARAMATI,Synoptic/Airport,18.15,74.5833333,2023-02-08T12:00:00,2023-02-08T00:00:00,2023-02-08T12:00:00,12,30.4,31.6,551.0,580.7,-29.7,18.25,74.5,31.25,31.84,31.6,32.26,1,00z,12,NOAA NCEI GFS Archive,experiments/phase6/data/raw/gfs_20230208_00_012_subset.grib2,2023-02-08 12:00:00,31.6,31.670666582400013,31.79305,2,31.527431386347644,32.64836942675159,32.86220442195706,,32.81414107352121
43110099999,RATNAGIRI,Synoptic/Airport,16.9833333,73.3333333,2023-02-08T12:00:00,2023-02-08T00:00:00,2023-02-08T12:00:00,12,29.0,26.46,67.0,36.22,30.78,17.0,73.25,26.47,29.84,26.46,29.88,1,00z,12,NOAA NCEI GFS Archive,experiments/phase6/data/raw/gfs_20230208_00_012_subset.grib2,2023-02-08 12:00:00,26.46,27.599555099111207,26.25993,2,26.32682551319648,27.508369426751592,26.221818060543953,,27.225631329121768
43111099999,MAHABALESHWAR,Synoptic/Airport,17.9333333,73.6666666,2023-02-08T12:00:00,2023-02-08T00:00:00,2023-02-08T12:00:00,12,24.6,29.07,1382.0,888.7,493.3,18.0,73.75,32.11,30.19,33.39,29.07,1,00z,12,NOAA NCEI GFS Archive,experiments/phase6/data/raw/gfs_20230208_00_012_subset.grib2,2023-02-08 12:00:00,29.07,30.595334357333257,25.86355,2,29.45302931596091,30.118369426751592,27.99582085952285,,26.351531067341508
43113099999,SATARA,Synoptic/Airport,17.5166666,74.05,2023-02-08T12:00:00,2023-02-08T00:00:00,2023-02-08T12:00:00,12,31.0,30.87,612.0,746.14,-134.14,17.5,74.0,30.87,31.1,29.85,29.79,1,00z,12,NOAA NCEI GFS Archive,experiments/phase6/data/raw/gfs_20230208_00_012_subset.grib2,2023-02-08 12:00:00,30.87,30.844133620799997,31.74191,2,30.95796986518636,31.918369426751592,32.60126807355514,,32.87105500279075
43117099999,SOLAPUR,Synoptic/Airport,17.627958,75.934842,2023-02-08T12:00:00,2023-02-08T00:00:00,2023-02-08T12:00:00,12,33.8,32.76,482.8,492.06,-9.26,17.75,76.0,33.3,33.39,33.07,32.76,1,00z,12,NOAA NCEI GFS Archive,experiments/phase6/data/raw/gfs_20230208_00_012_subset.grib2,2023-02-08 12:00:00,32.76,33.0974488791296,32.82019,2,33.14302931596091,33.80836942675159,34.131928469245175,,33.81882038976268
43157099999,KOLHAPUR,Synoptic/Airport,16.664658,74.289353,2023-02-08T12:00:00,2023-02-08T00:00:00,2023-02-08T12:00:00,12,32.2,31.93,608.38,591.9,16.48,16.75,74.25,32.04,31.93,31.93,32.05,1,00z,12,NOAA NCEI GFS Archive,experiments/phase6/data/raw/gfs_20230208_00_012_subset.grib2,2023-02-08 12:00:00,31.93,31.974080773488325,31.82288,2,32.31302931596091,32.97836942675159,33.06696043185231,,32.79618379068408
43158099999,SANGLI,Synoptic/Airport,16.85,74.6,2023-02-08T12:00:00,2023-02-08T00:00:00,2023-02-08T12:00:00,12,32.8,32.05,549.0,562.78,-13.78,16.75,74.5,32.05,31.83,31.88,30.98,1,00z,12,NOAA NCEI GFS Archive,experiments/phase6/data/raw/gfs_20230208_00_012_subset.grib2,2023-02-08 12:00:00,32.05,31.785200000000007,32.13957,2,31.97743138634764,33.09836942675159,33.29583401230465,,33.143752807111404
42933099999,AKOLA,Synoptic/Airport,20.7,77.0333333,2023-02-09T00:00:00,2023-02-08T00:00:00,2023-02-09T00:00:00,24,14.4,19.24,282.0,280.22,1.78,20.75,77.0,19.1,19.26,19.24,19.14,1,00z,24,NOAA NCEI GFS Archive,experiments/phase6/data/raw/gfs_20230208_00_024_subset.grib2,2023-02-09 00:00:00,19.24,19.2056000064,19.22843,2,19.62302931596091,20.28836942675159,18.222586329931023,,20.34506670926431
43014099999,AURANGABAD,Synoptic/Airport,19.863169,75.398206,2023-02-09T00:00:00,2023-02-08T00:00:00,2023-02-09T00:00:00,24,15.0,18.34,582.47,556.06,26.41,19.75,75.5,18.85,18.34,17.02,16.76,1,00z,24,NOAA NCEI GFS Archive,experiments/phase6/data/raw/gfs_20230208_00_024_subset.grib2,2023-02-09 00:00:00,18.34,17.786351979256004,18.168335,2,18.42796986518636,19.38836942675159,17.753226039465986,,19.260873890522014
43063099999,PUNE,Synoptic/Airport,18.5333333,73.85,2023-02-09T00:00:00,2023-02-08T00:00:00,2023-02-09T00:00:00,24,12.6,19.14,558.0,677.98,-119.98,18.5,73.75,19.14,18.15,19.25,19.14,1,00z,24,NOAA NCEI GFS Archive,experiments/phase6/data/raw/gfs_20230208_00_024_subset.grib2,2023-02-09 00:00:00,19.14,18.805599938400015,19.91987,2,19.22796986518636,20.188369426751592,19.764853004307664,,21.16151013226215
43110099999,RATNAGIRI,Synoptic/Airport,16.9833333,73.3333333,2023-02-09T00:00:00,2023-02-08T00:00:00,2023-02-09T00:00:00,24,19.6,23.71,67.0,36.22,30.78,17.0,73.25,24.95,20.77,23.71,21.1,1,00z,24,NOAA NCEI GFS Archive,experiments/phase6/data/raw/gfs_20230208_00_024_subset.grib2,2023-02-09 00:00:00,23.71,22.88777823528884,23.50993,2,23.57682551319648,24.758369426751592,22.999805159789062,,24.59105295128478
43117099999,SOLAPUR,Synoptic/Airport,17.627958,75.934842,2023-02-09T00:00:00,2023-02-08T00:00:00,2023-02-09T00:00:00,24,20.0,21.82,482.8,492.06,-9.26,17.75,76.0,22.24,22.22,22.01,21.82,1,00z,24,NOAA NCEI GFS Archive,experiments/phase6/data/raw/gfs_20230208_00_024_subset.grib2,2023-02-09 00:00:00,21.82,22.04315780563008,21.88019,2,22.20302931596091,22.868369426751592,21.2839197668947,,23.004817584031063
42851099999,JALGAON,Synoptic/Airport,21.05,75.5666666,2023-02-09T12:00:00,2023-02-08T00:00:00,2023-02-09T12:00:00,36,34.0,32.27,201.0,212.38,-11.38,21.0,75.5,32.27,31.94,31.3,30.63,1,00z,36,NOAA NCEI GFS Archive,experiments/phase6/data/raw/gfs_20230208_00_036_subset.grib2,2023-02-09 12:00:00,32.27,31.9698667728,32.343970000000006,2,32.12510980966325,33.318369426751595,33.22604322176481,,33.56914855200525
42871099999,GONDIA ARPT/BIRSI,Synoptic/Airport,21.524467,80.287997,2023-02-09T12:00:00,2023-02-08T00:00:00,2023-02-09T12:00:00,36,29.0,29.78,300.84,301.18,-0.34,21.5,80.25,29.78,28.77,29.81,26.72,1,00z,36,NOAA NCEI GFS Archive,experiments/phase6/data/raw/gfs_20230208_00_036_subset.grib2,2023-02-09 12:00:00,29.78,29.598488655905253,29.782210000000003,2,29.63510980966325,30.828369426751596,30.237458313241653,,30.99928146216041
42920099999,OZAR AIR FORCE STATION /NASHIK ARPT,Synoptic/Airport,20.119156,73.914097,2023-02-09T12:00:00,2023-02-08T00:00:00,2023-02-09T12:00:00,36,32.0,30.84,598.02,584.38,13.64,20.0,74.0,30.74,30.84,30.69,30.62,1,00z,36,NOAA NCEI GFS Archive,experiments/phase6/data/raw/gfs_20230208_00_036_subset.grib2,2023-02-09 12:00:00,30.84,30.72862305340096,30.75134,2,30.76743138634764,31.88836942675159,31.59038022442718,,31.952705135788097
42933099999,AKOLA,Synoptic/Airport,20.7,77.0333333,2023-02-09T12:00:00,2023-02-08T00:00:00,2023-02-09T12:00:00,36,30.4,32.07,282.0,280.22,1.78,20.75,77.0,31.33,31.19,32.07,31.66,1,00z,36,NOAA NCEI GFS Archive,experiments/phase6/data/raw/gfs_20230208_00_036_subset.grib2,2023-02-09 12:00:00,32.07,31.874533380800003,32.05843,2,32.45302931596091,33.11836942675159,33.21190902991614,,33.27037021013285
42939099999,WARDHA,Synoptic/Airport,20.6666666,78.5833333,2023-02-09T12:00:00,2023-02-08T00:00:00,2023-02-09T12:00:00,36,31.5,31.04,283.0,275.58,7.42,20.75,78.5,30.74,30.78,31.04,30.8,1,00z,36,NOAA NCEI GFS Archive,experiments/phase6/data/raw/gfs_20230208_00_036_subset.grib2,2023-02-09 12:00:00,31.04,30.89111107555554,30.99177,2,30.90682551319648,32.08836942675159,31.53363189633471,,32.19925597102264
42943099999,YEOTMAL,Synoptic/Airport,20.4,78.15,2023-02-09T12:00:00,2023-02-08T00:00:00,2023-02-09T12:00:00,36,29.2,30.46,451.0,308.86,142.14,20.5,78.25,30.98,30.52,30.6,30.46,1,00z,36,NOAA NCEI GFS Archive,experiments/phase6/data/raw/gfs_20230208_00_036_subset.grib2,2023-02-09 12:00:00,30.46,30.5912,29.53609,2,30.31510980966325,31.508369426751592,30.125169003169468,,30.60615913536724
43014099999,AURANGABAD,Synoptic/Airport,19.863169,75.398206,2023-02-09T12:00:00,2023-02-08T00:00:00,2023-02-09T12:00:00,36,32.0,31.5,582.47,556.06,26.41,19.75,75.5,31.85,31.5,30.86,30.73,1,00z,36,NOAA NCEI GFS Archive,experiments/phase6/data/raw/gfs_20230208_00_036_subset.grib2,2023-02-09 12:00:00,31.5,31.25340094334528,31.328335,2,31.58796986518636,32.54836942675159,31.99185392560866,,32.51575126943759
43021099999,NANDED,Synoptic/Airport,19.0833333,77.3333333,2023-02-09T12:00:00,2023-02-08T00:00:00,2023-02-09T12:00:00,36,33.0,32.37,358.0,399.74,-41.74,19.0,77.25,32.37,32.31,32.17,31.54,1,00z,36,NOAA NCEI GFS Archive,experiments/phase6/data/raw/gfs_20230208_00_036_subset.grib2,2023-02-09 12:00:00,32.37,32.22000008533331,32.64131,2,32.225109809663245,33.41836942675159,33.536974130077596,,33.89749595173801
43029099999,CHANDRAPUR,Synoptic/Airport,19.9666666,79.3,2023-02-09T12:00:00,2023-02-08T00:00:00,2023-02-09T12:00:00,36,31.4,31.33,193.0,200.22,-7.22,20.0,79.25,31.17,31.23,31.33,30.82,1,00z,36,NOAA NCEI GFS Archive,experiments/phase6/data/raw/gfs_20230208_00_036_subset.grib2,2023-02-09 12:00:00,31.33,31.221866654400003,31.376929999999998,2,31.25743138634764,32.37836942675159,32.31193654680014,,32.59905595225845
43063099999,PUNE,Synoptic/Airport,18.5333333,73.85,2023-02-09T12:00:00,2023-02-08T00:00:00,2023-02-09T12:00:00,36,32.6,31.32,558.0,677.98,-119.98,18.5,73.75,31.32,31.78,32.2,32.39,1,00z,36,NOAA NCEI GFS Archive,experiments/phase6/data/raw/gfs_20230208_00_036_subset.grib2,2023-02-09 12:00:00,31.32,31.606933230399985,32.09987,2,31.40796986518636,32.36836942675159,32.941809221127826,,33.43765296425017
43110099999,RATNAGIRI,Synoptic/Airport,16.9833333,73.3333333,2023-02-09T12:00:00,2023-02-08T00:00:00,2023-02-09T12:00:00,36,30.4,26.82,67.0,36.22,30.78,17.0,73.25,26.95,29.84,26.82,30.92,1,00z,36,NOAA NCEI GFS Archive,experiments/phase6/data/raw/gfs_20230208_00_036_subset.grib2,2023-02-09 12:00:00,26.82,28.16844387208902,26.61993,2,26.68682551319648,27.868369426751592,26.522680135731058,,27.80890768058607
43111099999,MAHABALESHWAR,Synoptic/Airport,17.9333333,73.6666666,2023-02-09T12:00:00,2023-02-08T00:00:00,2023-02-09T12:00:00,36,25.0,30.29,1382.0,888.7,493.3,18.0,73.75,31.99,31.65,33.3,30.29,1,00z,36,NOAA NCEI GFS Archive,experiments/phase6/data/raw/gfs_20230208_00_036_subset.grib2,2023-02-09 12:00:00,30.29,31.418667342133244,27.08355,2,30.67302931596091,31.33836942675159,29.35248984076856,,27.793696919170813
43113099999,SATARA,Synoptic/Airport,17.5166666,74.05,2023-02-09T12:00:00,2023-02-08T00:00:00,2023-02-09T12:00:00,36,32.0,31.88,612.0,746.14,-134.14,17.5,74.0,31.88,32.09,31.18,30.9,1,00z,36,NOAA NCEI GFS Archive,experiments/phase6/data/raw/gfs_20230208_00_036_subset.grib2,2023-02-09 12:00:00,31.88,31.8688002128,32.75191,2,31.96796986518636,32.928369426751594,33.6592279779294,,34.10349202313558
43117099999,SOLAPUR,Synoptic/Airport,17.627958,75.934842,2023-02-09T12:00:00,2023-02-08T00:00:00,2023-02-09T12:00:00,36,33.0,33.88,482.8,492.06,-9.26,17.75,76.0,33.92,34.01,33.89,33.88,1,00z,36,NOAA NCEI GFS Archive,experiments/phase6/data/raw/gfs_20230208_00_036_subset.grib2,2023-02-09 12:00:00,33.88,33.9333449397824,33.94019,2,34.263029315960914,34.928369426751594,35.37148625401493,,35.161115369456525
43157099999,KOLHAPUR,Synoptic/Airport,16.664658,74.289353,2023-02-09T12:00:00,2023-02-08T00:00:00,2023-02-09T12:00:00,36,32.0,33.3,608.38,591.9,16.48,16.75,74.25,33.29,33.15,33.3,33.49,1,00z,36,NOAA NCEI GFS Archive,experiments/phase6/data/raw/gfs_20230208_00_036_subset.grib2,2023-02-09 12:00:00,33.3,33.30876191152672,33.192879999999995,2,33.68302931596091,34.34836942675159,34.59929620781195,,34.38815595071658
43158099999,SANGLI,Synoptic/Airport,16.85,74.6,2023-02-09T12:00:00,2023-02-08T00:00:00,2023-02-09T12:00:00,36,32.8,33.49,549.0,562.78,-13.78,16.75,74.5,33.49,33.27,33.22,32.4,1,00z,36,NOAA NCEI GFS Archive,experiments/phase6/data/raw/gfs_20230208_00_036_subset.grib2,2023-02-09 12:00:00,33.49,33.19800000000001,33.579570000000004,2,33.417431386347644,34.53836942675159,34.93512191707331,,34.80563457763874
42933099999,AKOLA,Synoptic/Airport,20.7,77.0333333,2023-02-10T00:00:00,2023-02-08T00:00:00,2023-02-10T00:00:00,48,15.4,20.68,282.0,280.22,1.78,20.75,77.0,20.93,20.89,20.68,20.79,1,00z,48,NOAA NCEI GFS Archive,experiments/phase6/data/raw/gfs_20230208_00_048_subset.grib2,2023-02-10 00:00:00,20.68,20.740666656,20.66843,2,21.06302931596091,21.72836942675159,19.836899943423845,,22.00694847979164
43014099999,AURANGABAD,Synoptic/Airport,19.863169,75.398206,2023-02-10T00:00:00,2023-02-08T00:00:00,2023-02-10T00:00:00,48,14.6,19.19,582.47,556.06,26.41,19.75,75.5,19.28,19.19,18.12,17.97,1,00z,48,NOAA NCEI GFS Archive,experiments/phase6/data/raw/gfs_20230208_00_048_subset.grib2,2023-02-10 00:00:00,19.19,18.68544024817856,19.018335,2,19.27796986518636,20.238369426751596,18.63785179374677,,20.333517515450097
43063099999,PUNE,Synoptic/Airport,18.5333333,73.85,2023-02-10T00:00:00,2023-02-08T00:00:00,2023-02-10T00:00:00,48,12.6,19.84,558.0,677.98,-119.98,18.5,73.75,19.84,18.69,19.95,19.46,1,00z,48,NOAA NCEI GFS Archive,experiments/phase6/data/raw/gfs_20230208_00_048_subset.grib2,2023-02-10 00:00:00,19.84,19.42986661680002,20.61987,2,19.92796986518636,20.88836942675159,20.48697799287581,,22.084347448987035
43110099999,RATNAGIRI,Synoptic/Airport,16.9833333,73.3333333,2023-02-10T00:00:00,2023-02-08T00:00:00,2023-02-10T00:00:00,48,19.4,21.67,67.0,36.22,30.78,17.0,73.25,23.46,18.36,21.67,18.78,1,00z,48,NOAA NCEI GFS Archive,experiments/phase6/data/raw/gfs_20230208_00_048_subset.grib2,2023-02-10 00:00:00,21.67,20.776889434311062,21.46993,2,21.536825513196483,22.718369426751597,20.53825581789894,,22.777428371497912
43117099999,SOLAPUR,Synoptic/Airport,17.627958,75.934842,2023-02-10T00:00:00,2023-02-08T00:00:00,2023-02-10T00:00:00,48,18.2,21.51,482.8,492.06,-9.26,17.75,76.0,22.67,22.39,21.79,21.51,1,00z,48,NOAA NCEI GFS Archive,experiments/phase6/data/raw/gfs_20230208_00_048_subset.grib2,2023-02-10 00:00:00,21.51,22.0125648,21.57019,2,21.893029315960916,22.558369426751597,20.84878744205823,,22.918959092187748
42933099999,AKOLA,Synoptic/Airport,20.7,77.0333333,2023-02-09T00:00:00,2023-02-08T12:00:00,2023-02-09T00:00:00,12,14.4,18.94,282.0,280.22,1.78,20.75,77.0,18.66,18.69,18.94,18.69,1,12z,12,NOAA NCEI GFS Archive,experiments/phase6/data/raw/gfs_20230208_12_012_subset.grib2,2023-02-09 00:00:00,18.94,18.858133359200004,18.928430000000002,2,19.323029315960916,19.988369426751596,17.90729654838365,,19.933583486969603
43014099999,AURANGABAD,Synoptic/Airport,19.863169,75.398206,2023-02-09T00:00:00,2023-02-08T12:00:00,2023-02-09T00:00:00,12,15.0,18.02,582.47,556.06,26.41,19.75,75.5,18.58,18.02,16.98,16.58,1,12z,12,NOAA NCEI GFS Archive,experiments/phase6/data/raw/gfs_20230208_12_012_subset.grib2,2023-02-09 00:00:00,18.02,17.56667411152384,17.848335,2,18.10796986518636,19.06836942675159,17.424663698324437,,18.82941649380021
43063099999,PUNE,Synoptic/Airport,18.5333333,73.85,2023-02-09T00:00:00,2023-02-08T12:00:00,2023-02-09T00:00:00,12,12.6,19.48,558.0,677.98,-119.98,18.5,73.75,19.48,18.63,19.5,19.12,1,12z,12,NOAA NCEI GFS Archive,experiments/phase6/data/raw/gfs_20230208_12_012_subset.grib2,2023-02-09 00:00:00,19.48,19.167733305600017,20.25987,2,19.56796986518636,20.528369426751592,20.15129403230169,,21.38920049163442
43110099999,RATNAGIRI,Synoptic/Airport,16.9833333,73.3333333,2023-02-09T00:00:00,2023-02-08T12:00:00,2023-02-09T00:00:00,12,19.6,23.31,67.0,36.22,30.78,17.0,73.25,24.79,20.61,23.31,20.46,1,12z,12,NOAA NCEI GFS Archive,experiments/phase6/data/raw/gfs_20230208_12_012_subset.grib2,2023-02-09 00:00:00,23.31,22.42911164115549,23.10993,2,23.17682551319648,24.35836942675159,22.596153075630095,,24.079698856854602
43117099999,SOLAPUR,Synoptic/Airport,17.627958,75.934842,2023-02-09T00:00:00,2023-02-08T12:00:00,2023-02-09T00:00:00,12,20.0,21.54,482.8,492.06,-9.26,17.75,76.0,22.0,21.98,21.75,21.54,1,12z,12,NOAA NCEI GFS Archive,experiments/phase6/data/raw/gfs_20230208_12_012_subset.grib2,2023-02-09 00:00:00,21.54,21.78535252158656,21.600189999999998,2,21.92302931596091,22.58836942675159,20.992052224642514,,22.613308536163448
42851099999,JALGAON,Synoptic/Airport,21.05,75.5666666,2023-02-09T12:00:00,2023-02-08T12:00:00,2023-02-09T12:00:00,24,34.0,31.97,201.0,212.38,-11.38,21.0,75.5,31.97,31.76,30.71,30.01,1,12z,24,NOAA NCEI GFS Archive,experiments/phase6/data/raw/gfs_20230208_12_024_subset.grib2,2023-02-09 12:00:00,31.97,31.635866748799994,32.04397,2,31.82510980966325,33.01836942675159,32.9207229171139,,33.15766532971054
42871099999,GONDIA ARPT/BIRSI,Synoptic/Airport,21.524467,80.287997,2023-02-09T12:00:00,2023-02-08T12:00:00,2023-02-09T12:00:00,24,29.0,29.25,300.84,301.18,-0.34,21.5,80.25,29.25,28.14,29.1,26.31,1,12z,24,NOAA NCEI GFS Archive,experiments/phase6/data/raw/gfs_20230208_12_024_subset.grib2,2023-02-09 12:00:00,29.25,29.04162352053885,29.25221,2,29.10510980966325,30.29836942675159,29.662591384547916,,30.358095233954128
42920099999,OZAR AIR FORCE STATION /NASHIK ARPT,Synoptic/Airport,20.119156,73.914097,2023-02-09T12:00:00,2023-02-08T12:00:00,2023-02-09T12:00:00,24,32.0,30.5,598.02,584.38,13.64,20.0,74.0,30.52,30.5,30.29,30.17,1,12z,24,NOAA NCEI GFS Archive,experiments/phase6/data/raw/gfs_20230208_12_024_subset.grib2,2023-02-09 12:00:00,30.5,30.3659636925888,30.41134,2,30.42743138634764,31.54836942675159,31.224687456289516,,31.501273564639202
42933099999,AKOLA,Synoptic/Airport,20.7,77.0333333,2023-02-09T12:00:00,2023-02-08T12:00:00,2023-02-09T12:00:00,24,30.4,31.55,282.0,280.22,1.78,20.75,77.0,30.71,30.69,31.55,31.04,1,12z,24,NOAA NCEI GFS Archive,experiments/phase6/data/raw/gfs_20230208_12_024_subset.grib2,2023-02-09 12:00:00,31.55,31.327066721600005,31.53843,2,31.933029315960912,32.5983694267516,32.63897461612165,,32.63917106914012
42939099999,WARDHA,Synoptic/Airport,20.6666666,78.5833333,2023-02-09T12:00:00,2023-02-08T12:00:00,2023-02-09T12:00:00,24,31.5,30.37,283.0,275.58,7.42,20.75,78.5,30.43,30.42,30.37,30.18,1,12z,24,NOAA NCEI GFS Archive,experiments/phase6/data/raw/gfs_20230208_12_024_subset.grib2,2023-02-09 12:00:00,30.37,30.34666671599999,30.32177,2,30.23682551319648,31.418369426751592,30.81920852775456,,31.41825052182671
42943099999,YEOTMAL,Synoptic/Airport,20.4,78.15,2023-02-09T12:00:00,2023-02-08T12:00:00,2023-02-09T12:00:00,24,29.2,30.23,451.0,308.86,142.14,20.5,78.25,30.73,30.32,30.37,30.23,1,12z,24,NOAA NCEI GFS Archive,experiments/phase6/data/raw/gfs_20230208_12_024_subset.grib2,2023-02-09 12:00:00,30.23,30.365199999999994,29.30609,2,30.08510980966325,31.278369426751592,29.901884627575065,,30.264585523567355
43014099999,AURANGABAD,Synoptic/Airport,19.863169,75.398206,2023-02-09T12:00:00,2023-02-08T12:00:00,2023-02-09T12:00:00,24,32.0,31.09,582.47,556.06,26.41,19.75,75.5,31.44,31.09,30.38,30.54,1,12z,24,NOAA NCEI GFS Archive,experiments/phase6/data/raw/gfs_20230208_12_024_subset.grib2,2023-02-09 12:00:00,31.09,30.88953721048224,30.918335,2,31.17796986518636,32.138369426751595,31.56579112503953,,31.994410087793867
43021099999,NANDED,Synoptic/Airport,19.0833333,77.3333333,2023-02-09T12:00:00,2023-02-08T12:00:00,2023-02-09T12:00:00,24,33.0,31.88,358.0,399.74,-41.74,19.0,77.25,31.88,32.09,31.98,31.47,1,12z,24,NOAA NCEI GFS Archive,experiments/phase6/data/raw/gfs_20230208_12_024_subset.grib2,2023-02-09 12:00:00,31.88,31.903333355999983,32.15131,2,31.73510980966325,32.928369426751594,33.008984875130444,,33.29625807238592
43029099999,CHANDRAPUR,Synoptic/Airport,19.9666666,79.3,2023-02-09T12:00:00,2023-02-08T12:00:00,2023-02-09T12:00:00,24,31.4,30.71,193.0,200.22,-7.22,20.0,79.25,30.59,30.65,30.71,30.17,1,12z,24,NOAA NCEI GFS Archive,experiments/phase6/data/raw/gfs_20230208_12_024_subset.grib2,2023-02-09 12:00:00,30.71,30.602000000000007,30.75693,2,30.637431386347643,31.758369426751592,31.611753432375465,,31.867985939130257
43063099999,PUNE,Synoptic/Airport,18.5333333,73.85,2023-02-09T12:00:00,2023-02-08T12:00:00,2023-02-09T12:00:00,24,32.6,30.96,558.0,677.98,-119.98,18.5,73.75,30.96,31.62,31.66,31.93,1,12z,24,NOAA NCEI GFS Archive,experiments/phase6/data/raw/gfs_20230208_12_024_subset.grib2,2023-02-09 12:00:00,30.96,31.296533260799983,31.73987,2,31.04796986518636,32.00836942675159,32.569913342462904,,32.96624721867418
43110099999,RATNAGIRI,Synoptic/Airport,16.9833333,73.3333333,2023-02-09T12:00:00,2023-02-08T12:00:00,2023-02-09T12:00:00,24,30.4,26.83,67.0,36.22,30.78,17.0,73.25,26.97,29.6,26.83,30.69,1,12z,24,NOAA NCEI GFS Archive,experiments/phase6/data/raw/gfs_20230208_12_024_subset.grib2,2023-02-09 12:00:00,26.83,28.09866612693346,26.629929999999998,2,26.69682551319648,27.87836942675159,26.59094000198945,,27.707024161911303
43111099999,MAHABALESHWAR,Synoptic/Airport,17.9333333,73.6666666,2023-02-09T12:00:00,2023-02-08T12:00:00,2023-02-09T12:00:00,24,25.0,30.2,1382.0,888.7,493.3,18.0,73.75,31.9,31.49,32.65,30.2,1,12z,24,NOAA NCEI GFS Archive,experiments/phase6/data/raw/gfs_20230208_12_024_subset.grib2,2023-02-09 12:00:00,30.2,31.179333922933267,26.99355,2,30.58302931596091,31.24836942675159,29.283133571820695,,27.59194252836058
43113099999,SATARA,Synoptic/Airport,17.5166666,74.05,2023-02-09T12:00:00,2023-02-08T12:00:00,2023-02-09T12:00:00,24,32.0,31.5,612.0,746.14,-134.14,17.5,74.0,31.5,31.75,31.26,30.94,1,12z,24,NOAA NCEI GFS Archive,experiments/phase6/data/raw/gfs_20230208_12_024_subset.grib2,2023-02-09 12:00:00,31.5,31.526400094400003,32.37191,2,31.58796986518636,32.54836942675159,33.26566533050279,,33.612112103132496
43117099999,SOLAPUR,Synoptic/Airport,17.627958,75.934842,2023-02-09T12:00:00,2023-02-08T12:00:00,2023-02-09T12:00:00,24,33.0,33.1,482.8,492.06,-9.26,17.75,76.0,33.36,33.22,33.1,33.1,1,12z,24,NOAA NCEI GFS Archive,experiments/phase6/data/raw/gfs_20230208_12_024_subset.grib2,2023-02-09 12:00:00,33.1,33.17639266830464,33.16019,2,33.48302931596091,34.14836942675159,34.49406272938295,,34.27025196091158
43157099999,KOLHAPUR,Synoptic/Airport,16.664658,74.289353,2023-02-09T12:00:00,2023-02-08T12:00:00,2023-02-09T12:00:00,24,32.0,32.64,608.38,591.9,16.48,16.75,74.25,32.46,32.33,32.64,32.69,1,12z,24,NOAA NCEI GFS Archive,experiments/phase6/data/raw/gfs_20230208_12_024_subset.grib2,2023-02-09 12:00:00,32.64,32.57675198446912,32.53288,2,33.02302931596091,33.68836942675159,33.86240611895112,,33.6171375887342
43158099999,SANGLI,Synoptic/Airport,16.85,74.6,2023-02-09T12:00:00,2023-02-08T12:00:00,2023-02-09T12:00:00,24,32.8,32.69,549.0,562.78,-13.78,16.75,74.5,32.69,32.49,32.81,31.86,1,12z,24,NOAA NCEI GFS Archive,experiments/phase6/data/raw/gfs_20230208_12_024_subset.grib2,2023-02-09 12:00:00,32.69,32.53800000000001,32.77957,2,32.61743138634764,33.73836942675159,34.01990929432126,,33.8947969946667
42933099999,AKOLA,Synoptic/Airport,20.7,77.0333333,2023-02-10T00:00:00,2023-02-08T12:00:00,2023-02-10T00:00:00,36,15.4,20.47,282.0,280.22,1.78,20.75,77.0,20.83,20.89,20.47,20.78,1,12z,36,NOAA NCEI GFS Archive,experiments/phase6/data/raw/gfs_20230208_12_036_subset.grib2,2023-02-10 00:00:00,20.47,20.576666631999995,20.45843,2,20.85302931596091,21.51836942675159,19.627010238704827,,21.68534904241885
43014099999,AURANGABAD,Synoptic/Airport,19.863169,75.398206,2023-02-10T00:00:00,2023-02-08T12:00:00,2023-02-10T00:00:00,36,14.6,19.18,582.47,556.06,26.41,19.75,75.5,19.73,19.18,18.26,18.28,1,12z,36,NOAA NCEI GFS Archive,experiments/phase6/data/raw/gfs_20230208_12_036_subset.grib2,2023-02-10 00:00:00,19.18,18.891476682303683,19.008335,2,19.26796986518636,20.22836942675159,18.64512436841132,,20.211659822348235
43063099999,PUNE,Synoptic/Airport,18.5333333,73.85,2023-02-10T00:00:00,2023-02-08T12:00:00,2023-02-10T00:00:00,36,12.6,19.81,558.0,677.98,-119.98,18.5,73.75,19.81,18.75,19.9,19.44,1,12z,36,NOAA NCEI GFS Archive,experiments/phase6/data/raw/gfs_20230208_12_036_subset.grib2,2023-02-10 00:00:00,19.81,19.42999995600002,20.589869999999998,2,19.89796986518636,20.85836942675159,20.47258379877868,,21.942515581458082
43110099999,RATNAGIRI,Synoptic/Airport,16.9833333,73.3333333,2023-02-10T00:00:00,2023-02-08T12:00:00,2023-02-10T00:00:00,36,19.4,22.36,67.0,36.22,30.78,17.0,73.25,23.82,18.65,22.36,19.03,1,12z,36,NOAA NCEI GFS Archive,experiments/phase6/data/raw/gfs_20230208_12_036_subset.grib2,2023-02-10 00:00:00,22.36,21.306445017688823,22.15993,2,22.22682551319648,23.40836942675159,21.38919891899588,,23.354666783344307
43117099999,SOLAPUR,Synoptic/Airport,17.627958,75.934842,2023-02-10T00:00:00,2023-02-08T12:00:00,2023-02-10T00:00:00,36,18.2,22.0,482.8,492.06,-9.26,17.75,76.0,22.68,22.47,22.26,22.0,1,12z,36,NOAA NCEI GFS Archive,experiments/phase6/data/raw/gfs_20230208_12_036_subset.grib2,2023-02-10 00:00:00,22.0,22.2908416698912,22.06019,2,22.38302931596091,23.04836942675159,21.45867611267093,,23.296455759763216
42851099999,JALGAON,Synoptic/Airport,21.05,75.5666666,2023-02-10T12:00:00,2023-02-08T12:00:00,2023-02-10T12:00:00,48,35.6,33.65,201.0,212.38,-11.38,21.0,75.5,33.65,33.5,32.53,32.0,1,12z,48,NOAA NCEI GFS Archive,experiments/phase6/data/raw/gfs_20230208_12_048_subset.grib2,2023-02-10 12:00:00,33.65,33.36573339359999,33.72397,2,33.505109809663246,34.69836942675159,34.79706071757333,,35.05923719336298
42871099999,GONDIA ARPT/BIRSI,Synoptic/Airport,21.524467,80.287997,2023-02-10T12:00:00,2023-02-08T12:00:00,2023-02-10T12:00:00,48,32.0,31.31,300.84,301.18,-0.34,21.5,80.25,31.31,30.5,31.11,28.15,1,12z,48,NOAA NCEI GFS Archive,experiments/phase6/data/raw/gfs_20230208_12_048_subset.grib2,2023-02-10 12:00:00,31.31,31.135335382594377,31.31221,2,31.16510980966325,32.358369426751594,31.98426708559984,,32.639176411721344
42920099999,OZAR AIR FORCE STATION /NASHIK ARPT,Synoptic/Airport,20.119156,73.914097,2023-02-10T12:00:00,2023-02-08T12:00:00,2023-02-10T12:00:00,48,33.0,32.19,598.02,584.38,13.64,20.0,74.0,31.07,32.19,30.34,30.92,1,12z,48,NOAA NCEI GFS Archive,experiments/phase6/data/raw/gfs_20230208_12_048_subset.grib2,2023-02-10 12:00:00,32.19,31.288279891979517,32.10134,2,32.11743138634764,33.23836942675159,33.16262745595729,,33.4128325155052
42933099999,AKOLA,Synoptic/Airport,20.7,77.0333333,2023-02-10T12:00:00,2023-02-08T12:00:00,2023-02-10T12:00:00,48,32.8,33.72,282.0,280.22,1.78,20.75,77.0,32.78,32.66,33.72,33.33,1,12z,48,NOAA NCEI GFS Archive,experiments/phase6/data/raw/gfs_20230208_12_048_subset.grib2,2023-02-10 12:00:00,33.72,33.4872000448,33.70843,2,34.10302931596091,34.76836942675159,35.10819996388897,,35.030110206256346
42939099999,WARDHA,Synoptic/Airport,20.6666666,78.5833333,2023-02-10T12:00:00,2023-02-08T12:00:00,2023-02-10T12:00:00,48,35.2,33.03,283.0,275.58,7.42,20.75,78.5,32.88,32.81,33.03,32.69,1,12z,48,NOAA NCEI GFS Archive,experiments/phase6/data/raw/gfs_20230208_12_048_subset.grib2,2023-02-10 12:00:00,33.03,32.89666668399998,32.981770000000004,2,32.89682551319648,34.07836942675159,33.76738154430734,,34.298556932406726
42943099999,YEOTMAL,Synoptic/Airport,20.4,78.15,2023-02-10T12:00:00,2023-02-08T12:00:00,2023-02-10T12:00:00,48,32.0,32.68,451.0,308.86,142.14,20.5,78.25,32.95,32.73,32.7,32.68,1,12z,48,NOAA NCEI GFS Archive,experiments/phase6/data/raw/gfs_20230208_12_048_subset.grib2,2023-02-10 12:00:00,32.68,32.739999999999995,31.75609,2,32.53510980966325,33.72836942675159,32.68061764765613,,32.935163102662884
43014099999,AURANGABAD,Synoptic/Airport,19.863169,75.398206,2023-02-10T12:00:00,2023-02-08T12:00:00,2023-02-10T12:00:00,48,33.0,32.67,582.47,556.06,26.41,19.75,75.5,32.84,32.67,31.57,31.94,1,12z,48,NOAA NCEI GFS Archive,experiments/phase6/data/raw/gfs_20230208_12_048_subset.grib2,2023-02-10 12:00:00,32.67,32.309234286392964,32.498335000000004,2,32.75796986518636,33.71836942675159,33.24125393912178,,33.796111079310855
43017099999,PARBHANI,Synoptic/Airport,19.1333333,76.8333333,2023-02-10T12:00:00,2023-02-08T12:00:00,2023-02-10T12:00:00,48,34.0,33.04,422.0,405.66,16.34,19.25,76.75,33.06,33.01,33.04,33.2,1,12z,48,NOAA NCEI GFS Archive,experiments/phase6/data/raw/gfs_20230208_12_048_subset.grib2,2023-02-10 12:00:00,33.04,33.06999998506667,32.93379,2,32.90682551319648,34.08836942675159,33.720196890023196,,34.24141586987824
43021099999,NANDED,Synoptic/Airport,19.0833333,77.3333333,2023-02-10T12:00:00,2023-02-08T12:00:00,2023-02-10T12:00:00,48,32.0,32.8,358.0,399.74,-41.74,19.0,77.25,32.8,33.1,33.24,32.81,1,12z,48,NOAA NCEI GFS Archive,experiments/phase6/data/raw/gfs_20230208_12_048_subset.grib2,2023-02-10 12:00:00,32.8,32.965555521777766,33.07131,2,32.655109809663244,33.84836942675159,33.994646874404886,,34.43881130780882
43029099999,CHANDRAPUR,Synoptic/Airport,19.9666666,79.3,2023-02-10T12:00:00,2023-02-08T12:00:00,2023-02-10T12:00:00,48,32.8,32.51,193.0,200.22,-7.22,20.0,79.25,32.25,32.34,32.51,32.09,1,12z,48,NOAA NCEI GFS Archive,experiments/phase6/data/raw/gfs_20230208_12_048_subset.grib2,2023-02-10 12:00:00,32.51,32.4049332912,32.55693,2,32.43743138634764,33.55836942675159,33.681100353798854,,33.88940284934527
43063099999,PUNE,Synoptic/Airport,18.5333333,73.85,2023-02-10T12:00:00,2023-02-08T12:00:00,2023-02-10T12:00:00,48,32.8,31.79,558.0,677.98,-119.98,18.5,73.75,31.79,32.25,32.74,33.02,1,12z,48,NOAA NCEI GFS Archive,experiments/phase6/data/raw/gfs_20230208_12_048_subset.grib2,2023-02-10 12:00:00,31.79,32.09106654959999,32.56987,2,31.87796986518636,32.83836942675159,33.432872327982004,,34.01891666917517
43069099999,BARAMATI,Synoptic/Airport,18.15,74.5833333,2023-02-10T12:00:00,2023-02-08T12:00:00,2023-02-10T12:00:00,48,31.0,32.53,551.0,580.7,-29.7,18.25,74.5,32.26,32.64,32.53,32.97,1,12z,48,NOAA NCEI GFS Archive,experiments/phase6/data/raw/gfs_20230208_12_048_subset.grib2,2023-02-10 12:00:00,32.53,32.56066661120001,32.72305,2,32.45743138634764,33.57836942675159,33.85176797220636,,34.07855200204598
43110099999,RATNAGIRI,Synoptic/Airport,16.9833333,73.3333333,2023-02-10T12:00:00,2023-02-08T12:00:00,2023-02-10T12:00:00,48,29.0,26.03,67.0,36.22,30.78,17.0,73.25,26.1,30.74,26.03,30.87,1,12z,48,NOAA NCEI GFS Archive,experiments/phase6/data/raw/gfs_20230208_12_048_subset.grib2,2023-02-10 12:00:00,26.03,27.64355491244457,25.82993,2,25.89682551319648,27.078369426751596,25.556636558922563,,27.131798396604207
43111099999,MAHABALESHWAR,Synoptic/Airport,17.9333333,73.6666666,2023-02-10T12:00:00,2023-02-08T12:00:00,2023-02-10T12:00:00,48,25.2,30.64,1382.0,888.7,493.3,18.0,73.75,31.85,31.73,33.18,30.64,1,12z,48,NOAA NCEI GFS Archive,experiments/phase6/data/raw/gfs_20230208_12_048_subset.grib2,2023-02-10 12:00:00,30.64,31.562222765244364,27.43355,2,31.023029315960912,31.688369426751592,29.72633522055392,,28.255115577533257
43113099999,SATARA,Synoptic/Airport,17.5166666,74.05,2023-02-10T12:00:00,2023-02-08T12:00:00,2023-02-10T12:00:00,48,32.0,31.79,612.0,746.14,-134.14,17.5,74.0,31.79,32.15,31.2,30.82,1,12z,48,NOAA NCEI GFS Archive,experiments/phase6/data/raw/gfs_20230208_12_048_subset.grib2,2023-02-10 12:00:00,31.79,31.81280019679999,32.66191,2,31.87796986518636,32.83836942675159,33.54362155945642,,34.12547884410197
43117099999,SOLAPUR,Synoptic/Airport,17.627958,75.934842,2023-02-10T12:00:00,2023-02-08T12:00:00,2023-02-10T12:00:00,48,34.0,33.64,482.8,492.06,-9.26,17.75,76.0,33.57,33.7,33.42,33.64,1,12z,48,NOAA NCEI GFS Archive,experiments/phase6/data/raw/gfs_20230208_12_048_subset.grib2,2023-02-10 12:00:00,33.64,33.62340193819584,33.70019,2,34.02302931596091,34.68836942675159,35.05437557459213,,35.03329588221972
43157099999,KOLHAPUR,Synoptic/Airport,16.664658,74.289353,2023-02-10T12:00:00,2023-02-08T12:00:00,2023-02-10T12:00:00,48,32.8,33.08,608.38,591.9,16.48,16.75,74.25,32.93,32.85,33.08,33.16,1,12z,48,NOAA NCEI GFS Archive,experiments/phase6/data/raw/gfs_20230208_12_048_subset.grib2,2023-02-10 12:00:00,33.08,33.03279009286144,32.972879999999996,2,33.46302931596091,34.12836942675159,34.30560776768434,,34.28031063790687
43158099999,SANGLI,Synoptic/Airport,16.85,74.6,2023-02-10T12:00:00,2023-02-08T12:00:00,2023-02-10T12:00:00,48,33.0,33.16,549.0,562.78,-13.78,16.75,74.5,33.16,32.87,33.11,32.21,1,12z,48,NOAA NCEI GFS Archive,experiments/phase6/data/raw/gfs_20230208_12_048_subset.grib2,2023-02-10 12:00:00,33.16,32.926400000000015,33.24957,2,33.08743138634764,34.20836942675159,34.50042707088132,,34.58793130548001
42851099999,JALGAON,Synoptic/Airport,21.05,75.5666666,2023-08-08T12:00:00,2023-08-08T00:00:00,2023-08-08T12:00:00,12,30.0,28.55,201.0,212.38,-11.38,21.0,75.5,28.55,28.45,28.05,27.65,1,00z,12,NOAA NCEI GFS Archive,experiments/phase6/data/raw/gfs_20230808_00_012_subset.grib2,2023-08-08 12:00:00,28.55,28.407333375999997,28.62397,8,28.40510980966325,27.637634285714288,28.95894406022989,28.31302979161225,
42871099999,GONDIA ARPT/BIRSI,Synoptic/Airport,21.524467,80.287997,2023-08-08T12:00:00,2023-08-08T00:00:00,2023-08-08T12:00:00,12,29.6,27.55,300.84,301.18,-0.34,21.5,80.25,27.55,26.35,26.85,25.95,1,00z,12,NOAA NCEI GFS Archive,experiments/phase6/data/raw/gfs_20230808_00_012_subset.grib2,2023-08-08 12:00:00,27.55,27.303569228475176,27.552210000000002,8,27.40510980966325,26.637634285714288,27.71655249876677,26.919232195436585,
42933099999,AKOLA,Synoptic/Airport,20.7,77.0333333,2023-08-08T12:00:00,2023-08-08T00:00:00,2023-08-08T12:00:00,12,30.1,28.65,282.0,280.22,1.78,20.75,77.0,27.95,27.95,28.65,28.55,1,00z,12,NOAA NCEI GFS Archive,experiments/phase6/data/raw/gfs_20230808_00_012_subset.grib2,2023-08-08 12:00:00,28.65,28.499333344,28.63843,8,29.03302931596091,27.73763428571429,29.278793726199318,28.36004822983429,
42939099999,WARDHA,Synoptic/Airport,20.6666666,78.5833333,2023-08-08T12:00:00,2023-08-08T00:00:00,2023-08-08T12:00:00,12,31.1,29.55,283.0,275.58,7.42,20.75,78.5,29.45,30.45,29.55,29.95,1,00z,12,NOAA NCEI GFS Archive,experiments/phase6/data/raw/gfs_20230808_00_012_subset.grib2,2023-08-08 12:00:00,29.55,29.716666613333327,29.50177,8,29.41682551319648,28.637634285714288,29.932134445607083,29.51360936826727,
42943099999,YEOTMAL,Synoptic/Airport,20.4,78.15,2023-08-08T12:00:00,2023-08-08T00:00:00,2023-08-08T12:00:00,12,28.0,28.05,451.0,308.86,142.14,20.5,78.25,28.15,27.65,27.75,28.05,1,00z,12,NOAA NCEI GFS Archive,experiments/phase6/data/raw/gfs_20230808_00_012_subset.grib2,2023-08-08 12:00:00,28.05,27.898000000000003,27.12609,8,27.90510980966325,27.137634285714288,27.393313656834984,26.657811057564082,
43014099999,AURANGABAD,Synoptic/Airport,19.863169,75.398206,2023-08-08T12:00:00,2023-08-08T00:00:00,2023-08-08T12:00:00,12,28.7,27.15,582.47,556.06,26.41,19.75,75.5,27.85,27.15,27.05,26.95,1,00z,12,NOAA NCEI GFS Archive,experiments/phase6/data/raw/gfs_20230808_00_012_subset.grib2,2023-08-08 12:00:00,27.15,27.2338967182144,26.978334999999998,8,27.23796986518636,26.23763428571429,27.31554363803318,26.217097498522136,
43017099999,PARBHANI,Synoptic/Airport,19.1333333,76.8333333,2023-08-08T12:00:00,2023-08-08T00:00:00,2023-08-08T12:00:00,12,30.0,28.65,422.0,405.66,16.34,19.25,76.75,28.35,28.05,28.65,28.35,1,00z,12,NOAA NCEI GFS Archive,experiments/phase6/data/raw/gfs_20230808_00_012_subset.grib2,2023-08-08 12:00:00,28.65,28.409999999999997,28.543789999999998,8,28.51682551319648,27.73763428571429,28.837535462347823,28.26577026856684,
43021099999,NANDED,Synoptic/Airport,19.0833333,77.3333333,2023-08-08T12:00:00,2023-08-08T00:00:00,2023-08-08T12:00:00,12,30.8,28.45,358.0,399.74,-41.74,19.0,77.25,28.45,28.65,28.15,27.45,1,00z,12,NOAA NCEI GFS Archive,experiments/phase6/data/raw/gfs_20230808_00_012_subset.grib2,2023-08-08 12:00:00,28.45,28.316666759999983,28.72131,8,28.30510980966325,27.537634285714287,29.03548659980979,28.37738367027209,
43029099999,CHANDRAPUR,Synoptic/Airport,19.9666666,79.3,2023-08-08T12:00:00,2023-08-08T00:00:00,2023-08-08T12:00:00,12,31.6,29.05,193.0,200.22,-7.22,20.0,79.25,28.55,27.45,29.05,27.35,1,00z,12,NOAA NCEI GFS Archive,experiments/phase6/data/raw/gfs_20230808_00_012_subset.grib2,2023-08-08 12:00:00,29.05,28.65933323200002,29.09693,8,28.977431386347643,28.137634285714288,29.669177603170446,28.947249285780522,
43063099999,PUNE,Synoptic/Airport,18.5333333,73.85,2023-08-08T12:00:00,2023-08-08T00:00:00,2023-08-08T12:00:00,12,26.2,24.25,558.0,677.98,-119.98,18.5,73.75,24.25,25.65,24.75,25.85,1,00z,12,NOAA NCEI GFS Archive,experiments/phase6/data/raw/gfs_20230808_00_012_subset.grib2,2023-08-08 12:00:00,24.25,24.860666615999964,25.02987,8,24.33796986518636,23.337634285714287,25.318818381963318,23.330287351335265,
43110099999,RATNAGIRI,Synoptic/Airport,16.9833333,73.3333333,2023-08-08T12:00:00,2023-08-08T00:00:00,2023-08-08T12:00:00,12,28.4,27.45,67.0,36.22,30.78,17.0,73.25,27.35,27.55,27.45,27.45,1,00z,12,NOAA NCEI GFS Archive,experiments/phase6/data/raw/gfs_20230808_00_012_subset.grib2,2023-08-08 12:00:00,27.45,27.44777777155555,27.24993,8,27.31682551319648,26.537634285714287,27.361312770088308,26.585494792590733,
43111099999,MAHABALESHWAR,Synoptic/Airport,17.9333333,73.6666666,2023-08-08T12:00:00,2023-08-08T00:00:00,2023-08-08T12:00:00,12,18.8,21.75,1382.0,888.7,493.3,18.0,73.75,26.65,22.55,26.45,21.75,1,00z,12,NOAA NCEI GFS Archive,experiments/phase6/data/raw/gfs_20230808_00_012_subset.grib2,2023-08-08 12:00:00,21.75,23.476667957333323,18.54355,8,22.13302931596091,20.837634285714287,19.423281277482612,16.05343646837412,
43113099999,SATARA,Synoptic/Airport,17.5166666,74.05,2023-08-08T12:00:00,2023-08-08T00:00:00,2023-08-08T12:00:00,12,25.0,23.15,612.0,746.14,-134.14,17.5,74.0,23.15,24.65,23.65,24.35,1,00z,12,NOAA NCEI GFS Archive,experiments/phase6/data/raw/gfs_20230808_00_012_subset.grib2,2023-08-08 12:00:00,23.15,23.47266657599998,24.02191,8,23.23796986518636,22.23763428571429,24.23789533154512,21.96743193875487,
43117099999,SOLAPUR,Synoptic/Airport,17.627958,75.934842,2023-08-08T12:00:00,2023-08-08T00:00:00,2023-08-08T12:00:00,12,29.8,28.65,482.8,492.06,-9.26,17.75,76.0,29.05,28.95,28.85,28.65,1,00z,12,NOAA NCEI GFS Archive,experiments/phase6/data/raw/gfs_20230808_00_012_subset.grib2,2023-08-08 12:00:00,28.65,28.835853579782395,28.710189999999997,8,29.03302931596091,27.73763428571429,29.31865829408324,28.43153371694917,
43157099999,KOLHAPUR,Synoptic/Airport,16.664658,74.289353,2023-08-08T12:00:00,2023-08-08T00:00:00,2023-08-08T12:00:00,12,25.2,25.05,608.38,591.9,16.48,16.75,74.25,25.05,26.05,25.05,26.25,1,00z,12,NOAA NCEI GFS Archive,experiments/phase6/data/raw/gfs_20230808_00_012_subset.grib2,2023-08-08 12:00:00,25.05,25.228147316076825,24.942880000000002,8,25.433029315960912,24.137634285714288,25.009710114306294,23.504540157089657,
43158099999,SANGLI,Synoptic/Airport,16.85,74.6,2023-08-08T12:00:00,2023-08-08T00:00:00,2023-08-08T12:00:00,12,27.6,26.25,549.0,562.78,-13.78,16.75,74.5,26.25,26.85,26.15,26.15,1,00z,12,NOAA NCEI GFS Archive,experiments/phase6/data/raw/gfs_20230808_00_012_subset.grib2,2023-08-08 12:00:00,26.25,26.353999999999992,26.33957,8,26.17743138634764,25.337634285714287,26.367105410645053,25.287252264058274,
42933099999,AKOLA,Synoptic/Airport,20.7,77.0333333,2023-08-09T00:00:00,2023-08-08T00:00:00,2023-08-09T00:00:00,24,24.6,23.64,282.0,280.22,1.78,20.75,77.0,23.04,22.84,23.64,23.44,1,00z,24,NOAA NCEI GFS Archive,experiments/phase6/data/raw/gfs_20230808_00_024_subset.grib2,2023-08-09 00:00:00,23.64,23.49333336,23.62843,8,24.023029315960912,22.727634285714288,23.375478974873246,21.501001306692523,
43014099999,AURANGABAD,Synoptic/Airport,19.863169,75.398206,2023-08-09T00:00:00,2023-08-08T00:00:00,2023-08-09T00:00:00,24,22.8,22.04,582.47,556.06,26.41,19.75,75.5,22.94,22.04,22.04,21.84,1,00z,24,NOAA NCEI GFS Archive,experiments/phase6/data/raw/gfs_20230808_00_024_subset.grib2,2023-08-09 00:00:00,22.04,22.1869000379168,21.868335,8,22.12796986518636,21.127634285714286,21.761578260377526,19.225819364474287,
43063099999,PUNE,Synoptic/Airport,18.5333333,73.85,2023-08-09T00:00:00,2023-08-08T00:00:00,2023-08-09T00:00:00,24,23.6,21.34,558.0,677.98,-119.98,18.5,73.75,21.34,22.44,21.34,21.84,1,00z,24,NOAA NCEI GFS Archive,experiments/phase6/data/raw/gfs_20230808_00_024_subset.grib2,2023-08-09 00:00:00,21.34,21.74800003199998,22.11987,8,21.42796986518636,20.427634285714287,22.148197568092904,19.248095857221152,
43110099999,RATNAGIRI,Synoptic/Airport,16.9833333,73.3333333,2023-08-09T00:00:00,2023-08-08T00:00:00,2023-08-09T00:00:00,24,26.4,25.74,67.0,36.22,30.78,17.0,73.25,26.24,23.84,25.74,23.64,1,00z,24,NOAA NCEI GFS Archive,experiments/phase6/data/raw/gfs_20230808_00_024_subset.grib2,2023-08-09 00:00:00,25.74,25.066667002666613,25.53993,8,25.60682551319648,24.82763428571429,25.336344816733543,24.09007782934957,
42851099999,JALGAON,Synoptic/Airport,21.05,75.5666666,2023-08-09T12:00:00,2023-08-08T00:00:00,2023-08-09T12:00:00,36,30.4,28.61,201.0,212.38,-11.38,21.0,75.5,28.61,28.61,27.61,28.01,1,00z,36,NOAA NCEI GFS Archive,experiments/phase6/data/raw/gfs_20230808_00_036_subset.grib2,2023-08-09 12:00:00,28.61,28.431333312,28.68397,8,28.46510980966325,27.697634285714287,28.936736073952908,27.92384200466148,
42871099999,GONDIA ARPT/BIRSI,Synoptic/Airport,21.524467,80.287997,2023-08-09T12:00:00,2023-08-08T00:00:00,2023-08-09T12:00:00,36,31.0,27.11,300.84,301.18,-0.34,21.5,80.25,27.11,27.11,27.91,26.61,1,00z,36,NOAA NCEI GFS Archive,experiments/phase6/data/raw/gfs_20230808_00_036_subset.grib2,2023-08-09 12:00:00,27.11,27.168957209940803,27.11221,8,26.96510980966325,26.197634285714287,27.10837359065756,25.868888353955416,
42933099999,AKOLA,Synoptic/Airport,20.7,77.0333333,2023-08-09T12:00:00,2023-08-08T00:00:00,2023-08-09T12:00:00,36,31.4,28.61,282.0,280.22,1.78,20.75,77.0,27.61,27.51,28.61,28.21,1,00z,36,NOAA NCEI GFS Archive,experiments/phase6/data/raw/gfs_20230808_00_036_subset.grib2,2023-08-09 12:00:00,28.61,28.364666712,28.59843,8,28.99302931596091,27.697634285714287,29.15986163184794,27.83862923197744,
42939099999,WARDHA,Synoptic/Airport,20.6666666,78.5833333,2023-08-09T12:00:00,2023-08-08T00:00:00,2023-08-09T12:00:00,36,31.0,29.81,283.0,275.58,7.42,20.75,78.5,29.71,29.41,29.81,29.61,1,00z,36,NOAA NCEI GFS Archive,experiments/phase6/data/raw/gfs_20230808_00_036_subset.grib2,2023-08-09 12:00:00,29.81,29.698888884444443,29.76177,8,29.67682551319648,28.89763428571429,30.11789604508263,29.388884003128652,
42943099999,YEOTMAL,Synoptic/Airport,20.4,78.15,2023-08-09T12:00:00,2023-08-08T00:00:00,2023-08-09T12:00:00,36,28.5,29.31,451.0,308.86,142.14,20.5,78.25,27.71,28.51,29.01,29.31,1,00z,36,NOAA NCEI GFS Archive,experiments/phase6/data/raw/gfs_20230808_00_036_subset.grib2,2023-08-09 12:00:00,29.31,28.790000000000006,28.38609,8,29.16510980966325,28.39763428571429,28.77743588295534,27.85539780148625,
43014099999,AURANGABAD,Synoptic/Airport,19.863169,75.398206,2023-08-09T12:00:00,2023-08-08T00:00:00,2023-08-09T12:00:00,36,29.6,28.01,582.47,556.06,26.41,19.75,75.5,28.81,28.01,26.41,26.61,1,00z,36,NOAA NCEI GFS Archive,experiments/phase6/data/raw/gfs_20230808_00_036_subset.grib2,2023-08-09 12:00:00,28.01,27.517675597024,27.838335,8,28.09796986518636,27.09763428571429,28.211002776694805,26.88575939882,
43017099999,PARBHANI,Synoptic/Airport,19.1333333,76.8333333,2023-08-09T12:00:00,2023-08-08T00:00:00,2023-08-09T12:00:00,36,31.4,28.31,422.0,405.66,16.34,19.25,76.75,28.71,27.81,28.31,27.91,1,00z,36,NOAA NCEI GFS Archive,experiments/phase6/data/raw/gfs_20230808_00_036_subset.grib2,2023-08-09 12:00:00,28.31,28.2855556711111,28.203789999999998,8,28.17682551319648,27.39763428571429,28.33269420755407,27.347657637991748,
43021099999,NANDED,Synoptic/Airport,19.0833333,77.3333333,2023-08-09T12:00:00,2023-08-08T00:00:00,2023-08-09T12:00:00,36,30.6,27.51,358.0,399.74,-41.74,19.0,77.25,27.51,27.81,27.71,27.11,1,00z,36,NOAA NCEI GFS Archive,experiments/phase6/data/raw/gfs_20230808_00_036_subset.grib2,2023-08-09 12:00:00,27.51,27.576666679999985,27.78131,8,27.36510980966325,26.59763428571429,27.84133676986836,26.66588377426053,
43029099999,CHANDRAPUR,Synoptic/Airport,19.9666666,79.3,2023-08-09T12:00:00,2023-08-08T00:00:00,2023-08-09T12:00:00,36,30.2,29.31,193.0,200.22,-7.22,20.0,79.25,29.41,29.61,29.31,28.81,1,00z,36,NOAA NCEI GFS Archive,experiments/phase6/data/raw/gfs_20230808_00_036_subset.grib2,2023-08-09 12:00:00,29.31,29.242000064000003,29.35693,8,29.23743138634764,28.39763428571429,29.898827620015247,28.822523920641903,
43063099999,PUNE,Synoptic/Airport,18.5333333,73.85,2023-08-09T12:00:00,2023-08-08T00:00:00,2023-08-09T12:00:00,36,25.6,24.71,558.0,677.98,-119.98,18.5,73.75,24.71,26.21,24.91,26.11,1,00z,36,NOAA NCEI GFS Archive,experiments/phase6/data/raw/gfs_20230808_00_036_subset.grib2,2023-08-09 12:00:00,24.71,25.32066665599996,25.48987,8,24.79796986518636,23.797634285714288,25.78094214539126,23.470024408008808,
43069099999,BARAMATI,Synoptic/Airport,18.15,74.5833333,2023-08-09T12:00:00,2023-08-08T00:00:00,2023-08-09T12:00:00,36,28.6,28.21,551.0,580.7,-29.7,18.25,74.5,28.51,29.31,28.21,29.31,1,00z,36,NOAA NCEI GFS Archive,experiments/phase6/data/raw/gfs_20230808_00_036_subset.grib2,2023-08-09 12:00:00,28.21,28.65666653600003,28.40305,8,28.137431386347643,27.297634285714288,28.731533853274698,27.513541628785767,
43110099999,RATNAGIRI,Synoptic/Airport,16.9833333,73.3333333,2023-08-09T12:00:00,2023-08-08T00:00:00,2023-08-09T12:00:00,36,28.4,27.51,67.0,36.22,30.78,17.0,73.25,27.61,27.81,27.51,27.31,1,00z,36,NOAA NCEI GFS Archive,experiments/phase6/data/raw/gfs_20230808_00_036_subset.grib2,2023-08-09 12:00:00,27.51,27.45888894311109,27.30993,8,27.376825513196483,26.59763428571429,27.31687341814076,26.196307005639966,
43111099999,MAHABALESHWAR,Synoptic/Airport,17.9333333,73.6666666,2023-08-09T12:00:00,2023-08-08T00:00:00,2023-08-09T12:00:00,36,18.8,22.11,1382.0,888.7,493.3,18.0,73.75,26.51,22.91,26.21,22.11,1,00z,36,NOAA NCEI GFS Archive,experiments/phase6/data/raw/gfs_20230808_00_036_subset.grib2,2023-08-09 12:00:00,22.11,23.64555669777777,18.90355,8,22.49302931596091,21.197634285714287,19.772793969035067,16.060942314141585,
43113099999,SATARA,Synoptic/Airport,17.5166666,74.05,2023-08-09T12:00:00,2023-08-08T00:00:00,2023-08-09T12:00:00,36,27.0,23.51,612.0,746.14,-134.14,17.5,74.0,23.51,25.01,24.21,25.01,1,00z,36,NOAA NCEI GFS Archive,experiments/phase6/data/raw/gfs_20230808_00_036_subset.grib2,2023-08-09 12:00:00,23.51,23.847333183999982,24.38191,8,23.59796986518636,22.59763428571429,24.59168525116464,21.97493778452234,
43117099999,SOLAPUR,Synoptic/Airport,17.627958,75.934842,2023-08-09T12:00:00,2023-08-08T00:00:00,2023-08-09T12:00:00,36,31.0,29.41,482.8,492.06,-9.26,17.75,76.0,30.01,30.11,30.21,29.41,1,00z,36,NOAA NCEI GFS Archive,experiments/phase6/data/raw/gfs_20230808_00_036_subset.grib2,2023-08-09 12:00:00,29.41,29.8457142180416,29.47019,8,29.79302931596091,28.497634285714287,30.136615771539535,28.967964406340947,
43157099999,KOLHAPUR,Synoptic/Airport,16.664658,74.289353,2023-08-09T12:00:00,2023-08-08T00:00:00,2023-08-09T12:00:00,36,26.8,25.41,608.38,591.9,16.48,16.75,74.25,25.41,26.41,25.41,26.61,1,00z,36,NOAA NCEI GFS Archive,experiments/phase6/data/raw/gfs_20230808_00_036_subset.grib2,2023-08-09 12:00:00,25.41,25.588147316076828,25.302880000000002,8,25.79302931596091,24.497634285714287,25.35922280585875,23.512046002857122,
43158099999,SANGLI,Synoptic/Airport,16.85,74.6,2023-08-09T12:00:00,2023-08-08T00:00:00,2023-08-09T12:00:00,36,28.8,26.61,549.0,562.78,-13.78,16.75,74.5,26.61,27.31,26.51,26.31,1,00z,36,NOAA NCEI GFS Archive,experiments/phase6/data/raw/gfs_20230808_00_036_subset.grib2,2023-08-09 12:00:00,26.61,26.70599999999999,26.699569999999998,8,26.53743138634764,25.697634285714287,26.716216265449503,25.29475810982574,
42933099999,AKOLA,Synoptic/Airport,20.7,77.0333333,2023-08-10T00:00:00,2023-08-08T00:00:00,2023-08-10T00:00:00,48,24.9,23.73,282.0,280.22,1.78,20.75,77.0,22.93,22.83,23.73,23.53,1,00z,48,NOAA NCEI GFS Archive,experiments/phase6/data/raw/gfs_20230808_00_048_subset.grib2,2023-08-10 00:00:00,23.73,23.546000024,23.71843,8,24.11302931596091,22.817634285714288,23.40879143594061,21.15148288301357,
43014099999,AURANGABAD,Synoptic/Airport,19.863169,75.398206,2023-08-10T00:00:00,2023-08-08T00:00:00,2023-08-10T00:00:00,48,23.0,22.23,582.47,556.06,26.41,19.75,75.5,22.53,22.23,21.33,21.33,1,00z,48,NOAA NCEI GFS Archive,experiments/phase6/data/raw/gfs_20230808_00_048_subset.grib2,2023-08-10 00:00:00,22.23,21.8894487591072,22.058335,8,22.31796986518636,21.317634285714288,21.931200645522733,19.008532151701417,
43063099999,PUNE,Synoptic/Airport,18.5333333,73.85,2023-08-10T00:00:00,2023-08-08T00:00:00,2023-08-10T00:00:00,48,23.0,21.03,558.0,677.98,-119.98,18.5,73.75,21.03,21.83,20.93,21.63,1,00z,48,NOAA NCEI GFS Archive,experiments/phase6/data/raw/gfs_20230808_00_048_subset.grib2,2023-08-10 00:00:00,21.03,21.33133335199998,21.80987,8,21.11796986518636,20.11763428571429,21.776150734196012,18.36965258991789,
43110099999,RATNAGIRI,Synoptic/Airport,16.9833333,73.3333333,2023-08-10T00:00:00,2023-08-08T00:00:00,2023-08-10T00:00:00,48,26.6,26.33,67.0,36.22,30.78,17.0,73.25,26.63,24.23,26.33,23.93,1,00z,48,NOAA NCEI GFS Archive,experiments/phase6/data/raw/gfs_20230808_00_048_subset.grib2,2023-08-10 00:00:00,26.33,25.55000035999993,26.129929999999998,8,26.19682551319648,25.41763428571429,25.901937986057213,24.401715460201018,
42933099999,AKOLA,Synoptic/Airport,20.7,77.0333333,2023-08-09T00:00:00,2023-08-08T12:00:00,2023-08-09T00:00:00,12,24.6,23.91,282.0,280.22,1.78,20.75,77.0,23.21,23.11,23.91,23.71,1,12z,12,NOAA NCEI GFS Archive,experiments/phase6/data/raw/gfs_20230808_12_012_subset.grib2,2023-08-09 00:00:00,23.91,23.746000024,23.89843,8,24.29302931596091,22.997634285714287,23.727723013238837,22.092288832886148,
43014099999,AURANGABAD,Synoptic/Airport,19.863169,75.398206,2023-08-09T00:00:00,2023-08-08T12:00:00,2023-08-09T00:00:00,12,22.8,22.61,582.47,556.06,26.41,19.75,75.5,22.61,22.61,21.61,21.81,1,12z,12,NOAA NCEI GFS Archive,experiments/phase6/data/raw/gfs_20230808_12_012_subset.grib2,2023-08-09 00:00:00,22.61,22.2109954394048,22.438335,8,22.69796986518636,21.697634285714287,22.397187129130913,20.213800523386148,
43063099999,PUNE,Synoptic/Airport,18.5333333,73.85,2023-08-09T00:00:00,2023-08-08T12:00:00,2023-08-09T00:00:00,12,23.6,21.51,558.0,677.98,-119.98,18.5,73.75,21.51,22.31,21.41,21.81,1,12z,12,NOAA NCEI GFS Archive,experiments/phase6/data/raw/gfs_20230808_12_012_subset.grib2,2023-08-09 00:00:00,21.51,21.795333367999984,22.28987,8,21.59796986518636,20.59763428571429,22.350471061612613,19.7071521725087,
43110099999,RATNAGIRI,Synoptic/Airport,16.9833333,73.3333333,2023-08-09T00:00:00,2023-08-08T12:00:00,2023-08-09T00:00:00,12,26.4,25.91,67.0,36.22,30.78,17.0,73.25,26.31,23.91,25.91,23.71,1,12z,12,NOAA NCEI GFS Archive,experiments/phase6/data/raw/gfs_20230808_12_012_subset.grib2,2023-08-09 00:00:00,25.91,25.198889228444383,25.70993,8,25.77682551319648,24.997634285714287,25.588765444130424,24.54913414463712,
42851099999,JALGAON,Synoptic/Airport,21.05,75.5666666,2023-08-09T12:00:00,2023-08-08T12:00:00,2023-08-09T12:00:00,24,30.4,27.75,201.0,212.38,-11.38,21.0,75.5,27.75,27.85,27.05,26.75,1,12z,24,NOAA NCEI GFS Archive,experiments/phase6/data/raw/gfs_20230808_12_024_subset.grib2,2023-08-09 12:00:00,27.75,27.615333328,27.82397,8,27.60510980966325,26.837634285714287,27.975128336849902,27.020916847616412,
42871099999,GONDIA ARPT/BIRSI,Synoptic/Airport,21.524467,80.287997,2023-08-09T12:00:00,2023-08-08T12:00:00,2023-08-09T12:00:00,24,31.0,27.05,300.84,301.18,-0.34,21.5,80.25,27.05,27.35,28.55,26.55,1,12z,24,NOAA NCEI GFS Archive,experiments/phase6/data/raw/gfs_20230808_12_024_subset.grib2,2023-08-09 12:00:00,27.05,27.20818644835681,27.052210000000002,8,26.90510980966325,26.137634285714288,27.084319328486117,26.023812884158982,
42933099999,AKOLA,Synoptic/Airport,20.7,77.0333333,2023-08-09T12:00:00,2023-08-08T12:00:00,2023-08-09T12:00:00,24,31.4,29.25,282.0,280.22,1.78,20.75,77.0,27.45,27.55,29.25,28.85,1,12z,24,NOAA NCEI GFS Archive,experiments/phase6/data/raw/gfs_20230808_12_024_subset.grib2,2023-08-09 12:00:00,29.25,28.85000004,29.23843,8,29.63302931596091,28.337634285714287,29.94541709717458,28.919172238523558,
42939099999,WARDHA,Synoptic/Airport,20.6666666,78.5833333,2023-08-09T12:00:00,2023-08-08T12:00:00,2023-08-09T12:00:00,24,31.0,29.55,283.0,275.58,7.42,20.75,78.5,30.45,30.75,29.55,29.75,1,12z,24,NOAA NCEI GFS Archive,experiments/phase6/data/raw/gfs_20230808_12_024_subset.grib2,2023-08-09 12:00:00,29.55,29.92777799555556,29.50177,8,29.41682551319648,28.637634285714288,29.875384626919843,29.279346111520063,
42943099999,YEOTMAL,Synoptic/Airport,20.4,78.15,2023-08-09T12:00:00,2023-08-08T12:00:00,2023-08-09T12:00:00,24,28.5,29.15,451.0,308.86,142.14,20.5,78.25,28.65,28.55,29.05,29.15,1,12z,24,NOAA NCEI GFS Archive,experiments/phase6/data/raw/gfs_20230808_12_024_subset.grib2,2023-08-09 12:00:00,29.15,28.902,28.22609,8,29.00510980966325,28.23763428571429,28.636187436417455,27.878091120783736,
43014099999,AURANGABAD,Synoptic/Airport,19.863169,75.398206,2023-08-09T12:00:00,2023-08-08T12:00:00,2023-08-09T12:00:00,24,29.6,27.95,582.47,556.06,26.41,19.75,75.5,28.45,27.95,26.75,26.85,1,12z,24,NOAA NCEI GFS Archive,experiments/phase6/data/raw/gfs_20230808_12_024_subset.grib2,2023-08-09 12:00:00,27.95,27.5450531182144,27.778335,8,28.03796986518636,27.037634285714287,28.164108429455144,27.040683929023558,
43017099999,PARBHANI,Synoptic/Airport,19.1333333,76.8333333,2023-08-09T12:00:00,2023-08-08T12:00:00,2023-08-09T12:00:00,24,31.4,28.95,422.0,405.66,16.34,19.25,76.75,28.15,28.15,28.95,29.05,1,12z,24,NOAA NCEI GFS Archive,experiments/phase6/data/raw/gfs_20230808_12_024_subset.grib2,2023-08-09 12:00:00,28.95,28.594444326222227,28.84379,8,28.81682551319648,28.037634285714287,29.126087070795236,28.428200644537867,
43021099999,NANDED,Synoptic/Airport,19.0833333,77.3333333,2023-08-09T12:00:00,2023-08-08T12:00:00,2023-08-09T12:00:00,24,30.6,28.15,358.0,399.74,-41.74,19.0,77.25,28.15,28.65,28.55,27.95,1,12z,24,NOAA NCEI GFS Archive,experiments/phase6/data/raw/gfs_20230808_12_024_subset.grib2,2023-08-09 12:00:00,28.15,28.32777775555553,28.42131,8,28.00510980966325,27.23763428571429,28.63764179826203,27.746426780806644,
43029099999,CHANDRAPUR,Synoptic/Airport,19.9666666,79.3,2023-08-09T12:00:00,2023-08-08T12:00:00,2023-08-09T12:00:00,24,30.2,28.65,193.0,200.22,-7.22,20.0,79.25,28.45,28.95,28.65,28.25,1,12z,24,NOAA NCEI GFS Archive,experiments/phase6/data/raw/gfs_20230808_12_024_subset.grib2,2023-08-09 12:00:00,28.65,28.567333328000004,28.69693,8,28.57743138634764,27.73763428571429,29.15086017040671,28.184061185408993,
43063099999,PUNE,Synoptic/Airport,18.5333333,73.85,2023-08-09T12:00:00,2023-08-08T12:00:00,2023-08-09T12:00:00,24,25.6,24.15,558.0,677.98,-119.98,18.5,73.75,24.15,25.65,24.25,25.55,1,12z,24,NOAA NCEI GFS Archive,experiments/phase6/data/raw/gfs_20230808_12_024_subset.grib2,2023-08-09 12:00:00,24.15,24.752666663999964,24.929869999999998,8,24.23796986518636,23.23763428571429,25.1923785791095,22.963792883681975,
43069099999,BARAMATI,Synoptic/Airport,18.15,74.5833333,2023-08-09T12:00:00,2023-08-08T12:00:00,2023-08-09T12:00:00,24,28.6,27.85,551.0,580.7,-29.7,18.25,74.5,28.65,29.55,27.85,28.75,1,12z,24,NOAA NCEI GFS Archive,experiments/phase6/data/raw/gfs_20230808_12_024_subset.grib2,2023-08-09 12:00:00,27.85,28.469999880000028,28.04305,8,27.777431386347644,26.93763428571429,28.341948917545107,27.271772526271093,
43110099999,RATNAGIRI,Synoptic/Airport,16.9833333,73.3333333,2023-08-09T12:00:00,2023-08-08T12:00:00,2023-08-09T12:00:00,24,28.4,27.65,67.0,36.22,30.78,17.0,73.25,27.65,27.95,27.65,27.55,1,12z,24,NOAA NCEI GFS Archive,experiments/phase6/data/raw/gfs_20230808_12_024_subset.grib2,2023-08-09 12:00:00,27.65,27.6255555831111,27.44993,8,27.51682551319648,26.73763428571429,27.534763902824167,26.61569395765568,
43111099999,MAHABALESHWAR,Synoptic/Airport,17.9333333,73.6666666,2023-08-09T12:00:00,2023-08-08T12:00:00,2023-08-09T12:00:00,24,18.8,22.05,1382.0,888.7,493.3,18.0,73.75,26.45,22.55,26.45,22.05,1,12z,24,NOAA NCEI GFS Archive,experiments/phase6/data/raw/gfs_20230808_12_024_subset.grib2,2023-08-09 12:00:00,22.05,23.60555673777777,18.84355,8,22.433029315960912,21.137634285714288,19.738571059029994,16.215866844345147,
43113099999,SATARA,Synoptic/Airport,17.5166666,74.05,2023-08-09T12:00:00,2023-08-08T12:00:00,2023-08-09T12:00:00,24,27.0,23.35,612.0,746.14,-134.14,17.5,74.0,23.35,24.55,23.95,24.65,1,12z,24,NOAA NCEI GFS Archive,experiments/phase6/data/raw/gfs_20230808_12_024_subset.grib2,2023-08-09 12:00:00,23.35,23.62333319999999,24.22191,8,23.43796986518636,22.43763428571429,24.436457060116567,21.99763110381982,
43117099999,SOLAPUR,Synoptic/Airport,17.627958,75.934842,2023-08-09T12:00:00,2023-08-08T12:00:00,2023-08-09T12:00:00,24,31.0,29.45,482.8,492.06,-9.26,17.75,76.0,30.15,28.85,29.45,29.45,1,12z,24,NOAA NCEI GFS Archive,experiments/phase6/data/raw/gfs_20230808_12_024_subset.grib2,2023-08-09 12:00:00,29.45,29.322501062828792,29.510189999999998,8,29.83302931596091,28.537634285714287,30.219504058010415,29.25512014745059,
43157099999,KOLHAPUR,Synoptic/Airport,16.664658,74.289353,2023-08-09T12:00:00,2023-08-08T12:00:00,2023-08-09T12:00:00,24,26.8,25.35,608.38,591.9,16.48,16.75,74.25,25.35,26.45,25.35,26.65,1,12z,24,NOAA NCEI GFS Archive,experiments/phase6/data/raw/gfs_20230808_12_024_subset.grib2,2023-08-09 12:00:00,25.35,25.543888516076837,25.242880000000003,8,25.733029315960916,24.43763428571429,25.324999895853672,23.666970533060685,
43158099999,SANGLI,Synoptic/Airport,16.85,74.6,2023-08-09T12:00:00,2023-08-08T12:00:00,2023-08-09T12:00:00,24,28.8,26.65,549.0,562.78,-13.78,16.75,74.5,26.65,27.35,26.75,26.85,1,12z,24,NOAA NCEI GFS Archive,experiments/phase6/data/raw/gfs_20230808_12_024_subset.grib2,2023-08-09 12:00:00,26.65,26.87399999999999,26.739569999999997,8,26.57743138634764,25.73763428571429,26.804474681558503,25.58191385093538,
42933099999,AKOLA,Synoptic/Airport,20.7,77.0333333,2023-08-10T00:00:00,2023-08-08T12:00:00,2023-08-10T00:00:00,36,24.9,23.67,282.0,280.22,1.78,20.75,77.0,22.97,22.87,23.67,23.47,1,12z,36,NOAA NCEI GFS Archive,experiments/phase6/data/raw/gfs_20230808_12_036_subset.grib2,2023-08-10 00:00:00,23.67,23.506000024,23.658430000000003,8,24.053029315960917,22.75763428571429,23.374568525935537,21.306407413217137,
43014099999,AURANGABAD,Synoptic/Airport,19.863169,75.398206,2023-08-10T00:00:00,2023-08-08T12:00:00,2023-08-10T00:00:00,36,23.0,22.27,582.47,556.06,26.41,19.75,75.5,22.57,22.27,21.17,21.37,1,12z,36,NOAA NCEI GFS Archive,experiments/phase6/data/raw/gfs_20230808_12_036_subset.grib2,2023-08-10 00:00:00,22.27,21.892584998512003,22.098335,8,22.35796986518636,21.357634285714287,21.992640142091496,19.29568789281106,
43063099999,PUNE,Synoptic/Airport,18.5333333,73.85,2023-08-10T00:00:00,2023-08-08T12:00:00,2023-08-10T00:00:00,36,23.0,21.07,558.0,677.98,-119.98,18.5,73.75,21.07,22.57,20.87,21.47,1,12z,36,NOAA NCEI GFS Archive,experiments/phase6/data/raw/gfs_20230808_12_036_subset.grib2,2023-08-10 00:00:00,21.07,21.595333407999966,21.84987,8,21.15796986518636,20.157634285714288,21.837590230764775,18.65680833102753,
43110099999,RATNAGIRI,Synoptic/Airport,16.9833333,73.3333333,2023-08-10T00:00:00,2023-08-08T12:00:00,2023-08-10T00:00:00,36,26.6,26.27,67.0,36.22,30.78,17.0,73.25,26.77,24.17,26.27,23.87,1,12z,36,NOAA NCEI GFS Archive,experiments/phase6/data/raw/gfs_20230808_12_036_subset.grib2,2023-08-10 00:00:00,26.27,25.49888926844438,26.06993,8,26.13682551319648,25.357634285714287,25.889627519317525,24.55663999040458,
42851099999,JALGAON,Synoptic/Airport,21.05,75.5666666,2023-08-10T12:00:00,2023-08-08T12:00:00,2023-08-10T12:00:00,48,27.6,27.94,201.0,212.38,-11.38,21.0,75.5,27.94,28.34,28.34,28.44,1,12z,48,NOAA NCEI GFS Archive,experiments/phase6/data/raw/gfs_20230808_12_048_subset.grib2,2023-08-10 12:00:00,27.94,28.11066657600001,28.01397,8,27.79510980966325,27.02763428571429,28.105272790249302,26.80362963484354,
43014099999,AURANGABAD,Synoptic/Airport,19.863169,75.398206,2023-08-10T12:00:00,2023-08-08T12:00:00,2023-08-10T12:00:00,48,28.4,28.94,582.47,556.06,26.41,19.75,75.5,29.94,28.94,27.94,28.04,1,12z,48,NOAA NCEI GFS Archive,experiments/phase6/data/raw/gfs_20230808_12_048_subset.grib2,2023-08-10 12:00:00,28.94,28.737016916726404,28.768335,8,29.02796986518636,28.02763428571429,29.200401565067715,27.881246403499322,
43017099999,PARBHANI,Synoptic/Airport,19.1333333,76.8333333,2023-08-10T12:00:00,2023-08-08T12:00:00,2023-08-10T12:00:00,48,30.2,29.04,422.0,405.66,16.34,19.25,76.75,28.64,29.34,29.04,29.74,1,12z,48,NOAA NCEI GFS Archive,experiments/phase6/data/raw/gfs_20230808_12_048_subset.grib2,2023-08-10 12:00:00,29.04,29.08666652000002,28.93379,8,28.90682551319648,28.127634285714286,29.11617786156115,28.078682220858916,
43063099999,PUNE,Synoptic/Airport,18.5333333,73.85,2023-08-10T12:00:00,2023-08-08T12:00:00,2023-08-10T12:00:00,48,27.6,24.94,558.0,677.98,-119.98,18.5,73.75,24.94,26.94,25.34,26.64,1,12z,48,NOAA NCEI GFS Archive,experiments/phase6/data/raw/gfs_20230808_12_048_subset.grib2,2023-08-10 12:00:00,24.94,25.755999983999956,25.71987,8,25.02796986518636,24.02763428571429,26.01200402710523,23.53989293634558,
43111099999,MAHABALESHWAR,Synoptic/Airport,17.9333333,73.6666666,2023-08-10T12:00:00,2023-08-08T12:00:00,2023-08-10T12:00:00,48,18.6,22.24,1382.0,888.7,493.3,18.0,73.75,26.64,22.94,26.34,22.24,1,12z,48,NOAA NCEI GFS Archive,experiments/phase6/data/raw/gfs_20230808_12_048_subset.grib2,2023-08-10 12:00:00,22.24,23.75777891822222,19.033549999999998,8,22.62302931596091,21.32763428571429,19.888994716573315,15.998579631572273,
43113099999,SATARA,Synoptic/Airport,17.5166666,74.05,2023-08-10T12:00:00,2023-08-08T12:00:00,2023-08-10T12:00:00,48,25.6,23.94,612.0,746.14,-134.14,17.5,74.0,23.94,25.64,24.74,25.54,1,12z,48,NOAA NCEI GFS Archive,experiments/phase6/data/raw/gfs_20230808_12_048_subset.grib2,2023-08-10 12:00:00,23.94,24.32133316799998,24.81191,8,24.02796986518636,23.02763428571429,25.039414820495452,22.309268734671267,
42851099999,JALGAON,Synoptic/Airport,21.05,75.5666666,2023-02-09T12:00:00,2023-02-09T00:00:00,2023-02-09T12:00:00,12,34.0,31.84,201.0,212.38,-11.38,21.0,75.5,31.84,31.71,30.82,30.29,1,00z,12,NOAA NCEI GFS Archive,experiments/phase6/data/raw/gfs_20230209_00_012_subset.grib2,2023-02-09 12:00:00,31.84,31.580000056,31.91397,2,31.69510980966325,32.888369426751595,32.81463272588594,,32.915962590046114
42871099999,GONDIA ARPT/BIRSI,Synoptic/Airport,21.524467,80.287997,2023-02-09T12:00:00,2023-02-09T00:00:00,2023-02-09T12:00:00,12,29.0,29.46,300.84,301.18,-0.34,21.5,80.25,29.46,28.36,29.26,26.59,1,00z,12,NOAA NCEI GFS Archive,experiments/phase6/data/raw/gfs_20230209_00_012_subset.grib2,2023-02-09 12:00:00,29.46,29.24988622431309,29.462210000000002,2,29.31510980966325,30.508369426751592,29.954961420165876,,30.455953459550294
42920099999,OZAR AIR FORCE STATION /NASHIK ARPT,Synoptic/Airport,20.119156,73.914097,2023-02-09T12:00:00,2023-02-09T00:00:00,2023-02-09T12:00:00,12,32.0,30.77,598.02,584.38,13.64,20.0,74.0,30.51,30.77,30.38,30.64,1,00z,12,NOAA NCEI GFS Archive,experiments/phase6/data/raw/gfs_20230209_00_012_subset.grib2,2023-02-09 12:00:00,30.77,30.61869976,30.68134,2,30.69743138634764,31.81836942675159,31.587705799705706,,31.659054313516645
42933099999,AKOLA,Synoptic/Airport,20.7,77.0333333,2023-02-09T12:00:00,2023-02-09T00:00:00,2023-02-09T12:00:00,12,30.4,31.47,282.0,280.22,1.78,20.75,77.0,30.81,30.82,31.47,31.16,1,00z,12,NOAA NCEI GFS Archive,experiments/phase6/data/raw/gfs_20230209_00_012_subset.grib2,2023-02-09 12:00:00,31.47,31.3052000328,31.45843,2,31.85302931596091,32.51836942675159,32.58132946682138,,32.44740376554343
42939099999,WARDHA,Synoptic/Airport,20.6666666,78.5833333,2023-02-09T12:00:00,2023-02-09T00:00:00,2023-02-09T12:00:00,12,31.5,30.36,283.0,275.58,7.42,20.75,78.5,30.41,30.39,30.36,30.18,1,00z,12,NOAA NCEI GFS Archive,experiments/phase6/data/raw/gfs_20230209_00_012_subset.grib2,2023-02-09 12:00:00,30.36,30.33444448888888,30.31177,2,30.22682551319648,31.40836942675159,30.864448298870645,,31.296392828724848
42943099999,YEOTMAL,Synoptic/Airport,20.4,78.15,2023-02-09T12:00:00,2023-02-09T00:00:00,2023-02-09T12:00:00,12,29.2,30.23,451.0,308.86,142.14,20.5,78.25,30.85,30.47,30.46,30.23,1,00z,12,NOAA NCEI GFS Archive,experiments/phase6/data/raw/gfs_20230209_00_012_subset.grib2,2023-02-09 12:00:00,30.23,30.441999999999997,29.30609,2,30.08510980966325,31.278369426751592,29.94814687602349,,30.15271491767904
43014099999,AURANGABAD,Synoptic/Airport,19.863169,75.398206,2023-02-09T12:00:00,2023-02-09T00:00:00,2023-02-09T12:00:00,12,32.0,31.48,582.47,556.06,26.41,19.75,75.5,31.54,31.48,30.51,30.66,1,00z,12,NOAA NCEI GFS Archive,experiments/phase6/data/raw/gfs_20230209_00_012_subset.grib2,2023-02-09 12:00:00,31.48,31.094529291375046,31.308335,2,31.56796986518636,32.528369426751595,32.00639907493777,,32.27203588323387
43021099999,NANDED,Synoptic/Airport,19.0833333,77.3333333,2023-02-09T12:00:00,2023-02-09T00:00:00,2023-02-09T12:00:00,12,33.0,31.89,358.0,399.74,-41.74,19.0,77.25,31.89,32.04,31.88,31.57,1,00z,12,NOAA NCEI GFS Archive,experiments/phase6/data/raw/gfs_20230209_00_012_subset.grib2,2023-02-09 12:00:00,31.89,31.88555557777777,32.16131,2,31.74510980966325,32.93836942675159,33.066966542015514,,33.19437455371115
43029099999,CHANDRAPUR,Synoptic/Airport,19.9666666,79.3,2023-02-09T12:00:00,2023-02-09T00:00:00,2023-02-09T12:00:00,12,31.4,30.71,193.0,200.22,-7.22,20.0,79.25,30.74,30.76,30.71,30.22,1,00z,12,NOAA NCEI GFS Archive,experiments/phase6/data/raw/gfs_20230209_00_012_subset.grib2,2023-02-09 12:00:00,30.71,30.629600035200006,30.75693,2,30.637431386347643,31.758369426751592,31.652227513300605,,31.756115333241944
43063099999,PUNE,Synoptic/Airport,18.5333333,73.85,2023-02-09T12:00:00,2023-02-09T00:00:00,2023-02-09T12:00:00,12,32.6,31.0,558.0,677.98,-119.98,18.5,73.75,31.0,31.61,31.93,32.22,1,00z,12,NOAA NCEI GFS Archive,experiments/phase6/data/raw/gfs_20230209_00_012_subset.grib2,2023-02-09 12:00:00,31.0,31.35093322639998,31.77987,2,31.08796986518636,32.04836942675159,32.63135283903167,,32.894324961640045
43110099999,RATNAGIRI,Synoptic/Airport,16.9833333,73.3333333,2023-02-09T12:00:00,2023-02-09T00:00:00,2023-02-09T12:00:00,12,30.4,27.1,67.0,36.22,30.78,17.0,73.25,27.04,29.52,27.1,30.77,1,00z,12,NOAA NCEI GFS Archive,experiments/phase6/data/raw/gfs_20230209_00_012_subset.grib2,2023-02-09 12:00:00,27.1,28.292888349244564,26.89993,2,26.966825513196483,28.148369426751596,26.958461105097882,,27.86480491078875
43111099999,MAHABALESHWAR,Synoptic/Airport,17.9333333,73.6666666,2023-02-09T12:00:00,2023-02-09T00:00:00,2023-02-09T12:00:00,12,25.0,30.18,1382.0,888.7,493.3,18.0,73.75,31.46,31.15,31.94,30.18,1,00z,12,NOAA NCEI GFS Archive,experiments/phase6/data/raw/gfs_20230209_00_012_subset.grib2,2023-02-09 12:00:00,30.18,30.896444875555503,26.97355,2,30.56302931596091,31.22836942675159,29.295755140406005,,27.460097748045175
43113099999,SATARA,Synoptic/Airport,17.5166666,74.05,2023-02-09T12:00:00,2023-02-09T00:00:00,2023-02-09T12:00:00,12,32.0,31.39,612.0,746.14,-134.14,17.5,74.0,31.39,31.64,30.64,30.3,1,00z,12,NOAA NCEI GFS Archive,experiments/phase6/data/raw/gfs_20230209_00_012_subset.grib2,2023-02-09 12:00:00,31.39,31.3821335648,32.26191,2,31.47796986518636,32.43836942675159,33.16460406135893,,33.39038353789517
43117099999,SOLAPUR,Synoptic/Airport,17.627958,75.934842,2023-02-09T12:00:00,2023-02-09T00:00:00,2023-02-09T12:00:00,12,33.0,33.51,482.8,492.06,-9.26,17.75,76.0,33.4,33.49,33.41,33.51,1,00z,12,NOAA NCEI GFS Archive,experiments/phase6/data/raw/gfs_20230209_00_012_subset.grib2,2023-02-09 12:00:00,33.51,33.475445762021764,33.57019,2,33.89302931596091,34.55836942675159,35.01026244281488,,34.567851930778666
43157099999,KOLHAPUR,Synoptic/Airport,16.664658,74.289353,2023-02-09T12:00:00,2023-02-09T00:00:00,2023-02-09T12:00:00,12,32.0,32.51,608.38,591.9,16.48,16.75,74.25,32.49,32.53,32.51,32.75,1,00z,12,NOAA NCEI GFS Archive,experiments/phase6/data/raw/gfs_20230209_00_012_subset.grib2,2023-02-09 12:00:00,32.51,32.53020443607681,32.402879999999996,2,32.89302931596091,33.55836942675159,33.74620537141287,,33.375434849069784
43158099999,SANGLI,Synoptic/Airport,16.85,74.6,2023-02-09T12:00:00,2023-02-09T00:00:00,2023-02-09T12:00:00,12,32.8,32.75,549.0,562.78,-13.78,16.75,74.5,32.75,32.69,32.68,31.92,1,00z,12,NOAA NCEI GFS Archive,experiments/phase6/data/raw/gfs_20230209_00_012_subset.grib2,2023-02-09 12:00:00,32.75,32.586000000000006,32.83957,2,32.67743138634764,33.79836942675159,34.13205987802219,,33.84284891205967
42933099999,AKOLA,Synoptic/Airport,20.7,77.0333333,2023-02-10T00:00:00,2023-02-09T00:00:00,2023-02-10T00:00:00,24,15.4,20.65,282.0,280.22,1.78,20.75,77.0,20.54,20.62,20.65,20.65,1,00z,24,NOAA NCEI GFS Archive,experiments/phase6/data/raw/gfs_20230209_00_024_subset.grib2,2023-02-10 00:00:00,20.65,20.6301333312,20.63843,2,21.03302931596091,21.69836942675159,19.873854200242054,,21.753246006374372
43014099999,AURANGABAD,Synoptic/Airport,19.863169,75.398206,2023-02-10T00:00:00,2023-02-09T00:00:00,2023-02-10T00:00:00,24,14.6,19.16,582.47,556.06,26.41,19.75,75.5,19.34,19.16,18.35,18.61,1,00z,24,NOAA NCEI GFS Archive,experiments/phase6/data/raw/gfs_20230209_00_024_subset.grib2,2023-02-10 00:00:00,19.16,18.903219606690563,18.988335,2,19.24796986518636,20.20836942675159,18.64156355869503,,20.07981504203283
43063099999,PUNE,Synoptic/Airport,18.5333333,73.85,2023-02-10T00:00:00,2023-02-09T00:00:00,2023-02-10T00:00:00,24,12.6,19.69,558.0,677.98,-119.98,18.5,73.75,19.69,18.75,19.77,19.41,1,00z,24,NOAA NCEI GFS Archive,experiments/phase6/data/raw/gfs_20230209_00_024_subset.grib2,2023-02-10 00:00:00,19.69,19.355599958400017,20.46987,2,19.77796986518636,20.738369426751596,20.360689145253975,,21.710799929007212
43110099999,RATNAGIRI,Synoptic/Airport,16.9833333,73.3333333,2023-02-10T00:00:00,2023-02-09T00:00:00,2023-02-10T00:00:00,24,19.4,22.66,67.0,36.22,30.78,17.0,73.25,23.98,18.88,22.66,19.4,1,00z,24,NOAA NCEI GFS Archive,experiments/phase6/data/raw/gfs_20230209_00_024_subset.grib2,2023-02-10 00:00:00,22.66,21.620444989688824,22.45993,2,22.52682551319648,23.70836942675159,21.791250164817775,,23.542408793862393
43117099999,SOLAPUR,Synoptic/Airport,17.627958,75.934842,2023-02-10T00:00:00,2023-02-09T00:00:00,2023-02-10T00:00:00,24,18.2,22.14,482.8,492.06,-9.26,17.75,76.0,22.55,22.44,22.41,22.14,1,00z,24,NOAA NCEI GFS Archive,experiments/phase6/data/raw/gfs_20230209_00_024_subset.grib2,2023-02-10 00:00:00,22.14,22.33646388765184,22.20019,2,22.523029315960912,23.188369426751592,21.658675595617773,,23.324404374864553
42851099999,JALGAON,Synoptic/Airport,21.05,75.5666666,2023-02-10T12:00:00,2023-02-09T00:00:00,2023-02-10T12:00:00,36,35.6,33.51,201.0,212.38,-11.38,21.0,75.5,33.51,33.37,32.46,31.95,1,00z,36,NOAA NCEI GFS Archive,experiments/phase6/data/raw/gfs_20230209_00_036_subset.grib2,2023-02-10 12:00:00,33.51,33.24293339039999,33.58397,2,33.365109809663245,34.55836942675159,34.67925110790873,,34.80754736648502
42871099999,GONDIA ARPT/BIRSI,Synoptic/Airport,21.524467,80.287997,2023-02-10T12:00:00,2023-02-09T00:00:00,2023-02-10T12:00:00,36,32.0,31.29,300.84,301.18,-0.34,21.5,80.25,31.29,30.35,31.29,28.1,1,00z,36,NOAA NCEI GFS Archive,experiments/phase6/data/raw/gfs_20230209_00_036_subset.grib2,2023-02-10 12:00:00,31.29,31.113663066435976,31.29221,2,31.14510980966325,32.33836942675159,32.00709049717497,,32.50733163140594
42920099999,OZAR AIR FORCE STATION /NASHIK ARPT,Synoptic/Airport,20.119156,73.914097,2023-02-10T12:00:00,2023-02-09T00:00:00,2023-02-10T12:00:00,36,33.0,31.96,598.02,584.38,13.64,20.0,74.0,30.98,31.96,30.34,30.8,1,00z,36,NOAA NCEI GFS Archive,experiments/phase6/data/raw/gfs_20230209_00_036_subset.grib2,2023-02-10 12:00:00,31.96,31.155538737461757,31.87134,2,31.887431386347643,33.00836942675159,32.92834160957524,,33.07125890370531
42933099999,AKOLA,Synoptic/Airport,20.7,77.0333333,2023-02-10T12:00:00,2023-02-09T00:00:00,2023-02-10T12:00:00,36,32.8,33.96,282.0,280.22,1.78,20.75,77.0,32.72,32.56,33.96,33.56,1,00z,36,NOAA NCEI GFS Archive,experiments/phase6/data/raw/gfs_20230209_00_036_subset.grib2,2023-02-10 12:00:00,33.96,33.665066713600005,33.94843,2,34.34302931596091,35.00836942675159,35.425310643311775,,35.15792969349315
42939099999,WARDHA,Synoptic/Airport,20.6666666,78.5833333,2023-02-10T12:00:00,2023-02-09T00:00:00,2023-02-10T12:00:00,36,35.2,33.21,283.0,275.58,7.42,20.75,78.5,33.0,32.92,33.21,33.03,1,00z,36,NOAA NCEI GFS Archive,experiments/phase6/data/raw/gfs_20230209_00_036_subset.grib2,2023-02-10 12:00:00,33.21,33.091111083555546,33.161770000000004,2,33.07682551319648,34.25836942675159,34.03131221927537,,34.366453896362245
42943099999,YEOTMAL,Synoptic/Airport,20.4,78.15,2023-02-10T12:00:00,2023-02-09T00:00:00,2023-02-10T12:00:00,36,32.0,32.79,451.0,308.86,142.14,20.5,78.25,32.86,32.61,32.8,32.79,1,00z,36,NOAA NCEI GFS Archive,experiments/phase6/data/raw/gfs_20230209_00_036_subset.grib2,2023-02-10 12:00:00,32.79,32.7604,31.86609,2,32.645109809663246,33.83836942675159,32.855793498907644,,32.933150456123585
43014099999,AURANGABAD,Synoptic/Airport,19.863169,75.398206,2023-02-10T12:00:00,2023-02-09T00:00:00,2023-02-10T12:00:00,36,33.0,32.86,582.47,556.06,26.41,19.75,75.5,32.91,32.86,31.23,31.48,1,00z,36,NOAA NCEI GFS Archive,experiments/phase6/data/raw/gfs_20230209_00_036_subset.grib2,2023-02-10 12:00:00,32.86,32.200370279107204,32.688335,2,32.94796986518636,33.90836942675159,33.46519420140317,,33.873995130479926
43017099999,PARBHANI,Synoptic/Airport,19.1333333,76.8333333,2023-02-10T12:00:00,2023-02-09T00:00:00,2023-02-10T12:00:00,36,34.0,33.32,422.0,405.66,16.34,19.25,76.75,33.44,33.4,33.32,33.58,1,00z,36,NOAA NCEI GFS Archive,experiments/phase6/data/raw/gfs_20230209_00_036_subset.grib2,2023-02-10 12:00:00,33.32,33.41599998666668,33.21379,2,33.18682551319648,34.36836942675159,34.09922804070278,,34.409183705969234
43021099999,NANDED,Synoptic/Airport,19.0833333,77.3333333,2023-02-10T12:00:00,2023-02-09T00:00:00,2023-02-10T12:00:00,36,32.0,33.06,358.0,399.74,-41.74,19.0,77.25,33.06,33.21,33.44,32.57,1,00z,36,NOAA NCEI GFS Archive,experiments/phase6/data/raw/gfs_20230209_00_036_subset.grib2,2023-02-10 12:00:00,33.06,33.12333335333331,33.33131,2,32.91510980966325,34.108369426751594,34.34561400220608,,34.586604969472724
43029099999,CHANDRAPUR,Synoptic/Airport,19.9666666,79.3,2023-02-10T12:00:00,2023-02-09T00:00:00,2023-02-10T12:00:00,36,32.8,32.23,193.0,200.22,-7.22,20.0,79.25,32.03,32.1,32.23,31.88,1,00z,36,NOAA NCEI GFS Archive,experiments/phase6/data/raw/gfs_20230209_00_036_subset.grib2,2023-02-10 12:00:00,32.23,32.144533302400006,32.27693,2,32.15743138634764,33.27836942675159,33.38708408843698,,33.497893801477645
43063099999,PUNE,Synoptic/Airport,18.5333333,73.85,2023-02-10T12:00:00,2023-02-09T00:00:00,2023-02-10T12:00:00,36,32.8,31.94,558.0,677.98,-119.98,18.5,73.75,31.94,32.63,32.76,33.14,1,00z,36,NOAA NCEI GFS Archive,experiments/phase6/data/raw/gfs_20230209_00_036_subset.grib2,2023-02-10 12:00:00,31.94,32.30879990719998,32.71987,2,32.027969865186364,32.9883694267516,33.613479052740026,,34.05685237149005
43069099999,BARAMATI,Synoptic/Airport,18.15,74.5833333,2023-02-10T12:00:00,2023-02-09T00:00:00,2023-02-10T12:00:00,36,31.0,33.03,551.0,580.7,-29.7,18.25,74.5,32.55,32.97,33.03,33.57,1,00z,36,NOAA NCEI GFS Archive,experiments/phase6/data/raw/gfs_20230209_00_036_subset.grib2,2023-02-10 12:00:00,33.03,33.00199993440001,33.22305,2,32.95743138634764,34.07836942675159,34.48954624292975,,34.466035756835
43110099999,RATNAGIRI,Synoptic/Airport,16.9833333,73.3333333,2023-02-10T12:00:00,2023-02-09T00:00:00,2023-02-10T12:00:00,36,29.0,25.96,67.0,36.22,30.78,17.0,73.25,25.96,30.39,25.96,30.36,1,00z,36,NOAA NCEI GFS Archive,experiments/phase6/data/raw/gfs_20230209_00_036_subset.grib2,2023-02-10 12:00:00,25.96,27.42733274773345,25.75993,2,25.82682551319648,27.008369426751592,25.532816044611717,,26.95001818022107
43111099999,MAHABALESHWAR,Synoptic/Airport,17.9333333,73.6666666,2023-02-10T12:00:00,2023-02-09T00:00:00,2023-02-10T12:00:00,36,25.2,30.53,1382.0,888.7,493.3,18.0,73.75,32.23,31.56,33.85,30.53,1,00z,36,NOAA NCEI GFS Archive,experiments/phase6/data/raw/gfs_20230209_00_036_subset.grib2,2023-02-10 12:00:00,30.53,31.675778494222136,27.32355,2,30.913029315960912,31.578369426751596,29.633556712310863,,28.033387012295933
43113099999,SATARA,Synoptic/Airport,17.5166666,74.05,2023-02-10T12:00:00,2023-02-09T00:00:00,2023-02-10T12:00:00,36,32.0,31.4,612.0,746.14,-134.14,17.5,74.0,31.4,31.83,31.07,30.87,1,00z,36,NOAA NCEI GFS Archive,experiments/phase6/data/raw/gfs_20230209_00_036_subset.grib2,2023-02-10 12:00:00,31.4,31.45560012159999,32.27191,2,31.48796986518636,32.44836942675159,33.139225527648975,,33.62411183688534
43117099999,SOLAPUR,Synoptic/Airport,17.627958,75.934842,2023-02-10T12:00:00,2023-02-09T00:00:00,2023-02-10T12:00:00,36,34.0,33.88,482.8,492.06,-9.26,17.75,76.0,33.6,33.86,33.64,33.88,1,00z,36,NOAA NCEI GFS Archive,experiments/phase6/data/raw/gfs_20230209_00_036_subset.grib2,2023-02-10 12:00:00,33.88,33.80514031595648,33.94019,2,34.263029315960914,34.928369426751594,35.37148625401493,,35.161115369456525
43157099999,KOLHAPUR,Synoptic/Airport,16.664658,74.289353,2023-02-10T12:00:00,2023-02-09T00:00:00,2023-02-10T12:00:00,36,32.8,32.89,608.38,591.9,16.48,16.75,74.25,32.78,32.6,32.89,32.9,1,00z,36,NOAA NCEI GFS Archive,experiments/phase6/data/raw/gfs_20230209_00_036_subset.grib2,2023-02-10 12:00:00,32.89,32.843813910272964,32.78288,2,33.27302931596091,33.93836942675159,34.11914030226052,,33.97868537496118
43158099999,SANGLI,Synoptic/Airport,16.85,74.6,2023-02-10T12:00:00,2023-02-09T00:00:00,2023-02-10T12:00:00,36,33.0,32.9,549.0,562.78,-13.78,16.75,74.5,32.9,32.68,32.87,32.02,1,00z,36,NOAA NCEI GFS Archive,experiments/phase6/data/raw/gfs_20230209_00_036_subset.grib2,2023-02-10 12:00:00,32.9,32.69920000000001,32.98957,2,32.82743138634764,33.94836942675159,34.23030297311138,,34.216396432039495
42933099999,AKOLA,Synoptic/Airport,20.7,77.0333333,2023-02-11T00:00:00,2023-02-09T00:00:00,2023-02-11T00:00:00,48,16.3,21.87,282.0,280.22,1.78,20.75,77.0,21.01,21.23,21.87,21.68,1,00z,48,NOAA NCEI GFS Archive,experiments/phase6/data/raw/gfs_20230209_00_048_subset.grib2,2023-02-11 00:00:00,21.87,21.6836000144,21.858430000000002,2,22.253029315960912,22.918369426751592,21.230523181487765,,23.19541185820368
43014099999,AURANGABAD,Synoptic/Airport,19.863169,75.398206,2023-02-11T00:00:00,2023-02-09T00:00:00,2023-02-11T00:00:00,48,18.0,19.88,582.47,556.06,26.41,19.75,75.5,20.31,19.88,18.79,19.36,1,00z,48,NOAA NCEI GFS Archive,experiments/phase6/data/raw/gfs_20230209_00_048_subset.grib2,2023-02-11 00:00:00,19.88,19.635375357024003,19.708334999999998,2,19.96796986518636,20.92836942675159,19.385355316024864,,21.022626533184805
43063099999,PUNE,Synoptic/Airport,18.5333333,73.85,2023-02-11T00:00:00,2023-02-09T00:00:00,2023-02-11T00:00:00,48,12.8,19.75,558.0,677.98,-119.98,18.5,73.75,19.75,19.04,19.87,19.42,1,00z,48,NOAA NCEI GFS Archive,experiments/phase6/data/raw/gfs_20230209_00_048_subset.grib2,2023-02-11 00:00:00,19.75,19.495866636800013,20.52987,2,19.83796986518636,20.79836942675159,20.389477533448236,,21.994463664065115
43110099999,RATNAGIRI,Synoptic/Airport,16.9833333,73.3333333,2023-02-11T00:00:00,2023-02-09T00:00:00,2023-02-11T00:00:00,48,18.4,22.43,67.0,36.22,30.78,17.0,73.25,23.95,18.91,22.43,18.87,1,00z,48,NOAA NCEI GFS Archive,experiments/phase6/data/raw/gfs_20230209_00_048_subset.grib2,2023-02-11 00:00:00,22.43,21.31177840248881,22.22993,2,22.29682551319648,23.47836942675159,21.413019433306726,,23.536446999727445
43117099999,SOLAPUR,Synoptic/Airport,17.627958,75.934842,2023-02-11T00:00:00,2023-02-09T00:00:00,2023-02-11T00:00:00,48,17.8,22.54,482.8,492.06,-9.26,17.75,76.0,21.92,22.49,21.67,22.54,1,00z,48,NOAA NCEI GFS Archive,experiments/phase6/data/raw/gfs_20230209_00_048_subset.grib2,2023-02-11 00:00:00,22.54,22.32701142065281,22.600189999999998,2,22.92302931596091,23.58836942675159,22.05503276576061,,23.94762907518304
42933099999,AKOLA,Synoptic/Airport,20.7,77.0333333,2023-02-10T00:00:00,2023-02-09T12:00:00,2023-02-10T00:00:00,12,15.4,20.42,282.0,280.22,1.78,20.75,77.0,20.02,20.13,20.42,20.4,1,12z,12,NOAA NCEI GFS Archive,experiments/phase6/data/raw/gfs_20230209_12_012_subset.grib2,2023-02-10 00:00:00,20.42,20.3407999992,20.408430000000003,2,20.803029315960917,21.468369426751597,19.64054225622785,,21.41167239457449
43014099999,AURANGABAD,Synoptic/Airport,19.863169,75.398206,2023-02-10T00:00:00,2023-02-09T12:00:00,2023-02-10T00:00:00,12,14.6,19.08,582.47,556.06,26.41,19.75,75.5,19.56,19.08,17.71,17.85,1,12z,12,NOAA NCEI GFS Archive,experiments/phase6/data/raw/gfs_20230209_12_012_subset.grib2,2023-02-10 00:00:00,19.08,18.60437534215488,18.908334999999997,2,19.16796986518636,20.12836942675159,18.57300244269369,,19.888047738436143
43063099999,PUNE,Synoptic/Airport,18.5333333,73.85,2023-02-10T00:00:00,2023-02-09T12:00:00,2023-02-10T00:00:00,12,12.6,19.77,558.0,677.98,-119.98,18.5,73.75,19.77,18.88,19.83,19.57,1,12z,12,NOAA NCEI GFS Archive,experiments/phase6/data/raw/gfs_20230209_12_012_subset.grib2,2023-02-10 00:00:00,19.77,19.45559995840001,20.54987,2,19.85796986518636,20.81836942675159,20.465462179346105,,21.67882602082727
43110099999,RATNAGIRI,Synoptic/Airport,16.9833333,73.3333333,2023-02-10T00:00:00,2023-02-09T12:00:00,2023-02-10T00:00:00,12,19.4,22.99,67.0,36.22,30.78,17.0,73.25,24.41,19.74,22.99,20.01,1,12z,12,NOAA NCEI GFS Archive,experiments/phase6/data/raw/gfs_20230209_12_012_subset.grib2,2023-02-10 00:00:00,22.99,22.053778304355497,22.78993,2,22.85682551319648,24.03836942675159,22.22783155335313,,23.76011206602111
43117099999,SOLAPUR,Synoptic/Airport,17.627958,75.934842,2023-02-10T00:00:00,2023-02-09T12:00:00,2023-02-10T00:00:00,12,18.2,22.3,482.8,492.06,-9.26,17.75,76.0,22.66,22.44,22.71,22.3,1,12z,12,NOAA NCEI GFS Archive,experiments/phase6/data/raw/gfs_20230209_12_012_subset.grib2,2023-02-10 00:00:00,22.3,22.45102852158656,22.36019,2,22.683029315960912,23.348369426751592,21.88209731785981,,23.372327164392985
42851099999,JALGAON,Synoptic/Airport,21.05,75.5666666,2023-02-10T12:00:00,2023-02-09T12:00:00,2023-02-10T12:00:00,24,35.6,33.13,201.0,212.38,-11.38,21.0,75.5,33.13,33.01,32.03,31.62,1,12z,24,NOAA NCEI GFS Archive,experiments/phase6/data/raw/gfs_20230209_12_024_subset.grib2,2023-02-10 12:00:00,33.13,32.862533380799995,33.203970000000005,2,32.98510980966325,34.178369426751594,34.28017545576467,,34.31616744648194
42871099999,GONDIA ARPT/BIRSI,Synoptic/Airport,21.524467,80.287997,2023-02-10T12:00:00,2023-02-09T12:00:00,2023-02-10T12:00:00,24,32.0,30.87,300.84,301.18,-0.34,21.5,80.25,30.87,29.91,30.66,27.63,1,12z,24,NOAA NCEI GFS Archive,experiments/phase6/data/raw/gfs_20230209_12_024_subset.grib2,2023-02-10 12:00:00,30.87,30.672748483521097,30.872210000000003,2,30.72510980966325,31.918369426751592,31.56113717128433,,31.97600336254867
42920099999,OZAR AIR FORCE STATION /NASHIK ARPT,Synoptic/Airport,20.119156,73.914097,2023-02-10T12:00:00,2023-02-09T12:00:00,2023-02-10T12:00:00,24,33.0,31.58,598.02,584.38,13.64,20.0,74.0,30.64,31.58,29.98,30.45,1,12z,24,NOAA NCEI GFS Archive,experiments/phase6/data/raw/gfs_20230209_12_024_subset.grib2,2023-02-10 12:00:00,31.58,30.795393251167354,31.491339999999997,2,31.50743138634764,32.62836942675159,32.514864506253716,,32.57987898370223
42933099999,AKOLA,Synoptic/Airport,20.7,77.0333333,2023-02-10T12:00:00,2023-02-09T12:00:00,2023-02-10T12:00:00,24,32.8,33.7,282.0,280.22,1.78,20.75,77.0,32.39,32.11,33.7,33.16,1,12z,24,NOAA NCEI GFS Archive,experiments/phase6/data/raw/gfs_20230209_12_024_subset.grib2,2023-02-10 12:00:00,33.7,33.37293339840001,33.688430000000004,2,34.083029315960914,34.748369426751594,35.156865340354784,,34.78639482005263
42939099999,WARDHA,Synoptic/Airport,20.6666666,78.5833333,2023-02-10T12:00:00,2023-02-09T12:00:00,2023-02-10T12:00:00,24,35.2,32.67,283.0,275.58,7.42,20.75,78.5,32.38,32.14,32.67,31.93,1,12z,24,NOAA NCEI GFS Archive,experiments/phase6/data/raw/gfs_20230209_12_024_subset.grib2,2023-02-10 12:00:00,32.67,32.38222226577774,32.621770000000005,2,32.53682551319648,33.71836942675159,33.46651946912024,,33.71528058094242
42943099999,YEOTMAL,Synoptic/Airport,20.4,78.15,2023-02-10T12:00:00,2023-02-09T12:00:00,2023-02-10T12:00:00,24,32.0,32.06,451.0,308.86,142.14,20.5,78.25,32.33,32.15,32.27,32.06,1,12z,24,NOAA NCEI GFS Archive,experiments/phase6/data/raw/gfs_20230209_12_024_subset.grib2,2023-02-10 12:00:00,32.06,32.1752,31.136090000000003,2,31.915109809663253,33.108369426751594,32.04653820148102,,32.092222483646374
43014099999,AURANGABAD,Synoptic/Airport,19.863169,75.398206,2023-02-10T12:00:00,2023-02-09T12:00:00,2023-02-10T12:00:00,24,33.0,32.34,582.47,556.06,26.41,19.75,75.5,32.5,32.34,31.06,31.42,1,12z,24,NOAA NCEI GFS Archive,experiments/phase6/data/raw/gfs_20230209_12_024_subset.grib2,2023-02-10 12:00:00,32.34,31.892840462452487,32.168335000000006,2,32.42796986518636,33.388369426751595,32.91996417264479,,33.24279598948719
43017099999,PARBHANI,Synoptic/Airport,19.1333333,76.8333333,2023-02-10T12:00:00,2023-02-09T12:00:00,2023-02-10T12:00:00,24,34.0,32.68,422.0,405.66,16.34,19.25,76.75,32.83,32.8,32.68,32.81,1,12z,24,NOAA NCEI GFS Archive,experiments/phase6/data/raw/gfs_20230209_12_024_subset.grib2,2023-02-10 12:00:00,32.68,32.76844444995557,32.57379,2,32.54682551319648,33.72836942675159,33.4193348148361,,33.65813951841394
43021099999,NANDED,Synoptic/Airport,19.0833333,77.3333333,2023-02-10T12:00:00,2023-02-09T12:00:00,2023-02-10T12:00:00,24,32.0,32.63,358.0,399.74,-41.74,19.0,77.25,32.63,32.93,32.9,32.35,1,12z,24,NOAA NCEI GFS Archive,experiments/phase6/data/raw/gfs_20230209_12_024_subset.grib2,2023-02-10 12:00:00,32.63,32.7255555551111,32.90131,2,32.48510980966325,33.678369426751594,33.887941257878786,,34.04528961340191
43029099999,CHANDRAPUR,Synoptic/Airport,19.9666666,79.3,2023-02-10T12:00:00,2023-02-09T12:00:00,2023-02-10T12:00:00,24,32.8,31.87,193.0,200.22,-7.22,20.0,79.25,31.87,31.81,31.87,31.51,1,12z,24,NOAA NCEI GFS Archive,experiments/phase6/data/raw/gfs_20230209_12_024_subset.grib2,2023-02-10 12:00:00,31.87,31.80600001600001,31.91693,2,31.797431386347643,32.9183694267516,32.997499152707384,,33.02648805590166
43063099999,PUNE,Synoptic/Airport,18.5333333,73.85,2023-02-10T12:00:00,2023-02-09T12:00:00,2023-02-10T12:00:00,24,32.8,31.65,558.0,677.98,-119.98,18.5,73.75,31.65,32.13,32.42,32.73,1,12z,24,NOAA NCEI GFS Archive,experiments/phase6/data/raw/gfs_20230209_12_024_subset.grib2,2023-02-10 12:00:00,31.65,31.935599906399982,32.42987,2,31.73796986518636,32.69836942675159,33.317416864741006,,33.65535623640889
43069099999,BARAMATI,Synoptic/Airport,18.15,74.5833333,2023-02-10T12:00:00,2023-02-09T12:00:00,2023-02-10T12:00:00,24,31.0,32.62,551.0,580.7,-29.7,18.25,74.5,32.33,32.83,32.62,33.19,1,12z,24,NOAA NCEI GFS Archive,experiments/phase6/data/raw/gfs_20230209_12_024_subset.grib2,2023-02-10 12:00:00,32.62,32.684666594400014,32.81305,2,32.54743138634764,33.66836942675159,34.04023088822032,,33.94469457519127
43110099999,RATNAGIRI,Synoptic/Airport,16.9833333,73.3333333,2023-02-10T12:00:00,2023-02-09T12:00:00,2023-02-10T12:00:00,24,29.0,26.13,67.0,36.22,30.78,17.0,73.25,26.1,31.05,26.13,30.61,1,12z,24,NOAA NCEI GFS Archive,experiments/phase6/data/raw/gfs_20230209_12_024_subset.grib2,2023-02-10 12:00:00,26.13,27.631777193155663,25.92993,2,25.99682551319648,27.17836942675159,25.785236672008594,,27.007928056963046
43111099999,MAHABALESHWAR,Synoptic/Airport,17.9333333,73.6666666,2023-02-10T12:00:00,2023-02-09T12:00:00,2023-02-10T12:00:00,24,25.2,30.6,1382.0,888.7,493.3,18.0,73.75,31.65,31.49,32.56,30.6,1,12z,24,NOAA NCEI GFS Archive,experiments/phase6/data/raw/gfs_20230209_12_024_subset.grib2,2023-02-10 12:00:00,30.6,31.330667099999943,27.39355,2,30.983029315960916,31.648369426751596,29.751578357724537,,27.991426016902444
43113099999,SATARA,Synoptic/Airport,17.5166666,74.05,2023-02-10T12:00:00,2023-02-09T12:00:00,2023-02-10T12:00:00,24,32.0,31.64,612.0,746.14,-134.14,17.5,74.0,31.64,31.99,31.18,30.82,1,12z,24,NOAA NCEI GFS Archive,experiments/phase6/data/raw/gfs_20230209_12_024_subset.grib2,2023-02-10 12:00:00,31.64,31.6698668272,32.51191,2,31.72796986518636,32.68836942675159,33.41733271183458,,33.75193132412215
43117099999,SOLAPUR,Synoptic/Airport,17.627958,75.934842,2023-02-10T12:00:00,2023-02-09T12:00:00,2023-02-10T12:00:00,24,34.0,33.74,482.8,492.06,-9.26,17.75,76.0,33.58,33.84,33.82,33.74,1,12z,24,NOAA NCEI GFS Archive,experiments/phase6/data/raw/gfs_20230209_12_024_subset.grib2,2023-02-10 12:00:00,33.74,33.766408411260166,33.80019,2,34.12302931596091,34.78836942675159,35.24357438682909,,34.90942554257855
43157099999,KOLHAPUR,Synoptic/Airport,16.664658,74.289353,2023-02-10T12:00:00,2023-02-09T12:00:00,2023-02-10T12:00:00,24,32.8,32.91,608.38,591.9,16.48,16.75,74.25,32.75,32.47,32.91,32.89,1,12z,24,NOAA NCEI GFS Archive,experiments/phase6/data/raw/gfs_20230209_12_024_subset.grib2,2023-02-10 12:00:00,32.91,32.83826167089984,32.802879999999995,2,33.29302931596091,33.95836942675159,34.17860634943621,,33.88678894349995
43158099999,SANGLI,Synoptic/Airport,16.85,74.6,2023-02-10T12:00:00,2023-02-09T12:00:00,2023-02-10T12:00:00,24,33.0,32.89,549.0,562.78,-13.78,16.75,74.5,32.89,32.51,32.89,31.91,1,12z,24,NOAA NCEI GFS Archive,experiments/phase6/data/raw/gfs_20230209_12_024_subset.grib2,2023-02-10 12:00:00,32.89,32.64200000000001,32.97957,2,32.81743138634764,33.93836942675159,34.25883097024056,,34.094538738937636
42933099999,AKOLA,Synoptic/Airport,20.7,77.0333333,2023-02-11T00:00:00,2023-02-09T12:00:00,2023-02-11T00:00:00,36,16.3,21.58,282.0,280.22,1.78,20.75,77.0,20.98,21.07,21.58,21.57,1,12z,36,NOAA NCEI GFS Archive,experiments/phase6/data/raw/gfs_20230209_12_036_subset.grib2,2023-02-11 00:00:00,21.58,21.461333331999995,21.56843,2,21.96302931596091,22.62836942675159,20.926944519587977,,22.793915723122513
43014099999,AURANGABAD,Synoptic/Airport,19.863169,75.398206,2023-02-11T00:00:00,2023-02-09T12:00:00,2023-02-11T00:00:00,36,18.0,19.88,582.47,556.06,26.41,19.75,75.5,20.16,19.88,18.66,19.39,1,12z,36,NOAA NCEI GFS Archive,experiments/phase6/data/raw/gfs_20230209_12_036_subset.grib2,2023-02-11 00:00:00,19.88,19.586036048994245,19.708334999999998,2,19.96796986518636,20.92836942675159,19.403461275070256,,20.910755927296492
43063099999,PUNE,Synoptic/Airport,18.5333333,73.85,2023-02-11T00:00:00,2023-02-09T12:00:00,2023-02-11T00:00:00,36,12.8,19.51,558.0,677.98,-119.98,18.5,73.75,19.51,19.04,19.74,19.97,1,12z,36,NOAA NCEI GFS Archive,experiments/phase6/data/raw/gfs_20230209_12_036_subset.grib2,2023-02-11 00:00:00,19.51,19.38999993200001,20.28987,2,19.59796986518636,20.558369426751597,20.147582267353425,,21.642902965051686
43110099999,RATNAGIRI,Synoptic/Airport,16.9833333,73.3333333,2023-02-11T00:00:00,2023-02-09T12:00:00,2023-02-11T00:00:00,36,18.4,22.43,67.0,36.22,30.78,17.0,73.25,23.96,18.86,22.43,18.95,1,12z,36,NOAA NCEI GFS Archive,experiments/phase6/data/raw/gfs_20230209_12_036_subset.grib2,2023-02-11 00:00:00,22.43,21.336000610399925,22.22993,2,22.29682551319648,23.47836942675159,21.469769251993966,,23.424576393839132
43117099999,SOLAPUR,Synoptic/Airport,17.627958,75.934842,2023-02-11T00:00:00,2023-02-09T12:00:00,2023-02-11T00:00:00,36,17.8,22.01,482.8,492.06,-9.26,17.75,76.0,22.09,22.74,21.82,22.01,1,12z,36,NOAA NCEI GFS Archive,experiments/phase6/data/raw/gfs_20230209_12_036_subset.grib2,2023-02-11 00:00:00,22.01,22.258315746999045,22.07019,2,22.393029315960916,23.058369426751597,21.470387232318526,,23.30644284697676
42920099999,OZAR AIR FORCE STATION /NASHIK ARPT,Synoptic/Airport,20.119156,73.914097,2023-02-11T12:00:00,2023-02-09T12:00:00,2023-02-11T12:00:00,48,31.0,30.78,598.02,584.38,13.64,20.0,74.0,30.05,30.78,29.29,29.95,1,12z,48,NOAA NCEI GFS Archive,experiments/phase6/data/raw/gfs_20230209_12_048_subset.grib2,2023-02-11 12:00:00,30.78,30.145029480812155,30.69134,2,30.707431386347643,31.828369426751596,31.478229640726248,,32.004653218395134
42933099999,AKOLA,Synoptic/Airport,20.7,77.0333333,2023-02-11T12:00:00,2023-02-09T12:00:00,2023-02-11T12:00:00,48,32.8,33.49,282.0,280.22,1.78,20.75,77.0,32.68,32.51,33.49,33.28,1,12z,48,NOAA NCEI GFS Archive,experiments/phase6/data/raw/gfs_20230209_12_048_subset.grib2,2023-02-11 12:00:00,33.49,33.3010666936,33.47843,2,33.87302931596091,34.53836942675159,34.83884421199427,,34.80040720034478
43014099999,AURANGABAD,Synoptic/Airport,19.863169,75.398206,2023-02-11T12:00:00,2023-02-09T12:00:00,2023-02-11T12:00:00,48,33.0,32.36,582.47,556.06,26.41,19.75,75.5,32.72,32.36,31.17,31.34,1,12z,48,NOAA NCEI GFS Archive,experiments/phase6/data/raw/gfs_20230209_12_048_subset.grib2,2023-02-11 12:00:00,32.36,31.947164874422725,32.188335,2,32.44796986518636,33.40836942675159,32.90541902331568,,33.48651137569091
43021099999,NANDED,Synoptic/Airport,19.0833333,77.3333333,2023-02-11T12:00:00,2023-02-09T12:00:00,2023-02-11T12:00:00,48,34.0,33.52,358.0,399.74,-41.74,19.0,77.25,33.52,33.53,33.62,33.29,1,12z,48,NOAA NCEI GFS Archive,experiments/phase6/data/raw/gfs_20230209_12_048_subset.grib2,2023-02-11 12:00:00,33.52,33.51888890444444,33.79131,2,33.37510980966325,34.568369426751595,34.8384450018433,,35.15788158718418
43063099999,PUNE,Synoptic/Airport,18.5333333,73.85,2023-02-11T12:00:00,2023-02-09T12:00:00,2023-02-11T12:00:00,48,33.6,32.12,558.0,677.98,-119.98,18.5,73.75,32.12,32.42,32.07,33.1,1,12z,48,NOAA NCEI GFS Archive,experiments/phase6/data/raw/gfs_20230209_12_048_subset.grib2,2023-02-11 12:00:00,32.12,32.27226663439999,32.89987,2,32.20796986518636,33.16836942675159,33.79037401254978,,34.348490547222205
43110099999,RATNAGIRI,Synoptic/Airport,16.9833333,73.3333333,2023-02-11T12:00:00,2023-02-09T12:00:00,2023-02-11T12:00:00,48,29.8,26.19,67.0,36.22,30.78,17.0,73.25,26.1,30.7,26.19,31.27,1,12z,48,NOAA NCEI GFS Archive,experiments/phase6/data/raw/gfs_20230209_12_048_subset.grib2,2023-02-11 12:00:00,26.19,27.86666596026681,25.98993,2,26.056825513196483,27.238369426751596,25.740797320061045,,27.291591792020952
43111099999,MAHABALESHWAR,Synoptic/Airport,17.9333333,73.6666666,2023-02-11T12:00:00,2023-02-09T12:00:00,2023-02-11T12:00:00,48,25.0,31.01,1382.0,888.7,493.3,18.0,73.75,33.9,32.5,34.47,31.01,1,12z,48,NOAA NCEI GFS Archive,experiments/phase6/data/raw/gfs_20230209_12_048_subset.grib2,2023-02-11 12:00:00,31.01,32.37755643884438,27.80355,2,31.393029315960916,32.0583694267516,30.159646647514972,,28.624637804434478
43113099999,SATARA,Synoptic/Airport,17.5166666,74.05,2023-02-11T12:00:00,2023-02-09T12:00:00,2023-02-11T12:00:00,48,32.6,32.15,612.0,746.14,-134.14,17.5,74.0,32.15,32.5,31.63,31.26,1,12z,48,NOAA NCEI GFS Archive,experiments/phase6/data/raw/gfs_20230209_12_048_subset.grib2,2023-02-11 12:00:00,32.15,32.17573351039999,33.02191,2,32.23796986518636,33.19836942675159,33.93362339716673,,34.48501398378964
43117099999,SOLAPUR,Synoptic/Airport,17.627958,75.934842,2023-02-11T12:00:00,2023-02-09T12:00:00,2023-02-11T12:00:00,48,34.6,34.02,482.8,492.06,-9.26,17.75,76.0,34.29,34.35,33.84,34.02,1,12z,48,NOAA NCEI GFS Archive,experiments/phase6/data/raw/gfs_20230209_12_048_subset.grib2,2023-02-11 12:00:00,34.02,34.149449544261124,34.08019,2,34.403029315960914,35.068369426751595,35.49939812120078,,35.41280519633449
43157099999,KOLHAPUR,Synoptic/Airport,16.664658,74.289353,2023-02-11T12:00:00,2023-02-09T12:00:00,2023-02-11T12:00:00,48,33.0,33.41,608.38,591.9,16.48,16.75,74.25,33.51,33.48,33.41,33.61,1,12z,48,NOAA NCEI GFS Archive,experiments/phase6/data/raw/gfs_20230209_12_048_subset.grib2,2023-02-11 12:00:00,33.41,33.46326005348832,33.302879999999995,2,33.79302931596091,34.45836942675159,34.692074716055004,,34.60988451595391
43158099999,SANGLI,Synoptic/Airport,16.85,74.6,2023-02-11T12:00:00,2023-02-09T12:00:00,2023-02-11T12:00:00,48,33.4,33.61,549.0,562.78,-13.78,16.75,74.5,33.61,33.55,33.47,32.62,1,12z,48,NOAA NCEI GFS Archive,experiments/phase6/data/raw/gfs_20230209_12_048_subset.grib2,2023-02-11 12:00:00,33.61,33.40360000000001,33.69957,2,33.53743138634764,34.65836942675159,35.03800084169974,,35.03735023008961
42851099999,JALGAON,Synoptic/Airport,21.05,75.5666666,2023-08-09T12:00:00,2023-08-09T00:00:00,2023-08-09T12:00:00,12,30.4,28.9,201.0,212.38,-11.38,21.0,75.5,28.9,29.5,28.6,28.2,1,00z,12,NOAA NCEI GFS Archive,experiments/phase6/data/raw/gfs_20230809_00_012_subset.grib2,2023-08-09 12:00:00,28.9,28.946666560000008,28.973969999999998,8,28.75510980966325,27.98763428571429,29.369123705512447,28.775839029783526,
42871099999,GONDIA ARPT/BIRSI,Synoptic/Airport,21.524467,80.287997,2023-08-09T12:00:00,2023-08-09T00:00:00,2023-08-09T12:00:00,12,31.0,27.6,300.84,301.18,-0.34,21.5,80.25,27.6,27.7,28.1,26.4,1,00z,12,NOAA NCEI GFS Archive,experiments/phase6/data/raw/gfs_20230809_00_012_subset.grib2,2023-08-09 12:00:00,27.6,27.6373582291488,27.602210000000003,8,27.45510980966325,26.68763428571429,27.775149590949994,26.985347800889627,
42933099999,AKOLA,Synoptic/Airport,20.7,77.0333333,2023-08-09T12:00:00,2023-08-09T00:00:00,2023-08-09T12:00:00,12,31.4,30.5,282.0,280.22,1.78,20.75,77.0,29.0,28.8,30.5,29.5,1,00z,12,NOAA NCEI GFS Archive,experiments/phase6/data/raw/gfs_20230809_00_012_subset.grib2,2023-08-09 12:00:00,30.5,30.08800011200001,30.48843,8,30.88302931596091,29.587634285714287,31.445350861004574,30.806325631596756,
42939099999,WARDHA,Synoptic/Airport,20.6666666,78.5833333,2023-08-09T12:00:00,2023-08-09T00:00:00,2023-08-09T12:00:00,12,31.0,28.5,283.0,275.58,7.42,20.75,78.5,29.6,30.1,28.5,28.8,1,00z,12,NOAA NCEI GFS Archive,experiments/phase6/data/raw/gfs_20230809_00_012_subset.grib2,2023-08-09 12:00:00,28.5,28.98888915111112,28.45177,8,28.36682551319648,27.587634285714287,28.723579450635796,28.12518165375344,
42943099999,YEOTMAL,Synoptic/Airport,20.4,78.15,2023-08-09T12:00:00,2023-08-09T00:00:00,2023-08-09T12:00:00,12,28.5,28.6,451.0,308.86,142.14,20.5,78.25,29.3,29.3,28.5,28.6,1,00z,12,NOAA NCEI GFS Archive,experiments/phase6/data/raw/gfs_20230809_00_012_subset.grib2,2023-08-09 12:00:00,28.6,28.856000000000005,27.676090000000002,8,28.45510980966325,27.68763428571429,28.03788167085043,27.385082717547515,
43014099999,AURANGABAD,Synoptic/Airport,19.863169,75.398206,2023-08-09T12:00:00,2023-08-09T00:00:00,2023-08-09T12:00:00,12,29.6,28.6,582.47,556.06,26.41,19.75,75.5,28.5,28.6,27.1,27.2,1,00z,12,NOAA NCEI GFS Archive,experiments/phase6/data/raw/gfs_20230809_00_012_subset.grib2,2023-08-09 12:00:00,28.6,27.925536000000008,28.428335,8,28.68796986518636,27.68763428571429,28.88638437325527,28.134450056660285,
43017099999,PARBHANI,Synoptic/Airport,19.1333333,76.8333333,2023-08-09T12:00:00,2023-08-09T00:00:00,2023-08-09T12:00:00,12,31.4,30.0,422.0,405.66,16.34,19.25,76.75,29.5,29.6,30.0,30.1,1,00z,12,NOAA NCEI GFS Archive,experiments/phase6/data/raw/gfs_20230809_00_012_subset.grib2,2023-08-09 12:00:00,30.0,29.79999992,29.89379,8,29.86682551319648,29.087634285714287,30.391391884453764,30.050891615798907,
43021099999,NANDED,Synoptic/Airport,19.0833333,77.3333333,2023-08-09T12:00:00,2023-08-09T00:00:00,2023-08-09T12:00:00,12,30.6,29.7,358.0,399.74,-41.74,19.0,77.25,29.7,30.2,30.1,29.1,1,00z,12,NOAA NCEI GFS Archive,experiments/phase6/data/raw/gfs_20230809_00_012_subset.grib2,2023-08-09 12:00:00,29.7,29.83333334666664,29.97131,8,29.55510980966325,28.787634285714287,30.500413904390356,30.03027380659808,
43029099999,CHANDRAPUR,Synoptic/Airport,19.9666666,79.3,2023-08-09T12:00:00,2023-08-09T00:00:00,2023-08-09T12:00:00,12,30.2,30.2,193.0,200.22,-7.22,20.0,79.25,29.9,29.5,30.2,29.8,1,00z,12,NOAA NCEI GFS Archive,experiments/phase6/data/raw/gfs_20230809_00_012_subset.grib2,2023-08-09 12:00:00,30.2,30.07999992,30.24693,8,30.12743138634764,29.287634285714287,31.042977239706396,30.467908211200427,
43063099999,PUNE,Synoptic/Airport,18.5333333,73.85,2023-08-09T12:00:00,2023-08-09T00:00:00,2023-08-09T12:00:00,12,25.6,24.4,558.0,677.98,-119.98,18.5,73.75,24.4,25.9,24.8,25.9,1,00z,12,NOAA NCEI GFS Archive,experiments/phase6/data/raw/gfs_20230809_00_012_subset.grib2,2023-08-09 12:00:00,24.4,25.03199996799996,25.179869999999998,8,24.48796986518636,23.48763428571429,25.481319147675947,23.52863416769438,
43069099999,BARAMATI,Synoptic/Airport,18.15,74.5833333,2023-08-09T12:00:00,2023-08-09T00:00:00,2023-08-09T12:00:00,12,28.6,28.2,551.0,580.7,-29.7,18.25,74.5,28.8,29.5,28.2,29.3,1,00z,12,NOAA NCEI GFS Archive,experiments/phase6/data/raw/gfs_20230809_00_012_subset.grib2,2023-08-09 12:00:00,28.2,28.753333208000026,28.39305,8,28.12743138634764,27.287634285714287,28.800535931329016,27.96884502118958,
43110099999,RATNAGIRI,Synoptic/Airport,16.9833333,73.3333333,2023-08-09T12:00:00,2023-08-09T00:00:00,2023-08-09T12:00:00,12,28.4,27.8,67.0,36.22,30.78,17.0,73.25,27.7,28.1,27.8,28.1,1,00z,12,NOAA NCEI GFS Archive,experiments/phase6/data/raw/gfs_20230809_00_012_subset.grib2,2023-08-09 12:00:00,27.8,27.895555505777786,27.59993,8,27.66682551319648,26.887634285714288,27.764164435078737,27.04830403076201,
43111099999,MAHABALESHWAR,Synoptic/Airport,17.9333333,73.6666666,2023-08-09T12:00:00,2023-08-09T00:00:00,2023-08-09T12:00:00,12,18.8,22.3,1382.0,888.7,493.3,18.0,73.75,26.6,22.9,26.4,22.3,1,00z,12,NOAA NCEI GFS Archive,experiments/phase6/data/raw/gfs_20230809_00_012_subset.grib2,2023-08-09 12:00:00,22.3,23.79111223822222,19.09355,8,22.683029315960912,21.387634285714288,20.06739285810039,16.780708128357556,
43113099999,SATARA,Synoptic/Airport,17.5166666,74.05,2023-08-09T12:00:00,2023-08-09T00:00:00,2023-08-09T12:00:00,12,27.0,23.9,612.0,746.14,-134.14,17.5,74.0,23.9,25.2,24.2,25.0,1,00z,12,NOAA NCEI GFS Archive,experiments/phase6/data/raw/gfs_20230809_00_012_subset.grib2,2023-08-09 12:00:00,23.9,24.173333279999987,24.77191,8,23.98796986518636,22.98763428571429,25.05039916010827,22.959166020550462,
43117099999,SOLAPUR,Synoptic/Airport,17.627958,75.934842,2023-08-09T12:00:00,2023-08-09T00:00:00,2023-08-09T12:00:00,12,31.0,29.7,482.8,492.06,-9.26,17.75,76.0,30.2,30.0,30.1,29.7,1,00z,12,NOAA NCEI GFS Archive,experiments/phase6/data/raw/gfs_20230809_00_012_subset.grib2,2023-08-09 12:00:00,29.7,29.9252567595648,29.760189999999998,8,30.08302931596091,28.787634285714287,30.548325857080815,29.819961431463,
43157099999,KOLHAPUR,Synoptic/Airport,16.664658,74.289353,2023-08-09T12:00:00,2023-08-09T00:00:00,2023-08-09T12:00:00,12,26.8,25.8,608.38,591.9,16.48,16.75,74.25,25.5,26.6,25.8,27.1,1,00z,12,NOAA NCEI GFS Archive,experiments/phase6/data/raw/gfs_20230809_00_012_subset.grib2,2023-08-09 12:00:00,25.8,25.891478116076826,25.692880000000002,8,26.183029315960912,24.887634285714288,25.88804408787599,24.496274238885253,
43158099999,SANGLI,Synoptic/Airport,16.85,74.6,2023-08-09T12:00:00,2023-08-09T00:00:00,2023-08-09T12:00:00,12,28.8,27.1,549.0,562.78,-13.78,16.75,74.5,27.1,27.7,27.1,27.1,1,00z,12,NOAA NCEI GFS Archive,experiments/phase6/data/raw/gfs_20230809_00_012_subset.grib2,2023-08-09 12:00:00,27.1,27.243999999999996,27.18957,8,27.027431386347644,26.18763428571429,27.382522533302065,26.41121755675995,
42933099999,AKOLA,Synoptic/Airport,20.7,77.0333333,2023-08-10T00:00:00,2023-08-09T00:00:00,2023-08-10T00:00:00,24,24.9,23.76,282.0,280.22,1.78,20.75,77.0,22.96,22.96,23.76,23.46,1,00z,24,NOAA NCEI GFS Archive,experiments/phase6/data/raw/gfs_20230809_00_024_subset.grib2,2023-08-10 00:00:00,23.76,23.568000032000004,23.748430000000003,8,24.143029315960916,22.84763428571429,23.5160124106444,21.65967875977982,
43014099999,AURANGABAD,Synoptic/Airport,19.863169,75.398206,2023-08-10T00:00:00,2023-08-09T00:00:00,2023-08-10T00:00:00,24,23.0,22.26,582.47,556.06,26.41,19.75,75.5,22.66,22.26,21.56,21.76,1,00z,24,NOAA NCEI GFS Archive,experiments/phase6/data/raw/gfs_20230809_00_024_subset.grib2,2023-08-10 00:00:00,22.26,22.085941118214404,22.088335,8,22.34796986518636,21.34763428571429,21.99991271675605,19.516728028467664,
43063099999,PUNE,Synoptic/Airport,18.5333333,73.85,2023-08-10T00:00:00,2023-08-09T00:00:00,2023-08-10T00:00:00,24,23.0,21.46,558.0,677.98,-119.98,18.5,73.75,21.46,22.36,21.36,21.86,1,00z,24,NOAA NCEI GFS Archive,experiments/phase6/data/raw/gfs_20230809_00_024_subset.grib2,2023-08-10 00:00:00,21.46,21.78533336799998,22.23987,8,21.54796986518636,20.547634285714288,22.278198180663008,19.406773310308452,
43110099999,RATNAGIRI,Synoptic/Airport,16.9833333,73.3333333,2023-08-10T00:00:00,2023-08-09T00:00:00,2023-08-10T00:00:00,24,26.6,26.46,67.0,36.22,30.78,17.0,73.25,26.96,24.16,26.46,23.96,1,00z,24,NOAA NCEI GFS Archive,experiments/phase6/data/raw/gfs_20230809_00_024_subset.grib2,2023-08-10 00:00:00,26.46,25.6533337226666,26.25993,8,26.32682551319648,25.547634285714288,26.165068241856712,25.042142547873343,
42851099999,JALGAON,Synoptic/Airport,21.05,75.5666666,2023-08-10T12:00:00,2023-08-09T00:00:00,2023-08-10T12:00:00,36,27.6,28.7,201.0,212.38,-11.38,21.0,75.5,28.7,28.8,28.7,28.5,1,00z,36,NOAA NCEI GFS Archive,experiments/phase6/data/raw/gfs_20230809_00_036_subset.grib2,2023-08-10 12:00:00,28.7,28.710666656,28.77397,8,28.55510980966325,27.787634285714287,29.04221083988271,28.042850094476947,
43014099999,AURANGABAD,Synoptic/Airport,19.863169,75.398206,2023-08-10T12:00:00,2023-08-09T00:00:00,2023-08-10T12:00:00,36,28.4,28.5,582.47,556.06,26.41,19.75,75.5,28.7,28.5,28.0,28.5,1,00z,36,NOAA NCEI GFS Archive,experiments/phase6/data/raw/gfs_20230809_00_036_subset.grib2,2023-08-10 12:00:00,28.5,28.4524120379168,28.328335,8,28.58796986518636,27.587634285714287,28.741838611356062,27.533692332259783,
43017099999,PARBHANI,Synoptic/Airport,19.1333333,76.8333333,2023-08-10T12:00:00,2023-08-09T00:00:00,2023-08-10T12:00:00,36,30.2,29.5,422.0,405.66,16.34,19.25,76.75,29.8,29.1,29.5,29.1,1,00z,36,NOAA NCEI GFS Archive,experiments/phase6/data/raw/gfs_20230809_00_036_subset.grib2,2023-08-10 12:00:00,29.5,29.460000098666654,29.39379,8,29.36682551319648,28.587634285714287,29.70238986852153,28.92120904777409,
43063099999,PUNE,Synoptic/Airport,18.5333333,73.85,2023-08-10T12:00:00,2023-08-09T00:00:00,2023-08-10T12:00:00,36,27.6,25.1,558.0,677.98,-119.98,18.5,73.75,25.1,26.8,25.1,26.6,1,00z,36,NOAA NCEI GFS Archive,experiments/phase6/data/raw/gfs_20230809_00_036_subset.grib2,2023-08-10 12:00:00,25.1,25.76933334399996,25.87987,8,25.18796986518636,24.18763428571429,26.2034441362441,23.985726130542517,
43111099999,MAHABALESHWAR,Synoptic/Airport,17.9333333,73.6666666,2023-08-10T12:00:00,2023-08-09T00:00:00,2023-08-10T12:00:00,36,18.6,22.3,1382.0,888.7,493.3,18.0,73.75,26.9,23.3,26.7,22.3,1,00z,36,NOAA NCEI GFS Archive,experiments/phase6/data/raw/gfs_20230809_00_036_subset.grib2,2023-08-10 12:00:00,22.3,23.962223436444425,19.09355,8,22.683029315960912,21.387634285714288,19.99530524233939,16.312181614863135,
43113099999,SATARA,Synoptic/Airport,17.5166666,74.05,2023-08-10T12:00:00,2023-08-09T00:00:00,2023-08-10T12:00:00,36,25.6,24.5,612.0,746.14,-134.14,17.5,74.0,24.5,25.9,24.9,25.6,1,00z,36,NOAA NCEI GFS Archive,experiments/phase6/data/raw/gfs_20230809_00_036_subset.grib2,2023-08-10 12:00:00,24.5,24.797333263999988,25.37191,8,24.58796986518636,23.587634285714287,25.664190304868,23.284026772492517,
42933099999,AKOLA,Synoptic/Airport,20.7,77.0333333,2023-08-11T00:00:00,2023-08-09T00:00:00,2023-08-11T00:00:00,48,25.0,23.95,282.0,280.22,1.78,20.75,77.0,23.35,23.35,23.95,23.75,1,00z,48,NOAA NCEI GFS Archive,experiments/phase6/data/raw/gfs_20230809_00_048_subset.grib2,2023-08-11 00:00:00,23.95,23.808666688,23.93843,8,24.33302931596091,23.037634285714287,23.66643606818772,21.442391547006945,
43014099999,AURANGABAD,Synoptic/Airport,19.863169,75.398206,2023-08-11T00:00:00,2023-08-09T00:00:00,2023-08-11T00:00:00,48,22.0,22.25,582.47,556.06,26.41,19.75,75.5,22.45,22.25,21.35,21.55,1,00z,48,NOAA NCEI GFS Archive,experiments/phase6/data/raw/gfs_20230809_00_048_subset.grib2,2023-08-11 00:00:00,22.25,21.94083447880961,22.078335,8,22.33796986518636,21.337634285714287,21.952867414284416,19.034978393882632,
43063099999,PUNE,Synoptic/Airport,18.5333333,73.85,2023-08-11T00:00:00,2023-08-09T00:00:00,2023-08-11T00:00:00,48,21.6,21.25,558.0,677.98,-119.98,18.5,73.75,21.25,21.95,20.95,21.25,1,00z,48,NOAA NCEI GFS Archive,experiments/phase6/data/raw/gfs_20230809_00_048_subset.grib2,2023-08-11 00:00:00,21.25,21.468666727999988,22.02987,8,21.33796986518636,20.337634285714287,22.014485190574533,18.66056125391126,
43110099999,RATNAGIRI,Synoptic/Airport,16.9833333,73.3333333,2023-08-11T00:00:00,2023-08-09T00:00:00,2023-08-11T00:00:00,48,26.4,26.15,67.0,36.22,30.78,17.0,73.25,26.65,23.95,26.15,23.55,1,00z,48,NOAA NCEI GFS Archive,experiments/phase6/data/raw/gfs_20230809_00_048_subset.grib2,2023-08-11 00:00:00,26.15,25.314444854222156,25.94993,8,26.01682551319648,25.23763428571429,25.694757129776423,24.163699280570075,
42933099999,AKOLA,Synoptic/Airport,20.7,77.0333333,2023-08-10T00:00:00,2023-08-09T12:00:00,2023-08-10T00:00:00,12,24.9,23.55,282.0,280.22,1.78,20.75,77.0,22.95,22.75,23.55,23.35,1,12z,12,NOAA NCEI GFS Archive,experiments/phase6/data/raw/gfs_20230809_12_012_subset.grib2,2023-08-10 00:00:00,23.55,23.40333336,23.53843,8,23.933029315960912,22.637634285714288,23.306122705925382,21.61625647362426,
43014099999,AURANGABAD,Synoptic/Airport,19.863169,75.398206,2023-08-10T00:00:00,2023-08-09T12:00:00,2023-08-10T00:00:00,12,23.0,22.25,582.47,556.06,26.41,19.75,75.5,22.25,22.25,21.15,21.45,1,12z,12,NOAA NCEI GFS Archive,experiments/phase6/data/raw/gfs_20230809_12_012_subset.grib2,2023-08-10 00:00:00,22.25,21.8325635591072,22.078335,8,22.33796986518636,21.337634285714287,22.007185291420605,19.737768164124265,
43063099999,PUNE,Synoptic/Airport,18.5333333,73.85,2023-08-10T00:00:00,2023-08-09T12:00:00,2023-08-10T00:00:00,12,23.0,20.85,558.0,677.98,-119.98,18.5,73.75,20.85,21.45,21.25,21.35,1,12z,12,NOAA NCEI GFS Archive,experiments/phase6/data/raw/gfs_20230809_12_012_subset.grib2,2023-08-10 00:00:00,20.85,21.116666639999988,21.62987,8,20.93796986518636,19.93763428571429,21.635467692477043,18.83442618052858,
43110099999,RATNAGIRI,Synoptic/Airport,16.9833333,73.3333333,2023-08-10T00:00:00,2023-08-09T12:00:00,2023-08-10T00:00:00,12,26.6,26.05,67.0,36.22,30.78,17.0,73.25,26.65,23.95,26.05,23.75,1,12z,12,NOAA NCEI GFS Archive,experiments/phase6/data/raw/gfs_20230809_12_012_subset.grib2,2023-08-10 00:00:00,26.05,25.31444481688883,25.84993,8,25.91682551319648,25.137634285714288,25.749906110126595,24.73425783990563,
42851099999,JALGAON,Synoptic/Airport,21.05,75.5666666,2023-08-10T12:00:00,2023-08-09T12:00:00,2023-08-10T12:00:00,24,27.6,28.11,201.0,212.38,-11.38,21.0,75.5,28.11,28.41,28.01,28.61,1,12z,24,NOAA NCEI GFS Archive,experiments/phase6/data/raw/gfs_20230809_12_024_subset.grib2,2023-08-10 12:00:00,28.11,28.18599990400001,28.18397,8,27.96510980966325,27.197634285714287,28.397027400569105,27.49694920687829,
43014099999,AURANGABAD,Synoptic/Airport,19.863169,75.398206,2023-08-10T12:00:00,2023-08-09T12:00:00,2023-08-10T12:00:00,24,28.4,29.61,582.47,556.06,26.41,19.75,75.5,29.61,29.61,28.01,28.21,1,12z,24,NOAA NCEI GFS Archive,experiments/phase6/data/raw/gfs_20230809_12_024_subset.grib2,2023-08-10 12:00:00,29.61,28.939389839404804,29.438335,8,29.69796986518636,28.697634285714287,29.96245023667492,29.235722030064473,
43017099999,PARBHANI,Synoptic/Airport,19.1333333,76.8333333,2023-08-10T12:00:00,2023-08-09T12:00:00,2023-08-10T12:00:00,24,30.2,30.21,422.0,405.66,16.34,19.25,76.75,29.21,30.21,30.21,30.21,1,12z,24,NOAA NCEI GFS Archive,experiments/phase6/data/raw/gfs_20230809_12_024_subset.grib2,2023-08-10 12:00:00,30.21,29.89888873777777,30.10379,8,30.07682551319648,29.297634285714288,30.57635306476078,30.094313901954465,
43063099999,PUNE,Synoptic/Airport,18.5333333,73.85,2023-08-10T12:00:00,2023-08-09T12:00:00,2023-08-10T12:00:00,24,27.6,25.01,558.0,677.98,-119.98,18.5,73.75,25.01,26.51,25.21,26.61,1,12z,24,NOAA NCEI GFS Archive,experiments/phase6/data/raw/gfs_20230809_12_024_subset.grib2,2023-08-10 12:00:00,25.01,25.631333311999963,25.78987,8,25.09796986518636,24.09763428571429,26.124049635861915,24.100981297474256,
43111099999,MAHABALESHWAR,Synoptic/Airport,17.9333333,73.6666666,2023-08-10T12:00:00,2023-08-09T12:00:00,2023-08-10T12:00:00,24,18.6,22.31,1382.0,888.7,493.3,18.0,73.75,27.11,23.21,27.01,22.31,1,12z,24,NOAA NCEI GFS Archive,experiments/phase6/data/raw/gfs_20230809_12_024_subset.grib2,2023-08-10 12:00:00,22.31,24.045556836444423,19.10355,8,22.69302931596091,21.39763428571429,20.043060169867484,16.559667992700952,
43113099999,SATARA,Synoptic/Airport,17.5166666,74.05,2023-08-10T12:00:00,2023-08-09T12:00:00,2023-08-10T12:00:00,24,25.6,24.31,612.0,746.14,-134.14,17.5,74.0,24.31,25.71,24.61,25.41,1,12z,24,NOAA NCEI GFS Archive,experiments/phase6/data/raw/gfs_20230809_12_024_subset.grib2,2023-08-10 12:00:00,24.31,24.601999951999986,25.18191,8,24.39796986518636,23.39763428571429,25.476461960677394,23.26705072851818,
42933099999,AKOLA,Synoptic/Airport,20.7,77.0333333,2023-08-11T00:00:00,2023-08-09T12:00:00,2023-08-11T00:00:00,36,25.0,24.09,282.0,280.22,1.78,20.75,77.0,23.19,23.19,24.09,23.99,1,12z,36,NOAA NCEI GFS Archive,experiments/phase6/data/raw/gfs_20230809_12_036_subset.grib2,2023-08-11 00:00:00,24.09,23.899333344,24.07843,8,24.47302931596091,23.177634285714287,23.866435551134565,21.86177849902267,
43014099999,AURANGABAD,Synoptic/Airport,19.863169,75.398206,2023-08-11T00:00:00,2023-08-09T12:00:00,2023-08-11T00:00:00,36,22.0,22.39,582.47,556.06,26.41,19.75,75.5,22.49,22.39,21.19,21.49,1,12z,36,NOAA NCEI GFS Archive,experiments/phase6/data/raw/gfs_20230809_12_036_subset.grib2,2023-08-11 00:00:00,22.39,21.949581678809604,22.218335,8,22.47796986518636,21.477634285714288,22.1226407546616,19.454365345898353,
43063099999,PUNE,Synoptic/Airport,18.5333333,73.85,2023-08-11T00:00:00,2023-08-09T12:00:00,2023-08-11T00:00:00,36,21.6,21.29,558.0,677.98,-119.98,18.5,73.75,21.29,21.49,21.09,21.19,1,12z,36,NOAA NCEI GFS Archive,experiments/phase6/data/raw/gfs_20230809_12_036_subset.grib2,2023-08-11 00:00:00,21.29,21.338000031999997,22.069869999999998,8,21.37796986518636,20.377634285714286,22.075924687143296,18.947716995020905,
43110099999,RATNAGIRI,Synoptic/Airport,16.9833333,73.3333333,2023-08-11T00:00:00,2023-08-09T12:00:00,2023-08-11T00:00:00,36,26.4,26.29,67.0,36.22,30.78,17.0,73.25,26.79,23.89,26.29,23.89,1,12z,36,NOAA NCEI GFS Archive,experiments/phase6/data/raw/gfs_20230809_12_036_subset.grib2,2023-08-11 00:00:00,26.29,25.51222259111105,26.08993,8,26.15682551319648,25.377634285714286,25.912647614459836,24.583086232585796,
42851099999,JALGAON,Synoptic/Airport,21.05,75.5666666,2023-08-11T12:00:00,2023-08-09T12:00:00,2023-08-11T12:00:00,48,29.4,29.1,201.0,212.38,-11.38,21.0,75.5,29.1,29.5,28.6,28.9,1,12z,48,NOAA NCEI GFS Archive,experiments/phase6/data/raw/gfs_20230809_12_048_subset.grib2,2023-08-11 12:00:00,29.1,29.10133323200001,29.17397,8,28.95510980966325,28.18763428571429,29.464725328900066,28.33751168135406,
42871099999,GONDIA ARPT/BIRSI,Synoptic/Airport,21.524467,80.287997,2023-08-11T12:00:00,2023-08-09T12:00:00,2023-08-11T12:00:00,48,32.4,28.0,300.84,301.18,-0.34,21.5,80.25,28.0,27.6,28.6,27.5,1,12z,48,NOAA NCEI GFS Archive,experiments/phase6/data/raw/gfs_20230809_12_048_subset.grib2,2023-08-11 12:00:00,28.0,27.98751326689119,28.00221,8,27.85510980966325,27.087634285714287,28.105139583070496,26.811482874272308,
42933099999,AKOLA,Synoptic/Airport,20.7,77.0333333,2023-08-11T12:00:00,2023-08-09T12:00:00,2023-08-11T12:00:00,48,32.4,31.1,282.0,280.22,1.78,20.75,77.0,28.7,28.3,31.1,30.8,1,12z,48,NOAA NCEI GFS Archive,experiments/phase6/data/raw/gfs_20230809_12_048_subset.grib2,2023-08-11 12:00:00,31.1,30.577333376,31.088430000000002,8,31.483029315960916,30.18763428571429,32.03988661621884,30.8969231267916,
42939099999,WARDHA,Synoptic/Airport,20.6666666,78.5833333,2023-08-11T12:00:00,2023-08-09T12:00:00,2023-08-11T12:00:00,48,33.0,31.1,283.0,275.58,7.42,20.75,78.5,31.7,32.3,31.1,31.4,1,12z,48,NOAA NCEI GFS Archive,experiments/phase6/data/raw/gfs_20230809_12_048_subset.grib2,2023-08-11 12:00:00,31.1,31.433333466666667,31.05177,8,30.966825513196483,30.18763428571429,31.545942363074403,30.860403367069864,
42943099999,YEOTMAL,Synoptic/Airport,20.4,78.15,2023-08-11T12:00:00,2023-08-09T12:00:00,2023-08-11T12:00:00,48,31.2,30.8,451.0,308.86,142.14,20.5,78.25,29.9,30.4,30.4,30.8,1,12z,48,NOAA NCEI GFS Archive,experiments/phase6/data/raw/gfs_20230809_12_048_subset.grib2,2023-08-11 12:00:00,30.8,30.46400000000001,29.87609,8,30.65510980966325,29.887634285714288,30.477366981566956,29.591379587239622,
43014099999,AURANGABAD,Synoptic/Airport,19.863169,75.398206,2023-08-11T12:00:00,2023-08-09T12:00:00,2023-08-11T12:00:00,48,30.4,29.7,582.47,556.06,26.41,19.75,75.5,29.6,29.7,27.8,27.9,1,12z,48,NOAA NCEI GFS Archive,experiments/phase6/data/raw/gfs_20230809_12_048_subset.grib2,2023-08-11 12:00:00,29.7,28.844465600000007,29.528335,8,29.78796986518636,28.787634285714287,30.023738778011705,28.88620360638552,
43017099999,PARBHANI,Synoptic/Airport,19.1333333,76.8333333,2023-08-11T12:00:00,2023-08-09T12:00:00,2023-08-11T12:00:00,48,31.2,30.2,422.0,405.66,16.34,19.25,76.75,30.1,29.4,30.2,29.4,1,12z,48,NOAA NCEI GFS Archive,experiments/phase6/data/raw/gfs_20230809_12_048_subset.grib2,2023-08-11 12:00:00,30.2,29.90222231377776,30.09379,8,30.06682551319648,29.287634285714287,30.451343379815142,29.612564267369432,
43021099999,NANDED,Synoptic/Airport,19.0833333,77.3333333,2023-08-11T12:00:00,2023-08-09T12:00:00,2023-08-11T12:00:00,48,30.8,29.1,358.0,399.74,-41.74,19.0,77.25,29.1,29.7,29.5,29.2,1,12z,48,NOAA NCEI GFS Archive,experiments/phase6/data/raw/gfs_20230809_12_048_subset.grib2,2023-08-11 12:00:00,29.1,29.333333279999994,29.37131,8,28.95510980966325,28.18763428571429,29.658462052846414,28.534096770919973,
43029099999,CHANDRAPUR,Synoptic/Airport,19.9666666,79.3,2023-08-11T12:00:00,2023-08-09T12:00:00,2023-08-11T12:00:00,48,33.6,28.9,193.0,200.22,-7.22,20.0,79.25,29.0,29.2,28.9,29.1,1,12z,48,NOAA NCEI GFS Archive,experiments/phase6/data/raw/gfs_20230809_12_048_subset.grib2,2023-08-11 12:00:00,28.9,28.95333336,28.94693,8,28.82743138634764,27.98763428571429,29.368564103455544,28.046112699179766,
43063099999,PUNE,Synoptic/Airport,18.5333333,73.85,2023-08-11T12:00:00,2023-08-09T12:00:00,2023-08-11T12:00:00,48,28.2,25.0,558.0,677.98,-119.98,18.5,73.75,25.0,26.8,25.0,26.6,1,12z,48,NOAA NCEI GFS Archive,experiments/phase6/data/raw/gfs_20230809_12_048_subset.grib2,2023-08-11 12:00:00,25.0,25.70933334399996,25.77987,8,25.08796986518636,24.087634285714287,26.077004333390285,23.619231662889227,
43069099999,BARAMATI,Synoptic/Airport,18.15,74.5833333,2023-08-11T12:00:00,2023-08-09T12:00:00,2023-08-11T12:00:00,48,28.0,29.5,551.0,580.7,-29.7,18.25,74.5,29.5,30.5,29.5,30.4,1,12z,48,NOAA NCEI GFS Archive,experiments/phase6/data/raw/gfs_20230809_12_048_subset.grib2,2023-08-11 12:00:00,29.5,29.813333208000024,29.69305,8,29.42743138634764,28.587634285714287,30.232104582029017,28.985060992726975,
43110099999,RATNAGIRI,Synoptic/Airport,16.9833333,73.3333333,2023-08-11T12:00:00,2023-08-09T12:00:00,2023-08-11T12:00:00,48,28.8,27.8,67.0,36.22,30.78,17.0,73.25,27.6,27.7,27.8,28.0,1,12z,48,NOAA NCEI GFS Archive,experiments/phase6/data/raw/gfs_20230809_12_048_subset.grib2,2023-08-11 12:00:00,27.8,27.85111105422223,27.59993,8,27.66682551319648,26.887634285714288,27.593914979017015,26.345514260520382,
43111099999,MAHABALESHWAR,Synoptic/Airport,17.9333333,73.6666666,2023-08-11T12:00:00,2023-08-09T12:00:00,2023-08-11T12:00:00,48,19.0,22.6,1382.0,888.7,493.3,18.0,73.75,27.0,23.2,26.8,22.6,1,12z,48,NOAA NCEI GFS Archive,experiments/phase6/data/raw/gfs_20230809_12_048_subset.grib2,2023-08-11 12:00:00,22.6,24.12444559822222,19.39355,8,22.983029315960916,21.68763428571429,20.31059502388677,16.474611990834163,
43113099999,SATARA,Synoptic/Airport,17.5166666,74.05,2023-08-11T12:00:00,2023-08-09T12:00:00,2023-08-11T12:00:00,48,26.8,24.4,612.0,746.14,-134.14,17.5,74.0,24.4,25.9,25.0,25.8,1,12z,48,NOAA NCEI GFS Archive,experiments/phase6/data/raw/gfs_20230809_12_048_subset.grib2,2023-08-11 12:00:00,24.4,24.730666543999984,25.27191,8,24.48796986518636,23.48763428571429,25.537750502014184,22.917532304839227,
43117099999,SOLAPUR,Synoptic/Airport,17.627958,75.934842,2023-08-11T12:00:00,2023-08-09T12:00:00,2023-08-11T12:00:00,48,32.6,31.8,482.8,492.06,-9.26,17.75,76.0,33.9,33.2,32.1,31.8,1,12z,48,NOAA NCEI GFS Archive,experiments/phase6/data/raw/gfs_20230809_12_048_subset.grib2,2023-08-11 12:00:00,31.8,32.6125176808704,31.86019,8,32.18302931596092,30.887634285714288,32.89952955943447,31.894027090249025,
43157099999,KOLHAPUR,Synoptic/Airport,16.664658,74.289353,2023-08-11T12:00:00,2023-08-09T12:00:00,2023-08-11T12:00:00,48,28.2,25.4,608.38,591.9,16.48,16.75,74.25,25.3,26.2,25.4,26.9,1,12z,48,NOAA NCEI GFS Archive,experiments/phase6/data/raw/gfs_20230809_12_048_subset.grib2,2023-08-11 12:00:00,25.4,25.569739948230428,25.29288,8,25.78302931596091,24.48763428571429,25.311467878330653,23.264559625019302,
43158099999,SANGLI,Synoptic/Airport,16.85,74.6,2023-08-11T12:00:00,2023-08-09T12:00:00,2023-08-11T12:00:00,48,29.2,26.9,549.0,562.78,-13.78,16.75,74.5,26.9,27.6,27.0,26.7,1,12z,48,NOAA NCEI GFS Archive,experiments/phase6/data/raw/gfs_20230809_12_048_subset.grib2,2023-08-11 12:00:00,26.9,27.05999999999999,26.989569999999997,8,26.82743138634764,25.98763428571429,27.02217861460734,25.44396536470616,
42851099999,JALGAON,Synoptic/Airport,21.05,75.5666666,2023-02-10T12:00:00,2023-02-10T00:00:00,2023-02-10T12:00:00,12,35.6,33.15,201.0,212.38,-11.38,21.0,75.5,33.15,32.99,32.14,31.75,1,00z,12,NOAA NCEI GFS Archive,experiments/phase6/data/raw/gfs_20230210_00_012_subset.grib2,2023-02-10 12:00:00,33.15,32.89306672159999,33.22397,2,33.005109809663246,34.19836942675159,34.349876541086374,,34.22427101502072
42871099999,GONDIA ARPT/BIRSI,Synoptic/Airport,21.524467,80.287997,2023-02-10T12:00:00,2023-02-10T00:00:00,2023-02-10T12:00:00,12,32.0,30.95,300.84,301.18,-0.34,21.5,80.25,30.95,29.66,30.79,27.51,1,00z,12,NOAA NCEI GFS Archive,experiments/phase6/data/raw/gfs_20230210_00_012_subset.grib2,2023-02-10 12:00:00,30.95,30.70867582444781,30.95221,2,30.80510980966325,31.99836942675159,31.70115476722591,,31.944029454368728
42920099999,OZAR AIR FORCE STATION /NASHIK ARPT,Synoptic/Airport,20.119156,73.914097,2023-02-10T12:00:00,2023-02-10T00:00:00,2023-02-10T12:00:00,12,33.0,31.91,598.02,584.38,13.64,20.0,74.0,30.9,31.91,30.21,30.68,1,00z,12,NOAA NCEI GFS Archive,experiments/phase6/data/raw/gfs_20230210_00_012_subset.grib2,2023-02-10 12:00:00,31.91,31.06514217197951,31.82134,2,31.83743138634764,32.958369426751595,32.9495593524457,,32.79758225586095
42933099999,AKOLA,Synoptic/Airport,20.7,77.0333333,2023-02-10T12:00:00,2023-02-10T00:00:00,2023-02-10T12:00:00,12,32.8,33.74,282.0,280.22,1.78,20.75,77.0,32.6,32.38,33.74,33.38,1,00z,12,NOAA NCEI GFS Archive,experiments/phase6/data/raw/gfs_20230210_00_012_subset.grib2,2023-02-10 12:00:00,33.74,33.467733377600005,33.72843,2,34.12302931596091,34.78836942675159,35.23975362682567,,34.714472563018504
42939099999,WARDHA,Synoptic/Airport,20.6666666,78.5833333,2023-02-10T12:00:00,2023-02-10T00:00:00,2023-02-10T12:00:00,12,35.2,32.75,283.0,275.58,7.42,20.75,78.5,32.76,32.66,32.75,32.76,1,00z,12,NOAA NCEI GFS Archive,experiments/phase6/data/raw/gfs_20230210_00_012_subset.grib2,2023-02-10 12:00:00,32.75,32.74444444088889,32.70177,2,32.61682551319648,33.79836942675159,33.615349668376716,,33.68330667276248
42943099999,YEOTMAL,Synoptic/Airport,20.4,78.15,2023-02-10T12:00:00,2023-02-10T00:00:00,2023-02-10T12:00:00,12,32.0,32.4,451.0,308.86,142.14,20.5,78.25,32.73,32.49,32.59,32.4,1,00z,12,NOAA NCEI GFS Archive,experiments/phase6/data/raw/gfs_20230210_00_012_subset.grib2,2023-02-10 12:00:00,32.4,32.52,31.47609,2,32.255109809663246,33.44836942675159,32.491260676775354,,32.31991284301864
43014099999,AURANGABAD,Synoptic/Airport,19.863169,75.398206,2023-02-10T12:00:00,2023-02-10T00:00:00,2023-02-10T12:00:00,12,33.0,32.75,582.47,556.06,26.41,19.75,75.5,32.75,32.75,30.85,31.05,1,00z,12,NOAA NCEI GFS Archive,experiments/phase6/data/raw/gfs_20230210_00_012_subset.grib2,2023-02-10 12:00:00,32.75,31.943587039404804,32.578335,2,32.83796986518636,33.79836942675159,33.3822388913047,,33.540395959354285
43017099999,PARBHANI,Synoptic/Airport,19.1333333,76.8333333,2023-02-10T12:00:00,2023-02-10T00:00:00,2023-02-10T12:00:00,12,34.0,32.95,422.0,405.66,16.34,19.25,76.75,33.13,33.1,32.95,33.04,1,00z,12,NOAA NCEI GFS Archive,experiments/phase6/data/raw/gfs_20230210_00_012_subset.grib2,2023-02-10 12:00:00,32.95,33.04533334746667,32.843790000000006,2,32.816825513196484,33.998369426751594,33.78685591794453,,33.81592026729138
43021099999,NANDED,Synoptic/Airport,19.0833333,77.3333333,2023-02-10T12:00:00,2023-02-10T00:00:00,2023-02-10T12:00:00,12,32.0,32.96,358.0,399.74,-41.74,19.0,77.25,32.96,33.1,33.1,32.52,1,00z,12,NOAA NCEI GFS Archive,experiments/phase6/data/raw/gfs_20230210_00_012_subset.grib2,2023-02-10 12:00:00,32.96,32.973333359999984,33.23131,2,32.81510980966325,34.00836942675159,34.32094431473648,,34.26299288556063
43029099999,CHANDRAPUR,Synoptic/Airport,19.9666666,79.3,2023-02-10T12:00:00,2023-02-10T00:00:00,2023-02-10T12:00:00,12,32.8,32.01,193.0,200.22,-7.22,20.0,79.25,32.05,32.05,32.01,31.71,1,00z,12,NOAA NCEI GFS Archive,experiments/phase6/data/raw/gfs_20230210_00_012_subset.grib2,2023-02-10 12:00:00,32.01,31.963333360000004,32.05693,2,31.93743138634764,33.05836942675159,33.205218406776034,,33.054436671002996
43063099999,PUNE,Synoptic/Airport,18.5333333,73.85,2023-02-10T12:00:00,2023-02-10T00:00:00,2023-02-10T12:00:00,12,32.8,31.92,558.0,677.98,-119.98,18.5,73.75,31.92,32.44,32.78,32.9,1,00z,12,NOAA NCEI GFS Archive,experiments/phase6/data/raw/gfs_20230210_00_012_subset.grib2,2023-02-10 12:00:00,31.92,32.221333239999986,32.699870000000004,2,32.00796986518636,32.96836942675159,33.628024202069135,,33.813136985286334
43069099999,BARAMATI,Synoptic/Airport,18.15,74.5833333,2023-02-10T12:00:00,2023-02-10T00:00:00,2023-02-10T12:00:00,12,31.0,32.92,551.0,580.7,-29.7,18.25,74.5,32.66,33.1,32.92,33.4,1,00z,12,NOAA NCEI GFS Archive,experiments/phase6/data/raw/gfs_20230210_00_012_subset.grib2,2023-02-10 12:00:00,32.92,32.97066660480001,33.11305,2,32.847431386347644,33.96836942675159,34.439087483024416,,34.132436585709364
43110099999,RATNAGIRI,Synoptic/Airport,16.9833333,73.3333333,2023-02-10T12:00:00,2023-02-10T00:00:00,2023-02-10T12:00:00,12,29.0,26.33,67.0,36.22,30.78,17.0,73.25,26.3,31.25,26.33,30.87,1,00z,12,NOAA NCEI GFS Archive,experiments/phase6/data/raw/gfs_20230210_00_012_subset.grib2,2023-02-10 12:00:00,26.33,27.850443849689,26.129929999999998,2,26.19682551319648,27.37836942675159,26.072187442118935,,27.095799195345663
43111099999,MAHABALESHWAR,Synoptic/Airport,17.9333333,73.6666666,2023-02-10T12:00:00,2023-02-10T00:00:00,2023-02-10T12:00:00,12,25.2,30.68,1382.0,888.7,493.3,18.0,73.75,31.82,31.8,33.21,30.68,1,00z,12,NOAA NCEI GFS Archive,experiments/phase6/data/raw/gfs_20230210_00_012_subset.grib2,2023-02-10 12:00:00,30.68,31.59888942284436,27.47355,2,31.06302931596091,31.72836942675159,29.881311122785803,,27.959452108722502
43113099999,SATARA,Synoptic/Airport,17.5166666,74.05,2023-02-10T12:00:00,2023-02-10T00:00:00,2023-02-10T12:00:00,12,32.0,31.63,612.0,746.14,-134.14,17.5,74.0,31.63,32.02,31.26,31.04,1,00z,12,NOAA NCEI GFS Archive,experiments/phase6/data/raw/gfs_20230210_00_012_subset.grib2,2023-02-10 12:00:00,31.63,31.6752001312,32.50191,2,31.71796986518636,32.678369426751594,33.42460528649914,,33.63007363102029
43117099999,SOLAPUR,Synoptic/Airport,17.627958,75.934842,2023-02-10T12:00:00,2023-02-10T00:00:00,2023-02-10T12:00:00,12,34.0,33.75,482.8,492.06,-9.26,17.75,76.0,34.11,34.06,33.97,33.75,1,00z,12,NOAA NCEI GFS Archive,experiments/phase6/data/raw/gfs_20230210_00_012_subset.grib2,2023-02-10 12:00:00,33.75,33.937041645630075,33.81019,2,34.13302931596091,34.79836942675159,35.29132931435718,,34.807542023903785
43157099999,KOLHAPUR,Synoptic/Airport,16.664658,74.289353,2023-02-10T12:00:00,2023-02-10T00:00:00,2023-02-10T12:00:00,12,32.8,33.0,608.38,591.9,16.48,16.75,74.25,32.91,32.62,33.0,32.99,1,00z,12,NOAA NCEI GFS Archive,experiments/phase6/data/raw/gfs_20230210_00_012_subset.grib2,2023-02-10 12:00:00,33.0,32.95265684250752,32.89288,2,33.38302931596091,34.04836942675159,34.32005023414508,,33.86480212253356
43158099999,SANGLI,Synoptic/Airport,16.85,74.6,2023-02-10T12:00:00,2023-02-10T00:00:00,2023-02-10T12:00:00,12,33.0,32.99,549.0,562.78,-13.78,16.75,74.5,32.99,32.63,32.88,31.89,1,00z,12,NOAA NCEI GFS Archive,experiments/phase6/data/raw/gfs_20230210_00_012_subset.grib2,2023-02-10 12:00:00,32.99,32.701200000000014,33.079570000000004,2,32.917431386347644,34.03836942675159,34.41876588912535,,34.082539005184785
42933099999,AKOLA,Synoptic/Airport,20.7,77.0333333,2023-02-11T00:00:00,2023-02-10T00:00:00,2023-02-11T00:00:00,24,16.3,21.95,282.0,280.22,1.78,20.75,77.0,21.03,21.13,21.95,21.72,1,00z,24,NOAA NCEI GFS Archive,experiments/phase6/data/raw/gfs_20230210_00_024_subset.grib2,2023-02-11 00:00:00,21.95,21.7441333552,21.93843,2,22.33302931596091,22.99836942675159,21.396299754429528,,23.051567344135425
43014099999,AURANGABAD,Synoptic/Airport,19.863169,75.398206,2023-02-11T00:00:00,2023-02-10T00:00:00,2023-02-11T00:00:00,24,18.0,19.57,582.47,556.06,26.41,19.75,75.5,19.76,19.57,18.19,18.78,1,00z,24,NOAA NCEI GFS Archive,experiments/phase6/data/raw/gfs_20230210_00_024_subset.grib2,2023-02-11 00:00:00,19.57,19.145980733678726,19.398335,2,19.65796986518636,20.618369426751592,19.085732318309553,,20.48928561778824
43063099999,PUNE,Synoptic/Airport,18.5333333,73.85,2023-02-11T00:00:00,2023-02-10T00:00:00,2023-02-11T00:00:00,24,12.8,19.54,558.0,677.98,-119.98,18.5,73.75,19.54,18.95,19.82,19.96,1,00z,24,NOAA NCEI GFS Archive,experiments/phase6/data/raw/gfs_20230210_00_024_subset.grib2,2023-02-11 00:00:00,19.54,19.380266590400005,20.319869999999998,2,19.62796986518636,20.58836942675159,20.198188379541342,,21.560993620804012
43110099999,RATNAGIRI,Synoptic/Airport,16.9833333,73.3333333,2023-02-11T00:00:00,2023-02-10T00:00:00,2023-02-11T00:00:00,24,18.4,22.3,67.0,36.22,30.78,17.0,73.25,23.85,19.1,22.3,18.99,1,00z,24,NOAA NCEI GFS Archive,experiments/phase6/data/raw/gfs_20230210_00_024_subset.grib2,2023-02-11 00:00:00,22.3,21.26800059679992,22.09993,2,22.16682551319648,23.348369426751592,21.376888452256193,,23.182873654174717
43117099999,SOLAPUR,Synoptic/Airport,17.627958,75.934842,2023-02-11T00:00:00,2023-02-10T00:00:00,2023-02-11T00:00:00,24,17.8,22.57,482.8,492.06,-9.26,17.75,76.0,22.29,22.69,22.17,22.57,1,00z,24,NOAA NCEI GFS Archive,experiments/phase6/data/raw/gfs_20230210_00_024_subset.grib2,2023-02-11 00:00:00,22.57,22.524327360000004,22.63019,2,22.95302931596091,23.618369426751592,22.1622537404644,,23.753849125047054
42920099999,OZAR AIR FORCE STATION /NASHIK ARPT,Synoptic/Airport,20.119156,73.914097,2023-02-11T12:00:00,2023-02-10T00:00:00,2023-02-11T12:00:00,36,31.0,30.78,598.02,584.38,13.64,20.0,74.0,30.05,30.78,29.31,29.94,1,00z,36,NOAA NCEI GFS Archive,experiments/phase6/data/raw/gfs_20230210_00_036_subset.grib2,2023-02-11 12:00:00,30.78,30.1451764525888,30.69134,2,30.707431386347643,31.828369426751596,31.51870372165139,,31.89278261250682
42933099999,AKOLA,Synoptic/Airport,20.7,77.0333333,2023-02-11T12:00:00,2023-02-10T00:00:00,2023-02-11T12:00:00,36,32.8,33.57,282.0,280.22,1.78,20.75,77.0,32.77,32.63,33.57,33.42,1,00z,36,NOAA NCEI GFS Archive,experiments/phase6/data/raw/gfs_20230210_00_036_subset.grib2,2023-02-11 12:00:00,33.57,33.3902666864,33.55843,2,33.95302931596091,34.61836942675159,34.968576977055534,,34.768433292164836
43014099999,AURANGABAD,Synoptic/Airport,19.863169,75.398206,2023-02-11T12:00:00,2023-02-10T00:00:00,2023-02-11T12:00:00,36,33.0,32.41,582.47,556.06,26.41,19.75,75.5,32.79,32.41,31.15,31.27,1,00z,36,NOAA NCEI GFS Archive,experiments/phase6/data/raw/gfs_20230210_00_036_subset.grib2,2023-02-11 12:00:00,32.41,31.956516838512,32.238335,2,32.49796986518636,33.45836942675159,32.977691904265285,,33.42457620587032
43021099999,NANDED,Synoptic/Airport,19.0833333,77.3333333,2023-02-11T12:00:00,2023-02-10T00:00:00,2023-02-11T12:00:00,36,34.0,33.56,358.0,399.74,-41.74,19.0,77.25,33.56,33.6,33.61,33.42,1,00z,36,NOAA NCEI GFS Archive,experiments/phase6/data/raw/gfs_20230210_00_036_subset.grib2,2023-02-11 12:00:00,33.56,33.564444452888885,33.83131,2,33.41510980966325,34.608369426751594,34.931584924038305,,35.085959330150054
43063099999,PUNE,Synoptic/Airport,18.5333333,73.85,2023-02-11T12:00:00,2023-02-10T00:00:00,2023-02-11T12:00:00,36,33.6,32.14,558.0,677.98,-119.98,18.5,73.75,32.14,32.35,32.11,33.01,1,00z,36,NOAA NCEI GFS Archive,experiments/phase6/data/raw/gfs_20230210_00_036_subset.grib2,2023-02-11 12:00:00,32.14,32.25679996719999,32.91987,2,32.22796986518636,33.18836942675159,33.83014674035687,,34.25659411576098
43110099999,RATNAGIRI,Synoptic/Airport,16.9833333,73.3333333,2023-02-11T12:00:00,2023-02-10T00:00:00,2023-02-11T12:00:00,36,29.8,26.44,67.0,36.22,30.78,17.0,73.25,26.28,31.34,26.44,31.69,1,00z,36,NOAA NCEI GFS Archive,experiments/phase6/data/raw/gfs_20230210_00_036_subset.grib2,2023-02-11 12:00:00,26.44,28.17511038302237,26.23993,2,26.306825513196483,27.488369426751596,26.085298328027164,,27.429398366471304
43111099999,MAHABALESHWAR,Synoptic/Airport,17.9333333,73.6666666,2023-02-11T12:00:00,2023-02-10T00:00:00,2023-02-11T12:00:00,36,25.0,31.11,1382.0,888.7,493.3,18.0,73.75,34.52,32.66,34.65,31.11,1,00z,36,NOAA NCEI GFS Archive,experiments/phase6/data/raw/gfs_20230210_00_036_subset.grib2,2023-02-11 12:00:00,31.11,32.55400095653328,27.90355,2,31.49302931596091,32.15836942675159,30.31280165187143,,28.61263807068163
43113099999,SATARA,Synoptic/Airport,17.5166666,74.05,2023-02-11T12:00:00,2023-02-10T00:00:00,2023-02-11T12:00:00,36,32.6,32.13,612.0,746.14,-134.14,17.5,74.0,32.13,32.53,31.69,31.32,1,00z,36,NOAA NCEI GFS Archive,experiments/phase6/data/raw/gfs_20230210_00_036_subset.grib2,2023-02-11 12:00:00,32.13,32.17040015839999,33.00191,2,32.21796986518636,33.178369426751594,33.93006258745044,,34.353169203474245
43117099999,SOLAPUR,Synoptic/Airport,17.627958,75.934842,2023-02-11T12:00:00,2023-02-10T00:00:00,2023-02-11T12:00:00,36,34.6,34.18,482.8,492.06,-9.26,17.75,76.0,34.39,34.45,34.07,34.18,1,00z,36,NOAA NCEI GFS Archive,experiments/phase6/data/raw/gfs_20230210_00_036_subset.grib2,2023-02-11 12:00:00,34.18,34.2894974501088,34.24019,2,34.56302931596091,35.22836942675159,35.72281984344281,,35.46072798586292
43157099999,KOLHAPUR,Synoptic/Airport,16.664658,74.289353,2023-02-11T12:00:00,2023-02-10T00:00:00,2023-02-11T12:00:00,36,33.0,33.52,608.38,591.9,16.48,16.75,74.25,33.5,33.43,33.52,33.76,1,00z,36,NOAA NCEI GFS Archive,experiments/phase6/data/raw/gfs_20230210_00_036_subset.grib2,2023-02-11 12:00:00,33.52,33.53429353991904,33.41288,2,33.903029315960914,34.568369426751595,34.85694084005907,,34.607871869414616
43158099999,SANGLI,Synoptic/Airport,16.85,74.6,2023-02-11T12:00:00,2023-02-10T00:00:00,2023-02-11T12:00:00,36,33.4,33.76,549.0,562.78,-13.78,16.75,74.5,33.76,33.46,33.52,32.81,1,00z,36,NOAA NCEI GFS Archive,experiments/phase6/data/raw/gfs_20230210_00_036_subset.grib2,2023-02-11 12:00:00,33.76,33.47840000000001,33.84957,2,33.68743138634764,34.80836942675159,35.25766617956435,,35.0752859324045
42933099999,AKOLA,Synoptic/Airport,20.7,77.0333333,2023-02-12T00:00:00,2023-02-10T00:00:00,2023-02-12T00:00:00,48,17.2,21.13,282.0,280.22,1.78,20.75,77.0,20.51,20.52,21.13,21.0,1,00z,48,NOAA NCEI GFS Archive,experiments/phase6/data/raw/gfs_20230210_00_048_subset.grib2,2023-02-12 00:00:00,21.13,20.9924000136,21.11843,2,21.51302931596091,22.17836942675159,20.36390032756566,,22.456367404401234
43014099999,AURANGABAD,Synoptic/Airport,19.863169,75.398206,2023-02-12T00:00:00,2023-02-10T00:00:00,2023-02-12T00:00:00,48,16.0,19.01,582.47,556.06,26.41,19.75,75.5,19.27,19.01,19.18,19.53,1,00z,48,NOAA NCEI GFS Archive,experiments/phase6/data/raw/gfs_20230210_00_048_subset.grib2,2023-02-12 00:00:00,19.01,19.23882281018464,18.838335,2,19.09796986518636,20.058369426751597,18.44285087489161,,20.153749945606258
43063099999,PUNE,Synoptic/Airport,18.5333333,73.85,2023-02-12T00:00:00,2023-02-10T00:00:00,2023-02-12T00:00:00,48,12.0,19.61,558.0,677.98,-119.98,18.5,73.75,19.61,18.72,19.71,19.47,1,00z,48,NOAA NCEI GFS Archive,experiments/phase6/data/raw/gfs_20230210_00_048_subset.grib2,2023-02-12 00:00:00,19.61,19.301999952000013,20.38987,2,19.69796986518636,20.65836942675159,20.237810152116445,,21.854644443075465
43110099999,RATNAGIRI,Synoptic/Airport,16.9833333,73.3333333,2023-02-12T00:00:00,2023-02-10T00:00:00,2023-02-12T00:00:00,48,19.0,22.72,67.0,36.22,30.78,17.0,73.25,24.18,19.69,22.72,19.8,1,00z,48,NOAA NCEI GFS Archive,experiments/phase6/data/raw/gfs_20230210_00_048_subset.grib2,2023-02-12 00:00:00,22.72,21.80911163928883,22.51993,2,22.58682551319648,23.76836942675159,21.746810812870223,,23.826072528920296
43117099999,SOLAPUR,Synoptic/Airport,17.627958,75.934842,2023-02-12T00:00:00,2023-02-10T00:00:00,2023-02-12T00:00:00,48,20.6,21.93,482.8,492.06,-9.26,17.75,76.0,22.72,22.69,22.48,21.93,1,00z,48,NOAA NCEI GFS Archive,experiments/phase6/data/raw/gfs_20230210_00_048_subset.grib2,2023-02-12 00:00:00,21.93,22.37819453486848,21.99019,2,22.31302931596091,22.97836942675159,21.34065446725726,,23.3384167551567
42933099999,AKOLA,Synoptic/Airport,20.7,77.0333333,2023-02-11T00:00:00,2023-02-10T12:00:00,2023-02-11T00:00:00,12,16.3,21.34,282.0,280.22,1.78,20.75,77.0,20.54,20.65,21.34,21.06,1,12z,12,NOAA NCEI GFS Archive,experiments/phase6/data/raw/gfs_20230210_12_012_subset.grib2,2023-02-11 00:00:00,21.34,21.1530666936,21.32843,2,21.72302931596091,22.38836942675159,20.717965263806676,,22.330484418220774
43014099999,AURANGABAD,Synoptic/Airport,19.863169,75.398206,2023-02-11T00:00:00,2023-02-10T12:00:00,2023-02-11T00:00:00,12,18.0,19.69,582.47,556.06,26.41,19.75,75.5,19.57,19.69,18.09,18.69,1,12z,12,NOAA NCEI GFS Archive,experiments/phase6/data/raw/gfs_20230210_12_012_subset.grib2,2023-02-11 00:00:00,19.69,19.099989854571525,19.518335,2,19.77796986518636,20.738369426751596,19.233838889925053,,20.497260058462487
43063099999,PUNE,Synoptic/Airport,18.5333333,73.85,2023-02-11T00:00:00,2023-02-10T12:00:00,2023-02-11T00:00:00,12,12.8,19.49,558.0,677.98,-119.98,18.5,73.75,19.49,18.67,19.7,19.43,1,12z,12,NOAA NCEI GFS Archive,experiments/phase6/data/raw/gfs_20230210_12_012_subset.grib2,2023-02-11 00:00:00,19.49,19.21933327600001,20.269869999999997,2,19.57796986518636,20.53836942675159,20.162127416682527,,21.399187578847965
43110099999,RATNAGIRI,Synoptic/Airport,16.9833333,73.3333333,2023-02-11T00:00:00,2023-02-10T12:00:00,2023-02-11T00:00:00,12,18.4,22.55,67.0,36.22,30.78,17.0,73.25,24.2,19.54,22.55,19.41,1,12z,12,NOAA NCEI GFS Archive,experiments/phase6/data/raw/gfs_20230210_12_012_subset.grib2,2023-02-11 00:00:00,22.55,21.579556140177708,22.34993,2,22.41682551319648,23.598369426751592,21.72138946022231,,23.32068022862507
43117099999,SOLAPUR,Synoptic/Airport,17.627958,75.934842,2023-02-11T00:00:00,2023-02-10T12:00:00,2023-02-11T00:00:00,12,17.8,22.57,482.8,492.06,-9.26,17.75,76.0,22.62,22.94,22.02,22.57,1,12z,12,NOAA NCEI GFS Archive,experiments/phase6/data/raw/gfs_20230210_12_012_subset.grib2,2023-02-11 00:00:00,22.57,22.636537966500487,22.63019,2,22.95302931596091,23.618369426751592,22.198297548344897,,23.64197851915874
42920099999,OZAR AIR FORCE STATION /NASHIK ARPT,Synoptic/Airport,20.119156,73.914097,2023-02-11T12:00:00,2023-02-10T12:00:00,2023-02-11T12:00:00,24,31.0,30.53,598.02,584.38,13.64,20.0,74.0,29.8,30.53,28.93,29.7,1,12z,24,NOAA NCEI GFS Archive,experiments/phase6/data/raw/gfs_20230210_12_024_subset.grib2,2023-02-11 12:00:00,30.53,29.877014370964478,30.44134,2,30.457431386347643,31.578369426751596,31.26052570767741,,31.531234826279842
42933099999,AKOLA,Synoptic/Airport,20.7,77.0333333,2023-02-11T12:00:00,2023-02-10T12:00:00,2023-02-11T12:00:00,24,32.8,33.12,282.0,280.22,1.78,20.75,77.0,32.23,32.12,33.12,32.87,1,12z,24,NOAA NCEI GFS Archive,experiments/phase6/data/raw/gfs_20230210_12_024_subset.grib2,2023-02-11 12:00:00,33.12,32.91240002959999,33.10843,2,33.50302931596091,34.16836942675159,34.47762040079421,,34.20714376166692
43014099999,AURANGABAD,Synoptic/Airport,19.863169,75.398206,2023-02-11T12:00:00,2023-02-10T12:00:00,2023-02-11T12:00:00,24,33.0,32.19,582.47,556.06,26.41,19.75,75.5,32.54,32.19,30.59,30.87,1,12z,24,NOAA NCEI GFS Archive,experiments/phase6/data/raw/gfs_20230210_12_024_subset.grib2,2023-02-11 12:00:00,32.19,31.618858434125123,32.018335,2,32.27796986518636,33.23836942675159,32.75746340693215,,33.09298968128399
43021099999,NANDED,Synoptic/Airport,19.0833333,77.3333333,2023-02-11T12:00:00,2023-02-10T12:00:00,2023-02-11T12:00:00,24,34.0,33.4,358.0,399.74,-41.74,19.0,77.25,33.4,33.51,33.44,33.12,1,12z,24,NOAA NCEI GFS Archive,experiments/phase6/data/raw/gfs_20230210_12_024_subset.grib2,2023-02-11 12:00:00,33.4,33.40222224044443,33.67131,2,33.255109809663246,34.44836942675159,34.79033647750041,,34.81429532884499
43063099999,PUNE,Synoptic/Airport,18.5333333,73.85,2023-02-11T12:00:00,2023-02-10T12:00:00,2023-02-11T12:00:00,24,33.6,31.95,558.0,677.98,-119.98,18.5,73.75,31.95,32.23,31.82,33.03,1,12z,24,NOAA NCEI GFS Archive,experiments/phase6/data/raw/gfs_20230210_12_024_subset.grib2,2023-02-11 12:00:00,31.95,32.09426663439999,32.72987,2,32.03796986518636,32.998369426751594,33.64241839616626,,33.954968852815284
43110099999,RATNAGIRI,Synoptic/Airport,16.9833333,73.3333333,2023-02-11T12:00:00,2023-02-10T12:00:00,2023-02-11T12:00:00,24,29.8,26.42,67.0,36.22,30.78,17.0,73.25,26.46,30.85,26.42,31.06,1,12z,24,NOAA NCEI GFS Archive,experiments/phase6/data/raw/gfs_20230210_12_024_subset.grib2,2023-02-11 12:00:00,26.42,27.96377715555568,26.21993,2,26.286825513196483,27.468369426751597,26.119028051572094,,27.297553586155896
43111099999,MAHABALESHWAR,Synoptic/Airport,17.9333333,73.6666666,2023-02-11T12:00:00,2023-02-10T12:00:00,2023-02-11T12:00:00,24,25.0,30.94,1382.0,888.7,493.3,18.0,73.75,34.37,32.48,34.4,30.94,1,12z,24,NOAA NCEI GFS Archive,experiments/phase6/data/raw/gfs_20230210_12_024_subset.grib2,2023-02-11 12:00:00,30.94,32.36444539102217,27.73355,2,31.323029315960916,31.988369426751596,30.149756425742797,,28.330986982163026
43113099999,SATARA,Synoptic/Airport,17.5166666,74.05,2023-02-11T12:00:00,2023-02-10T12:00:00,2023-02-11T12:00:00,24,32.6,31.85,612.0,746.14,-134.14,17.5,74.0,31.85,32.27,31.46,31.05,1,12z,24,NOAA NCEI GFS Archive,experiments/phase6/data/raw/gfs_20230210_12_024_subset.grib2,2023-02-11 12:00:00,31.85,31.896933481599994,32.72191,2,31.93796986518636,32.89836942675159,33.64483378383226,,33.96166015560662
43117099999,SOLAPUR,Synoptic/Airport,17.627958,75.934842,2023-02-11T12:00:00,2023-02-10T12:00:00,2023-02-11T12:00:00,24,34.6,34.37,482.8,492.06,-9.26,17.75,76.0,34.39,34.6,34.3,34.37,1,12z,24,NOAA NCEI GFS Archive,experiments/phase6/data/raw/gfs_20230210_12_024_subset.grib2,2023-02-11 12:00:00,34.37,34.44622189169536,34.430189999999996,2,34.75302931596091,35.41836942675159,35.98137492462762,,35.53861203703198
43157099999,KOLHAPUR,Synoptic/Airport,16.664658,74.289353,2023-02-11T12:00:00,2023-02-10T12:00:00,2023-02-11T12:00:00,24,33.0,33.3,608.38,591.9,16.48,16.75,74.25,33.05,32.61,33.3,33.18,1,12z,24,NOAA NCEI GFS Archive,experiments/phase6/data/raw/gfs_20230210_12_024_subset.grib2,2023-02-11 12:00:00,33.3,33.17857322572287,33.192879999999995,2,33.68302931596091,34.34836942675159,34.63534001569245,,34.27628534482827
43158099999,SANGLI,Synoptic/Airport,16.85,74.6,2023-02-11T12:00:00,2023-02-10T12:00:00,2023-02-11T12:00:00,24,33.4,33.18,549.0,562.78,-13.78,16.75,74.5,33.18,32.8,33.35,32.36,1,12z,24,NOAA NCEI GFS Archive,experiments/phase6/data/raw/gfs_20230210_12_024_subset.grib2,2023-02-11 12:00:00,33.18,32.99840000000001,33.26957,2,33.10743138634764,34.22836942675159,34.60526740032354,,34.38416426813048
42933099999,AKOLA,Synoptic/Airport,20.7,77.0333333,2023-02-12T00:00:00,2023-02-10T12:00:00,2023-02-12T00:00:00,36,17.2,20.93,282.0,280.22,1.78,20.75,77.0,20.18,20.35,20.93,20.89,1,12z,36,NOAA NCEI GFS Archive,experiments/phase6/data/raw/gfs_20230210_12_036_subset.grib2,2023-02-12 00:00:00,20.93,20.7802666664,20.91843,2,21.31302931596091,21.97836942675159,20.16572174249424,,22.14475505424199
43014099999,AURANGABAD,Synoptic/Airport,19.863169,75.398206,2023-02-12T00:00:00,2023-02-10T12:00:00,2023-02-12T00:00:00,36,16.0,19.46,582.47,556.06,26.41,19.75,75.5,19.32,19.46,19.36,19.5,1,12z,36,NOAA NCEI GFS Archive,experiments/phase6/data/raw/gfs_20230210_12_036_subset.grib2,2023-02-12 00:00:00,19.46,19.4211024,19.288335,2,19.54796986518636,20.508369426751592,18.948459131074895,,20.49129826432754
43063099999,PUNE,Synoptic/Airport,18.5333333,73.85,2023-02-12T00:00:00,2023-02-10T12:00:00,2023-02-12T00:00:00,36,12.0,19.64,558.0,677.98,-119.98,18.5,73.75,19.64,18.79,19.66,19.56,1,12z,36,NOAA NCEI GFS Archive,experiments/phase6/data/raw/gfs_20230210_12_036_subset.grib2,2023-02-12 00:00:00,19.64,19.34266662400001,20.41987,2,19.72796986518636,20.688369426751592,20.28841626430437,,21.77273509882779
43110099999,RATNAGIRI,Synoptic/Airport,16.9833333,73.3333333,2023-02-12T00:00:00,2023-02-10T12:00:00,2023-02-12T00:00:00,36,19.0,22.62,67.0,36.22,30.78,17.0,73.25,24.17,19.83,22.62,19.87,1,12z,36,NOAA NCEI GFS Archive,experiments/phase6/data/raw/gfs_20230210_12_036_subset.grib2,2023-02-12 00:00:00,22.62,21.77133385013328,22.41993,2,22.48682551319648,23.668369426751592,21.688460155845917,,23.61433105089652
43117099999,SOLAPUR,Synoptic/Airport,17.627958,75.934842,2023-02-12T00:00:00,2023-02-10T12:00:00,2023-02-12T00:00:00,36,20.6,21.9,482.8,492.06,-9.26,17.75,76.0,22.61,23.17,21.9,21.9,1,12z,36,NOAA NCEI GFS Archive,experiments/phase6/data/raw/gfs_20230210_12_036_subset.grib2,2023-02-12 00:00:00,21.9,22.448723326781444,21.960189999999997,2,22.28302931596091,22.94836942675159,21.34156491619497,,23.196584887627747
42851099999,JALGAON,Synoptic/Airport,21.05,75.5666666,2023-02-12T12:00:00,2023-02-10T12:00:00,2023-02-12T12:00:00,48,32.6,32.64,201.0,212.38,-11.38,21.0,75.5,32.64,32.22,30.88,30.36,1,12z,48,NOAA NCEI GFS Archive,experiments/phase6/data/raw/gfs_20230210_12_048_subset.grib2,2023-02-12 12:00:00,32.64,32.170666783999984,32.71397,2,32.49510980966325,33.68836942675159,33.61339945547223,,34.05054138479478
42871099999,GONDIA ARPT/BIRSI,Synoptic/Airport,21.524467,80.287997,2023-02-12T12:00:00,2023-02-10T12:00:00,2023-02-12T12:00:00,48,27.8,30.64,300.84,301.18,-0.34,21.5,80.25,30.64,30.13,30.19,27.97,1,12z,48,NOAA NCEI GFS Archive,experiments/phase6/data/raw/gfs_20230210_12_048_subset.grib2,2023-02-12 12:00:00,30.64,30.493009677691347,30.642210000000002,2,30.49510980966325,31.688369426751592,31.199066050344655,,31.970041568413727
42920099999,OZAR AIR FORCE STATION /NASHIK ARPT,Synoptic/Airport,20.119156,73.914097,2023-02-12T12:00:00,2023-02-10T12:00:00,2023-02-12T12:00:00,48,29.0,30.01,598.02,584.38,13.64,20.0,74.0,30.24,30.01,29.92,29.37,1,12z,48,NOAA NCEI GFS Archive,experiments/phase6/data/raw/gfs_20230210_12_048_subset.grib2,2023-02-12 12:00:00,30.01,29.83639899228416,29.92134,2,29.937431386347644,31.058369426751597,30.558381188436957,,31.235647502952048
42933099999,AKOLA,Synoptic/Airport,20.7,77.0333333,2023-02-12T12:00:00,2023-02-10T12:00:00,2023-02-12T12:00:00,48,32.0,33.69,282.0,280.22,1.78,20.75,77.0,32.44,32.5,33.69,33.64,1,12z,48,NOAA NCEI GFS Archive,experiments/phase6/data/raw/gfs_20230210_12_048_subset.grib2,2023-02-12 12:00:00,33.69,33.436266670399995,33.67843,2,34.07302931596091,34.73836942675159,35.073066604946185,,35.0001489446157
42939099999,WARDHA,Synoptic/Airport,20.6666666,78.5833333,2023-02-12T12:00:00,2023-02-10T12:00:00,2023-02-12T12:00:00,48,31.9,33.11,283.0,275.58,7.42,20.75,78.5,33.41,33.32,33.11,32.82,1,12z,48,NOAA NCEI GFS Archive,experiments/phase6/data/raw/gfs_20230210_12_048_subset.grib2,2023-02-12 12:00:00,33.11,33.1355556831111,33.06177,2,32.97682551319648,34.15836942675159,33.85946192487658,,34.37845363011509
42943099999,YEOTMAL,Synoptic/Airport,20.4,78.15,2023-02-12T12:00:00,2023-02-10T12:00:00,2023-02-12T12:00:00,48,29.0,33.16,451.0,308.86,142.14,20.5,78.25,32.58,32.34,32.93,33.16,1,12z,48,NOAA NCEI GFS Archive,experiments/phase6/data/raw/gfs_20230210_12_048_subset.grib2,2023-02-12 12:00:00,33.16,32.8152,32.23609,2,33.015109809663244,34.20836942675159,33.24314973261506,,33.414543288913116
43014099999,AURANGABAD,Synoptic/Airport,19.863169,75.398206,2023-02-12T12:00:00,2023-02-10T12:00:00,2023-02-12T12:00:00,48,29.0,31.05,582.47,556.06,26.41,19.75,75.5,31.74,31.05,29.79,29.73,1,12z,48,NOAA NCEI GFS Archive,experiments/phase6/data/raw/gfs_20230210_12_048_subset.grib2,2023-02-12 12:00:00,31.05,30.617298274125123,30.878335,2,31.13796986518636,32.0983694267516,31.486245669425376,,32.178202950716305
43017099999,PARBHANI,Synoptic/Airport,19.1333333,76.8333333,2023-02-12T12:00:00,2023-02-10T12:00:00,2023-02-12T12:00:00,48,31.2,32.94,422.0,405.66,16.34,19.25,76.75,33.24,33.24,32.94,33.02,1,12z,48,NOAA NCEI GFS Archive,experiments/phase6/data/raw/gfs_20230210_12_048_subset.grib2,2023-02-12 12:00:00,32.94,33.09422225297778,32.83379,2,32.80682551319648,33.98836942675159,33.605096414311646,,34.14154499774277
43029099999,CHANDRAPUR,Synoptic/Airport,19.9666666,79.3,2023-02-12T12:00:00,2023-02-10T12:00:00,2023-02-12T12:00:00,48,31.2,32.05,193.0,200.22,-7.22,20.0,79.25,32.4,32.45,32.05,31.51,1,12z,48,NOAA NCEI GFS Archive,experiments/phase6/data/raw/gfs_20230210_12_048_subset.grib2,2023-02-12 12:00:00,32.05,32.00440012480001,32.09693,2,31.97743138634764,33.09836942675159,33.131580499184466,,33.429996837522125
43063099999,PUNE,Synoptic/Airport,18.5333333,73.85,2023-02-12T12:00:00,2023-02-10T12:00:00,2023-02-12T12:00:00,48,32.0,32.12,558.0,677.98,-119.98,18.5,73.75,32.12,32.66,32.46,32.42,1,12z,48,NOAA NCEI GFS Archive,experiments/phase6/data/raw/gfs_20230210_12_048_subset.grib2,2023-02-12 12:00:00,32.12,32.350399985599985,32.89987,2,32.20796986518636,33.16836942675159,33.79037401254978,,34.348490547222205
43069099999,BARAMATI,Synoptic/Airport,18.15,74.5833333,2023-02-12T12:00:00,2023-02-10T12:00:00,2023-02-12T12:00:00,48,31.0,33.17,551.0,580.7,-29.7,18.25,74.5,32.8,33.32,33.17,33.69,1,12z,48,NOAA NCEI GFS Archive,experiments/phase6/data/raw/gfs_20230210_12_048_subset.grib2,2023-02-12 12:00:00,33.17,33.19533326400001,33.36305,2,33.097431386347644,34.21836942675159,34.61631733514811,,34.71772558371296
43110099999,RATNAGIRI,Synoptic/Airport,16.9833333,73.3333333,2023-02-12T12:00:00,2023-02-10T12:00:00,2023-02-12T12:00:00,48,29.8,26.6,67.0,36.22,30.78,17.0,73.25,26.4,31.16,26.6,31.49,1,12z,48,NOAA NCEI GFS Archive,experiments/phase6/data/raw/gfs_20230210_12_048_subset.grib2,2023-02-12 12:00:00,26.6,28.213777094489025,26.39993,2,26.466825513196483,27.648369426751596,26.212709270478406,,27.70106236777636
43111099999,MAHABALESHWAR,Synoptic/Airport,17.9333333,73.6666666,2023-02-12T12:00:00,2023-02-10T12:00:00,2023-02-12T12:00:00,48,25.6,30.44,1382.0,888.7,493.3,18.0,73.75,32.06,31.74,34.84,30.44,1,12z,48,NOAA NCEI GFS Archive,experiments/phase6/data/raw/gfs_20230210_12_048_subset.grib2,2023-02-12 12:00:00,30.44,31.89066754186653,27.23355,2,30.823029315960916,31.488369426751596,29.492112827602,,28.055373833262326
43113099999,SATARA,Synoptic/Airport,17.5166666,74.05,2023-02-12T12:00:00,2023-02-10T12:00:00,2023-02-12T12:00:00,48,31.6,32.08,612.0,746.14,-134.14,17.5,74.0,32.08,32.39,31.17,31.04,1,12z,48,NOAA NCEI GFS Archive,experiments/phase6/data/raw/gfs_20230210_12_048_subset.grib2,2023-02-12 12:00:00,32.08,32.07546693279999,32.95191,2,32.16796986518636,33.12836942675159,33.85778970650084,,34.41510437329482
43117099999,SOLAPUR,Synoptic/Airport,17.627958,75.934842,2023-02-12T12:00:00,2023-02-10T12:00:00,2023-02-12T12:00:00,48,35.0,34.31,482.8,492.06,-9.26,17.75,76.0,34.88,34.95,34.63,34.31,1,12z,48,NOAA NCEI GFS Archive,experiments/phase6/data/raw/gfs_20230210_12_048_subset.grib2,2023-02-12 12:00:00,34.31,34.65620920115136,34.37019,2,34.69302931596091,35.358369426751594,35.83902059098106,,35.702430725527336
43157099999,KOLHAPUR,Synoptic/Airport,16.664658,74.289353,2023-02-12T12:00:00,2023-02-10T12:00:00,2023-02-12T12:00:00,48,33.2,33.59,608.38,591.9,16.48,16.75,74.25,33.57,33.39,33.59,33.72,1,12z,48,NOAA NCEI GFS Archive,experiments/phase6/data/raw/gfs_20230210_12_048_subset.grib2,2023-02-12 12:00:00,33.59,33.58697821991905,33.48288,2,33.973029315960915,34.638369426751595,34.902874869711745,,34.789652085797755
43158099999,SANGLI,Synoptic/Airport,16.85,74.6,2023-02-12T12:00:00,2023-02-10T12:00:00,2023-02-12T12:00:00,48,33.4,33.72,549.0,562.78,-13.78,16.75,74.5,33.72,33.46,33.48,32.69,1,12z,48,NOAA NCEI GFS Archive,experiments/phase6/data/raw/gfs_20230210_12_048_subset.grib2,2023-02-12 12:00:00,33.72,33.43520000000001,33.80957,2,33.64743138634764,34.76836942675159,35.169407763455354,,35.14720818943862
42851099999,JALGAON,Synoptic/Airport,21.05,75.5666666,2023-08-10T12:00:00,2023-08-10T00:00:00,2023-08-10T12:00:00,12,27.6,29.16,201.0,212.38,-11.38,21.0,75.5,29.16,29.76,28.26,28.36,1,00z,12,NOAA NCEI GFS Archive,experiments/phase6/data/raw/gfs_20230810_00_012_subset.grib2,2023-08-10 12:00:00,29.16,29.11333320000001,29.23397,8,29.01510980966325,28.247634285714287,29.673828584865205,29.119640178139335,
43014099999,AURANGABAD,Synoptic/Airport,19.863169,75.398206,2023-08-10T12:00:00,2023-08-10T00:00:00,2023-08-10T12:00:00,12,28.4,27.86,582.47,556.06,26.41,19.75,75.5,28.76,27.86,26.76,27.86,1,00z,12,NOAA NCEI GFS Archive,experiments/phase6/data/raw/gfs_20230810_00_012_subset.grib2,2023-08-10 12:00:00,27.86,27.857820794048003,27.688335,8,27.94796986518636,26.947634285714287,28.08471392907296,27.155939095955297,
43017099999,PARBHANI,Synoptic/Airport,19.1333333,76.8333333,2023-08-10T12:00:00,2023-08-10T00:00:00,2023-08-10T12:00:00,12,30.2,29.56,422.0,405.66,16.34,19.25,76.75,28.86,28.76,29.56,29.46,1,00z,12,NOAA NCEI GFS Archive,experiments/phase6/data/raw/gfs_20230810_00_012_subset.grib2,2023-08-10 12:00:00,29.56,29.19999992,29.453789999999998,8,29.42682551319648,28.64763428571429,29.88494979132294,29.469074287812155,
43063099999,PUNE,Synoptic/Airport,18.5333333,73.85,2023-08-10T12:00:00,2023-08-10T00:00:00,2023-08-10T12:00:00,12,27.6,24.86,558.0,677.98,-119.98,18.5,73.75,24.86,26.56,24.76,26.26,1,00z,12,NOAA NCEI GFS Archive,experiments/phase6/data/raw/gfs_20230810_00_012_subset.grib2,2023-08-10 12:00:00,24.86,25.51600002399996,25.63987,8,24.94796986518636,23.947634285714287,25.97965482919468,24.13689773786235,
43111099999,MAHABALESHWAR,Synoptic/Airport,17.9333333,73.6666666,2023-08-10T12:00:00,2023-08-10T00:00:00,2023-08-10T12:00:00,12,18.6,22.06,1382.0,888.7,493.3,18.0,73.75,26.56,22.86,26.26,22.06,1,00z,12,NOAA NCEI GFS Archive,experiments/phase6/data/raw/gfs_20230810_00_012_subset.grib2,2023-08-10 12:00:00,22.06,23.62889005777777,18.85355,8,22.44302931596091,21.14763428571429,19.786325986558083,16.463353222182963,
43113099999,SATARA,Synoptic/Airport,17.5166666,74.05,2023-08-10T12:00:00,2023-08-10T00:00:00,2023-08-10T12:00:00,12,25.6,24.26,612.0,746.14,-134.14,17.5,74.0,24.26,25.76,24.56,25.46,1,00z,12,NOAA NCEI GFS Archive,experiments/phase6/data/raw/gfs_20230810_00_012_subset.grib2,2023-08-10 12:00:00,24.26,24.571999951999985,25.13191,8,24.34796986518636,23.34763428571429,25.440400997818585,23.435198379812352,
42933099999,AKOLA,Synoptic/Airport,20.7,77.0333333,2023-08-11T00:00:00,2023-08-10T00:00:00,2023-08-11T00:00:00,24,25.0,23.75,282.0,280.22,1.78,20.75,77.0,23.05,23.15,23.75,23.75,1,00z,24,NOAA NCEI GFS Archive,experiments/phase6/data/raw/gfs_20230810_00_024_subset.grib2,2023-08-11 00:00:00,23.75,23.612666663999995,23.73843,8,24.13302931596091,22.837634285714287,23.504301290996803,21.64645563868921,
43014099999,AURANGABAD,Synoptic/Airport,19.863169,75.398206,2023-08-11T00:00:00,2023-08-10T00:00:00,2023-08-11T00:00:00,24,22.0,22.05,582.47,556.06,26.41,19.75,75.5,22.25,22.05,20.95,21.25,1,00z,24,NOAA NCEI GFS Archive,experiments/phase6/data/raw/gfs_20230810_00_024_subset.grib2,2023-08-11 00:00:00,22.05,21.677134998512003,21.878335,8,22.13796986518636,21.137634285714288,21.772411644758368,19.239042485564898,
43063099999,PUNE,Synoptic/Airport,18.5333333,73.85,2023-08-11T00:00:00,2023-08-10T00:00:00,2023-08-11T00:00:00,24,21.6,21.55,558.0,677.98,-119.98,18.5,73.75,21.55,22.05,21.55,22.05,1,00z,24,NOAA NCEI GFS Archive,experiments/phase6/data/raw/gfs_20230810_00_024_subset.grib2,2023-08-11 00:00:00,21.55,21.74999999999999,22.32987,8,21.63796986518636,20.637634285714288,22.375698640090587,19.525781400123922,
43110099999,RATNAGIRI,Synoptic/Airport,16.9833333,73.3333333,2023-08-11T00:00:00,2023-08-10T00:00:00,2023-08-11T00:00:00,24,26.4,26.25,67.0,36.22,30.78,17.0,73.25,26.85,24.05,26.25,23.55,1,00z,24,NOAA NCEI GFS Archive,experiments/phase6/data/raw/gfs_20230810_00_024_subset.grib2,2023-08-11 00:00:00,26.25,25.387778214222145,26.04993,8,26.11682551319648,25.337634285714287,25.923357242862455,24.764457004970577,
42851099999,JALGAON,Synoptic/Airport,21.05,75.5666666,2023-08-11T12:00:00,2023-08-10T00:00:00,2023-08-11T12:00:00,36,29.4,28.64,201.0,212.38,-11.38,21.0,75.5,28.64,29.24,28.14,28.54,1,00z,36,NOAA NCEI GFS Archive,experiments/phase6/data/raw/gfs_20230810_00_036_subset.grib2,2023-08-11 12:00:00,28.64,28.68933318400001,28.71397,8,28.49510980966325,27.727634285714288,28.97189432926284,27.963511367933304,
42871099999,GONDIA ARPT/BIRSI,Synoptic/Airport,21.524467,80.287997,2023-08-11T12:00:00,2023-08-10T00:00:00,2023-08-11T12:00:00,36,32.4,28.24,300.84,301.18,-0.34,21.5,80.25,28.24,28.34,28.74,27.44,1,00z,36,NOAA NCEI GFS Archive,experiments/phase6/data/raw/gfs_20230810_00_036_subset.grib2,2023-08-11 12:00:00,28.24,28.2833081337824,28.24221,8,28.09510980966325,27.32763428571429,28.43266787399839,27.363101037194106,
42933099999,AKOLA,Synoptic/Airport,20.7,77.0333333,2023-08-11T12:00:00,2023-08-10T00:00:00,2023-08-11T12:00:00,36,32.4,29.14,282.0,280.22,1.78,20.75,77.0,27.94,27.54,29.14,29.24,1,00z,36,NOAA NCEI GFS Archive,experiments/phase6/data/raw/gfs_20230810_00_036_subset.grib2,2023-08-11 12:00:00,29.14,28.9,29.12843,8,29.523029315960912,28.227634285714288,29.780550973170524,28.539454649779657,
42939099999,WARDHA,Synoptic/Airport,20.6666666,78.5833333,2023-08-11T12:00:00,2023-08-10T00:00:00,2023-08-11T12:00:00,36,33.0,29.84,283.0,275.58,7.42,20.75,78.5,30.54,30.74,29.84,29.94,1,00z,36,NOAA NCEI GFS Archive,experiments/phase6/data/raw/gfs_20230810_00_036_subset.grib2,2023-08-11 12:00:00,29.84,30.11777795555556,29.79177,8,29.70682551319648,28.927634285714287,30.1524261877961,29.42855336640048,
42943099999,YEOTMAL,Synoptic/Airport,20.4,78.15,2023-08-11T12:00:00,2023-08-10T00:00:00,2023-08-11T12:00:00,36,31.2,30.24,451.0,308.86,142.14,20.5,78.25,29.54,29.84,30.34,30.24,1,00z,36,NOAA NCEI GFS Archive,experiments/phase6/data/raw/gfs_20230810_00_036_subset.grib2,2023-08-11 12:00:00,30.24,30.056,29.31609,8,30.09510980966325,29.32763428571429,29.867341797563284,29.085148062912786,
43014099999,AURANGABAD,Synoptic/Airport,19.863169,75.398206,2023-08-11T12:00:00,2023-08-10T00:00:00,2023-08-11T12:00:00,36,30.4,28.34,582.47,556.06,26.41,19.75,75.5,28.74,28.34,26.74,26.74,1,00z,36,NOAA NCEI GFS Archive,experiments/phase6/data/raw/gfs_20230810_00_036_subset.grib2,2023-08-11 12:00:00,28.34,27.70486127880961,28.168335,8,28.42796986518636,27.427634285714287,28.568504461262588,27.32212239481006,
43017099999,PARBHANI,Synoptic/Airport,19.1333333,76.8333333,2023-08-11T12:00:00,2023-08-10T00:00:00,2023-08-11T12:00:00,36,31.2,29.24,422.0,405.66,16.34,19.25,76.75,29.24,27.74,29.24,29.74,1,00z,36,NOAA NCEI GFS Archive,experiments/phase6/data/raw/gfs_20230810_00_036_subset.grib2,2023-08-11 12:00:00,29.24,29.095555524444467,29.133789999999998,8,29.10682551319648,28.32763428571429,29.403128631671493,28.577407899418283,
43021099999,NANDED,Synoptic/Airport,19.0833333,77.3333333,2023-08-11T12:00:00,2023-08-10T00:00:00,2023-08-11T12:00:00,36,30.8,28.74,358.0,399.74,-41.74,19.0,77.25,28.74,29.14,30.04,29.04,1,00z,36,NOAA NCEI GFS Archive,experiments/phase6/data/raw/gfs_20230810_00_036_subset.grib2,2023-08-11 12:00:00,28.74,29.15111100888885,29.011309999999998,8,28.59510980966325,27.82763428571429,29.282825237575633,28.2923276684053,
43029099999,CHANDRAPUR,Synoptic/Airport,19.9666666,79.3,2023-08-11T12:00:00,2023-08-10T00:00:00,2023-08-11T12:00:00,36,33.6,28.94,193.0,200.22,-7.22,20.0,79.25,29.24,29.14,28.94,28.74,1,00z,36,NOAA NCEI GFS Archive,experiments/phase6/data/raw/gfs_20230810_00_036_subset.grib2,2023-08-11 12:00:00,28.94,28.942666752000008,28.98693,8,28.867431386347643,28.02763428571429,29.45682251956455,28.333268440289412,
43063099999,PUNE,Synoptic/Airport,18.5333333,73.85,2023-08-11T12:00:00,2023-08-10T00:00:00,2023-08-11T12:00:00,36,28.2,25.04,558.0,677.98,-119.98,18.5,73.75,25.04,26.74,25.24,26.64,1,00z,36,NOAA NCEI GFS Archive,experiments/phase6/data/raw/gfs_20230810_00_036_subset.grib2,2023-08-11 12:00:00,25.04,25.73066665599996,25.819869999999998,8,25.12796986518636,24.127634285714286,26.138443829959044,23.906387403998867,
43069099999,BARAMATI,Synoptic/Airport,18.15,74.5833333,2023-08-11T12:00:00,2023-08-10T00:00:00,2023-08-11T12:00:00,36,28.0,29.34,551.0,580.7,-29.7,18.25,74.5,29.04,30.44,29.34,29.74,1,00z,36,NOAA NCEI GFS Archive,experiments/phase6/data/raw/gfs_20230810_00_036_subset.grib2,2023-08-11 12:00:00,29.34,29.486666560000025,29.53305,8,29.26743138634764,28.427634285714287,30.081441322218723,29.00775431202446,
43110099999,RATNAGIRI,Synoptic/Airport,16.9833333,73.3333333,2023-08-11T12:00:00,2023-08-10T00:00:00,2023-08-11T12:00:00,36,28.8,27.54,67.0,36.22,30.78,17.0,73.25,27.54,27.74,27.54,27.94,1,00z,36,NOAA NCEI GFS Archive,experiments/phase6/data/raw/gfs_20230810_00_036_subset.grib2,2023-08-11 12:00:00,27.54,27.66888882844445,27.33993,8,27.40682551319648,26.627634285714286,27.351403560854223,26.235976368911786,
43111099999,MAHABALESHWAR,Synoptic/Airport,17.9333333,73.6666666,2023-08-11T12:00:00,2023-08-10T00:00:00,2023-08-11T12:00:00,36,19.0,22.64,1382.0,888.7,493.3,18.0,73.75,26.74,22.74,26.64,22.64,1,00z,36,NOAA NCEI GFS Archive,experiments/phase6/data/raw/gfs_20230810_00_036_subset.grib2,2023-08-11 12:00:00,22.64,24.00000108000001,19.43355,8,23.023029315960912,21.727634285714288,20.393483310357652,16.761767731943802,
43113099999,SATARA,Synoptic/Airport,17.5166666,74.05,2023-08-11T12:00:00,2023-08-10T00:00:00,2023-08-11T12:00:00,36,26.8,24.24,612.0,746.14,-134.14,17.5,74.0,24.24,25.74,24.74,25.84,1,00z,36,NOAA NCEI GFS Archive,experiments/phase6/data/raw/gfs_20230810_00_036_subset.grib2,2023-08-11 12:00:00,24.24,24.56799988799998,25.111909999999998,8,24.32796986518636,23.32763428571429,25.382522310966106,22.94022562413671,
43117099999,SOLAPUR,Synoptic/Airport,17.627958,75.934842,2023-08-11T12:00:00,2023-08-10T00:00:00,2023-08-11T12:00:00,36,32.6,31.34,482.8,492.06,-9.26,17.75,76.0,32.24,31.44,30.44,31.34,1,00z,36,NOAA NCEI GFS Archive,experiments/phase6/data/raw/gfs_20230810_00_036_subset.grib2,2023-08-11 12:00:00,31.34,31.3705427436992,31.40019,8,31.72302931596091,30.427634285714287,32.39686186352555,31.520026776828274,
43157099999,KOLHAPUR,Synoptic/Airport,16.664658,74.289353,2023-08-11T12:00:00,2023-08-10T00:00:00,2023-08-11T12:00:00,36,28.2,25.64,608.38,591.9,16.48,16.75,74.25,25.54,26.54,25.64,26.84,1,00z,36,NOAA NCEI GFS Archive,experiments/phase6/data/raw/gfs_20230810_00_036_subset.grib2,2023-08-11 12:00:00,25.64,25.784010516076822,25.532880000000002,8,26.023029315960912,24.727634285714288,25.628578557753457,23.816177787941104,
43158099999,SANGLI,Synoptic/Airport,16.85,74.6,2023-08-11T12:00:00,2023-08-10T00:00:00,2023-08-11T12:00:00,36,29.2,26.84,549.0,562.78,-13.78,16.75,74.5,26.84,27.44,26.94,26.74,1,00z,36,NOAA NCEI GFS Archive,experiments/phase6/data/raw/gfs_20230810_00_036_subset.grib2,2023-08-11 12:00:00,26.84,26.99199999999999,26.92957,8,26.76743138634764,25.927634285714287,26.990976192756694,25.598889894909725,
42933099999,AKOLA,Synoptic/Airport,20.7,77.0333333,2023-08-12T00:00:00,2023-08-10T00:00:00,2023-08-12T00:00:00,48,25.0,23.86,282.0,280.22,1.78,20.75,77.0,22.86,22.86,23.86,23.76,1,00z,48,NOAA NCEI GFS Archive,experiments/phase6/data/raw/gfs_20230810_00_048_subset.grib2,2023-08-12 00:00:00,23.86,23.649333344,23.84843,8,24.24302931596091,22.947634285714287,23.561035991359358,21.323383457191476,
43014099999,AURANGABAD,Synoptic/Airport,19.863169,75.398206,2023-08-12T00:00:00,2023-08-10T00:00:00,2023-08-12T00:00:00,48,22.2,21.96,582.47,556.06,26.41,19.75,75.5,22.26,21.96,21.26,21.56,1,00z,48,NOAA NCEI GFS Archive,experiments/phase6/data/raw/gfs_20230810_00_048_subset.grib2,2023-08-12 00:00:00,21.96,21.790491118214405,21.788335,8,22.04796986518636,21.047634285714288,21.63869926724,18.651507882255004,
43063099999,PUNE,Synoptic/Airport,18.5333333,73.85,2023-08-12T00:00:00,2023-08-10T00:00:00,2023-08-12T00:00:00,48,22.4,20.96,558.0,677.98,-119.98,18.5,73.75,20.96,21.86,20.76,21.46,1,00z,48,NOAA NCEI GFS Archive,experiments/phase6/data/raw/gfs_20230810_00_048_subset.grib2,2023-08-12 00:00:00,20.96,21.282666703999983,21.73987,8,21.04796986518636,20.047634285714288,21.700317043530116,18.277090742283633,
43110099999,RATNAGIRI,Synoptic/Airport,16.9833333,73.3333333,2023-08-12T00:00:00,2023-08-10T00:00:00,2023-08-12T00:00:00,48,26.4,25.96,67.0,36.22,30.78,17.0,73.25,26.56,23.96,25.96,23.66,1,00z,48,NOAA NCEI GFS Archive,experiments/phase6/data/raw/gfs_20230810_00_048_subset.grib2,2023-08-12 00:00:00,25.96,25.2266670426666,25.75993,8,25.82682551319648,25.047634285714288,25.476066225924477,23.912459979848528,
42933099999,AKOLA,Synoptic/Airport,20.7,77.0333333,2023-08-11T00:00:00,2023-08-10T12:00:00,2023-08-11T00:00:00,12,25.0,24.25,282.0,280.22,1.78,20.75,77.0,23.45,23.45,24.25,24.35,1,12z,12,NOAA NCEI GFS Archive,experiments/phase6/data/raw/gfs_20230810_12_012_subset.grib2,2023-08-11 00:00:00,24.25,24.100666655999994,24.23843,8,24.63302931596091,23.337634285714287,24.125901081257098,22.541874949966815,
43014099999,AURANGABAD,Synoptic/Airport,19.863169,75.398206,2023-08-11T00:00:00,2023-08-10T12:00:00,2023-08-11T00:00:00,12,22.0,22.75,582.47,556.06,26.41,19.75,75.5,22.85,22.75,21.25,21.55,1,12z,12,NOAA NCEI GFS Archive,experiments/phase6/data/raw/gfs_20230810_12_012_subset.grib2,2023-08-11 00:00:00,22.75,22.173778878809607,22.578335,8,22.83796986518636,21.837634285714287,22.548854510462704,20.39892421865466,
43063099999,PUNE,Synoptic/Airport,18.5333333,73.85,2023-08-11T00:00:00,2023-08-10T12:00:00,2023-08-11T00:00:00,12,21.6,21.05,558.0,677.98,-119.98,18.5,73.75,21.05,21.15,21.15,21.05,1,12z,12,NOAA NCEI GFS Archive,experiments/phase6/data/raw/gfs_20230810_12_012_subset.grib2,2023-08-11 00:00:00,21.05,21.092666664,21.82987,8,21.13796986518636,20.137634285714288,21.85213538009388,19.098888602340736,
43110099999,RATNAGIRI,Synoptic/Airport,16.9833333,73.3333333,2023-08-11T00:00:00,2023-08-10T12:00:00,2023-08-11T00:00:00,12,26.4,25.75,67.0,36.22,30.78,17.0,73.25,26.45,23.55,25.75,23.05,1,12z,12,NOAA NCEI GFS Archive,experiments/phase6/data/raw/gfs_20230810_12_012_subset.grib2,2023-08-11 00:00:00,25.75,24.89222266844437,25.54993,8,25.61682551319648,24.837634285714287,25.40460468299194,24.33756420718739,
42851099999,JALGAON,Synoptic/Airport,21.05,75.5666666,2023-08-11T12:00:00,2023-08-10T12:00:00,2023-08-11T12:00:00,24,29.4,28.69,201.0,212.38,-11.38,21.0,75.5,28.69,28.99,28.59,28.79,1,12z,24,NOAA NCEI GFS Archive,experiments/phase6/data/raw/gfs_20230810_12_024_subset.grib2,2023-08-11 12:00:00,28.69,28.74466659200001,28.76397,8,28.54510980966325,27.77763428571429,29.07675366989449,28.263890230133555,
42871099999,GONDIA ARPT/BIRSI,Synoptic/Airport,21.524467,80.287997,2023-08-11T12:00:00,2023-08-10T12:00:00,2023-08-11T12:00:00,24,32.4,29.79,300.84,301.18,-0.34,21.5,80.25,29.79,28.59,29.19,27.19,1,12z,24,NOAA NCEI GFS Archive,experiments/phase6/data/raw/gfs_20230810_12_024_subset.grib2,2023-08-11 12:00:00,29.79,29.53699379073277,29.79221,8,29.64510980966325,28.877634285714286,30.295439980126716,29.646948062985544,
42933099999,AKOLA,Synoptic/Airport,20.7,77.0333333,2023-08-11T12:00:00,2023-08-10T12:00:00,2023-08-11T12:00:00,24,32.4,30.69,282.0,280.22,1.78,20.75,77.0,28.29,28.59,30.69,29.79,1,12z,24,NOAA NCEI GFS Archive,experiments/phase6/data/raw/gfs_20230810_12_024_subset.grib2,2023-08-11 12:00:00,30.69,30.122000088000004,30.678430000000002,8,31.073029315960916,29.77763428571429,31.631818326428398,30.823301675571095,
42939099999,WARDHA,Synoptic/Airport,20.6666666,78.5833333,2023-08-11T12:00:00,2023-08-10T12:00:00,2023-08-11T12:00:00,24,33.0,30.19,283.0,275.58,7.42,20.75,78.5,30.69,31.29,30.19,30.99,1,12z,24,NOAA NCEI GFS Archive,experiments/phase6/data/raw/gfs_20230810_12_024_subset.grib2,2023-08-11 12:00:00,30.19,30.60111112888892,30.14177,8,30.056825513196483,29.27763428571429,30.61202767147377,30.125625861318966,
42943099999,YEOTMAL,Synoptic/Airport,20.4,78.15,2023-08-11T12:00:00,2023-08-10T12:00:00,2023-08-11T12:00:00,24,31.2,29.19,451.0,308.86,142.14,20.5,78.25,28.29,28.39,28.79,29.19,1,12z,24,NOAA NCEI GFS Archive,experiments/phase6/data/raw/gfs_20230810_12_024_subset.grib2,2023-08-11 12:00:00,29.19,28.758000000000006,28.266090000000002,8,29.04510980966325,28.27763428571429,28.683065110164037,27.93098360514617,
43014099999,AURANGABAD,Synoptic/Airport,19.863169,75.398206,2023-08-11T12:00:00,2023-08-10T12:00:00,2023-08-11T12:00:00,24,30.4,29.19,582.47,556.06,26.41,19.75,75.5,28.79,29.19,27.29,27.49,1,12z,24,NOAA NCEI GFS Archive,experiments/phase6/data/raw/gfs_20230810_12_024_subset.grib2,2023-08-11 12:00:00,29.19,28.294444160595205,29.018335,8,29.27796986518636,28.27763428571429,29.507448092679557,28.68035094425894,
43017099999,PARBHANI,Synoptic/Airport,19.1333333,76.8333333,2023-08-11T12:00:00,2023-08-10T12:00:00,2023-08-11T12:00:00,24,31.2,29.39,422.0,405.66,16.34,19.25,76.75,29.59,28.49,29.39,29.59,1,12z,24,NOAA NCEI GFS Archive,experiments/phase6/data/raw/gfs_20230810_12_024_subset.grib2,2023-08-11 12:00:00,29.39,29.3477778008889,29.28379,8,29.25682551319648,28.477634285714288,29.632529163926066,29.010017972524615,
43021099999,NANDED,Synoptic/Airport,19.0833333,77.3333333,2023-08-11T12:00:00,2023-08-10T12:00:00,2023-08-11T12:00:00,24,30.8,29.39,358.0,399.74,-41.74,19.0,77.25,29.39,30.09,30.79,29.89,1,12z,24,NOAA NCEI GFS Archive,experiments/phase6/data/raw/gfs_20230810_12_024_subset.grib2,2023-08-11 12:00:00,29.39,29.912222084444416,29.66131,8,29.24510980966325,28.477634285714288,30.090849684405953,29.386093796042026,
43029099999,CHANDRAPUR,Synoptic/Airport,19.9666666,79.3,2023-08-11T12:00:00,2023-08-10T12:00:00,2023-08-11T12:00:00,24,33.6,29.69,193.0,200.22,-7.22,20.0,79.25,30.79,31.49,29.69,29.99,1,12z,24,NOAA NCEI GFS Archive,experiments/phase6/data/raw/gfs_20230810_12_024_subset.grib2,2023-08-11 12:00:00,29.69,29.907333648,29.73693,8,29.617431386347643,28.77763428571429,30.393252885187053,29.559265778832216,
43063099999,PUNE,Synoptic/Airport,18.5333333,73.85,2023-08-11T12:00:00,2023-08-10T12:00:00,2023-08-11T12:00:00,24,28.2,24.69,558.0,677.98,-119.98,18.5,73.75,24.69,26.49,24.79,26.29,1,12z,24,NOAA NCEI GFS Archive,experiments/phase6/data/raw/gfs_20230810_12_024_subset.grib2,2023-08-11 12:00:00,24.69,25.40733333599996,25.46987,8,24.77796986518636,23.77763428571429,25.777381335674974,23.6778414225748,
43069099999,BARAMATI,Synoptic/Airport,18.15,74.5833333,2023-08-11T12:00:00,2023-08-10T12:00:00,2023-08-11T12:00:00,24,28.0,29.19,551.0,580.7,-29.7,18.25,74.5,29.19,30.19,29.19,29.99,1,12z,24,NOAA NCEI GFS Archive,experiments/phase6/data/raw/gfs_20230810_12_024_subset.grib2,2023-08-11 12:00:00,29.19,29.483333216000027,29.38305,8,29.117431386347643,28.27763428571429,29.942724146204394,29.043670752412552,
43110099999,RATNAGIRI,Synoptic/Airport,16.9833333,73.3333333,2023-08-11T12:00:00,2023-08-10T12:00:00,2023-08-11T12:00:00,24,28.8,27.49,67.0,36.22,30.78,17.0,73.25,27.39,27.49,27.49,27.49,1,12z,24,NOAA NCEI GFS Archive,experiments/phase6/data/raw/gfs_20230810_12_024_subset.grib2,2023-08-11 12:00:00,27.49,27.48555554577777,27.28993,8,27.35682551319648,26.57763428571429,27.35060314168569,26.404124020205956,
43111099999,MAHABALESHWAR,Synoptic/Airport,17.9333333,73.6666666,2023-08-11T12:00:00,2023-08-10T12:00:00,2023-08-11T12:00:00,24,19.0,22.09,1382.0,888.7,493.3,18.0,73.75,26.29,22.29,25.99,22.09,1,12z,24,NOAA NCEI GFS Archive,experiments/phase6/data/raw/gfs_20230810_12_024_subset.grib2,2023-08-11 12:00:00,22.09,23.45222330044446,18.88355,8,22.47302931596091,21.177634285714287,19.785415537620374,16.268759328707578,
43113099999,SATARA,Synoptic/Airport,17.5166666,74.05,2023-08-11T12:00:00,2023-08-10T12:00:00,2023-08-11T12:00:00,24,26.8,24.19,612.0,746.14,-134.14,17.5,74.0,24.19,25.69,24.59,25.79,1,12z,24,NOAA NCEI GFS Archive,experiments/phase6/data/raw/gfs_20230810_12_024_subset.grib2,2023-08-11 12:00:00,24.19,24.512666575999983,25.06191,8,24.27796986518636,23.27763428571429,25.346461348107294,23.108373275430885,
43117099999,SOLAPUR,Synoptic/Airport,17.627958,75.934842,2023-08-11T12:00:00,2023-08-10T12:00:00,2023-08-11T12:00:00,24,32.6,31.59,482.8,492.06,-9.26,17.75,76.0,32.69,32.59,30.89,31.59,1,12z,24,NOAA NCEI GFS Archive,experiments/phase6/data/raw/gfs_20230810_12_024_subset.grib2,2023-08-11 12:00:00,31.59,31.99751136174081,31.65019,8,31.97302931596091,30.677634285714287,32.725683662595955,32.084868060840684,
43157099999,KOLHAPUR,Synoptic/Airport,16.664658,74.289353,2023-08-11T12:00:00,2023-08-10T12:00:00,2023-08-11T12:00:00,24,28.2,25.69,608.38,591.9,16.48,16.75,74.25,25.69,26.79,25.69,26.99,1,12z,24,NOAA NCEI GFS Archive,experiments/phase6/data/raw/gfs_20230810_12_024_subset.grib2,2023-08-11 12:00:00,25.69,25.88388851607683,25.582880000000003,8,26.073029315960916,24.77763428571429,25.723177963871937,24.116556650141355,
43158099999,SANGLI,Synoptic/Airport,16.85,74.6,2023-08-11T12:00:00,2023-08-10T12:00:00,2023-08-11T12:00:00,24,29.2,26.99,549.0,562.78,-13.78,16.75,74.5,26.99,28.09,27.19,27.19,1,12z,24,NOAA NCEI GFS Archive,experiments/phase6/data/raw/gfs_20230810_12_024_subset.grib2,2023-08-11 12:00:00,26.99,27.333999999999985,27.079569999999997,8,26.91743138634764,26.07763428571429,27.210641530621306,26.03149996801605,
42933099999,AKOLA,Synoptic/Airport,20.7,77.0333333,2023-08-12T00:00:00,2023-08-10T12:00:00,2023-08-12T00:00:00,36,25.0,24.22,282.0,280.22,1.78,20.75,77.0,23.22,23.32,24.22,24.42,1,12z,36,NOAA NCEI GFS Archive,experiments/phase6/data/raw/gfs_20230810_12_036_subset.grib2,2023-08-12 00:00:00,24.22,24.043999975999995,24.20843,8,24.60302931596091,23.30763428571429,24.01868010655331,22.033679073200567,
43014099999,AURANGABAD,Synoptic/Airport,19.863169,75.398206,2023-08-12T00:00:00,2023-08-10T12:00:00,2023-08-12T00:00:00,36,22.2,22.12,582.47,556.06,26.41,19.75,75.5,22.12,22.12,21.12,21.52,1,12z,36,NOAA NCEI GFS Archive,experiments/phase6/data/raw/gfs_20230810_12_036_subset.grib2,2023-08-12 00:00:00,22.12,21.774666878809604,21.948335,8,22.20796986518636,21.20763428571429,21.830139376378867,19.09734107645194,
43063099999,PUNE,Synoptic/Airport,18.5333333,73.85,2023-08-12T00:00:00,2023-08-10T12:00:00,2023-08-12T00:00:00,36,22.4,21.02,558.0,677.98,-119.98,18.5,73.75,21.02,21.52,20.82,21.32,1,12z,36,NOAA NCEI GFS Archive,experiments/phase6/data/raw/gfs_20230810_12_036_subset.grib2,2023-08-12 00:00:00,21.02,21.19333335999999,21.79987,8,21.10796986518636,20.107634285714287,21.783423308860563,18.590692725574492,
43110099999,RATNAGIRI,Synoptic/Airport,16.9833333,73.3333333,2023-08-12T00:00:00,2023-08-10T12:00:00,2023-08-12T00:00:00,36,26.4,25.32,67.0,36.22,30.78,17.0,73.25,26.02,23.42,25.32,23.22,1,12z,36,NOAA NCEI GFS Archive,experiments/phase6/data/raw/gfs_20230810_12_036_subset.grib2,2023-08-12 00:00:00,25.32,24.65555591111105,25.11993,8,25.18682551319648,24.407634285714288,24.79617300005779,23.300443486796834,
42851099999,JALGAON,Synoptic/Airport,21.05,75.5666666,2023-08-12T12:00:00,2023-08-10T12:00:00,2023-08-12T12:00:00,48,30.0,28.31,201.0,212.38,-11.38,21.0,75.5,28.31,28.91,27.51,27.51,1,12z,48,NOAA NCEI GFS Archive,experiments/phase6/data/raw/gfs_20230810_12_048_subset.grib2,2023-08-12 12:00:00,28.31,28.27799987200001,28.383969999999998,8,28.16510980966325,27.39763428571429,28.538891272405145,27.29288511519603,
42871099999,GONDIA ARPT/BIRSI,Synoptic/Airport,21.524467,80.287997,2023-08-12T12:00:00,2023-08-10T12:00:00,2023-08-12T12:00:00,48,32.0,29.01,300.84,301.18,-0.34,21.5,80.25,29.01,27.71,28.51,27.51,1,12z,48,NOAA NCEI GFS Archive,experiments/phase6/data/raw/gfs_20230810_12_048_subset.grib2,2023-08-12 12:00:00,29.01,28.767944028475178,29.012210000000003,8,28.86510980966325,28.09763428571429,29.288800845171597,28.147018104423708,
42933099999,AKOLA,Synoptic/Airport,20.7,77.0333333,2023-08-12T12:00:00,2023-08-10T12:00:00,2023-08-12T12:00:00,48,32.0,29.61,282.0,280.22,1.78,20.75,77.0,28.51,27.51,29.61,28.91,1,12z,48,NOAA NCEI GFS Archive,experiments/phase6/data/raw/gfs_20230810_12_048_subset.grib2,2023-08-12 12:00:00,29.61,29.28866676800001,29.59843,8,29.99302931596091,28.697634285714287,30.294929788727032,28.92667808429102,
42939099999,WARDHA,Synoptic/Airport,20.6666666,78.5833333,2023-08-12T12:00:00,2023-08-10T12:00:00,2023-08-12T12:00:00,48,33.0,29.71,283.0,275.58,7.42,20.75,78.5,30.81,31.41,29.71,30.31,1,12z,48,NOAA NCEI GFS Archive,experiments/phase6/data/raw/gfs_20230810_12_048_subset.grib2,2023-08-12 12:00:00,29.71,30.27666688000002,29.66177,8,29.57682551319648,28.797634285714288,29.946045750683844,29.022389535475366,
42943099999,YEOTMAL,Synoptic/Airport,20.4,78.15,2023-08-12T12:00:00,2023-08-10T12:00:00,2023-08-12T12:00:00,48,30.5,29.11,451.0,308.86,142.14,20.5,78.25,28.71,28.41,28.91,29.11,1,12z,48,NOAA NCEI GFS Archive,experiments/phase6/data/raw/gfs_20230810_12_048_subset.grib2,2023-08-12 12:00:00,29.11,28.83,28.18609,8,28.96510980966325,28.197634285714287,28.49678526577403,27.356672122926884,
43014099999,AURANGABAD,Synoptic/Airport,19.863169,75.398206,2023-08-12T12:00:00,2023-08-10T12:00:00,2023-08-12T12:00:00,48,29.4,28.21,582.47,556.06,26.41,19.75,75.5,28.51,28.21,26.41,27.51,1,12z,48,NOAA NCEI GFS Archive,experiments/phase6/data/raw/gfs_20230810_12_048_subset.grib2,2023-08-12 12:00:00,28.21,27.75723327583361,28.038335,8,28.29796986518636,27.297634285714288,28.40956450526625,26.915958563884942,
43017099999,PARBHANI,Synoptic/Airport,19.1333333,76.8333333,2023-08-12T12:00:00,2023-08-10T12:00:00,2023-08-12T12:00:00,48,32.2,28.91,422.0,405.66,16.34,19.25,76.75,28.21,28.01,28.91,28.51,1,12z,48,NOAA NCEI GFS Archive,experiments/phase6/data/raw/gfs_20230810_12_048_subset.grib2,2023-08-12 12:00:00,28.91,28.481111067555545,28.80379,8,28.77682551319648,27.997634285714287,28.966547243136137,27.90678164668101,
43021099999,NANDED,Synoptic/Airport,19.0833333,77.3333333,2023-08-12T12:00:00,2023-08-10T12:00:00,2023-08-12T12:00:00,48,32.2,28.81,358.0,399.74,-41.74,19.0,77.25,28.81,29.51,28.51,28.91,1,12z,48,NOAA NCEI GFS Archive,experiments/phase6/data/raw/gfs_20230810_12_048_subset.grib2,2023-08-12 12:00:00,28.81,28.909999973333345,29.08131,8,28.66510980966325,27.89763428571429,29.318598918183717,28.150626259292345,
43029099999,CHANDRAPUR,Synoptic/Airport,19.9666666,79.3,2023-08-12T12:00:00,2023-08-10T12:00:00,2023-08-12T12:00:00,48,34.2,29.11,193.0,200.22,-7.22,20.0,79.25,28.61,28.51,29.11,28.71,1,12z,48,NOAA NCEI GFS Archive,experiments/phase6/data/raw/gfs_20230810_12_048_subset.grib2,2023-08-12 12:00:00,29.11,28.971333216000005,29.15693,8,29.03743138634764,28.197634285714287,29.619431863170806,28.323798242082535,
43063099999,PUNE,Synoptic/Airport,18.5333333,73.85,2023-08-12T12:00:00,2023-08-10T12:00:00,2023-08-12T12:00:00,48,26.0,24.11,558.0,677.98,-119.98,18.5,73.75,24.11,25.81,24.21,25.41,1,12z,48,NOAA NCEI GFS Archive,experiments/phase6/data/raw/gfs_20230810_12_048_subset.grib2,2023-08-12 12:00:00,24.11,24.77666667999996,24.88987,8,24.19796986518636,23.197634285714287,25.112833123495346,22.44237388582512,
43069099999,BARAMATI,Synoptic/Airport,18.15,74.5833333,2023-08-12T12:00:00,2023-08-10T12:00:00,2023-08-12T12:00:00,48,28.4,28.41,551.0,580.7,-29.7,18.25,74.5,29.01,30.01,28.41,29.51,1,12z,48,NOAA NCEI GFS Archive,experiments/phase6/data/raw/gfs_20230810_12_048_subset.grib2,2023-08-12 12:00:00,28.41,29.00333319200003,28.60305,8,28.33743138634764,27.497634285714287,28.929981448268855,27.543740793850716,
43110099999,RATNAGIRI,Synoptic/Airport,16.9833333,73.3333333,2023-08-12T12:00:00,2023-08-10T12:00:00,2023-08-12T12:00:00,48,28.8,27.21,67.0,36.22,30.78,17.0,73.25,27.21,27.71,27.21,27.61,1,12z,48,NOAA NCEI GFS Archive,experiments/phase6/data/raw/gfs_20230810_12_048_subset.grib2,2023-08-12 12:00:00,27.21,27.34555550577779,27.00993,8,27.07682551319648,26.297634285714288,26.914822172318864,25.565350116174518,
43111099999,MAHABALESHWAR,Synoptic/Airport,17.9333333,73.6666666,2023-08-12T12:00:00,2023-08-10T12:00:00,2023-08-12T12:00:00,48,18.6,21.01,1382.0,888.7,493.3,18.0,73.75,25.81,21.91,25.71,21.01,1,12z,48,NOAA NCEI GFS Archive,experiments/phase6/data/raw/gfs_20230810_12_048_subset.grib2,2023-08-12 12:00:00,21.01,22.74555683644443,17.80355,8,21.393029315960916,20.09763428571429,18.448526999919014,14.372135737427506,
43113099999,SATARA,Synoptic/Airport,17.5166666,74.05,2023-08-12T12:00:00,2023-08-10T12:00:00,2023-08-12T12:00:00,48,25.4,23.51,612.0,746.14,-134.14,17.5,74.0,23.51,25.21,23.91,25.31,1,12z,48,NOAA NCEI GFS Archive,experiments/phase6/data/raw/gfs_20230810_12_048_subset.grib2,2023-08-12 12:00:00,23.51,23.87266657599998,24.38191,8,23.59796986518636,22.59763428571429,24.57357929211925,21.740674527775127,
43117099999,SOLAPUR,Synoptic/Airport,17.627958,75.934842,2023-08-12T12:00:00,2023-08-10T12:00:00,2023-08-12T12:00:00,48,32.0,31.91,482.8,492.06,-9.26,17.75,76.0,31.61,32.21,31.81,31.91,1,12z,48,NOAA NCEI GFS Archive,experiments/phase6/data/raw/gfs_20230810_12_048_subset.grib2,2023-08-12 12:00:00,31.91,31.966771098912005,31.97019,8,32.293029315960915,30.997634285714287,33.02835187555802,32.039481422245714,
43157099999,KOLHAPUR,Synoptic/Airport,16.664658,74.289353,2023-08-12T12:00:00,2023-08-10T12:00:00,2023-08-12T12:00:00,48,26.8,25.51,608.38,591.9,16.48,16.75,74.25,25.01,26.21,25.51,26.71,1,12z,48,NOAA NCEI GFS Archive,experiments/phase6/data/raw/gfs_20230810_12_048_subset.grib2,2023-08-12 12:00:00,25.51,25.528210400000027,25.402880000000003,8,25.893029315960916,24.59763428571429,25.44029019445421,23.41001395701599,
43158099999,SANGLI,Synoptic/Airport,16.85,74.6,2023-08-12T12:00:00,2023-08-10T12:00:00,2023-08-12T12:00:00,48,28.8,26.71,549.0,562.78,-13.78,16.75,74.5,26.71,27.41,27.01,26.81,1,12z,48,NOAA NCEI GFS Archive,experiments/phase6/data/raw/gfs_20230810_12_048_subset.grib2,2023-08-12 12:00:00,26.71,26.965999999999998,26.79957,8,26.637431386347643,25.797634285714288,26.79520302248401,25.19272606398461,
