station_id,observation_time,lead_time_hours,observed_temperature_c,baseline0_temperature_c,baseline1_temperature_c,baseline0_error_c,baseline1_error_c,absolute_error_baseline0_c,absolute_error_baseline1_c,error_improvement_c,correction_class
43063099999,2023-01-01T12:00:00,12,28.8,26.94,27.25,-1.8599999999999994,-1.5500000000000007,1.8599999999999994,1.5500000000000007,0.3099999999999987,USEFUL
43003099999,2023-01-01T12:00:00,12,26.0,23.83,25.2,-2.1700000000000017,-0.8000000000000007,2.1700000000000017,0.8000000000000007,1.370000000000001,USEFUL
42867099999,2023-01-01T12:00:00,12,25.0,23.79,23.75,-1.2100000000000009,-1.25,1.2100000000000009,1.25,-0.03999999999999915,NEUTRAL
43014099999,2023-01-01T12:00:00,12,27.6,26.62,26.29,-0.9800000000000004,-1.3100000000000023,0.9800000000000004,1.3100000000000023,-0.33000000000000185,HARMFUL
43063099999,2023-01-02T00:00:00,24,12.0,17.37,17.12,5.370000000000001,5.120000000000001,5.370000000000001,5.120000000000001,0.25,USEFUL
43003099999,2023-01-02T00:00:00,24,21.0,24.02,21.96,3.0199999999999996,0.9600000000000009,3.0199999999999996,0.9600000000000009,2.0599999999999987,USEFUL
42867099999,2023-01-02T00:00:00,24,16.0,15.2,14.95,-0.8000000000000007,-1.0500000000000007,0.8000000000000007,1.0500000000000007,-0.25,HARMFUL
43014099999,2023-01-02T00:00:00,24,13.0,16.49,16.14,3.4899999999999984,3.1400000000000006,3.4899999999999984,3.1400000000000006,0.34999999999999787,USEFUL
43063099999,2023-01-02T12:00:00,36,30.0,27.48,27.76,-2.5199999999999996,-2.2399999999999984,2.5199999999999996,2.2399999999999984,0.28000000000000114,USEFUL
43003099999,2023-01-02T12:00:00,36,29.0,24.76,26.58,-4.239999999999998,-2.4200000000000017,4.239999999999998,2.4200000000000017,1.8199999999999967,USEFUL
42867099999,2023-01-02T12:00:00,36,25.0,23.77,23.7,-1.2300000000000004,-1.3000000000000007,1.2300000000000004,1.3000000000000007,-0.07000000000000028,NEUTRAL
43014099999,2023-01-02T12:00:00,36,28.0,26.33,26.16,-1.6700000000000017,-1.8399999999999999,1.6700000000000017,1.8399999999999999,-0.16999999999999815,NEUTRAL
43063099999,2023-01-03T00:00:00,48,13.0,18.28,18.38,5.280000000000001,5.379999999999999,5.280000000000001,5.379999999999999,-0.09999999999999787,NEUTRAL
43003099999,2023-01-03T00:00:00,48,22.0,24.71,22.87,2.710000000000001,0.870000000000001,2.710000000000001,0.870000000000001,1.8399999999999999,USEFUL
42867099999,2023-01-03T00:00:00,48,16.0,15.3,15.07,-0.6999999999999993,-0.9299999999999997,0.6999999999999993,0.9299999999999997,-0.23000000000000043,HARMFUL
43014099999,2023-01-03T00:00:00,48,15.0,17.15,16.75,2.1499999999999986,1.75,2.1499999999999986,1.75,0.3999999999999986,USEFUL
43063099999,2023-01-02T00:00:00,12,12.0,17.02,16.88,5.02,4.879999999999999,5.02,4.879999999999999,0.14000000000000057,NEUTRAL
43003099999,2023-01-02T00:00:00,12,21.0,23.8,21.74,2.8000000000000007,0.7399999999999984,2.8000000000000007,0.7399999999999984,2.0600000000000023,USEFUL
42867099999,2023-01-02T00:00:00,12,16.0,14.88,14.6,-1.1199999999999992,-1.4000000000000004,1.1199999999999992,1.4000000000000004,-0.28000000000000114,HARMFUL
43014099999,2023-01-02T00:00:00,12,13.0,16.61,16.39,3.6099999999999994,3.3900000000000006,3.6099999999999994,3.3900000000000006,0.21999999999999886,USEFUL
43063099999,2023-01-02T12:00:00,24,30.0,27.48,27.69,-2.5199999999999996,-2.3099999999999987,2.5199999999999996,2.3099999999999987,0.21000000000000085,USEFUL
43003099999,2023-01-02T12:00:00,24,29.0,24.58,26.27,-4.420000000000002,-2.7300000000000004,4.420000000000002,2.7300000000000004,1.6900000000000013,USEFUL
42867099999,2023-01-02T12:00:00,24,25.0,23.46,23.35,-1.5399999999999991,-1.6499999999999986,1.5399999999999991,1.6499999999999986,-0.10999999999999943,NEUTRAL
43014099999,2023-01-02T12:00:00,24,28.0,25.99,25.81,-2.0100000000000016,-2.1900000000000013,2.0100000000000016,2.1900000000000013,-0.17999999999999972,NEUTRAL
43063099999,2023-01-03T00:00:00,36,13.0,18.22,18.29,5.219999999999999,5.289999999999999,5.219999999999999,5.289999999999999,-0.07000000000000028,NEUTRAL
43003099999,2023-01-03T00:00:00,36,22.0,24.63,22.86,2.629999999999999,0.8599999999999994,2.629999999999999,0.8599999999999994,1.7699999999999996,USEFUL
42867099999,2023-01-03T00:00:00,36,16.0,15.04,14.78,-0.9600000000000009,-1.2200000000000006,0.9600000000000009,1.2200000000000006,-0.2599999999999998,HARMFUL
43014099999,2023-01-03T00:00:00,36,15.0,17.07,17.05,2.0700000000000003,2.0500000000000007,2.0700000000000003,2.0500000000000007,0.019999999999999574,NEUTRAL
43063099999,2023-01-03T12:00:00,48,28.0,27.49,27.97,-0.5100000000000016,-0.030000000000001137,0.5100000000000016,0.030000000000001137,0.4800000000000004,USEFUL
43003099999,2023-01-03T12:00:00,48,29.0,24.53,25.88,-4.469999999999999,-3.120000000000001,4.469999999999999,3.120000000000001,1.3499999999999979,USEFUL
42867099999,2023-01-03T12:00:00,48,25.0,24.1,23.89,-0.8999999999999986,-1.1099999999999994,0.8999999999999986,1.1099999999999994,-0.21000000000000085,HARMFUL
43014099999,2023-01-03T12:00:00,48,28.0,27.17,26.67,-0.8299999999999983,-1.3299999999999983,0.8299999999999983,1.3299999999999983,-0.5,HARMFUL
43063099999,2023-01-02T12:00:00,12,30.0,27.11,27.45,-2.8900000000000006,-2.5500000000000007,2.8900000000000006,2.5500000000000007,0.33999999999999986,USEFUL
43003099999,2023-01-02T12:00:00,12,29.0,24.5,26.3,-4.5,-2.6999999999999993,4.5,2.6999999999999993,1.8000000000000007,USEFUL
42867099999,2023-01-02T12:00:00,12,25.0,23.67,23.55,-1.3299999999999983,-1.4499999999999993,1.3299999999999983,1.4499999999999993,-0.120000000000001,NEUTRAL
43014099999,2023-01-02T12:00:00,12,28.0,26.12,25.96,-1.879999999999999,-2.039999999999999,1.879999999999999,2.039999999999999,-0.16000000000000014,NEUTRAL
43063099999,2023-01-03T00:00:00,24,13.0,18.11,18.16,5.109999999999999,5.16,5.109999999999999,5.16,-0.05000000000000071,NEUTRAL
43003099999,2023-01-03T00:00:00,24,22.0,24.44,22.63,2.4400000000000013,0.629999999999999,2.4400000000000013,0.629999999999999,1.8100000000000023,USEFUL
42867099999,2023-01-03T00:00:00,24,16.0,15.04,14.79,-0.9600000000000009,-1.2100000000000009,0.9600000000000009,1.2100000000000009,-0.25,HARMFUL
43014099999,2023-01-03T00:00:00,24,15.0,17.04,16.81,2.039999999999999,1.8099999999999987,2.039999999999999,1.8099999999999987,0.23000000000000043,USEFUL
43063099999,2023-01-03T12:00:00,36,28.0,27.04,27.63,-0.9600000000000009,-0.370000000000001,0.9600000000000009,0.370000000000001,0.5899999999999999,USEFUL
43003099999,2023-01-03T12:00:00,36,29.0,24.57,25.88,-4.43,-3.120000000000001,4.43,3.120000000000001,1.3099999999999987,USEFUL
42867099999,2023-01-03T12:00:00,36,25.0,24.04,23.85,-0.9600000000000009,-1.1499999999999986,0.9600000000000009,1.1499999999999986,-0.18999999999999773,NEUTRAL
43014099999,2023-01-03T12:00:00,36,28.0,26.88,26.42,-1.120000000000001,-1.5799999999999983,1.120000000000001,1.5799999999999983,-0.4599999999999973,HARMFUL
43063099999,2023-01-04T00:00:00,48,15.2,17.87,17.69,2.6700000000000017,2.490000000000002,2.6700000000000017,2.490000000000002,0.17999999999999972,NEUTRAL
43003099999,2023-01-04T00:00:00,48,21.0,24.02,22.28,3.0199999999999996,1.2800000000000011,3.0199999999999996,1.2800000000000011,1.7399999999999984,USEFUL
42867099999,2023-01-04T00:00:00,48,18.0,16.19,16.05,-1.8099999999999987,-1.9499999999999993,1.8099999999999987,1.9499999999999993,-0.14000000000000057,NEUTRAL
43014099999,2023-01-04T00:00:00,48,16.0,17.85,17.56,1.8500000000000014,1.5599999999999987,1.8500000000000014,1.5599999999999987,0.2900000000000027,USEFUL
43063099999,2023-01-03T00:00:00,12,13.0,17.74,17.75,4.739999999999998,4.75,4.739999999999998,4.75,-0.010000000000001563,NEUTRAL
43003099999,2023-01-03T00:00:00,12,22.0,24.67,22.68,2.6700000000000017,0.6799999999999997,2.6700000000000017,0.6799999999999997,1.990000000000002,USEFUL
42867099999,2023-01-03T00:00:00,12,16.0,14.77,14.52,-1.2300000000000004,-1.4800000000000004,1.2300000000000004,1.4800000000000004,-0.25,HARMFUL
43014099999,2023-01-03T00:00:00,12,15.0,16.52,16.12,1.5199999999999996,1.120000000000001,1.5199999999999996,1.120000000000001,0.3999999999999986,USEFUL
43063099999,2023-01-03T12:00:00,24,28.0,27.14,27.59,-0.8599999999999994,-0.41000000000000014,0.8599999999999994,0.41000000000000014,0.4499999999999993,USEFUL
43003099999,2023-01-03T12:00:00,24,29.0,24.6,25.86,-4.399999999999999,-3.1400000000000006,4.399999999999999,3.1400000000000006,1.259999999999998,USEFUL
42867099999,2023-01-03T12:00:00,24,25.0,23.91,23.71,-1.0899999999999999,-1.2899999999999991,1.0899999999999999,1.2899999999999991,-0.1999999999999993,NEUTRAL
43014099999,2023-01-03T12:00:00,24,28.0,26.24,26.01,-1.7600000000000016,-1.9899999999999984,1.7600000000000016,1.9899999999999984,-0.22999999999999687,HARMFUL
43063099999,2023-01-04T00:00:00,36,15.2,17.82,17.71,2.620000000000001,2.5100000000000016,2.620000000000001,2.5100000000000016,0.10999999999999943,NEUTRAL
43003099999,2023-01-04T00:00:00,36,21.0,23.99,22.18,2.9899999999999984,1.1799999999999997,2.9899999999999984,1.1799999999999997,1.8099999999999987,USEFUL
42867099999,2023-01-04T00:00:00,36,18.0,15.82,15.52,-2.1799999999999997,-2.4800000000000004,2.1799999999999997,2.4800000000000004,-0.3000000000000007,HARMFUL
43014099999,2023-01-04T00:00:00,36,16.0,17.11,16.65,1.1099999999999994,0.6499999999999986,1.1099999999999994,0.6499999999999986,0.46000000000000085,USEFUL
43063099999,2023-01-04T12:00:00,48,26.8,26.83,27.48,0.029999999999997584,0.6799999999999997,0.029999999999997584,0.6799999999999997,-0.6500000000000021,HARMFUL
43003099999,2023-01-04T12:00:00,48,27.0,24.6,25.57,-2.3999999999999986,-1.4299999999999997,2.3999999999999986,1.4299999999999997,0.9699999999999989,USEFUL
42867099999,2023-01-04T12:00:00,48,18.0,21.48,21.4,3.4800000000000004,3.3999999999999986,3.4800000000000004,3.3999999999999986,0.08000000000000185,NEUTRAL
43014099999,2023-01-04T12:00:00,48,25.0,26.81,26.41,1.8099999999999987,1.4100000000000001,1.8099999999999987,1.4100000000000001,0.3999999999999986,USEFUL
43063099999,2023-01-03T12:00:00,12,28.0,27.35,27.63,-0.6499999999999986,-0.370000000000001,0.6499999999999986,0.370000000000001,0.2799999999999976,USEFUL
43003099999,2023-01-03T12:00:00,12,29.0,24.37,25.61,-4.629999999999999,-3.3900000000000006,4.629999999999999,3.3900000000000006,1.2399999999999984,USEFUL
42867099999,2023-01-03T12:00:00,12,25.0,23.88,23.69,-1.120000000000001,-1.3099999999999987,1.120000000000001,1.3099999999999987,-0.18999999999999773,NEUTRAL
43014099999,2023-01-03T12:00:00,12,28.0,26.05,25.89,-1.9499999999999993,-2.1099999999999994,1.9499999999999993,2.1099999999999994,-0.16000000000000014,NEUTRAL
43063099999,2023-01-04T00:00:00,24,15.2,17.62,17.43,2.4200000000000017,2.2300000000000004,2.4200000000000017,2.2300000000000004,0.19000000000000128,NEUTRAL
43003099999,2023-01-04T00:00:00,24,21.0,24.02,22.26,3.0199999999999996,1.2600000000000016,3.0199999999999996,1.2600000000000016,1.759999999999998,USEFUL
42867099999,2023-01-04T00:00:00,24,18.0,15.61,15.25,-2.3900000000000006,-2.75,2.3900000000000006,2.75,-0.35999999999999943,HARMFUL
43014099999,2023-01-04T00:00:00,24,16.0,16.51,16.17,0.5100000000000016,0.1700000000000017,0.5100000000000016,0.1700000000000017,0.33999999999999986,USEFUL
43063099999,2023-01-04T12:00:00,36,26.8,27.37,27.53,0.5700000000000003,0.7300000000000004,0.5700000000000003,0.7300000000000004,-0.16000000000000014,NEUTRAL
43003099999,2023-01-04T12:00:00,36,27.0,24.88,25.74,-2.120000000000001,-1.2600000000000016,2.120000000000001,1.2600000000000016,0.8599999999999994,USEFUL
42867099999,2023-01-04T12:00:00,36,18.0,21.22,21.49,3.219999999999999,3.4899999999999984,3.219999999999999,3.4899999999999984,-0.2699999999999996,HARMFUL
43014099999,2023-01-04T12:00:00,36,25.0,26.15,25.8,1.1499999999999986,0.8000000000000007,1.1499999999999986,0.8000000000000007,0.34999999999999787,USEFUL
43063099999,2023-01-05T00:00:00,48,16.4,18.27,18.29,1.870000000000001,1.8900000000000006,1.870000000000001,1.8900000000000006,-0.019999999999999574,NEUTRAL
43003099999,2023-01-05T00:00:00,48,24.0,24.71,23.43,0.7100000000000009,-0.5700000000000003,0.7100000000000009,0.5700000000000003,0.14000000000000057,NEUTRAL
42867099999,2023-01-05T00:00:00,48,16.0,16.82,16.06,0.8200000000000003,0.05999999999999872,0.8200000000000003,0.05999999999999872,0.7600000000000016,USEFUL
43014099999,2023-01-05T00:00:00,48,17.0,19.49,18.18,2.4899999999999984,1.1799999999999997,2.4899999999999984,1.1799999999999997,1.3099999999999987,USEFUL
43063099999,2023-01-04T00:00:00,12,15.2,17.53,17.28,2.330000000000002,2.080000000000002,2.330000000000002,2.080000000000002,0.25,USEFUL
43003099999,2023-01-04T00:00:00,12,21.0,24.32,22.49,3.3200000000000003,1.4899999999999984,3.3200000000000003,1.4899999999999984,1.8300000000000018,USEFUL
42867099999,2023-01-04T00:00:00,12,18.0,15.75,15.27,-2.25,-2.7300000000000004,2.25,2.7300000000000004,-0.4800000000000004,HARMFUL
43014099999,2023-01-04T00:00:00,12,16.0,16.07,15.68,0.07000000000000028,-0.3200000000000003,0.07000000000000028,0.3200000000000003,-0.25,HARMFUL
43063099999,2023-01-04T12:00:00,24,26.8,27.16,27.27,0.35999999999999943,0.46999999999999886,0.35999999999999943,0.46999999999999886,-0.10999999999999943,NEUTRAL
43003099999,2023-01-04T12:00:00,24,27.0,24.86,25.81,-2.1400000000000006,-1.1900000000000013,2.1400000000000006,1.1900000000000013,0.9499999999999993,USEFUL
42867099999,2023-01-04T12:00:00,24,18.0,21.79,21.66,3.789999999999999,3.66,3.789999999999999,3.66,0.129999999999999,NEUTRAL
43014099999,2023-01-04T12:00:00,24,25.0,25.77,25.43,0.7699999999999996,0.4299999999999997,0.7699999999999996,0.4299999999999997,0.33999999999999986,USEFUL
43063099999,2023-01-05T00:00:00,36,16.4,18.11,18.09,1.7100000000000009,1.6900000000000013,1.7100000000000009,1.6900000000000013,0.019999999999999574,NEUTRAL
43003099999,2023-01-05T00:00:00,36,24.0,24.75,23.45,0.75,-0.5500000000000007,0.75,0.5500000000000007,0.1999999999999993,NEUTRAL
42867099999,2023-01-05T00:00:00,36,16.0,16.34,16.56,0.33999999999999986,0.5599999999999987,0.33999999999999986,0.5599999999999987,-0.21999999999999886,HARMFUL
43014099999,2023-01-05T00:00:00,36,17.0,18.51,17.63,1.5100000000000016,0.629999999999999,1.5100000000000016,0.629999999999999,0.8800000000000026,USEFUL
43063099999,2023-01-05T12:00:00,48,27.0,27.33,27.77,0.3299999999999983,0.7699999999999996,0.3299999999999983,0.7699999999999996,-0.4400000000000013,HARMFUL
43003099999,2023-01-05T12:00:00,48,28.0,25.47,26.3,-2.530000000000001,-1.6999999999999993,2.530000000000001,1.6999999999999993,0.8300000000000018,USEFUL
42867099999,2023-01-05T12:00:00,48,18.0,22.16,22.1,4.16,4.100000000000001,4.16,4.100000000000001,0.05999999999999872,NEUTRAL
43014099999,2023-01-05T12:00:00,48,25.0,26.53,26.2,1.5300000000000011,1.1999999999999993,1.5300000000000011,1.1999999999999993,0.33000000000000185,USEFUL
43063099999,2023-01-04T12:00:00,12,26.8,26.53,26.78,-0.2699999999999996,-0.019999999999999574,0.2699999999999996,0.019999999999999574,0.25,USEFUL
43003099999,2023-01-04T12:00:00,12,27.0,24.48,25.55,-2.5199999999999996,-1.4499999999999993,2.5199999999999996,1.4499999999999993,1.0700000000000003,USEFUL
42867099999,2023-01-04T12:00:00,12,18.0,21.21,21.15,3.210000000000001,3.1499999999999986,3.210000000000001,3.1499999999999986,0.060000000000002274,NEUTRAL
43014099999,2023-01-04T12:00:00,12,25.0,25.63,25.22,0.629999999999999,0.21999999999999886,0.629999999999999,0.21999999999999886,0.41000000000000014,USEFUL
43063099999,2023-01-05T00:00:00,24,16.4,17.52,17.64,1.120000000000001,1.240000000000002,1.120000000000001,1.240000000000002,-0.120000000000001,NEUTRAL
43003099999,2023-01-05T00:00:00,24,24.0,24.47,23.16,0.46999999999999886,-0.8399999999999999,0.46999999999999886,0.8399999999999999,-0.370000000000001,HARMFUL
42867099999,2023-01-05T00:00:00,24,16.0,16.48,16.04,0.4800000000000004,0.03999999999999915,0.4800000000000004,0.03999999999999915,0.4400000000000013,USEFUL
43014099999,2023-01-05T00:00:00,24,17.0,19.02,18.96,2.0199999999999996,1.9600000000000009,2.0199999999999996,1.9600000000000009,0.05999999999999872,NEUTRAL
43063099999,2023-01-05T12:00:00,36,27.0,27.52,27.71,0.5199999999999996,0.7100000000000009,0.5199999999999996,0.7100000000000009,-0.19000000000000128,NEUTRAL
43003099999,2023-01-05T12:00:00,36,28.0,25.21,26.07,-2.789999999999999,-1.9299999999999997,2.789999999999999,1.9299999999999997,0.8599999999999994,USEFUL
42867099999,2023-01-05T12:00:00,36,18.0,23.3,23.18,5.300000000000001,5.18,5.300000000000001,5.18,0.120000000000001,NEUTRAL
43014099999,2023-01-05T12:00:00,36,25.0,26.16,25.81,1.1600000000000001,0.8099999999999987,1.1600000000000001,0.8099999999999987,0.3500000000000014,USEFUL
43063099999,2023-01-06T00:00:00,48,19.4,22.27,22.27,2.870000000000001,2.870000000000001,2.870000000000001,2.870000000000001,0.0,NEUTRAL
43003099999,2023-01-06T00:00:00,48,24.0,25.14,23.93,1.1400000000000006,-0.07000000000000028,1.1400000000000006,0.07000000000000028,1.0700000000000003,USEFUL
42867099999,2023-01-06T00:00:00,48,16.0,15.97,15.74,-0.02999999999999936,-0.2599999999999998,0.02999999999999936,0.2599999999999998,-0.23000000000000043,HARMFUL
43014099999,2023-01-06T00:00:00,48,16.0,20.39,20.39,4.390000000000001,4.390000000000001,4.390000000000001,4.390000000000001,0.0,NEUTRAL
43063099999,2023-01-05T00:00:00,12,16.4,16.87,16.91,0.4700000000000024,0.5100000000000016,0.4700000000000024,0.5100000000000016,-0.03999999999999915,NEUTRAL
43003099999,2023-01-05T00:00:00,12,24.0,24.54,23.16,0.5399999999999991,-0.8399999999999999,0.5399999999999991,0.8399999999999999,-0.3000000000000007,HARMFUL
42867099999,2023-01-05T00:00:00,12,16.0,15.18,15.02,-0.8200000000000003,-0.9800000000000004,0.8200000000000003,0.9800000000000004,-0.16000000000000014,NEUTRAL
43014099999,2023-01-05T00:00:00,12,17.0,18.9,17.74,1.8999999999999986,0.7399999999999984,1.8999999999999986,0.7399999999999984,1.1600000000000001,USEFUL
43063099999,2023-01-05T12:00:00,24,27.0,26.13,26.27,-0.870000000000001,-0.7300000000000004,0.870000000000001,0.7300000000000004,0.14000000000000057,NEUTRAL
43003099999,2023-01-05T12:00:00,24,28.0,25.26,26.12,-2.7399999999999984,-1.879999999999999,2.7399999999999984,1.879999999999999,0.8599999999999994,USEFUL
42867099999,2023-01-05T12:00:00,24,18.0,20.91,20.54,2.91,2.539999999999999,2.91,2.539999999999999,0.370000000000001,USEFUL
43014099999,2023-01-05T12:00:00,24,25.0,25.79,25.31,0.7899999999999991,0.3099999999999987,0.7899999999999991,0.3099999999999987,0.4800000000000004,USEFUL
43063099999,2023-01-06T00:00:00,36,19.4,22.44,22.3,3.0400000000000027,2.900000000000002,3.0400000000000027,2.900000000000002,0.14000000000000057,NEUTRAL
43003099999,2023-01-06T00:00:00,36,24.0,25.27,23.97,1.2699999999999996,-0.030000000000001137,1.2699999999999996,0.030000000000001137,1.2399999999999984,USEFUL
42867099999,2023-01-06T00:00:00,36,16.0,15.51,15.24,-0.4900000000000002,-0.7599999999999998,0.4900000000000002,0.7599999999999998,-0.2699999999999996,HARMFUL
43014099999,2023-01-06T00:00:00,36,16.0,20.0,19.63,4.0,3.629999999999999,4.0,3.629999999999999,0.370000000000001,USEFUL
43063099999,2023-01-06T12:00:00,48,26.8,28.18,28.1,1.379999999999999,1.3000000000000007,1.379999999999999,1.3000000000000007,0.0799999999999983,NEUTRAL
43003099999,2023-01-06T12:00:00,48,30.0,26.07,26.78,-3.9299999999999997,-3.219999999999999,3.9299999999999997,3.219999999999999,0.7100000000000009,USEFUL
42867099999,2023-01-06T12:00:00,48,23.0,24.01,23.95,1.0100000000000016,0.9499999999999993,1.0100000000000016,0.9499999999999993,0.060000000000002274,NEUTRAL
43014099999,2023-01-06T12:00:00,48,25.0,26.81,26.74,1.8099999999999987,1.7399999999999984,1.8099999999999987,1.7399999999999984,0.07000000000000028,NEUTRAL
43063099999,2023-01-05T12:00:00,12,27.0,27.4,27.51,0.3999999999999986,0.5100000000000016,0.3999999999999986,0.5100000000000016,-0.11000000000000298,NEUTRAL
43003099999,2023-01-05T12:00:00,12,28.0,24.79,25.92,-3.210000000000001,-2.0799999999999983,3.210000000000001,2.0799999999999983,1.1300000000000026,USEFUL
42867099999,2023-01-05T12:00:00,12,18.0,21.01,20.61,3.0100000000000016,2.6099999999999994,3.0100000000000016,2.6099999999999994,0.40000000000000213,USEFUL
43014099999,2023-01-05T12:00:00,12,25.0,26.26,25.61,1.2600000000000016,0.6099999999999994,1.2600000000000016,0.6099999999999994,0.6500000000000021,USEFUL
43063099999,2023-01-06T00:00:00,24,19.4,21.94,22.02,2.5400000000000027,2.620000000000001,2.5400000000000027,2.620000000000001,-0.0799999999999983,NEUTRAL
43003099999,2023-01-06T00:00:00,24,24.0,25.06,23.9,1.0599999999999987,-0.10000000000000142,1.0599999999999987,0.10000000000000142,0.9599999999999973,USEFUL
42867099999,2023-01-06T00:00:00,24,16.0,15.18,14.82,-0.8200000000000003,-1.1799999999999997,0.8200000000000003,1.1799999999999997,-0.35999999999999943,HARMFUL
43014099999,2023-01-06T00:00:00,24,16.0,18.56,19.35,2.5599999999999987,3.3500000000000014,2.5599999999999987,3.3500000000000014,-0.7900000000000027,HARMFUL
43063099999,2023-01-06T12:00:00,36,26.8,26.59,26.48,-0.21000000000000085,-0.3200000000000003,0.21000000000000085,0.3200000000000003,-0.10999999999999943,NEUTRAL
43003099999,2023-01-06T12:00:00,36,30.0,25.89,26.6,-4.109999999999999,-3.3999999999999986,4.109999999999999,3.3999999999999986,0.7100000000000009,USEFUL
42867099999,2023-01-06T12:00:00,36,23.0,23.76,23.77,0.7600000000000016,0.7699999999999996,0.7600000000000016,0.7699999999999996,-0.00999999999999801,NEUTRAL
43014099999,2023-01-06T12:00:00,36,25.0,26.81,26.57,1.8099999999999987,1.5700000000000003,1.8099999999999987,1.5700000000000003,0.23999999999999844,USEFUL
43063099999,2023-01-07T00:00:00,48,17.4,19.31,19.33,1.9100000000000001,1.9299999999999997,1.9100000000000001,1.9299999999999997,-0.019999999999999574,NEUTRAL
43003099999,2023-01-07T00:00:00,48,26.0,25.79,24.8,-0.21000000000000085,-1.1999999999999993,0.21000000000000085,1.1999999999999993,-0.9899999999999984,HARMFUL
42867099999,2023-01-07T00:00:00,48,14.0,14.12,13.74,0.11999999999999922,-0.2599999999999998,0.11999999999999922,0.2599999999999998,-0.14000000000000057,NEUTRAL
43014099999,2023-01-07T00:00:00,48,16.0,18.46,18.44,2.460000000000001,2.4400000000000013,2.460000000000001,2.4400000000000013,0.019999999999999574,NEUTRAL
43063099999,2023-01-06T00:00:00,12,19.4,21.96,21.83,2.5600000000000023,2.4299999999999997,2.5600000000000023,2.4299999999999997,0.13000000000000256,NEUTRAL
43003099999,2023-01-06T00:00:00,12,24.0,25.14,24.01,1.1400000000000006,0.010000000000001563,1.1400000000000006,0.010000000000001563,1.129999999999999,USEFUL
42867099999,2023-01-06T00:00:00,12,16.0,15.24,14.86,-0.7599999999999998,-1.1400000000000006,0.7599999999999998,1.1400000000000006,-0.3800000000000008,HARMFUL
43014099999,2023-01-06T00:00:00,12,16.0,19.49,19.38,3.4899999999999984,3.379999999999999,3.4899999999999984,3.379999999999999,0.10999999999999943,NEUTRAL
43063099999,2023-01-06T12:00:00,24,26.8,25.73,25.67,-1.0700000000000003,-1.129999999999999,1.0700000000000003,1.129999999999999,-0.05999999999999872,NEUTRAL
43003099999,2023-01-06T12:00:00,24,30.0,25.91,26.96,-4.09,-3.039999999999999,4.09,3.039999999999999,1.0500000000000007,USEFUL
42867099999,2023-01-06T12:00:00,24,23.0,23.46,23.46,0.46000000000000085,0.46000000000000085,0.46000000000000085,0.46000000000000085,0.0,NEUTRAL
43014099999,2023-01-06T12:00:00,24,25.0,26.01,25.75,1.0100000000000016,0.75,1.0100000000000016,0.75,0.26000000000000156,USEFUL
43063099999,2023-01-07T00:00:00,36,17.4,20.22,20.87,2.8200000000000003,3.4700000000000024,2.8200000000000003,3.4700000000000024,-0.6500000000000021,HARMFUL
43003099999,2023-01-07T00:00:00,36,26.0,25.65,24.54,-0.3500000000000014,-1.4600000000000009,0.3500000000000014,1.4600000000000009,-1.1099999999999994,HARMFUL
42867099999,2023-01-07T00:00:00,36,14.0,14.11,13.77,0.10999999999999943,-0.23000000000000043,0.10999999999999943,0.23000000000000043,-0.120000000000001,NEUTRAL
43014099999,2023-01-07T00:00:00,36,16.0,18.86,18.72,2.8599999999999994,2.719999999999999,2.8599999999999994,2.719999999999999,0.14000000000000057,NEUTRAL
43063099999,2023-01-07T12:00:00,48,26.0,27.27,27.51,1.2699999999999996,1.5100000000000016,1.2699999999999996,1.5100000000000016,-0.240000000000002,HARMFUL
43003099999,2023-01-07T12:00:00,48,29.0,27.67,28.85,-1.3299999999999983,-0.14999999999999858,1.3299999999999983,0.14999999999999858,1.1799999999999997,USEFUL
42867099999,2023-01-07T12:00:00,48,23.0,22.4,22.4,-0.6000000000000014,-0.6000000000000014,0.6000000000000014,0.6000000000000014,0.0,NEUTRAL
43014099999,2023-01-07T12:00:00,48,26.0,26.77,26.5,0.7699999999999996,0.5,0.7699999999999996,0.5,0.2699999999999996,USEFUL
43063099999,2023-01-06T12:00:00,12,26.8,25.39,25.14,-1.4100000000000001,-1.6600000000000001,1.4100000000000001,1.6600000000000001,-0.25,HARMFUL
43003099999,2023-01-06T12:00:00,12,30.0,25.48,26.67,-4.52,-3.3299999999999983,4.52,3.3299999999999983,1.1900000000000013,USEFUL
42867099999,2023-01-06T12:00:00,12,23.0,23.57,23.52,0.5700000000000003,0.5199999999999996,0.5700000000000003,0.5199999999999996,0.05000000000000071,NEUTRAL
43014099999,2023-01-06T12:00:00,12,25.0,25.47,25.39,0.46999999999999886,0.39000000000000057,0.46999999999999886,0.39000000000000057,0.0799999999999983,NEUTRAL
43063099999,2023-01-07T00:00:00,24,17.4,18.99,19.64,1.5899999999999999,2.240000000000002,1.5899999999999999,2.240000000000002,-0.6500000000000021,HARMFUL
43003099999,2023-01-07T00:00:00,24,26.0,25.28,24.19,-0.7199999999999989,-1.8099999999999987,0.7199999999999989,1.8099999999999987,-1.0899999999999999,HARMFUL
42867099999,2023-01-07T00:00:00,24,14.0,14.56,14.18,0.5600000000000005,0.17999999999999972,0.5600000000000005,0.17999999999999972,0.3800000000000008,USEFUL
43014099999,2023-01-07T00:00:00,24,16.0,18.98,18.54,2.9800000000000004,2.539999999999999,2.9800000000000004,2.539999999999999,0.4400000000000013,USEFUL
43063099999,2023-01-07T12:00:00,36,26.0,26.9,27.16,0.8999999999999986,1.1600000000000001,0.8999999999999986,1.1600000000000001,-0.26000000000000156,HARMFUL
43003099999,2023-01-07T12:00:00,36,29.0,26.65,27.94,-2.3500000000000014,-1.0599999999999987,2.3500000000000014,1.0599999999999987,1.2900000000000027,USEFUL
42867099999,2023-01-07T12:00:00,36,23.0,22.51,22.55,-0.48999999999999844,-0.4499999999999993,0.48999999999999844,0.4499999999999993,0.03999999999999915,NEUTRAL
43014099999,2023-01-07T12:00:00,36,26.0,26.59,26.35,0.5899999999999999,0.3500000000000014,0.5899999999999999,0.3500000000000014,0.23999999999999844,USEFUL
43063099999,2023-01-08T00:00:00,48,14.6,17.63,17.66,3.0299999999999994,3.0600000000000005,3.0299999999999994,3.0600000000000005,-0.030000000000001137,NEUTRAL
43003099999,2023-01-08T00:00:00,48,25.0,25.17,24.2,0.1700000000000017,-0.8000000000000007,0.1700000000000017,0.8000000000000007,-0.629999999999999,HARMFUL
42867099999,2023-01-08T00:00:00,48,10.0,12.76,12.58,2.76,2.58,2.76,2.58,0.17999999999999972,NEUTRAL
43014099999,2023-01-08T00:00:00,48,14.0,16.46,16.29,2.460000000000001,2.289999999999999,2.460000000000001,2.289999999999999,0.1700000000000017,NEUTRAL
43063099999,2023-01-07T00:00:00,12,17.4,18.33,18.92,0.9299999999999997,1.5200000000000031,0.9299999999999997,1.5200000000000031,-0.5900000000000034,HARMFUL
43003099999,2023-01-07T00:00:00,12,26.0,25.74,24.6,-0.26000000000000156,-1.3999999999999986,0.26000000000000156,1.3999999999999986,-1.139999999999997,HARMFUL
42867099999,2023-01-07T00:00:00,12,14.0,14.31,13.93,0.3100000000000005,-0.07000000000000028,0.3100000000000005,0.07000000000000028,0.2400000000000002,USEFUL
43014099999,2023-01-07T00:00:00,12,16.0,18.15,18.1,2.1499999999999986,2.1000000000000014,2.1499999999999986,2.1000000000000014,0.04999999999999716,NEUTRAL
43063099999,2023-01-07T12:00:00,24,26.0,26.49,26.74,0.48999999999999844,0.7399999999999984,0.48999999999999844,0.7399999999999984,-0.25,HARMFUL
43003099999,2023-01-07T12:00:00,24,29.0,27.06,28.26,-1.9400000000000013,-0.7399999999999984,1.9400000000000013,0.7399999999999984,1.2000000000000028,USEFUL
42867099999,2023-01-07T12:00:00,24,23.0,22.29,22.27,-0.7100000000000009,-0.7300000000000004,0.7100000000000009,0.7300000000000004,-0.019999999999999574,NEUTRAL
43014099999,2023-01-07T12:00:00,24,26.0,26.07,25.91,0.07000000000000028,-0.08999999999999986,0.07000000000000028,0.08999999999999986,-0.019999999999999574,NEUTRAL
43063099999,2023-01-08T00:00:00,36,14.6,17.23,17.23,2.630000000000001,2.630000000000001,2.630000000000001,2.630000000000001,0.0,NEUTRAL
43003099999,2023-01-08T00:00:00,36,25.0,25.19,24.09,0.19000000000000128,-0.9100000000000001,0.19000000000000128,0.9100000000000001,-0.7199999999999989,HARMFUL
42867099999,2023-01-08T00:00:00,36,10.0,12.39,12.27,2.3900000000000006,2.2699999999999996,2.3900000000000006,2.2699999999999996,0.120000000000001,NEUTRAL
43014099999,2023-01-08T00:00:00,36,14.0,16.35,16.06,2.3500000000000014,2.0599999999999987,2.3500000000000014,2.0599999999999987,0.2900000000000027,USEFUL
43063099999,2023-01-08T12:00:00,48,26.8,26.28,26.53,-0.5199999999999996,-0.2699999999999996,0.5199999999999996,0.2699999999999996,0.25,USEFUL
43003099999,2023-01-08T12:00:00,48,29.0,25.58,27.02,-3.4200000000000017,-1.9800000000000004,3.4200000000000017,1.9800000000000004,1.4400000000000013,USEFUL
42867099999,2023-01-08T12:00:00,48,26.0,22.51,22.65,-3.4899999999999984,-3.3500000000000014,3.4899999999999984,3.3500000000000014,0.13999999999999702,NEUTRAL
43014099999,2023-01-08T12:00:00,48,26.0,26.07,25.87,0.07000000000000028,-0.129999999999999,0.07000000000000028,0.129999999999999,-0.05999999999999872,NEUTRAL
43063099999,2023-01-07T12:00:00,12,26.0,26.23,26.47,0.23000000000000043,0.46999999999999886,0.23000000000000043,0.46999999999999886,-0.23999999999999844,HARMFUL
43003099999,2023-01-07T12:00:00,12,29.0,26.44,28.19,-2.5599999999999987,-0.8099999999999987,2.5599999999999987,0.8099999999999987,1.75,USEFUL
42867099999,2023-01-07T12:00:00,12,23.0,21.67,21.67,-1.3299999999999983,-1.3299999999999983,1.3299999999999983,1.3299999999999983,0.0,NEUTRAL
43014099999,2023-01-07T12:00:00,12,26.0,26.1,25.82,0.10000000000000142,-0.17999999999999972,0.10000000000000142,0.17999999999999972,-0.0799999999999983,NEUTRAL
43063099999,2023-01-08T00:00:00,24,14.6,17.18,17.07,2.58,2.4700000000000006,2.58,2.4700000000000006,0.10999999999999943,NEUTRAL
43003099999,2023-01-08T00:00:00,24,25.0,24.78,23.75,-0.21999999999999886,-1.25,0.21999999999999886,1.25,-1.0300000000000011,HARMFUL
42867099999,2023-01-08T00:00:00,24,10.0,12.25,12.03,2.25,2.0299999999999994,2.25,2.0299999999999994,0.22000000000000064,USEFUL
43014099999,2023-01-08T00:00:00,24,14.0,16.09,15.91,2.09,1.9100000000000001,2.09,1.9100000000000001,0.17999999999999972,NEUTRAL
43063099999,2023-01-08T12:00:00,36,26.8,26.18,26.45,-0.620000000000001,-0.3500000000000014,0.620000000000001,0.3500000000000014,0.2699999999999996,USEFUL
43003099999,2023-01-08T12:00:00,36,29.0,25.38,26.77,-3.620000000000001,-2.2300000000000004,3.620000000000001,2.2300000000000004,1.3900000000000006,USEFUL
42867099999,2023-01-08T12:00:00,36,26.0,22.36,22.5,-3.6400000000000006,-3.5,3.6400000000000006,3.5,0.14000000000000057,NEUTRAL
43014099999,2023-01-08T12:00:00,36,26.0,25.45,25.37,-0.5500000000000007,-0.629999999999999,0.5500000000000007,0.629999999999999,-0.0799999999999983,NEUTRAL
43063099999,2023-01-09T00:00:00,48,10.2,16.81,16.61,6.609999999999999,6.41,6.609999999999999,6.41,0.1999999999999993,NEUTRAL
43003099999,2023-01-09T00:00:00,48,24.0,24.84,23.54,0.8399999999999999,-0.46000000000000085,0.8399999999999999,0.46000000000000085,0.379999999999999,USEFUL
42867099999,2023-01-09T00:00:00,48,10.0,13.37,13.21,3.369999999999999,3.210000000000001,3.369999999999999,3.210000000000001,0.15999999999999837,NEUTRAL
43014099999,2023-01-09T00:00:00,48,10.0,14.93,14.92,4.93,4.92,4.93,4.92,0.009999999999999787,NEUTRAL
43063099999,2023-01-08T00:00:00,12,14.6,16.97,16.83,2.369999999999999,2.2299999999999986,2.369999999999999,2.2299999999999986,0.14000000000000057,NEUTRAL
43003099999,2023-01-08T00:00:00,12,25.0,24.9,23.84,-0.10000000000000142,-1.1600000000000001,0.10000000000000142,1.1600000000000001,-1.0599999999999987,HARMFUL
42867099999,2023-01-08T00:00:00,12,10.0,11.52,11.3,1.5199999999999996,1.3000000000000007,1.5199999999999996,1.3000000000000007,0.21999999999999886,USEFUL
43014099999,2023-01-08T00:00:00,12,14.0,15.52,15.32,1.5199999999999996,1.3200000000000003,1.5199999999999996,1.3200000000000003,0.1999999999999993,NEUTRAL
43063099999,2023-01-08T12:00:00,24,26.8,25.77,26.07,-1.0300000000000011,-0.7300000000000004,1.0300000000000011,0.7300000000000004,0.3000000000000007,USEFUL
43003099999,2023-01-08T12:00:00,24,29.0,25.37,26.51,-3.629999999999999,-2.4899999999999984,3.629999999999999,2.4899999999999984,1.1400000000000006,USEFUL
42867099999,2023-01-08T12:00:00,24,26.0,21.58,21.75,-4.420000000000002,-4.25,4.420000000000002,4.25,0.1700000000000017,NEUTRAL
43014099999,2023-01-08T12:00:00,24,26.0,24.84,24.7,-1.1600000000000001,-1.3000000000000007,1.1600000000000001,1.3000000000000007,-0.14000000000000057,NEUTRAL
43063099999,2023-01-09T00:00:00,36,10.2,16.35,16.21,6.150000000000002,6.010000000000002,6.150000000000002,6.010000000000002,0.14000000000000057,NEUTRAL
43003099999,2023-01-09T00:00:00,36,24.0,24.56,23.2,0.5599999999999987,-0.8000000000000007,0.5599999999999987,0.8000000000000007,-0.240000000000002,HARMFUL
42867099999,2023-01-09T00:00:00,36,10.0,12.87,12.73,2.869999999999999,2.7300000000000004,2.869999999999999,2.7300000000000004,0.1399999999999988,NEUTRAL
43014099999,2023-01-09T00:00:00,36,10.0,14.92,14.64,4.92,4.640000000000001,4.92,4.640000000000001,0.27999999999999936,USEFUL
43063099999,2023-01-09T12:00:00,48,26.0,26.1,26.21,0.10000000000000142,0.21000000000000085,0.10000000000000142,0.21000000000000085,-0.10999999999999943,NEUTRAL
43003099999,2023-01-09T12:00:00,48,29.0,24.8,26.44,-4.199999999999999,-2.5599999999999987,4.199999999999999,2.5599999999999987,1.6400000000000006,USEFUL
42867099999,2023-01-09T12:00:00,48,26.0,23.1,23.09,-2.8999999999999986,-2.91,2.8999999999999986,2.91,-0.010000000000001563,NEUTRAL
43014099999,2023-01-09T12:00:00,48,27.0,24.9,24.97,-2.1000000000000014,-2.030000000000001,2.1000000000000014,2.030000000000001,0.07000000000000028,NEUTRAL
43063099999,2023-04-01T12:00:00,12,33.4,31.89,32.24,-1.509999999999998,-1.1599999999999966,1.509999999999998,1.1599999999999966,0.3500000000000014,USEFUL
43003099999,2023-04-01T12:00:00,12,29.0,27.19,28.28,-1.8099999999999987,-0.7199999999999989,1.8099999999999987,0.7199999999999989,1.0899999999999999,USEFUL
42867099999,2023-04-01T12:00:00,12,35.0,34.69,34.55,-0.3100000000000023,-0.45000000000000284,0.3100000000000023,0.45000000000000284,-0.14000000000000057,NEUTRAL
43014099999,2023-04-01T12:00:00,12,33.0,32.49,31.98,-0.509999999999998,-1.0199999999999996,0.509999999999998,1.0199999999999996,-0.5100000000000016,HARMFUL
43063099999,2023-04-02T00:00:00,24,16.4,19.38,19.89,2.9800000000000004,3.490000000000002,2.9800000000000004,3.490000000000002,-0.5100000000000016,HARMFUL
43003099999,2023-04-02T00:00:00,24,25.0,26.18,25.34,1.1799999999999997,0.33999999999999986,1.1799999999999997,0.33999999999999986,0.8399999999999999,USEFUL
42867099999,2023-04-02T00:00:00,24,22.0,25.18,24.91,3.1799999999999997,2.91,3.1799999999999997,2.91,0.2699999999999996,USEFUL
43014099999,2023-04-02T00:00:00,24,20.4,23.68,23.13,3.280000000000001,2.7300000000000004,3.280000000000001,2.7300000000000004,0.5500000000000007,USEFUL
43063099999,2023-04-02T12:00:00,36,33.0,31.39,32.27,-1.6099999999999994,-0.7299999999999969,1.6099999999999994,0.7299999999999969,0.8800000000000026,USEFUL
43003099999,2023-04-02T12:00:00,36,29.0,27.29,28.41,-1.7100000000000009,-0.5899999999999999,1.7100000000000009,0.5899999999999999,1.120000000000001,USEFUL
42867099999,2023-04-02T12:00:00,36,36.0,36.59,36.45,0.5900000000000034,0.45000000000000284,0.5900000000000034,0.45000000000000284,0.14000000000000057,NEUTRAL
43014099999,2023-04-02T12:00:00,36,33.0,34.39,33.74,1.3900000000000006,0.740000000000002,1.3900000000000006,0.740000000000002,0.6499999999999986,USEFUL
43063099999,2023-04-03T00:00:00,48,18.8,19.28,19.91,0.4800000000000004,1.1099999999999994,0.4800000000000004,1.1099999999999994,-0.629999999999999,HARMFUL
43003099999,2023-04-03T00:00:00,48,26.0,26.1,25.46,0.10000000000000142,-0.5399999999999991,0.10000000000000142,0.5399999999999991,-0.4399999999999977,HARMFUL
42867099999,2023-04-03T00:00:00,48,23.0,26.26,26.05,3.2600000000000016,3.0500000000000007,3.2600000000000016,3.0500000000000007,0.21000000000000085,USEFUL
43014099999,2023-04-03T00:00:00,48,22.0,23.97,23.52,1.9699999999999989,1.5199999999999996,1.9699999999999989,1.5199999999999996,0.4499999999999993,USEFUL
43063099999,2023-04-02T00:00:00,12,16.4,19.6,20.18,3.200000000000003,3.780000000000001,3.200000000000003,3.780000000000001,-0.5799999999999983,HARMFUL
43003099999,2023-04-02T00:00:00,12,25.0,26.0,25.28,1.0,0.28000000000000114,1.0,0.28000000000000114,0.7199999999999989,USEFUL
42867099999,2023-04-02T00:00:00,12,22.0,24.3,23.95,2.3000000000000007,1.9499999999999993,2.3000000000000007,1.9499999999999993,0.3500000000000014,USEFUL
43014099999,2023-04-02T00:00:00,12,20.4,23.3,22.81,2.900000000000002,2.41,2.900000000000002,2.41,0.490000000000002,USEFUL
43063099999,2023-04-02T12:00:00,24,33.0,31.52,32.38,-1.4800000000000004,-0.6199999999999974,1.4800000000000004,0.6199999999999974,0.860000000000003,USEFUL
43003099999,2023-04-02T12:00:00,24,29.0,27.12,28.21,-1.879999999999999,-0.7899999999999991,1.879999999999999,0.7899999999999991,1.0899999999999999,USEFUL
42867099999,2023-04-02T12:00:00,24,36.0,36.02,36.04,0.020000000000003126,0.03999999999999915,0.020000000000003126,0.03999999999999915,-0.01999999999999602,NEUTRAL
43014099999,2023-04-02T12:00:00,24,33.0,34.32,33.77,1.3200000000000003,0.7700000000000031,1.3200000000000003,0.7700000000000031,0.5499999999999972,USEFUL
43063099999,2023-04-03T00:00:00,36,18.8,18.96,19.66,0.16000000000000014,0.8599999999999994,0.16000000000000014,0.8599999999999994,-0.6999999999999993,HARMFUL
43003099999,2023-04-03T00:00:00,36,26.0,25.89,25.31,-0.10999999999999943,-0.6900000000000013,0.10999999999999943,0.6900000000000013,-0.5800000000000018,HARMFUL
42867099999,2023-04-03T00:00:00,36,23.0,26.61,26.42,3.6099999999999994,3.4200000000000017,3.6099999999999994,3.4200000000000017,0.18999999999999773,NEUTRAL
43014099999,2023-04-03T00:00:00,36,22.0,23.18,23.02,1.1799999999999997,1.0199999999999996,1.1799999999999997,1.0199999999999996,0.16000000000000014,NEUTRAL
43063099999,2023-04-03T12:00:00,48,32.8,31.66,32.73,-1.139999999999997,-0.07000000000000028,1.139999999999997,0.07000000000000028,1.0699999999999967,USEFUL
43003099999,2023-04-03T12:00:00,48,29.0,27.16,28.08,-1.8399999999999999,-0.9200000000000017,1.8399999999999999,0.9200000000000017,0.9199999999999982,USEFUL
42867099999,2023-04-03T12:00:00,48,36.0,37.76,37.61,1.759999999999998,1.6099999999999994,1.759999999999998,1.6099999999999994,0.14999999999999858,NEUTRAL
43014099999,2023-04-03T12:00:00,48,34.0,35.06,34.6,1.0600000000000023,0.6000000000000014,1.0600000000000023,0.6000000000000014,0.46000000000000085,USEFUL
43063099999,2023-04-02T12:00:00,12,33.0,31.46,32.06,-1.5399999999999991,-0.9399999999999977,1.5399999999999991,0.9399999999999977,0.6000000000000014,USEFUL
43003099999,2023-04-02T12:00:00,12,29.0,27.16,28.05,-1.8399999999999999,-0.9499999999999993,1.8399999999999999,0.9499999999999993,0.8900000000000006,USEFUL
42867099999,2023-04-02T12:00:00,12,36.0,36.26,36.17,0.259999999999998,0.1700000000000017,0.259999999999998,0.1700000000000017,0.0899999999999963,NEUTRAL
43014099999,2023-04-02T12:00:00,12,33.0,33.66,33.33,0.6599999999999966,0.3299999999999983,0.6599999999999966,0.3299999999999983,0.3299999999999983,USEFUL
43063099999,2023-04-03T00:00:00,24,18.8,18.67,19.26,-0.129999999999999,0.46000000000000085,0.129999999999999,0.46000000000000085,-0.33000000000000185,HARMFUL
43003099999,2023-04-03T00:00:00,24,26.0,25.89,25.25,-0.10999999999999943,-0.75,0.10999999999999943,0.75,-0.6400000000000006,HARMFUL
42867099999,2023-04-03T00:00:00,24,23.0,26.17,25.81,3.1700000000000017,2.8099999999999987,3.1700000000000017,2.8099999999999987,0.360000000000003,USEFUL
43014099999,2023-04-03T00:00:00,24,22.0,22.91,22.66,0.9100000000000001,0.6600000000000001,0.9100000000000001,0.6600000000000001,0.25,USEFUL
43063099999,2023-04-03T12:00:00,36,32.8,32.87,33.38,0.07000000000000028,0.5800000000000054,0.07000000000000028,0.5800000000000054,-0.5100000000000051,HARMFUL
43003099999,2023-04-03T12:00:00,36,29.0,27.17,28.33,-1.8299999999999983,-0.6700000000000017,1.8299999999999983,0.6700000000000017,1.1599999999999966,USEFUL
42867099999,2023-04-03T12:00:00,36,36.0,37.17,37.2,1.1700000000000017,1.2000000000000028,1.1700000000000017,1.2000000000000028,-0.030000000000001137,NEUTRAL
43014099999,2023-04-03T12:00:00,36,34.0,34.77,34.29,0.7700000000000031,0.28999999999999915,0.7700000000000031,0.28999999999999915,0.480000000000004,USEFUL
43063099999,2023-04-04T00:00:00,48,20.0,20.82,21.35,0.8200000000000003,1.3500000000000014,0.8200000000000003,1.3500000000000014,-0.5300000000000011,HARMFUL
43003099999,2023-04-04T00:00:00,48,25.0,26.3,25.6,1.3000000000000007,0.6000000000000014,1.3000000000000007,0.6000000000000014,0.6999999999999993,USEFUL
42867099999,2023-04-04T00:00:00,48,24.0,27.5,27.09,3.5,3.09,3.5,3.09,0.41000000000000014,USEFUL
43014099999,2023-04-04T00:00:00,48,23.0,25.26,24.73,2.2600000000000016,1.7300000000000004,2.2600000000000016,1.7300000000000004,0.5300000000000011,USEFUL
43063099999,2023-04-03T00:00:00,12,18.8,18.64,19.27,-0.16000000000000014,0.46999999999999886,0.16000000000000014,0.46999999999999886,-0.3099999999999987,HARMFUL
43003099999,2023-04-03T00:00:00,12,26.0,25.47,24.95,-0.5300000000000011,-1.0500000000000007,0.5300000000000011,1.0500000000000007,-0.5199999999999996,HARMFUL
42867099999,2023-04-03T00:00:00,12,23.0,25.39,25.1,2.3900000000000006,2.1000000000000014,2.3900000000000006,2.1000000000000014,0.28999999999999915,USEFUL
43014099999,2023-04-03T00:00:00,12,22.0,23.12,22.63,1.120000000000001,0.629999999999999,1.120000000000001,0.629999999999999,0.490000000000002,USEFUL
43063099999,2023-04-03T12:00:00,24,32.8,32.31,32.99,-0.4899999999999949,0.19000000000000483,0.4899999999999949,0.19000000000000483,0.29999999999999005,USEFUL
43003099999,2023-04-03T12:00:00,24,29.0,26.91,28.12,-2.09,-0.879999999999999,2.09,0.879999999999999,1.2100000000000009,USEFUL
42867099999,2023-04-03T12:00:00,24,36.0,36.31,36.38,0.3100000000000023,0.38000000000000256,0.3100000000000023,0.38000000000000256,-0.07000000000000028,NEUTRAL
43014099999,2023-04-03T12:00:00,24,34.0,34.71,34.23,0.7100000000000009,0.22999999999999687,0.7100000000000009,0.22999999999999687,0.480000000000004,USEFUL
43063099999,2023-04-04T00:00:00,36,20.0,20.48,21.02,0.4800000000000004,1.0199999999999996,0.4800000000000004,1.0199999999999996,-0.5399999999999991,HARMFUL
43003099999,2023-04-04T00:00:00,36,25.0,25.93,25.39,0.9299999999999997,0.39000000000000057,0.9299999999999997,0.39000000000000057,0.5399999999999991,USEFUL
42867099999,2023-04-04T00:00:00,36,24.0,27.09,26.82,3.09,2.8200000000000003,3.09,2.8200000000000003,0.2699999999999996,USEFUL
43014099999,2023-04-04T00:00:00,36,23.0,24.73,24.17,1.7300000000000004,1.1700000000000017,1.7300000000000004,1.1700000000000017,0.5599999999999987,USEFUL
43063099999,2023-04-04T12:00:00,48,33.0,33.01,33.68,0.00999999999999801,0.6799999999999997,0.00999999999999801,0.6799999999999997,-0.6700000000000017,HARMFUL
43003099999,2023-04-04T12:00:00,48,29.0,27.43,28.88,-1.5700000000000003,-0.120000000000001,1.5700000000000003,0.120000000000001,1.4499999999999993,USEFUL
42867099999,2023-04-04T12:00:00,48,37.0,37.94,37.89,0.9399999999999977,0.8900000000000006,0.9399999999999977,0.8900000000000006,0.04999999999999716,NEUTRAL
43014099999,2023-04-04T12:00:00,48,36.0,35.43,34.98,-0.5700000000000003,-1.0200000000000031,0.5700000000000003,1.0200000000000031,-0.45000000000000284,HARMFUL
43063099999,2023-04-03T12:00:00,12,32.8,32.51,32.84,-0.28999999999999915,0.04000000000000625,0.28999999999999915,0.04000000000000625,0.2499999999999929,USEFUL
43003099999,2023-04-03T12:00:00,12,29.0,27.01,27.85,-1.9899999999999984,-1.1499999999999986,1.9899999999999984,1.1499999999999986,0.8399999999999999,USEFUL
42867099999,2023-04-03T12:00:00,12,36.0,37.21,37.12,1.2100000000000009,1.1199999999999974,1.2100000000000009,1.1199999999999974,0.09000000000000341,NEUTRAL
43014099999,2023-04-03T12:00:00,12,34.0,34.31,33.91,0.3100000000000023,-0.09000000000000341,0.3100000000000023,0.09000000000000341,0.21999999999999886,USEFUL
43063099999,2023-04-04T00:00:00,24,20.0,20.4,20.88,0.3999999999999986,0.879999999999999,0.3999999999999986,0.879999999999999,-0.4800000000000004,HARMFUL
43003099999,2023-04-04T00:00:00,24,25.0,26.32,25.52,1.3200000000000003,0.5199999999999996,1.3200000000000003,0.5199999999999996,0.8000000000000007,USEFUL
42867099999,2023-04-04T00:00:00,24,24.0,27.65,27.16,3.6499999999999986,3.16,3.6499999999999986,3.16,0.48999999999999844,USEFUL
43014099999,2023-04-04T00:00:00,24,23.0,24.75,24.19,1.75,1.1900000000000013,1.75,1.1900000000000013,0.5599999999999987,USEFUL
43063099999,2023-04-04T12:00:00,36,33.0,32.86,33.7,-0.14000000000000057,0.7000000000000028,0.14000000000000057,0.7000000000000028,-0.5600000000000023,HARMFUL
43003099999,2023-04-04T12:00:00,36,29.0,27.7,29.19,-1.3000000000000007,0.19000000000000128,1.3000000000000007,0.19000000000000128,1.1099999999999994,USEFUL
42867099999,2023-04-04T12:00:00,36,37.0,37.75,37.77,0.75,0.7700000000000031,0.75,0.7700000000000031,-0.020000000000003126,NEUTRAL
43014099999,2023-04-04T12:00:00,36,36.0,35.28,34.79,-0.7199999999999989,-1.2100000000000009,0.7199999999999989,1.2100000000000009,-0.490000000000002,HARMFUL
43063099999,2023-04-05T00:00:00,48,19.8,21.9,22.28,2.099999999999998,2.4800000000000004,2.099999999999998,2.4800000000000004,-0.38000000000000256,HARMFUL
43003099999,2023-04-05T00:00:00,48,26.0,27.08,26.2,1.0799999999999983,0.1999999999999993,1.0799999999999983,0.1999999999999993,0.879999999999999,USEFUL
42867099999,2023-04-05T00:00:00,48,27.0,28.2,27.77,1.1999999999999993,0.7699999999999996,1.1999999999999993,0.7699999999999996,0.4299999999999997,USEFUL
43014099999,2023-04-05T00:00:00,48,24.0,26.32,25.61,2.3200000000000003,1.6099999999999994,2.3200000000000003,1.6099999999999994,0.7100000000000009,USEFUL
43063099999,2023-04-04T00:00:00,12,20.0,20.8,21.1,0.8000000000000007,1.1000000000000014,0.8000000000000007,1.1000000000000014,-0.3000000000000007,HARMFUL
43003099999,2023-04-04T00:00:00,12,25.0,25.9,25.38,0.8999999999999986,0.379999999999999,0.8999999999999986,0.379999999999999,0.5199999999999996,USEFUL
42867099999,2023-04-04T00:00:00,12,24.0,26.23,26.02,2.2300000000000004,2.0199999999999996,2.2300000000000004,2.0199999999999996,0.21000000000000085,USEFUL
43014099999,2023-04-04T00:00:00,12,23.0,24.22,23.61,1.2199999999999989,0.6099999999999994,1.2199999999999989,0.6099999999999994,0.6099999999999994,USEFUL
43063099999,2023-04-04T12:00:00,24,33.0,31.93,32.95,-1.0700000000000003,-0.04999999999999716,1.0700000000000003,0.04999999999999716,1.0200000000000031,USEFUL
43003099999,2023-04-04T12:00:00,24,29.0,27.43,29.13,-1.5700000000000003,0.129999999999999,1.5700000000000003,0.129999999999999,1.4400000000000013,USEFUL
42867099999,2023-04-04T12:00:00,24,37.0,37.38,37.39,0.38000000000000256,0.39000000000000057,0.38000000000000256,0.39000000000000057,-0.00999999999999801,NEUTRAL
43014099999,2023-04-04T12:00:00,24,36.0,35.05,34.51,-0.9500000000000028,-1.490000000000002,0.9500000000000028,1.490000000000002,-0.5399999999999991,HARMFUL
43063099999,2023-04-05T00:00:00,36,19.8,22.14,22.54,2.34,2.7399999999999984,2.34,2.7399999999999984,-0.3999999999999986,HARMFUL
43003099999,2023-04-05T00:00:00,36,26.0,26.96,26.13,0.9600000000000009,0.129999999999999,0.9600000000000009,0.129999999999999,0.8300000000000018,USEFUL
42867099999,2023-04-05T00:00:00,36,27.0,26.46,26.25,-0.5399999999999991,-0.75,0.5399999999999991,0.75,-0.21000000000000085,HARMFUL
43014099999,2023-04-05T00:00:00,36,24.0,25.81,25.51,1.8099999999999987,1.5100000000000016,1.8099999999999987,1.5100000000000016,0.29999999999999716,USEFUL
43063099999,2023-04-05T12:00:00,48,34.8,33.97,34.51,-0.8299999999999983,-0.28999999999999915,0.8299999999999983,0.28999999999999915,0.5399999999999991,USEFUL
43003099999,2023-04-05T12:00:00,48,30.0,28.17,29.77,-1.8299999999999983,-0.23000000000000043,1.8299999999999983,0.23000000000000043,1.5999999999999979,USEFUL
42867099999,2023-04-05T12:00:00,48,37.0,37.77,37.13,0.7700000000000031,0.13000000000000256,0.7700000000000031,0.13000000000000256,0.6400000000000006,USEFUL
43014099999,2023-04-05T12:00:00,48,36.0,35.67,35.3,-0.3299999999999983,-0.7000000000000028,0.3299999999999983,0.7000000000000028,-0.37000000000000455,HARMFUL
43063099999,2023-04-04T12:00:00,12,33.0,32.61,33.34,-0.39000000000000057,0.3400000000000034,0.39000000000000057,0.3400000000000034,0.04999999999999716,NEUTRAL
43003099999,2023-04-04T12:00:00,12,29.0,27.43,28.93,-1.5700000000000003,-0.07000000000000028,1.5700000000000003,0.07000000000000028,1.5,USEFUL
42867099999,2023-04-04T12:00:00,12,37.0,37.03,37.1,0.030000000000001137,0.10000000000000142,0.030000000000001137,0.10000000000000142,-0.07000000000000028,NEUTRAL
43014099999,2023-04-04T12:00:00,12,36.0,34.82,34.31,-1.1799999999999997,-1.6899999999999977,1.1799999999999997,1.6899999999999977,-0.509999999999998,HARMFUL
43063099999,2023-04-05T00:00:00,24,19.8,22.17,22.5,2.370000000000001,2.6999999999999993,2.370000000000001,2.6999999999999993,-0.3299999999999983,HARMFUL
43003099999,2023-04-05T00:00:00,24,26.0,26.78,25.99,0.7800000000000011,-0.010000000000001563,0.7800000000000011,0.010000000000001563,0.7699999999999996,USEFUL
42867099999,2023-04-05T00:00:00,24,27.0,28.36,27.97,1.3599999999999994,0.9699999999999989,1.3599999999999994,0.9699999999999989,0.39000000000000057,USEFUL
43014099999,2023-04-05T00:00:00,24,24.0,26.38,25.61,2.379999999999999,1.6099999999999994,2.379999999999999,1.6099999999999994,0.7699999999999996,USEFUL
43063099999,2023-04-05T12:00:00,36,34.8,32.82,33.68,-1.9799999999999969,-1.1199999999999974,1.9799999999999969,1.1199999999999974,0.8599999999999994,USEFUL
43003099999,2023-04-05T12:00:00,36,30.0,27.82,29.34,-2.1799999999999997,-0.6600000000000001,2.1799999999999997,0.6600000000000001,1.5199999999999996,USEFUL
42867099999,2023-04-05T12:00:00,36,37.0,38.02,37.56,1.0200000000000031,0.5600000000000023,1.0200000000000031,0.5600000000000023,0.46000000000000085,USEFUL
43014099999,2023-04-05T12:00:00,36,36.0,35.92,35.31,-0.0799999999999983,-0.6899999999999977,0.0799999999999983,0.6899999999999977,-0.6099999999999994,HARMFUL
43003099999,2023-04-06T00:00:00,48,26.0,26.83,26.35,0.8299999999999983,0.3500000000000014,0.8299999999999983,0.3500000000000014,0.4799999999999969,USEFUL
42867099999,2023-04-06T00:00:00,48,28.0,29.06,28.67,1.0599999999999987,0.6700000000000017,1.0599999999999987,0.6700000000000017,0.389999999999997,USEFUL
43014099999,2023-04-06T00:00:00,48,23.0,26.61,26.1,3.6099999999999994,3.1000000000000014,3.6099999999999994,3.1000000000000014,0.509999999999998,USEFUL
43063099999,2023-04-05T00:00:00,12,19.8,22.56,22.91,2.759999999999998,3.1099999999999994,2.759999999999998,3.1099999999999994,-0.3500000000000014,HARMFUL
43003099999,2023-04-05T00:00:00,12,26.0,26.78,26.08,0.7800000000000011,0.0799999999999983,0.7800000000000011,0.0799999999999983,0.7000000000000028,USEFUL
42867099999,2023-04-05T00:00:00,12,27.0,26.3,26.23,-0.6999999999999993,-0.7699999999999996,0.6999999999999993,0.7699999999999996,-0.07000000000000028,NEUTRAL
43014099999,2023-04-05T00:00:00,12,24.0,25.41,24.78,1.4100000000000001,0.7800000000000011,1.4100000000000001,0.7800000000000011,0.629999999999999,USEFUL
43063099999,2023-04-05T12:00:00,24,34.8,32.24,32.65,-2.559999999999995,-2.1499999999999986,2.559999999999995,2.1499999999999986,0.4099999999999966,USEFUL
43003099999,2023-04-05T12:00:00,24,30.0,27.94,29.56,-2.0599999999999987,-0.4400000000000013,2.0599999999999987,0.4400000000000013,1.6199999999999974,USEFUL
42867099999,2023-04-05T12:00:00,24,37.0,37.04,36.81,0.03999999999999915,-0.18999999999999773,0.03999999999999915,0.18999999999999773,-0.14999999999999858,NEUTRAL
43014099999,2023-04-05T12:00:00,24,36.0,35.74,35.15,-0.259999999999998,-0.8500000000000014,0.259999999999998,0.8500000000000014,-0.5900000000000034,HARMFUL
43003099999,2023-04-06T00:00:00,36,26.0,26.9,26.42,0.8999999999999986,0.4200000000000017,0.8999999999999986,0.4200000000000017,0.4799999999999969,USEFUL
42867099999,2023-04-06T00:00:00,36,28.0,28.6,27.81,0.6000000000000014,-0.19000000000000128,0.6000000000000014,0.19000000000000128,0.41000000000000014,USEFUL
43014099999,2023-04-06T00:00:00,36,23.0,26.4,26.32,3.3999999999999986,3.3200000000000003,3.3999999999999986,3.3200000000000003,0.0799999999999983,NEUTRAL
43063099999,2023-04-06T12:00:00,48,35.6,33.3,34.02,-2.3000000000000043,-1.5799999999999983,2.3000000000000043,1.5799999999999983,0.720000000000006,USEFUL
43003099999,2023-04-06T12:00:00,48,32.0,28.1,29.87,-3.8999999999999986,-2.129999999999999,3.8999999999999986,2.129999999999999,1.7699999999999996,USEFUL
42867099999,2023-04-06T12:00:00,48,37.0,37.0,37.11,0.0,0.10999999999999943,0.0,0.10999999999999943,-0.10999999999999943,NEUTRAL
43014099999,2023-04-06T12:00:00,48,35.0,35.0,34.74,0.0,-0.259999999999998,0.0,0.259999999999998,-0.259999999999998,HARMFUL
43063099999,2023-04-05T12:00:00,12,34.8,33.05,32.89,-1.75,-1.9099999999999966,1.75,1.9099999999999966,-0.1599999999999966,NEUTRAL
43003099999,2023-04-05T12:00:00,12,30.0,27.55,28.98,-2.4499999999999993,-1.0199999999999996,2.4499999999999993,1.0199999999999996,1.4299999999999997,USEFUL
42867099999,2023-04-05T12:00:00,12,37.0,36.75,36.72,-0.25,-0.28000000000000114,0.25,0.28000000000000114,-0.030000000000001137,NEUTRAL
43014099999,2023-04-05T12:00:00,12,36.0,35.35,34.77,-0.6499999999999986,-1.2299999999999969,0.6499999999999986,1.2299999999999969,-0.5799999999999983,HARMFUL
43003099999,2023-04-06T00:00:00,24,26.0,26.95,26.47,0.9499999999999993,0.46999999999999886,0.9499999999999993,0.46999999999999886,0.4800000000000004,USEFUL
42867099999,2023-04-06T00:00:00,24,28.0,28.25,27.5,0.25,-0.5,0.25,0.5,-0.25,HARMFUL
43014099999,2023-04-06T00:00:00,24,23.0,26.35,25.67,3.3500000000000014,2.6700000000000017,3.3500000000000014,2.6700000000000017,0.6799999999999997,USEFUL
43063099999,2023-04-06T12:00:00,36,35.6,33.41,33.79,-2.190000000000005,-1.8100000000000023,2.190000000000005,1.8100000000000023,0.38000000000000256,USEFUL
43003099999,2023-04-06T12:00:00,36,32.0,28.31,30.05,-3.6900000000000013,-1.9499999999999993,3.6900000000000013,1.9499999999999993,1.740000000000002,USEFUL
42867099999,2023-04-06T12:00:00,36,37.0,36.61,36.69,-0.39000000000000057,-0.3100000000000023,0.39000000000000057,0.3100000000000023,0.0799999999999983,NEUTRAL
43014099999,2023-04-06T12:00:00,36,35.0,32.71,31.97,-2.289999999999999,-3.030000000000001,2.289999999999999,3.030000000000001,-0.740000000000002,HARMFUL
43063099999,2023-04-07T00:00:00,48,21.0,24.2,24.7,3.1999999999999993,3.6999999999999993,3.1999999999999993,3.6999999999999993,-0.5,HARMFUL
43003099999,2023-04-07T00:00:00,48,28.0,27.5,27.34,-0.5,-0.6600000000000001,0.5,0.6600000000000001,-0.16000000000000014,NEUTRAL
42867099999,2023-04-07T00:00:00,48,25.0,26.82,26.78,1.8200000000000003,1.7800000000000011,1.8200000000000003,1.7800000000000011,0.03999999999999915,NEUTRAL
43014099999,2023-04-07T00:00:00,48,24.0,25.88,25.18,1.879999999999999,1.1799999999999997,1.879999999999999,1.1799999999999997,0.6999999999999993,USEFUL
43003099999,2023-04-06T00:00:00,12,26.0,26.86,26.29,0.8599999999999994,0.28999999999999915,0.8599999999999994,0.28999999999999915,0.5700000000000003,USEFUL
42867099999,2023-04-06T00:00:00,12,28.0,27.08,26.63,-0.9200000000000017,-1.370000000000001,0.9200000000000017,1.370000000000001,-0.4499999999999993,HARMFUL
43014099999,2023-04-06T00:00:00,12,23.0,25.7,25.09,2.6999999999999993,2.09,2.6999999999999993,2.09,0.6099999999999994,USEFUL
43063099999,2023-04-06T12:00:00,24,35.6,30.95,31.15,-4.650000000000002,-4.450000000000003,4.650000000000002,4.450000000000003,0.1999999999999993,NEUTRAL
43003099999,2023-04-06T12:00:00,24,32.0,28.25,30.34,-3.75,-1.6600000000000001,3.75,1.6600000000000001,2.09,USEFUL
42867099999,2023-04-06T12:00:00,24,37.0,36.85,36.82,-0.14999999999999858,-0.17999999999999972,0.14999999999999858,0.17999999999999972,-0.030000000000001137,NEUTRAL
43014099999,2023-04-06T12:00:00,24,35.0,33.45,32.77,-1.5499999999999972,-2.229999999999997,1.5499999999999972,2.229999999999997,-0.6799999999999997,HARMFUL
43063099999,2023-04-07T00:00:00,36,21.0,24.7,24.79,3.6999999999999993,3.789999999999999,3.6999999999999993,3.789999999999999,-0.08999999999999986,NEUTRAL
43003099999,2023-04-07T00:00:00,36,28.0,27.44,27.92,-0.5599999999999987,-0.0799999999999983,0.5599999999999987,0.0799999999999983,0.4800000000000004,USEFUL
42867099999,2023-04-07T00:00:00,36,25.0,27.56,27.69,2.5599999999999987,2.6900000000000013,2.5599999999999987,2.6900000000000013,-0.13000000000000256,NEUTRAL
43014099999,2023-04-07T00:00:00,36,24.0,27.0,26.33,3.0,2.3299999999999983,3.0,2.3299999999999983,0.6700000000000017,USEFUL
43063099999,2023-04-07T12:00:00,48,31.6,32.79,33.51,1.1899999999999977,1.9099999999999966,1.1899999999999977,1.9099999999999966,-0.7199999999999989,HARMFUL
43003099999,2023-04-07T12:00:00,48,34.0,28.59,31.47,-5.41,-2.530000000000001,5.41,2.530000000000001,2.879999999999999,USEFUL
42867099999,2023-04-07T12:00:00,48,21.0,37.19,37.33,16.189999999999998,16.33,16.189999999999998,16.33,-0.14000000000000057,NEUTRAL
43014099999,2023-04-07T12:00:00,48,31.8,33.49,31.85,1.6900000000000013,0.05000000000000071,1.6900000000000013,0.05000000000000071,1.6400000000000006,USEFUL
43063099999,2023-04-06T12:00:00,12,35.6,30.65,31.1,-4.950000000000003,-4.5,4.950000000000003,4.5,0.45000000000000284,USEFUL
43003099999,2023-04-06T12:00:00,12,32.0,28.05,29.85,-3.9499999999999993,-2.1499999999999986,3.9499999999999993,2.1499999999999986,1.8000000000000007,USEFUL
42867099999,2023-04-06T12:00:00,12,37.0,36.15,36.29,-0.8500000000000014,-0.7100000000000009,0.8500000000000014,0.7100000000000009,0.14000000000000057,NEUTRAL
43014099999,2023-04-06T12:00:00,12,35.0,32.05,31.25,-2.950000000000003,-3.75,2.950000000000003,3.75,-0.7999999999999972,HARMFUL
43063099999,2023-04-07T00:00:00,24,21.0,26.22,25.98,5.219999999999999,4.98,5.219999999999999,4.98,0.23999999999999844,USEFUL
43003099999,2023-04-07T00:00:00,24,28.0,27.32,27.49,-0.6799999999999997,-0.5100000000000016,0.6799999999999997,0.5100000000000016,0.16999999999999815,NEUTRAL
42867099999,2023-04-07T00:00:00,24,25.0,27.47,27.04,2.469999999999999,2.039999999999999,2.469999999999999,2.039999999999999,0.4299999999999997,USEFUL
43014099999,2023-04-07T00:00:00,24,24.0,27.35,26.67,3.3500000000000014,2.6700000000000017,3.3500000000000014,2.6700000000000017,0.6799999999999997,USEFUL
43063099999,2023-04-07T12:00:00,36,31.6,32.8,32.86,1.1999999999999957,1.259999999999998,1.1999999999999957,1.259999999999998,-0.060000000000002274,NEUTRAL
43003099999,2023-04-07T12:00:00,36,34.0,29.3,32.25,-4.699999999999999,-1.75,4.699999999999999,1.75,2.9499999999999993,USEFUL
42867099999,2023-04-07T12:00:00,36,21.0,38.0,37.9,17.0,16.9,17.0,16.9,0.10000000000000142,NEUTRAL
43014099999,2023-04-07T12:00:00,36,31.8,34.4,33.42,2.599999999999998,1.620000000000001,2.599999999999998,1.620000000000001,0.9799999999999969,USEFUL
43063099999,2023-04-08T00:00:00,48,23.2,22.45,22.38,-0.75,-0.8200000000000003,0.75,0.8200000000000003,-0.07000000000000028,NEUTRAL
43003099999,2023-04-08T00:00:00,48,29.0,27.81,27.98,-1.1900000000000013,-1.0199999999999996,1.1900000000000013,1.0199999999999996,0.1700000000000017,NEUTRAL
42867099999,2023-04-08T00:00:00,48,22.0,27.61,27.6,5.609999999999999,5.600000000000001,5.609999999999999,5.600000000000001,0.00999999999999801,NEUTRAL
43014099999,2023-04-08T00:00:00,48,20.0,22.66,23.54,2.66,3.539999999999999,2.66,3.539999999999999,-0.879999999999999,HARMFUL
43063099999,2023-04-07T00:00:00,12,21.0,24.31,24.59,3.3099999999999987,3.59,3.3099999999999987,3.59,-0.28000000000000114,HARMFUL
43003099999,2023-04-07T00:00:00,12,28.0,27.36,27.82,-0.6400000000000006,-0.17999999999999972,0.6400000000000006,0.17999999999999972,0.46000000000000085,USEFUL
42867099999,2023-04-07T00:00:00,12,25.0,26.63,26.45,1.629999999999999,1.4499999999999993,1.629999999999999,1.4499999999999993,0.17999999999999972,NEUTRAL
43014099999,2023-04-07T00:00:00,12,24.0,27.65,27.04,3.6499999999999986,3.039999999999999,3.6499999999999986,3.039999999999999,0.6099999999999994,USEFUL
43063099999,2023-04-07T12:00:00,24,31.6,26.24,26.42,-5.360000000000003,-5.18,5.360000000000003,5.18,0.18000000000000327,NEUTRAL
43003099999,2023-04-07T12:00:00,24,34.0,28.74,31.57,-5.260000000000002,-2.4299999999999997,5.260000000000002,2.4299999999999997,2.830000000000002,USEFUL
42867099999,2023-04-07T12:00:00,24,21.0,37.14,37.14,16.14,16.14,16.14,16.14,0.0,NEUTRAL
43014099999,2023-04-07T12:00:00,24,31.8,32.14,30.54,0.33999999999999986,-1.2600000000000016,0.33999999999999986,1.2600000000000016,-0.9200000000000017,HARMFUL
43063099999,2023-04-08T00:00:00,36,23.2,21.65,21.97,-1.5500000000000007,-1.2300000000000004,1.5500000000000007,1.2300000000000004,0.3200000000000003,USEFUL
43003099999,2023-04-08T00:00:00,36,29.0,27.55,27.75,-1.4499999999999993,-1.25,1.4499999999999993,1.25,0.1999999999999993,NEUTRAL
42867099999,2023-04-08T00:00:00,36,22.0,28.45,28.52,6.449999999999999,6.52,6.449999999999999,6.52,-0.07000000000000028,NEUTRAL
43014099999,2023-04-08T00:00:00,36,20.0,25.35,24.98,5.350000000000001,4.98,5.350000000000001,4.98,0.370000000000001,USEFUL
43063099999,2023-04-08T12:00:00,48,32.4,27.48,27.54,-4.919999999999998,-4.859999999999999,4.919999999999998,4.859999999999999,0.05999999999999872,NEUTRAL
43003099999,2023-04-08T12:00:00,48,32.0,28.58,29.64,-3.4200000000000017,-2.3599999999999994,3.4200000000000017,2.3599999999999994,1.0600000000000023,USEFUL
42867099999,2023-04-08T12:00:00,48,27.0,33.48,32.78,6.479999999999997,5.780000000000001,6.479999999999997,5.780000000000001,0.6999999999999957,USEFUL
43014099999,2023-04-08T12:00:00,48,30.0,34.18,34.1,4.18,4.100000000000001,4.18,4.100000000000001,0.0799999999999983,NEUTRAL
43063099999,2023-04-07T12:00:00,12,31.6,32.35,32.21,0.75,0.6099999999999994,0.75,0.6099999999999994,0.14000000000000057,NEUTRAL
43003099999,2023-04-07T12:00:00,12,34.0,28.25,30.45,-5.75,-3.5500000000000007,5.75,3.5500000000000007,2.1999999999999993,USEFUL
42867099999,2023-04-07T12:00:00,12,21.0,33.55,33.7,12.549999999999997,12.700000000000003,12.549999999999997,12.700000000000003,-0.15000000000000568,NEUTRAL
43014099999,2023-04-07T12:00:00,12,31.8,31.45,30.55,-0.3500000000000014,-1.25,0.3500000000000014,1.25,-0.8999999999999986,HARMFUL
43063099999,2023-04-08T00:00:00,24,23.2,22.6,22.96,-0.5999999999999979,-0.23999999999999844,0.5999999999999979,0.23999999999999844,0.35999999999999943,USEFUL
43003099999,2023-04-08T00:00:00,24,29.0,28.42,28.43,-0.5799999999999983,-0.5700000000000003,0.5799999999999983,0.5700000000000003,0.00999999999999801,NEUTRAL
42867099999,2023-04-08T00:00:00,24,22.0,26.26,26.31,4.260000000000002,4.309999999999999,4.260000000000002,4.309999999999999,-0.04999999999999716,NEUTRAL
43014099999,2023-04-08T00:00:00,24,20.0,25.18,25.1,5.18,5.100000000000001,5.18,5.100000000000001,0.0799999999999983,NEUTRAL
43063099999,2023-04-08T12:00:00,36,32.4,28.07,27.46,-4.329999999999998,-4.939999999999998,4.329999999999998,4.939999999999998,-0.6099999999999994,HARMFUL
43003099999,2023-04-08T12:00:00,36,32.0,28.67,29.9,-3.3299999999999983,-2.1000000000000014,3.3299999999999983,2.1000000000000014,1.2299999999999969,USEFUL
42867099999,2023-04-08T12:00:00,36,27.0,33.17,33.39,6.170000000000002,6.390000000000001,6.170000000000002,6.390000000000001,-0.21999999999999886,HARMFUL
43014099999,2023-04-08T12:00:00,36,30.0,32.57,32.84,2.5700000000000003,2.8400000000000034,2.5700000000000003,2.8400000000000034,-0.2700000000000031,HARMFUL
43063099999,2023-04-09T00:00:00,48,20.6,23.64,23.63,3.039999999999999,3.0299999999999976,3.039999999999999,3.0299999999999976,0.010000000000001563,NEUTRAL
43003099999,2023-04-09T00:00:00,48,28.0,27.8,27.77,-0.1999999999999993,-0.23000000000000043,0.1999999999999993,0.23000000000000043,-0.030000000000001137,NEUTRAL
42867099999,2023-04-09T00:00:00,48,22.0,25.52,25.8,3.5199999999999996,3.8000000000000007,3.5199999999999996,3.8000000000000007,-0.28000000000000114,HARMFUL
43014099999,2023-04-09T00:00:00,48,21.0,24.93,24.32,3.9299999999999997,3.3200000000000003,3.9299999999999997,3.3200000000000003,0.6099999999999994,USEFUL
43063099999,2023-04-08T00:00:00,12,23.2,22.66,23.16,-0.5399999999999991,-0.03999999999999915,0.5399999999999991,0.03999999999999915,0.5,USEFUL
43003099999,2023-04-08T00:00:00,12,29.0,27.54,27.96,-1.4600000000000009,-1.0399999999999991,1.4600000000000009,1.0399999999999991,0.4200000000000017,USEFUL
42867099999,2023-04-08T00:00:00,12,22.0,26.65,26.39,4.649999999999999,4.390000000000001,4.649999999999999,4.390000000000001,0.259999999999998,USEFUL
43014099999,2023-04-08T00:00:00,12,20.0,24.51,24.32,4.510000000000002,4.32,4.510000000000002,4.32,0.19000000000000128,NEUTRAL
43063099999,2023-04-08T12:00:00,24,32.4,29.02,29.31,-3.379999999999999,-3.09,3.379999999999999,3.09,0.28999999999999915,USEFUL
43003099999,2023-04-08T12:00:00,24,32.0,28.52,29.81,-3.4800000000000004,-2.1900000000000013,3.4800000000000004,2.1900000000000013,1.2899999999999991,USEFUL
42867099999,2023-04-08T12:00:00,24,27.0,29.62,30.03,2.620000000000001,3.030000000000001,2.620000000000001,3.030000000000001,-0.41000000000000014,HARMFUL
43014099999,2023-04-08T12:00:00,24,30.0,31.72,30.84,1.7199999999999989,0.8399999999999999,1.7199999999999989,0.8399999999999999,0.879999999999999,USEFUL
43063099999,2023-04-09T00:00:00,36,20.6,25.06,24.55,4.459999999999997,3.9499999999999993,4.459999999999997,3.9499999999999993,0.509999999999998,USEFUL
43003099999,2023-04-09T00:00:00,36,28.0,27.86,28.06,-0.14000000000000057,0.05999999999999872,0.14000000000000057,0.05999999999999872,0.08000000000000185,NEUTRAL
42867099999,2023-04-09T00:00:00,36,22.0,25.69,25.69,3.6900000000000013,3.6900000000000013,3.6900000000000013,3.6900000000000013,0.0,NEUTRAL
43014099999,2023-04-09T00:00:00,36,21.0,24.55,23.93,3.5500000000000007,2.9299999999999997,3.5500000000000007,2.9299999999999997,0.620000000000001,USEFUL
43063099999,2023-04-09T12:00:00,48,27.0,31.56,31.98,4.559999999999999,4.98,4.559999999999999,4.98,-0.4200000000000017,HARMFUL
43003099999,2023-04-09T12:00:00,48,33.0,28.96,30.84,-4.039999999999999,-2.16,4.039999999999999,2.16,1.879999999999999,USEFUL
42867099999,2023-04-09T12:00:00,48,35.0,35.66,35.69,0.6599999999999966,0.6899999999999977,0.6599999999999966,0.6899999999999977,-0.030000000000001137,NEUTRAL
43014099999,2023-04-09T12:00:00,48,34.0,32.96,32.63,-1.0399999999999991,-1.3699999999999974,1.0399999999999991,1.3699999999999974,-0.3299999999999983,HARMFUL
43063099999,2023-07-01T12:00:00,12,25.6,23.19,23.74,-2.41,-1.860000000000003,2.41,1.860000000000003,0.5499999999999972,USEFUL
43003099999,2023-07-01T12:00:00,12,28.0,28.39,28.37,0.39000000000000057,0.370000000000001,0.39000000000000057,0.370000000000001,0.019999999999999574,NEUTRAL
42867099999,2023-07-01T12:00:00,12,33.0,32.29,32.28,-0.7100000000000009,-0.7199999999999989,0.7100000000000009,0.7199999999999989,-0.00999999999999801,NEUTRAL
43014099999,2023-07-01T12:00:00,12,28.8,29.49,28.72,0.6899999999999977,-0.08000000000000185,0.6899999999999977,0.08000000000000185,0.6099999999999959,USEFUL
43063099999,2023-07-02T00:00:00,24,23.4,22.32,22.61,-1.0799999999999983,-0.7899999999999991,1.0799999999999983,0.7899999999999991,0.28999999999999915,USEFUL
43003099999,2023-07-02T00:00:00,24,28.0,27.82,27.31,-0.17999999999999972,-0.6900000000000013,0.17999999999999972,0.6900000000000013,-0.5100000000000016,HARMFUL
42867099999,2023-07-02T00:00:00,24,26.0,26.42,26.39,0.4200000000000017,0.39000000000000057,0.4200000000000017,0.39000000000000057,0.030000000000001137,NEUTRAL
43014099999,2023-07-02T00:00:00,24,23.0,24.32,23.97,1.3200000000000003,0.9699999999999989,1.3200000000000003,0.9699999999999989,0.3500000000000014,USEFUL
43063099999,2023-07-02T12:00:00,36,25.0,24.3,25.21,-0.6999999999999993,0.21000000000000085,0.6999999999999993,0.21000000000000085,0.48999999999999844,USEFUL
43003099999,2023-07-02T12:00:00,36,28.0,28.4,28.5,0.3999999999999986,0.5,0.3999999999999986,0.5,-0.10000000000000142,NEUTRAL
42867099999,2023-07-02T12:00:00,36,33.0,32.0,32.09,-1.0,-0.9099999999999966,1.0,0.9099999999999966,0.09000000000000341,NEUTRAL
43014099999,2023-07-02T12:00:00,36,23.4,30.9,30.14,7.5,6.740000000000002,7.5,6.740000000000002,0.759999999999998,USEFUL
43063099999,2023-07-03T00:00:00,48,23.2,22.43,22.87,-0.7699999999999996,-0.3299999999999983,0.7699999999999996,0.3299999999999983,0.4400000000000013,USEFUL
43003099999,2023-07-03T00:00:00,48,28.0,27.93,27.46,-0.07000000000000028,-0.5399999999999991,0.07000000000000028,0.5399999999999991,-0.46999999999999886,HARMFUL
42867099999,2023-07-03T00:00:00,48,27.0,28.23,28.15,1.2300000000000004,1.1499999999999986,1.2300000000000004,1.1499999999999986,0.08000000000000185,NEUTRAL
43014099999,2023-07-03T00:00:00,48,23.6,24.63,24.43,1.0299999999999976,0.8299999999999983,1.0299999999999976,0.8299999999999983,0.1999999999999993,NEUTRAL
43063099999,2023-07-02T00:00:00,12,23.4,22.51,22.75,-0.889999999999997,-0.6499999999999986,0.889999999999997,0.6499999999999986,0.23999999999999844,USEFUL
43003099999,2023-07-02T00:00:00,12,28.0,27.81,27.38,-0.19000000000000128,-0.620000000000001,0.19000000000000128,0.620000000000001,-0.4299999999999997,HARMFUL
42867099999,2023-07-02T00:00:00,12,26.0,26.51,26.47,0.5100000000000016,0.46999999999999886,0.5100000000000016,0.46999999999999886,0.0400000000000027,NEUTRAL
43014099999,2023-07-02T00:00:00,12,23.0,24.41,24.01,1.4100000000000001,1.0100000000000016,1.4100000000000001,1.0100000000000016,0.3999999999999986,USEFUL
43063099999,2023-07-02T12:00:00,24,25.0,24.4,25.11,-0.6000000000000014,0.10999999999999943,0.6000000000000014,0.10999999999999943,0.490000000000002,USEFUL
43003099999,2023-07-02T12:00:00,24,28.0,28.5,28.53,0.5,0.5300000000000011,0.5,0.5300000000000011,-0.030000000000001137,NEUTRAL
42867099999,2023-07-02T12:00:00,24,33.0,32.0,31.72,-1.0,-1.2800000000000011,1.0,1.2800000000000011,-0.28000000000000114,HARMFUL
43014099999,2023-07-02T12:00:00,24,23.4,29.4,29.52,6.0,6.120000000000001,6.0,6.120000000000001,-0.120000000000001,NEUTRAL
43063099999,2023-07-03T00:00:00,36,23.2,22.4,22.84,-0.8000000000000007,-0.35999999999999943,0.8000000000000007,0.35999999999999943,0.4400000000000013,USEFUL
43003099999,2023-07-03T00:00:00,36,28.0,27.9,27.47,-0.10000000000000142,-0.5300000000000011,0.10000000000000142,0.5300000000000011,-0.4299999999999997,HARMFUL
42867099999,2023-07-03T00:00:00,36,27.0,28.7,28.4,1.6999999999999993,1.3999999999999986,1.6999999999999993,1.3999999999999986,0.3000000000000007,USEFUL
43014099999,2023-07-03T00:00:00,36,23.6,24.7,24.1,1.0999999999999979,0.5,1.0999999999999979,0.5,0.5999999999999979,USEFUL
43063099999,2023-07-03T12:00:00,48,27.8,25.38,26.19,-2.4200000000000017,-1.6099999999999994,2.4200000000000017,1.6099999999999994,0.8100000000000023,USEFUL
43003099999,2023-07-03T12:00:00,48,30.0,28.58,28.66,-1.4200000000000017,-1.3399999999999999,1.4200000000000017,1.3399999999999999,0.08000000000000185,NEUTRAL
42867099999,2023-07-03T12:00:00,48,36.0,34.48,33.8,-1.5200000000000031,-2.200000000000003,1.5200000000000031,2.200000000000003,-0.6799999999999997,HARMFUL
43014099999,2023-07-03T12:00:00,48,32.6,32.18,31.53,-0.4200000000000017,-1.0700000000000003,0.4200000000000017,1.0700000000000003,-0.6499999999999986,HARMFUL
43063099999,2023-07-02T12:00:00,12,25.0,23.3,23.83,-1.6999999999999993,-1.1700000000000017,1.6999999999999993,1.1700000000000017,0.5299999999999976,USEFUL
43003099999,2023-07-02T12:00:00,12,28.0,28.1,28.48,0.10000000000000142,0.4800000000000004,0.10000000000000142,0.4800000000000004,-0.379999999999999,HARMFUL
42867099999,2023-07-02T12:00:00,12,33.0,32.6,32.27,-0.3999999999999986,-0.7299999999999969,0.3999999999999986,0.7299999999999969,-0.3299999999999983,HARMFUL
43014099999,2023-07-02T12:00:00,12,23.4,30.6,30.31,7.200000000000003,6.91,7.200000000000003,6.91,0.2900000000000027,USEFUL
43063099999,2023-07-03T00:00:00,24,23.2,22.65,22.91,-0.5500000000000007,-0.28999999999999915,0.5500000000000007,0.28999999999999915,0.26000000000000156,USEFUL
43003099999,2023-07-03T00:00:00,24,28.0,27.85,27.34,-0.14999999999999858,-0.6600000000000001,0.14999999999999858,0.6600000000000001,-0.5100000000000016,HARMFUL
42867099999,2023-07-03T00:00:00,24,27.0,28.25,27.97,1.25,0.9699999999999989,1.25,0.9699999999999989,0.28000000000000114,USEFUL
43014099999,2023-07-03T00:00:00,24,23.6,24.75,24.51,1.1499999999999986,0.9100000000000001,1.1499999999999986,0.9100000000000001,0.23999999999999844,USEFUL
43063099999,2023-07-03T12:00:00,36,27.8,25.45,26.34,-2.3500000000000014,-1.4600000000000009,2.3500000000000014,1.4600000000000009,0.8900000000000006,USEFUL
43003099999,2023-07-03T12:00:00,36,30.0,27.95,28.41,-2.0500000000000007,-1.5899999999999999,2.0500000000000007,1.5899999999999999,0.46000000000000085,USEFUL
42867099999,2023-07-03T12:00:00,36,36.0,35.15,34.54,-0.8500000000000014,-1.4600000000000009,0.8500000000000014,1.4600000000000009,-0.6099999999999994,HARMFUL
43014099999,2023-07-03T12:00:00,36,32.6,30.95,30.64,-1.6500000000000021,-1.9600000000000009,1.6500000000000021,1.9600000000000009,-0.3099999999999987,HARMFUL
43063099999,2023-07-04T00:00:00,48,24.4,22.64,22.97,-1.759999999999998,-1.4299999999999997,1.759999999999998,1.4299999999999997,0.3299999999999983,USEFUL
43003099999,2023-07-04T00:00:00,48,26.8,27.64,27.16,0.8399999999999999,0.35999999999999943,0.8399999999999999,0.35999999999999943,0.4800000000000004,USEFUL
42867099999,2023-07-04T00:00:00,48,29.0,27.94,27.69,-1.0599999999999987,-1.3099999999999987,1.0599999999999987,1.3099999999999987,-0.25,HARMFUL
43014099999,2023-07-04T00:00:00,48,25.0,24.84,24.4,-0.16000000000000014,-0.6000000000000014,0.16000000000000014,0.6000000000000014,-0.4400000000000013,HARMFUL
43063099999,2023-07-03T00:00:00,12,23.2,22.65,22.96,-0.5500000000000007,-0.23999999999999844,0.5500000000000007,0.23999999999999844,0.3100000000000023,USEFUL
43003099999,2023-07-03T00:00:00,12,28.0,28.25,27.67,0.25,-0.3299999999999983,0.25,0.3299999999999983,-0.0799999999999983,NEUTRAL
42867099999,2023-07-03T00:00:00,12,27.0,29.55,29.28,2.5500000000000007,2.280000000000001,2.5500000000000007,2.280000000000001,0.2699999999999996,USEFUL
43014099999,2023-07-03T00:00:00,12,23.6,25.05,24.62,1.4499999999999993,1.0199999999999996,1.4499999999999993,1.0199999999999996,0.4299999999999997,USEFUL
43063099999,2023-07-03T12:00:00,24,27.8,24.49,25.48,-3.3100000000000023,-2.3200000000000003,3.3100000000000023,2.3200000000000003,0.990000000000002,USEFUL
43003099999,2023-07-03T12:00:00,24,30.0,28.29,28.71,-1.7100000000000009,-1.2899999999999991,1.7100000000000009,1.2899999999999991,0.4200000000000017,USEFUL
42867099999,2023-07-03T12:00:00,24,36.0,35.29,34.63,-0.7100000000000009,-1.3699999999999974,0.7100000000000009,1.3699999999999974,-0.6599999999999966,HARMFUL
43014099999,2023-07-03T12:00:00,24,32.6,31.79,31.37,-0.8100000000000023,-1.2300000000000004,0.8100000000000023,1.2300000000000004,-0.41999999999999815,HARMFUL
43063099999,2023-07-04T00:00:00,36,24.4,22.7,22.99,-1.6999999999999993,-1.4100000000000001,1.6999999999999993,1.4100000000000001,0.28999999999999915,USEFUL
43003099999,2023-07-04T00:00:00,36,26.8,27.5,27.25,0.6999999999999993,0.4499999999999993,0.6999999999999993,0.4499999999999993,0.25,USEFUL
42867099999,2023-07-04T00:00:00,36,29.0,28.7,28.87,-0.3000000000000007,-0.129999999999999,0.3000000000000007,0.129999999999999,0.1700000000000017,NEUTRAL
43014099999,2023-07-04T00:00:00,36,25.0,25.1,24.72,0.10000000000000142,-0.28000000000000114,0.10000000000000142,0.28000000000000114,-0.17999999999999972,NEUTRAL
43063099999,2023-07-04T12:00:00,48,27.0,25.85,26.52,-1.1499999999999986,-0.4800000000000004,1.1499999999999986,0.4800000000000004,0.6699999999999982,USEFUL
43003099999,2023-07-04T12:00:00,48,27.2,27.95,28.52,0.75,1.3200000000000003,0.75,1.3200000000000003,-0.5700000000000003,HARMFUL
42867099999,2023-07-04T12:00:00,48,34.0,33.15,32.36,-0.8500000000000014,-1.6400000000000006,0.8500000000000014,1.6400000000000006,-0.7899999999999991,HARMFUL
43014099999,2023-07-04T12:00:00,48,31.0,30.75,30.07,-0.25,-0.9299999999999997,0.25,0.9299999999999997,-0.6799999999999997,HARMFUL
43063099999,2023-07-03T12:00:00,12,27.8,25.51,26.37,-2.289999999999999,-1.4299999999999997,2.289999999999999,1.4299999999999997,0.8599999999999994,USEFUL
43003099999,2023-07-03T12:00:00,12,30.0,28.21,28.83,-1.7899999999999991,-1.1700000000000017,1.7899999999999991,1.1700000000000017,0.6199999999999974,USEFUL
42867099999,2023-07-03T12:00:00,12,36.0,35.81,35.07,-0.18999999999999773,-0.9299999999999997,0.18999999999999773,0.9299999999999997,-0.740000000000002,HARMFUL
43014099999,2023-07-03T12:00:00,12,32.6,31.61,30.89,-0.990000000000002,-1.7100000000000009,0.990000000000002,1.7100000000000009,-0.7199999999999989,HARMFUL
43063099999,2023-07-04T00:00:00,24,24.4,22.81,23.13,-1.5899999999999999,-1.2699999999999996,1.5899999999999999,1.2699999999999996,0.3200000000000003,USEFUL
43003099999,2023-07-04T00:00:00,24,26.8,27.61,27.28,0.8099999999999987,0.4800000000000004,0.8099999999999987,0.4800000000000004,0.3299999999999983,USEFUL
42867099999,2023-07-04T00:00:00,24,29.0,28.81,28.68,-0.19000000000000128,-0.3200000000000003,0.19000000000000128,0.3200000000000003,-0.129999999999999,NEUTRAL
43014099999,2023-07-04T00:00:00,24,25.0,24.91,24.6,-0.08999999999999986,-0.3999999999999986,0.08999999999999986,0.3999999999999986,-0.3099999999999987,HARMFUL
43063099999,2023-07-04T12:00:00,36,27.0,26.1,26.73,-0.8999999999999986,-0.2699999999999996,0.8999999999999986,0.2699999999999996,0.629999999999999,USEFUL
43003099999,2023-07-04T12:00:00,36,27.2,28.0,28.56,0.8000000000000007,1.3599999999999994,0.8000000000000007,1.3599999999999994,-0.5599999999999987,HARMFUL
42867099999,2023-07-04T12:00:00,36,34.0,35.8,35.02,1.7999999999999972,1.0200000000000031,1.7999999999999972,1.0200000000000031,0.779999999999994,USEFUL
43014099999,2023-07-04T12:00:00,36,31.0,31.3,30.45,0.3000000000000007,-0.5500000000000007,0.3000000000000007,0.5500000000000007,-0.25,HARMFUL
43063099999,2023-07-05T00:00:00,48,23.6,22.46,22.72,-1.1400000000000006,-0.8800000000000026,1.1400000000000006,0.8800000000000026,0.259999999999998,USEFUL
43003099999,2023-07-05T00:00:00,48,26.0,27.76,27.31,1.7600000000000016,1.3099999999999987,1.7600000000000016,1.3099999999999987,0.45000000000000284,USEFUL
42867099999,2023-07-05T00:00:00,48,26.0,28.26,27.86,2.2600000000000016,1.8599999999999994,2.2600000000000016,1.8599999999999994,0.40000000000000213,USEFUL
43014099999,2023-07-05T00:00:00,48,25.0,24.76,24.24,-0.23999999999999844,-0.7600000000000016,0.23999999999999844,0.7600000000000016,-0.5200000000000031,HARMFUL
43063099999,2023-07-04T00:00:00,12,24.4,22.99,23.27,-1.4100000000000001,-1.129999999999999,1.4100000000000001,1.129999999999999,0.28000000000000114,USEFUL
43003099999,2023-07-04T00:00:00,12,26.8,27.49,27.45,0.6899999999999977,0.6499999999999986,0.6899999999999977,0.6499999999999986,0.03999999999999915,NEUTRAL
42867099999,2023-07-04T00:00:00,12,29.0,29.69,29.87,0.6900000000000013,0.870000000000001,0.6900000000000013,0.870000000000001,-0.17999999999999972,NEUTRAL
43014099999,2023-07-04T00:00:00,12,25.0,25.99,25.55,0.9899999999999984,0.5500000000000007,0.9899999999999984,0.5500000000000007,0.4399999999999977,USEFUL
43063099999,2023-07-04T12:00:00,24,27.0,25.73,26.33,-1.2699999999999996,-0.6700000000000017,1.2699999999999996,0.6700000000000017,0.5999999999999979,USEFUL
43003099999,2023-07-04T12:00:00,24,27.2,28.03,28.38,0.8300000000000018,1.1799999999999997,0.8300000000000018,1.1799999999999997,-0.34999999999999787,HARMFUL
42867099999,2023-07-04T12:00:00,24,34.0,34.73,34.3,0.7299999999999969,0.29999999999999716,0.7299999999999969,0.29999999999999716,0.4299999999999997,USEFUL
43014099999,2023-07-04T12:00:00,24,31.0,30.53,29.82,-0.46999999999999886,-1.1799999999999997,0.46999999999999886,1.1799999999999997,-0.7100000000000009,HARMFUL
43063099999,2023-07-05T00:00:00,36,23.6,22.49,22.87,-1.110000000000003,-0.7300000000000004,1.110000000000003,0.7300000000000004,0.38000000000000256,USEFUL
43003099999,2023-07-05T00:00:00,36,26.0,27.79,27.29,1.7899999999999991,1.2899999999999991,1.7899999999999991,1.2899999999999991,0.5,USEFUL
42867099999,2023-07-05T00:00:00,36,26.0,27.29,27.21,1.2899999999999991,1.2100000000000009,1.2899999999999991,1.2100000000000009,0.0799999999999983,NEUTRAL
43014099999,2023-07-05T00:00:00,36,25.0,24.29,23.92,-0.7100000000000009,-1.0799999999999983,0.7100000000000009,1.0799999999999983,-0.36999999999999744,HARMFUL
43063099999,2023-07-05T12:00:00,48,24.0,23.83,24.77,-0.1700000000000017,0.7699999999999996,0.1700000000000017,0.7699999999999996,-0.5999999999999979,HARMFUL
43003099999,2023-07-05T12:00:00,48,27.0,27.13,27.32,0.129999999999999,0.3200000000000003,0.129999999999999,0.3200000000000003,-0.19000000000000128,NEUTRAL
42867099999,2023-07-05T12:00:00,48,33.0,33.43,33.38,0.4299999999999997,0.38000000000000256,0.4299999999999997,0.38000000000000256,0.04999999999999716,NEUTRAL
43014099999,2023-07-05T12:00:00,48,26.0,28.13,27.78,2.129999999999999,1.7800000000000011,2.129999999999999,1.7800000000000011,0.34999999999999787,USEFUL
43063099999,2023-07-04T12:00:00,12,27.0,27.39,28.14,0.39000000000000057,1.1400000000000006,0.39000000000000057,1.1400000000000006,-0.75,HARMFUL
43003099999,2023-07-04T12:00:00,12,27.2,28.79,29.22,1.5899999999999999,2.0199999999999996,1.5899999999999999,2.0199999999999996,-0.4299999999999997,HARMFUL
42867099999,2023-07-04T12:00:00,12,34.0,33.89,34.25,-0.10999999999999943,0.25,0.10999999999999943,0.25,-0.14000000000000057,NEUTRAL
43014099999,2023-07-04T12:00:00,12,31.0,33.59,32.63,2.5900000000000034,1.6300000000000026,2.5900000000000034,1.6300000000000026,0.9600000000000009,USEFUL
43063099999,2023-07-05T00:00:00,24,23.6,22.66,23.06,-0.9400000000000013,-0.5400000000000027,0.9400000000000013,0.5400000000000027,0.3999999999999986,USEFUL
43003099999,2023-07-05T00:00:00,24,26.0,27.76,27.61,1.7600000000000016,1.6099999999999994,1.7600000000000016,1.6099999999999994,0.15000000000000213,NEUTRAL
42867099999,2023-07-05T00:00:00,24,26.0,27.36,27.56,1.3599999999999994,1.5599999999999987,1.3599999999999994,1.5599999999999987,-0.1999999999999993,NEUTRAL
43014099999,2023-07-05T00:00:00,24,25.0,23.86,24.01,-1.1400000000000006,-0.9899999999999984,1.1400000000000006,0.9899999999999984,0.15000000000000213,NEUTRAL
43063099999,2023-07-05T12:00:00,36,24.0,24.71,25.63,0.7100000000000009,1.629999999999999,0.7100000000000009,1.629999999999999,-0.9199999999999982,HARMFUL
43003099999,2023-07-05T12:00:00,36,27.0,27.91,28.24,0.9100000000000001,1.2399999999999984,0.9100000000000001,1.2399999999999984,-0.3299999999999983,HARMFUL
42867099999,2023-07-05T12:00:00,36,33.0,34.01,33.98,1.009999999999998,0.9799999999999969,1.009999999999998,0.9799999999999969,0.030000000000001137,NEUTRAL
43014099999,2023-07-05T12:00:00,36,26.0,29.31,28.59,3.3099999999999987,2.59,3.3099999999999987,2.59,0.7199999999999989,USEFUL
43063099999,2023-07-06T00:00:00,48,23.6,22.58,22.87,-1.0200000000000031,-0.7300000000000004,1.0200000000000031,0.7300000000000004,0.2900000000000027,USEFUL
43003099999,2023-07-06T00:00:00,48,25.0,27.38,26.96,2.379999999999999,1.9600000000000009,2.379999999999999,1.9600000000000009,0.41999999999999815,USEFUL
42867099999,2023-07-06T00:00:00,48,27.0,28.58,28.45,1.5799999999999983,1.4499999999999993,1.5799999999999983,1.4499999999999993,0.129999999999999,NEUTRAL
43014099999,2023-07-06T00:00:00,48,24.6,23.98,23.57,-0.620000000000001,-1.0300000000000011,0.620000000000001,1.0300000000000011,-0.41000000000000014,HARMFUL
43063099999,2023-07-05T00:00:00,12,23.6,22.89,23.16,-0.7100000000000009,-0.4400000000000013,0.7100000000000009,0.4400000000000013,0.2699999999999996,USEFUL
43003099999,2023-07-05T00:00:00,12,26.0,27.69,27.63,1.6900000000000013,1.629999999999999,1.6900000000000013,1.629999999999999,0.060000000000002274,NEUTRAL
42867099999,2023-07-05T00:00:00,12,26.0,26.89,27.39,0.8900000000000006,1.3900000000000006,0.8900000000000006,1.3900000000000006,-0.5,HARMFUL
43014099999,2023-07-05T00:00:00,12,25.0,24.19,24.19,-0.8099999999999987,-0.8099999999999987,0.8099999999999987,0.8099999999999987,0.0,NEUTRAL
43063099999,2023-07-05T12:00:00,24,24.0,24.46,25.32,0.46000000000000085,1.3200000000000003,0.46000000000000085,1.3200000000000003,-0.8599999999999994,HARMFUL
43003099999,2023-07-05T12:00:00,24,27.0,28.06,28.29,1.0599999999999987,1.2899999999999991,1.0599999999999987,1.2899999999999991,-0.23000000000000043,HARMFUL
42867099999,2023-07-05T12:00:00,24,33.0,33.86,33.84,0.8599999999999994,0.8400000000000034,0.8599999999999994,0.8400000000000034,0.01999999999999602,NEUTRAL
43014099999,2023-07-05T12:00:00,24,26.0,25.26,25.38,-0.7399999999999984,-0.620000000000001,0.7399999999999984,0.620000000000001,0.11999999999999744,NEUTRAL
43063099999,2023-07-06T00:00:00,36,23.6,22.21,22.52,-1.3900000000000006,-1.0800000000000018,1.3900000000000006,1.0800000000000018,0.3099999999999987,USEFUL
43003099999,2023-07-06T00:00:00,36,25.0,27.01,26.71,2.0100000000000016,1.7100000000000009,2.0100000000000016,1.7100000000000009,0.3000000000000007,USEFUL
42867099999,2023-07-06T00:00:00,36,27.0,27.41,27.73,0.41000000000000014,0.7300000000000004,0.41000000000000014,0.7300000000000004,-0.3200000000000003,HARMFUL
43014099999,2023-07-06T00:00:00,36,24.6,23.71,23.43,-0.8900000000000006,-1.1700000000000017,0.8900000000000006,1.1700000000000017,-0.28000000000000114,HARMFUL
43063099999,2023-07-06T12:00:00,48,26.2,22.13,22.38,-4.07,-3.8200000000000003,4.07,3.8200000000000003,0.25,USEFUL
43003099999,2023-07-06T12:00:00,48,28.0,26.53,26.19,-1.4699999999999989,-1.8099999999999987,1.4699999999999989,1.8099999999999987,-0.33999999999999986,HARMFUL
42867099999,2023-07-06T12:00:00,48,32.0,28.43,28.48,-3.5700000000000003,-3.5199999999999996,3.5700000000000003,3.5199999999999996,0.05000000000000071,NEUTRAL
43014099999,2023-07-06T12:00:00,48,24.8,23.73,23.45,-1.0700000000000003,-1.3500000000000014,1.0700000000000003,1.3500000000000014,-0.28000000000000114,HARMFUL
43063099999,2023-07-05T12:00:00,12,24.0,25.85,26.4,1.8500000000000014,2.3999999999999986,1.8500000000000014,2.3999999999999986,-0.5499999999999972,HARMFUL
43003099999,2023-07-05T12:00:00,12,27.0,28.35,28.35,1.3500000000000014,1.3500000000000014,1.3500000000000014,1.3500000000000014,0.0,NEUTRAL
42867099999,2023-07-05T12:00:00,12,33.0,32.65,32.83,-0.3500000000000014,-0.1700000000000017,0.3500000000000014,0.1700000000000017,0.17999999999999972,NEUTRAL
43014099999,2023-07-05T12:00:00,12,26.0,29.05,28.36,3.0500000000000007,2.3599999999999994,3.0500000000000007,2.3599999999999994,0.6900000000000013,USEFUL
43063099999,2023-07-06T00:00:00,24,23.6,22.95,23.17,-0.6500000000000021,-0.4299999999999997,0.6500000000000021,0.4299999999999997,0.22000000000000242,USEFUL
43003099999,2023-07-06T00:00:00,24,25.0,27.25,26.97,2.25,1.9699999999999989,2.25,1.9699999999999989,0.28000000000000114,USEFUL
42867099999,2023-07-06T00:00:00,24,27.0,25.75,25.77,-1.25,-1.2300000000000004,1.25,1.2300000000000004,0.019999999999999574,NEUTRAL
43014099999,2023-07-06T00:00:00,24,24.6,24.25,23.72,-0.3500000000000014,-0.8800000000000026,0.3500000000000014,0.8800000000000026,-0.5300000000000011,HARMFUL
43063099999,2023-07-06T12:00:00,36,26.2,22.27,22.77,-3.9299999999999997,-3.4299999999999997,3.9299999999999997,3.4299999999999997,0.5,USEFUL
43003099999,2023-07-06T12:00:00,36,28.0,26.47,26.15,-1.5300000000000011,-1.8500000000000014,1.5300000000000011,1.8500000000000014,-0.3200000000000003,HARMFUL
42867099999,2023-07-06T12:00:00,36,32.0,31.07,31.51,-0.9299999999999997,-0.48999999999999844,0.9299999999999997,0.48999999999999844,0.4400000000000013,USEFUL
43014099999,2023-07-06T12:00:00,36,24.8,25.07,25.73,0.2699999999999996,0.9299999999999997,0.2699999999999996,0.9299999999999997,-0.6600000000000001,HARMFUL
43063099999,2023-07-07T00:00:00,48,24.2,21.83,22.1,-2.370000000000001,-2.099999999999998,2.370000000000001,2.099999999999998,0.2700000000000031,USEFUL
43003099999,2023-07-07T00:00:00,48,28.0,27.33,26.67,-0.6700000000000017,-1.3299999999999983,0.6700000000000017,1.3299999999999983,-0.6599999999999966,HARMFUL
42867099999,2023-07-07T00:00:00,48,26.0,25.13,25.2,-0.870000000000001,-0.8000000000000007,0.870000000000001,0.8000000000000007,0.07000000000000028,NEUTRAL
43014099999,2023-07-07T00:00:00,48,23.6,22.53,22.67,-1.0700000000000003,-0.9299999999999997,1.0700000000000003,0.9299999999999997,0.14000000000000057,NEUTRAL
43063099999,2023-07-06T00:00:00,12,23.6,22.71,22.9,-0.8900000000000006,-0.7000000000000028,0.8900000000000006,0.7000000000000028,0.18999999999999773,NEUTRAL
43003099999,2023-07-06T00:00:00,12,25.0,27.21,26.97,2.210000000000001,1.9699999999999989,2.210000000000001,1.9699999999999989,0.240000000000002,USEFUL
42867099999,2023-07-06T00:00:00,12,27.0,27.41,27.42,0.41000000000000014,0.4200000000000017,0.41000000000000014,0.4200000000000017,-0.010000000000001563,NEUTRAL
43014099999,2023-07-06T00:00:00,12,24.6,24.81,24.49,0.2099999999999973,-0.11000000000000298,0.2099999999999973,0.11000000000000298,0.09999999999999432,NEUTRAL
43063099999,2023-07-06T12:00:00,24,26.2,22.47,22.81,-3.7300000000000004,-3.3900000000000006,3.7300000000000004,3.3900000000000006,0.33999999999999986,USEFUL
43003099999,2023-07-06T12:00:00,24,28.0,26.47,26.57,-1.5300000000000011,-1.4299999999999997,1.5300000000000011,1.4299999999999997,0.10000000000000142,NEUTRAL
42867099999,2023-07-06T12:00:00,24,32.0,32.67,32.56,0.6700000000000017,0.5600000000000023,0.6700000000000017,0.5600000000000023,0.10999999999999943,NEUTRAL
43014099999,2023-07-06T12:00:00,24,24.8,27.27,27.4,2.469999999999999,2.599999999999998,2.469999999999999,2.599999999999998,-0.129999999999999,NEUTRAL
43063099999,2023-07-07T00:00:00,36,24.2,22.0,22.38,-2.1999999999999993,-1.8200000000000003,2.1999999999999993,1.8200000000000003,0.379999999999999,USEFUL
43003099999,2023-07-07T00:00:00,36,28.0,27.2,26.75,-0.8000000000000007,-1.25,0.8000000000000007,1.25,-0.4499999999999993,HARMFUL
42867099999,2023-07-07T00:00:00,36,26.0,26.6,26.42,0.6000000000000014,0.4200000000000017,0.6000000000000014,0.4200000000000017,0.17999999999999972,NEUTRAL
43014099999,2023-07-07T00:00:00,36,23.6,22.9,22.77,-0.7000000000000028,-0.8300000000000018,0.7000000000000028,0.8300000000000018,-0.129999999999999,NEUTRAL
43063099999,2023-07-07T12:00:00,48,25.6,22.45,22.76,-3.150000000000002,-2.84,3.150000000000002,2.84,0.3100000000000023,USEFUL
43003099999,2023-07-07T12:00:00,48,26.0,27.45,27.23,1.4499999999999993,1.2300000000000004,1.4499999999999993,1.2300000000000004,0.21999999999999886,USEFUL
42867099999,2023-07-07T12:00:00,48,30.0,28.45,28.94,-1.5500000000000007,-1.0599999999999987,1.5500000000000007,1.0599999999999987,0.490000000000002,USEFUL
43014099999,2023-07-07T12:00:00,48,26.4,26.25,26.13,-0.14999999999999858,-0.2699999999999996,0.14999999999999858,0.2699999999999996,-0.120000000000001,NEUTRAL
43063099999,2023-07-06T12:00:00,12,26.2,23.07,23.55,-3.129999999999999,-2.6499999999999986,3.129999999999999,2.6499999999999986,0.4800000000000004,USEFUL
43003099999,2023-07-06T12:00:00,12,28.0,27.37,27.45,-0.629999999999999,-0.5500000000000007,0.629999999999999,0.5500000000000007,0.0799999999999983,NEUTRAL
42867099999,2023-07-06T12:00:00,12,32.0,33.67,33.33,1.6700000000000017,1.3299999999999983,1.6700000000000017,1.3299999999999983,0.3400000000000034,USEFUL
43014099999,2023-07-06T12:00:00,12,24.8,29.57,29.08,4.77,4.279999999999998,4.77,4.279999999999998,0.490000000000002,USEFUL
43063099999,2023-07-07T00:00:00,24,24.2,22.39,22.74,-1.8099999999999987,-1.4600000000000009,1.8099999999999987,1.4600000000000009,0.34999999999999787,USEFUL
43003099999,2023-07-07T00:00:00,24,28.0,27.59,27.24,-0.41000000000000014,-0.7600000000000016,0.41000000000000014,0.7600000000000016,-0.3500000000000014,HARMFUL
42867099999,2023-07-07T00:00:00,24,26.0,26.59,26.58,0.5899999999999999,0.5799999999999983,0.5899999999999999,0.5799999999999983,0.010000000000001563,NEUTRAL
43014099999,2023-07-07T00:00:00,24,23.6,23.49,23.38,-0.11000000000000298,-0.22000000000000242,0.11000000000000298,0.22000000000000242,-0.10999999999999943,NEUTRAL
43063099999,2023-07-07T12:00:00,36,25.6,22.71,23.13,-2.8900000000000006,-2.4700000000000024,2.8900000000000006,2.4700000000000024,0.41999999999999815,USEFUL
43003099999,2023-07-07T12:00:00,36,26.0,27.81,27.71,1.8099999999999987,1.7100000000000009,1.8099999999999987,1.7100000000000009,0.09999999999999787,NEUTRAL
42867099999,2023-07-07T12:00:00,36,30.0,30.31,30.28,0.3099999999999987,0.28000000000000114,0.3099999999999987,0.28000000000000114,0.029999999999997584,NEUTRAL
43014099999,2023-07-07T12:00:00,36,26.4,27.61,27.08,1.2100000000000009,0.6799999999999997,1.2100000000000009,0.6799999999999997,0.5300000000000011,USEFUL
43063099999,2023-07-08T00:00:00,48,23.6,22.6,22.73,-1.0,-0.870000000000001,1.0,0.870000000000001,0.129999999999999,NEUTRAL
43003099999,2023-07-08T00:00:00,48,28.0,27.8,27.44,-0.1999999999999993,-0.5599999999999987,0.1999999999999993,0.5599999999999987,-0.35999999999999943,HARMFUL
42867099999,2023-07-08T00:00:00,48,25.0,24.7,25.09,-0.3000000000000007,0.08999999999999986,0.3000000000000007,0.08999999999999986,0.21000000000000085,USEFUL
43014099999,2023-07-08T00:00:00,48,23.8,23.6,23.4,-0.1999999999999993,-0.40000000000000213,0.1999999999999993,0.40000000000000213,-0.20000000000000284,HARMFUL
43063099999,2023-07-07T00:00:00,12,24.2,22.66,22.9,-1.5399999999999991,-1.3000000000000007,1.5399999999999991,1.3000000000000007,0.23999999999999844,USEFUL
43003099999,2023-07-07T00:00:00,12,28.0,27.66,27.3,-0.33999999999999986,-0.6999999999999993,0.33999999999999986,0.6999999999999993,-0.35999999999999943,HARMFUL
42867099999,2023-07-07T00:00:00,12,26.0,26.06,26.24,0.05999999999999872,0.23999999999999844,0.05999999999999872,0.23999999999999844,-0.17999999999999972,NEUTRAL
43014099999,2023-07-07T00:00:00,12,23.6,23.26,23.1,-0.33999999999999986,-0.5,0.33999999999999986,0.5,-0.16000000000000014,NEUTRAL
43063099999,2023-07-07T12:00:00,24,25.6,22.57,22.98,-3.030000000000001,-2.620000000000001,3.030000000000001,2.620000000000001,0.41000000000000014,USEFUL
43003099999,2023-07-07T12:00:00,24,26.0,27.67,27.47,1.6700000000000017,1.4699999999999989,1.6700000000000017,1.4699999999999989,0.20000000000000284,USEFUL
42867099999,2023-07-07T12:00:00,24,30.0,30.57,29.69,0.5700000000000003,-0.3099999999999987,0.5700000000000003,0.3099999999999987,0.26000000000000156,USEFUL
43014099999,2023-07-07T12:00:00,24,26.4,26.77,26.95,0.370000000000001,0.5500000000000007,0.370000000000001,0.5500000000000007,-0.17999999999999972,NEUTRAL
43063099999,2023-07-08T00:00:00,36,23.6,22.03,22.32,-1.5700000000000003,-1.2800000000000011,1.5700000000000003,1.2800000000000011,0.28999999999999915,USEFUL
43003099999,2023-07-08T00:00:00,36,28.0,27.93,27.5,-0.07000000000000028,-0.5,0.07000000000000028,0.5,-0.4299999999999997,HARMFUL
42867099999,2023-07-08T00:00:00,36,25.0,25.83,25.73,0.8299999999999983,0.7300000000000004,0.8299999999999983,0.7300000000000004,0.09999999999999787,NEUTRAL
43014099999,2023-07-08T00:00:00,36,23.8,23.83,23.49,0.029999999999997584,-0.3100000000000023,0.029999999999997584,0.3100000000000023,-0.2800000000000047,HARMFUL
43063099999,2023-07-08T12:00:00,48,25.2,23.39,24.12,-1.8099999999999987,-1.0799999999999983,1.8099999999999987,1.0799999999999983,0.7300000000000004,USEFUL
43003099999,2023-07-08T12:00:00,48,30.0,27.99,28.09,-2.0100000000000016,-1.9100000000000001,2.0100000000000016,1.9100000000000001,0.10000000000000142,NEUTRAL
42867099999,2023-07-08T12:00:00,48,28.0,29.39,29.27,1.3900000000000006,1.2699999999999996,1.3900000000000006,1.2699999999999996,0.120000000000001,NEUTRAL
43014099999,2023-07-08T12:00:00,48,28.8,29.39,29.03,0.5899999999999999,0.23000000000000043,0.5899999999999999,0.23000000000000043,0.35999999999999943,USEFUL
43063099999,2023-07-07T12:00:00,12,25.6,22.41,22.72,-3.1900000000000013,-2.8800000000000026,3.1900000000000013,2.8800000000000026,0.3099999999999987,USEFUL
43003099999,2023-07-07T12:00:00,12,26.0,27.51,27.27,1.5100000000000016,1.2699999999999996,1.5100000000000016,1.2699999999999996,0.240000000000002,USEFUL
42867099999,2023-07-07T12:00:00,12,30.0,26.61,27.27,-3.3900000000000006,-2.7300000000000004,3.3900000000000006,2.7300000000000004,0.6600000000000001,USEFUL
43014099999,2023-07-07T12:00:00,12,26.4,26.31,26.18,-0.08999999999999986,-0.21999999999999886,0.08999999999999986,0.21999999999999886,-0.129999999999999,NEUTRAL
43063099999,2023-07-08T00:00:00,24,23.6,22.35,22.56,-1.25,-1.0400000000000027,1.25,1.0400000000000027,0.2099999999999973,USEFUL
43003099999,2023-07-08T00:00:00,24,28.0,27.75,27.32,-0.25,-0.6799999999999997,0.25,0.6799999999999997,-0.4299999999999997,HARMFUL
42867099999,2023-07-08T00:00:00,24,25.0,25.75,25.78,0.75,0.7800000000000011,0.75,0.7800000000000011,-0.030000000000001137,NEUTRAL
43014099999,2023-07-08T00:00:00,24,23.8,23.55,23.23,-0.25,-0.5700000000000003,0.25,0.5700000000000003,-0.3200000000000003,HARMFUL
43063099999,2023-07-08T12:00:00,36,25.2,23.25,23.73,-1.9499999999999993,-1.4699999999999989,1.9499999999999993,1.4699999999999989,0.4800000000000004,USEFUL
43003099999,2023-07-08T12:00:00,36,30.0,28.05,28.05,-1.9499999999999993,-1.9499999999999993,1.9499999999999993,1.9499999999999993,0.0,NEUTRAL
42867099999,2023-07-08T12:00:00,36,28.0,29.55,29.6,1.5500000000000007,1.6000000000000014,1.5500000000000007,1.6000000000000014,-0.05000000000000071,NEUTRAL
43014099999,2023-07-08T12:00:00,36,28.8,28.25,27.8,-0.5500000000000007,-1.0,0.5500000000000007,1.0,-0.4499999999999993,HARMFUL
43063099999,2023-07-09T00:00:00,48,23.0,21.81,22.27,-1.1900000000000013,-0.7300000000000004,1.1900000000000013,0.7300000000000004,0.46000000000000085,USEFUL
43003099999,2023-07-09T00:00:00,48,28.0,27.91,27.47,-0.08999999999999986,-0.5300000000000011,0.08999999999999986,0.5300000000000011,-0.4400000000000013,HARMFUL
42867099999,2023-07-09T00:00:00,48,24.0,25.31,25.47,1.3099999999999987,1.4699999999999989,1.3099999999999987,1.4699999999999989,-0.16000000000000014,NEUTRAL
43014099999,2023-07-09T00:00:00,48,23.6,23.21,23.11,-0.39000000000000057,-0.490000000000002,0.39000000000000057,0.490000000000002,-0.10000000000000142,NEUTRAL
43063099999,2023-07-08T00:00:00,12,23.6,22.39,22.62,-1.2100000000000009,-0.9800000000000004,1.2100000000000009,0.9800000000000004,0.23000000000000043,USEFUL
43003099999,2023-07-08T00:00:00,12,28.0,27.89,27.49,-0.10999999999999943,-0.5100000000000016,0.10999999999999943,0.5100000000000016,-0.40000000000000213,HARMFUL
42867099999,2023-07-08T00:00:00,12,25.0,25.59,25.61,0.5899999999999999,0.6099999999999994,0.5899999999999999,0.6099999999999994,-0.019999999999999574,NEUTRAL
43014099999,2023-07-08T00:00:00,12,23.8,23.79,23.65,-0.010000000000001563,-0.15000000000000213,0.010000000000001563,0.15000000000000213,-0.14000000000000057,NEUTRAL
43063099999,2023-07-08T12:00:00,24,25.2,23.85,24.32,-1.3499999999999979,-0.879999999999999,1.3499999999999979,0.879999999999999,0.46999999999999886,USEFUL
43003099999,2023-07-08T12:00:00,24,30.0,28.25,28.23,-1.75,-1.7699999999999996,1.75,1.7699999999999996,-0.019999999999999574,NEUTRAL
42867099999,2023-07-08T12:00:00,24,28.0,24.65,24.99,-3.3500000000000014,-3.0100000000000016,3.3500000000000014,3.0100000000000016,0.33999999999999986,USEFUL
43014099999,2023-07-08T12:00:00,24,28.8,28.25,27.12,-0.5500000000000007,-1.6799999999999997,0.5500000000000007,1.6799999999999997,-1.129999999999999,HARMFUL
43063099999,2023-07-09T00:00:00,36,23.0,21.89,22.27,-1.1099999999999994,-0.7300000000000004,1.1099999999999994,0.7300000000000004,0.379999999999999,USEFUL
43003099999,2023-07-09T00:00:00,36,28.0,27.89,27.48,-0.10999999999999943,-0.5199999999999996,0.10999999999999943,0.5199999999999996,-0.41000000000000014,HARMFUL
42867099999,2023-07-09T00:00:00,36,24.0,24.19,24.29,0.19000000000000128,0.28999999999999915,0.19000000000000128,0.28999999999999915,-0.09999999999999787,NEUTRAL
43014099999,2023-07-09T00:00:00,36,23.6,23.39,23.0,-0.21000000000000085,-0.6000000000000014,0.21000000000000085,0.6000000000000014,-0.39000000000000057,HARMFUL
43063099999,2023-07-09T12:00:00,48,26.6,23.58,24.16,-3.020000000000003,-2.4400000000000013,3.020000000000003,2.4400000000000013,0.5800000000000018,USEFUL
43003099999,2023-07-09T12:00:00,48,30.0,28.08,28.2,-1.9200000000000017,-1.8000000000000007,1.9200000000000017,1.8000000000000007,0.120000000000001,NEUTRAL
42867099999,2023-07-09T12:00:00,48,30.0,25.18,24.94,-4.82,-5.059999999999999,4.82,5.059999999999999,-0.23999999999999844,HARMFUL
43014099999,2023-07-09T12:00:00,48,29.6,28.68,28.42,-0.9200000000000017,-1.1799999999999997,0.9200000000000017,1.1799999999999997,-0.259999999999998,HARMFUL
43063099999,2023-10-01T12:00:00,12,25.4,22.85,23.56,-2.549999999999997,-1.8399999999999999,2.549999999999997,1.8399999999999999,0.7099999999999973,USEFUL
43003099999,2023-10-01T12:00:00,12,30.0,28.85,28.46,-1.1499999999999986,-1.5399999999999991,1.1499999999999986,1.5399999999999991,-0.39000000000000057,HARMFUL
42867099999,2023-10-01T12:00:00,12,31.0,28.35,28.6,-2.6499999999999986,-2.3999999999999986,2.6499999999999986,2.3999999999999986,0.25,USEFUL
43014099999,2023-10-01T12:00:00,12,30.2,28.35,28.07,-1.8499999999999979,-2.129999999999999,1.8499999999999979,2.129999999999999,-0.28000000000000114,HARMFUL
43063099999,2023-10-02T00:00:00,24,21.8,20.55,20.79,-1.25,-1.0100000000000016,1.25,1.0100000000000016,0.23999999999999844,USEFUL
43003099999,2023-10-02T00:00:00,24,25.0,27.95,27.31,2.9499999999999993,2.3099999999999987,2.9499999999999993,2.3099999999999987,0.6400000000000006,USEFUL
42867099999,2023-10-02T00:00:00,24,26.0,23.45,23.35,-2.5500000000000007,-2.6499999999999986,2.5500000000000007,2.6499999999999986,-0.09999999999999787,NEUTRAL
43014099999,2023-10-02T00:00:00,24,23.4,24.25,23.81,0.8500000000000014,0.41000000000000014,0.8500000000000014,0.41000000000000014,0.4400000000000013,USEFUL
43063099999,2023-10-02T12:00:00,36,26.2,22.95,23.27,-3.25,-2.9299999999999997,3.25,2.9299999999999997,0.3200000000000003,USEFUL
43003099999,2023-10-02T12:00:00,36,29.0,28.55,28.46,-0.4499999999999993,-0.5399999999999991,0.4499999999999993,0.5399999999999991,-0.08999999999999986,NEUTRAL
42867099999,2023-10-02T12:00:00,36,32.0,27.85,27.78,-4.149999999999999,-4.219999999999999,4.149999999999999,4.219999999999999,-0.07000000000000028,NEUTRAL
43014099999,2023-10-02T12:00:00,36,29.4,27.65,27.62,-1.75,-1.7799999999999976,1.75,1.7799999999999976,-0.029999999999997584,NEUTRAL
43063099999,2023-10-03T00:00:00,48,22.2,19.76,19.95,-2.4399999999999977,-2.25,2.4399999999999977,2.25,0.18999999999999773,NEUTRAL
43003099999,2023-10-03T00:00:00,48,27.0,27.46,26.71,0.46000000000000085,-0.28999999999999915,0.46000000000000085,0.28999999999999915,0.1700000000000017,NEUTRAL
42867099999,2023-10-03T00:00:00,48,27.0,21.96,21.65,-5.039999999999999,-5.350000000000001,5.039999999999999,5.350000000000001,-0.3100000000000023,HARMFUL
43014099999,2023-10-03T00:00:00,48,22.8,21.66,21.42,-1.1400000000000006,-1.379999999999999,1.1400000000000006,1.379999999999999,-0.23999999999999844,HARMFUL
43063099999,2023-10-02T00:00:00,12,21.8,19.9,20.27,-1.9000000000000021,-1.5300000000000011,1.9000000000000021,1.5300000000000011,0.370000000000001,USEFUL
43003099999,2023-10-02T00:00:00,12,25.0,27.1,26.34,2.1000000000000014,1.3399999999999999,2.1000000000000014,1.3399999999999999,0.7600000000000016,USEFUL
42867099999,2023-10-02T00:00:00,12,26.0,23.7,23.56,-2.3000000000000007,-2.4400000000000013,2.3000000000000007,2.4400000000000013,-0.14000000000000057,NEUTRAL
43014099999,2023-10-02T00:00:00,12,23.4,23.7,23.4,0.3000000000000007,0.0,0.3000000000000007,0.0,0.3000000000000007,USEFUL
43063099999,2023-10-02T12:00:00,24,26.2,21.05,21.29,-5.149999999999999,-4.91,5.149999999999999,4.91,0.23999999999999844,USEFUL
43003099999,2023-10-02T12:00:00,24,29.0,28.05,27.21,-0.9499999999999993,-1.7899999999999991,0.9499999999999993,1.7899999999999991,-0.8399999999999999,HARMFUL
42867099999,2023-10-02T12:00:00,24,32.0,27.15,27.15,-4.850000000000001,-4.850000000000001,4.850000000000001,4.850000000000001,0.0,NEUTRAL
43014099999,2023-10-02T12:00:00,24,29.4,27.75,27.49,-1.6499999999999986,-1.9100000000000001,1.6499999999999986,1.9100000000000001,-0.26000000000000156,HARMFUL
43063099999,2023-10-03T00:00:00,36,22.2,19.64,19.87,-2.5599999999999987,-2.3299999999999983,2.5599999999999987,2.3299999999999983,0.23000000000000043,USEFUL
43003099999,2023-10-03T00:00:00,36,27.0,27.24,26.31,0.23999999999999844,-0.6900000000000013,0.23999999999999844,0.6900000000000013,-0.45000000000000284,HARMFUL
42867099999,2023-10-03T00:00:00,36,27.0,22.34,22.19,-4.66,-4.809999999999999,4.66,4.809999999999999,-0.14999999999999858,NEUTRAL
43014099999,2023-10-03T00:00:00,36,22.8,21.54,21.33,-1.2600000000000016,-1.4700000000000024,1.2600000000000016,1.4700000000000024,-0.21000000000000085,HARMFUL
43063099999,2023-10-03T12:00:00,48,29.0,24.91,25.5,-4.09,-3.5,4.09,3.5,0.5899999999999999,USEFUL
43003099999,2023-10-03T12:00:00,48,29.0,28.01,27.86,-0.9899999999999984,-1.1400000000000006,0.9899999999999984,1.1400000000000006,-0.15000000000000213,NEUTRAL
42867099999,2023-10-03T12:00:00,48,32.0,26.11,26.2,-5.890000000000001,-5.800000000000001,5.890000000000001,5.800000000000001,0.08999999999999986,NEUTRAL
43014099999,2023-10-03T12:00:00,48,29.8,27.01,26.8,-2.789999999999999,-3.0,2.789999999999999,3.0,-0.21000000000000085,HARMFUL
43063099999,2023-10-02T12:00:00,12,26.2,22.99,23.43,-3.210000000000001,-2.7699999999999996,3.210000000000001,2.7699999999999996,0.4400000000000013,USEFUL
43003099999,2023-10-02T12:00:00,12,29.0,28.29,28.26,-0.7100000000000009,-0.7399999999999984,0.7100000000000009,0.7399999999999984,-0.029999999999997584,NEUTRAL
42867099999,2023-10-02T12:00:00,12,32.0,27.29,27.56,-4.710000000000001,-4.440000000000001,4.710000000000001,4.440000000000001,0.2699999999999996,USEFUL
43014099999,2023-10-02T12:00:00,12,29.4,28.19,27.99,-1.2099999999999973,-1.4100000000000001,1.2099999999999973,1.4100000000000001,-0.20000000000000284,HARMFUL
43063099999,2023-10-03T00:00:00,24,22.2,20.09,20.22,-2.1099999999999994,-1.9800000000000004,2.1099999999999994,1.9800000000000004,0.129999999999999,NEUTRAL
43003099999,2023-10-03T00:00:00,24,27.0,26.99,26.23,-0.010000000000001563,-0.7699999999999996,0.010000000000001563,0.7699999999999996,-0.759999999999998,HARMFUL
42867099999,2023-10-03T00:00:00,24,27.0,22.59,22.61,-4.41,-4.390000000000001,4.41,4.390000000000001,0.019999999999999574,NEUTRAL
43014099999,2023-10-03T00:00:00,24,22.8,21.89,21.67,-0.9100000000000001,-1.129999999999999,0.9100000000000001,1.129999999999999,-0.21999999999999886,HARMFUL
43063099999,2023-10-03T12:00:00,36,29.0,24.8,25.31,-4.199999999999999,-3.6900000000000013,4.199999999999999,3.6900000000000013,0.509999999999998,USEFUL
43003099999,2023-10-03T12:00:00,36,29.0,27.7,27.54,-1.3000000000000007,-1.4600000000000009,1.3000000000000007,1.4600000000000009,-0.16000000000000014,NEUTRAL
42867099999,2023-10-03T12:00:00,36,32.0,24.8,24.8,-7.199999999999999,-7.199999999999999,7.199999999999999,7.199999999999999,0.0,NEUTRAL
43014099999,2023-10-03T12:00:00,36,29.8,27.8,27.36,-2.0,-2.4400000000000013,2.0,2.4400000000000013,-0.4400000000000013,HARMFUL
43063099999,2023-10-04T00:00:00,48,22.4,18.85,19.18,-3.549999999999997,-3.219999999999999,3.549999999999997,3.219999999999999,0.3299999999999983,USEFUL
43003099999,2023-10-04T00:00:00,48,28.0,26.55,25.17,-1.4499999999999993,-2.8299999999999983,1.4499999999999993,2.8299999999999983,-1.379999999999999,HARMFUL
42867099999,2023-10-04T00:00:00,48,22.0,21.25,20.95,-0.75,-1.0500000000000007,0.75,1.0500000000000007,-0.3000000000000007,HARMFUL
43014099999,2023-10-04T00:00:00,48,21.8,21.65,21.2,-0.15000000000000213,-0.6000000000000014,0.15000000000000213,0.6000000000000014,-0.4499999999999993,HARMFUL
43063099999,2023-10-03T00:00:00,12,22.2,20.03,20.33,-2.169999999999998,-1.870000000000001,2.169999999999998,1.870000000000001,0.29999999999999716,USEFUL
43003099999,2023-10-03T00:00:00,12,27.0,27.03,26.24,0.030000000000001137,-0.7600000000000016,0.030000000000001137,0.7600000000000016,-0.7300000000000004,HARMFUL
42867099999,2023-10-03T00:00:00,12,27.0,23.23,23.22,-3.7699999999999996,-3.780000000000001,3.7699999999999996,3.780000000000001,-0.010000000000001563,NEUTRAL
43014099999,2023-10-03T00:00:00,12,22.8,22.53,22.31,-0.2699999999999996,-0.490000000000002,0.2699999999999996,0.490000000000002,-0.22000000000000242,HARMFUL
43063099999,2023-10-03T12:00:00,24,29.0,25.3,25.81,-3.6999999999999993,-3.1900000000000013,3.6999999999999993,3.1900000000000013,0.509999999999998,USEFUL
43003099999,2023-10-03T12:00:00,24,29.0,27.9,27.64,-1.1000000000000014,-1.3599999999999994,1.1000000000000014,1.3599999999999994,-0.259999999999998,HARMFUL
42867099999,2023-10-03T12:00:00,24,32.0,26.8,26.89,-5.199999999999999,-5.109999999999999,5.199999999999999,5.109999999999999,0.08999999999999986,NEUTRAL
43014099999,2023-10-03T12:00:00,24,29.8,27.9,27.63,-1.9000000000000021,-2.1700000000000017,1.9000000000000021,2.1700000000000017,-0.2699999999999996,HARMFUL
43063099999,2023-10-04T00:00:00,36,22.4,19.91,20.16,-2.4899999999999984,-2.2399999999999984,2.4899999999999984,2.2399999999999984,0.25,USEFUL
43003099999,2023-10-04T00:00:00,36,28.0,27.01,25.79,-0.9899999999999984,-2.210000000000001,0.9899999999999984,2.210000000000001,-1.2200000000000024,HARMFUL
42867099999,2023-10-04T00:00:00,36,22.0,21.11,20.98,-0.8900000000000006,-1.0199999999999996,0.8900000000000006,1.0199999999999996,-0.129999999999999,NEUTRAL
43014099999,2023-10-04T00:00:00,36,21.8,21.71,21.39,-0.08999999999999986,-0.41000000000000014,0.08999999999999986,0.41000000000000014,-0.3200000000000003,HARMFUL
43063099999,2023-10-04T12:00:00,48,29.6,24.14,25.0,-5.460000000000001,-4.600000000000001,5.460000000000001,4.600000000000001,0.8599999999999994,USEFUL
43003099999,2023-10-04T12:00:00,48,30.0,27.74,27.75,-2.2600000000000016,-2.25,2.2600000000000016,2.25,0.010000000000001563,NEUTRAL
42867099999,2023-10-04T12:00:00,48,31.0,26.04,26.06,-4.960000000000001,-4.940000000000001,4.960000000000001,4.940000000000001,0.019999999999999574,NEUTRAL
43014099999,2023-10-04T12:00:00,48,30.2,27.94,27.76,-2.259999999999998,-2.4399999999999977,2.259999999999998,2.4399999999999977,-0.17999999999999972,NEUTRAL
43063099999,2023-10-03T12:00:00,12,29.0,25.55,26.55,-3.4499999999999993,-2.4499999999999993,3.4499999999999993,2.4499999999999993,1.0,USEFUL
43003099999,2023-10-03T12:00:00,12,29.0,27.45,27.54,-1.5500000000000007,-1.4600000000000009,1.5500000000000007,1.4600000000000009,0.08999999999999986,NEUTRAL
42867099999,2023-10-03T12:00:00,12,32.0,26.95,26.99,-5.050000000000001,-5.010000000000002,5.050000000000001,5.010000000000002,0.03999999999999915,NEUTRAL
43014099999,2023-10-03T12:00:00,12,29.8,28.05,27.75,-1.75,-2.0500000000000007,1.75,2.0500000000000007,-0.3000000000000007,HARMFUL
43063099999,2023-10-04T00:00:00,24,22.4,21.73,21.81,-0.6699999999999982,-0.5899999999999999,0.6699999999999982,0.5899999999999999,0.0799999999999983,NEUTRAL
43003099999,2023-10-04T00:00:00,24,28.0,26.73,25.97,-1.2699999999999996,-2.030000000000001,1.2699999999999996,2.030000000000001,-0.7600000000000016,HARMFUL
42867099999,2023-10-04T00:00:00,24,22.0,21.43,21.24,-0.5700000000000003,-0.7600000000000016,0.5700000000000003,0.7600000000000016,-0.19000000000000128,NEUTRAL
43014099999,2023-10-04T00:00:00,24,21.8,21.63,21.37,-0.1700000000000017,-0.4299999999999997,0.1700000000000017,0.4299999999999997,-0.259999999999998,HARMFUL
43063099999,2023-10-04T12:00:00,36,29.6,24.26,25.19,-5.34,-4.41,5.34,4.41,0.9299999999999997,USEFUL
43003099999,2023-10-04T12:00:00,36,30.0,27.76,27.76,-2.2399999999999984,-2.2399999999999984,2.2399999999999984,2.2399999999999984,0.0,NEUTRAL
42867099999,2023-10-04T12:00:00,36,31.0,26.66,26.39,-4.34,-4.609999999999999,4.34,4.609999999999999,-0.2699999999999996,HARMFUL
43014099999,2023-10-04T12:00:00,36,30.2,27.86,27.69,-2.34,-2.509999999999998,2.34,2.509999999999998,-0.16999999999999815,NEUTRAL
43063099999,2023-10-05T00:00:00,48,20.6,19.75,20.04,-0.8500000000000014,-0.5600000000000023,0.8500000000000014,0.5600000000000023,0.28999999999999915,USEFUL
43003099999,2023-10-05T00:00:00,48,27.0,26.65,25.55,-0.3500000000000014,-1.4499999999999993,0.3500000000000014,1.4499999999999993,-1.0999999999999979,HARMFUL
42867099999,2023-10-05T00:00:00,48,22.0,20.75,20.52,-1.25,-1.4800000000000004,1.25,1.4800000000000004,-0.23000000000000043,HARMFUL
43014099999,2023-10-05T00:00:00,48,21.4,21.25,20.94,-0.14999999999999858,-0.4599999999999973,0.14999999999999858,0.4599999999999973,-0.3099999999999987,HARMFUL
43063099999,2023-10-04T00:00:00,12,22.4,21.21,21.98,-1.1899999999999977,-0.41999999999999815,1.1899999999999977,0.41999999999999815,0.7699999999999996,USEFUL
43003099999,2023-10-04T00:00:00,12,28.0,26.91,26.11,-1.0899999999999999,-1.8900000000000006,1.0899999999999999,1.8900000000000006,-0.8000000000000007,HARMFUL
42867099999,2023-10-04T00:00:00,12,22.0,21.51,21.41,-0.48999999999999844,-0.5899999999999999,0.48999999999999844,0.5899999999999999,-0.10000000000000142,NEUTRAL
43014099999,2023-10-04T00:00:00,12,21.8,22.31,21.93,0.509999999999998,0.129999999999999,0.509999999999998,0.129999999999999,0.379999999999999,USEFUL
43063099999,2023-10-04T12:00:00,24,29.6,24.76,25.77,-4.84,-3.830000000000002,4.84,3.830000000000002,1.009999999999998,USEFUL
43003099999,2023-10-04T12:00:00,24,30.0,27.76,27.99,-2.2399999999999984,-2.0100000000000016,2.2399999999999984,2.0100000000000016,0.22999999999999687,USEFUL
42867099999,2023-10-04T12:00:00,24,31.0,26.76,26.55,-4.239999999999998,-4.449999999999999,4.239999999999998,4.449999999999999,-0.21000000000000085,HARMFUL
43014099999,2023-10-04T12:00:00,24,30.2,27.96,27.61,-2.2399999999999984,-2.59,2.2399999999999984,2.59,-0.3500000000000014,HARMFUL
43063099999,2023-10-05T00:00:00,36,20.6,19.65,20.07,-0.9500000000000028,-0.5300000000000011,0.9500000000000028,0.5300000000000011,0.4200000000000017,USEFUL
43003099999,2023-10-05T00:00:00,36,27.0,26.65,25.64,-0.3500000000000014,-1.3599999999999994,0.3500000000000014,1.3599999999999994,-1.009999999999998,HARMFUL
42867099999,2023-10-05T00:00:00,36,22.0,21.05,20.79,-0.9499999999999993,-1.2100000000000009,0.9499999999999993,1.2100000000000009,-0.26000000000000156,HARMFUL
43014099999,2023-10-05T00:00:00,36,21.4,21.55,21.29,0.15000000000000213,-0.10999999999999943,0.15000000000000213,0.10999999999999943,0.0400000000000027,NEUTRAL
43063099999,2023-10-05T12:00:00,48,29.7,24.55,25.18,-5.149999999999999,-4.52,5.149999999999999,4.52,0.629999999999999,USEFUL
43003099999,2023-10-05T12:00:00,48,30.0,27.55,27.59,-2.4499999999999993,-2.41,2.4499999999999993,2.41,0.03999999999999915,NEUTRAL
42867099999,2023-10-05T12:00:00,48,32.0,26.05,25.88,-5.949999999999999,-6.120000000000001,5.949999999999999,6.120000000000001,-0.1700000000000017,NEUTRAL
43014099999,2023-10-05T12:00:00,48,30.4,28.25,27.79,-2.1499999999999986,-2.6099999999999994,2.1499999999999986,2.6099999999999994,-0.46000000000000085,HARMFUL
43063099999,2023-10-04T12:00:00,12,29.6,25.5,26.4,-4.100000000000001,-3.200000000000003,4.100000000000001,3.200000000000003,0.8999999999999986,USEFUL
43003099999,2023-10-04T12:00:00,12,30.0,27.8,28.06,-2.1999999999999993,-1.9400000000000013,2.1999999999999993,1.9400000000000013,0.259999999999998,USEFUL
42867099999,2023-10-04T12:00:00,12,31.0,27.0,26.73,-4.0,-4.27,4.0,4.27,-0.2699999999999996,HARMFUL
43014099999,2023-10-04T12:00:00,12,30.2,28.0,27.63,-2.1999999999999993,-2.5700000000000003,2.1999999999999993,2.5700000000000003,-0.370000000000001,HARMFUL
43063099999,2023-10-05T00:00:00,24,20.6,20.45,20.82,-0.15000000000000213,0.21999999999999886,0.15000000000000213,0.21999999999999886,-0.06999999999999673,NEUTRAL
43003099999,2023-10-05T00:00:00,24,27.0,26.85,25.56,-0.14999999999999858,-1.4400000000000013,0.14999999999999858,1.4400000000000013,-1.2900000000000027,HARMFUL
42867099999,2023-10-05T00:00:00,24,22.0,20.85,20.54,-1.1499999999999986,-1.4600000000000009,1.1499999999999986,1.4600000000000009,-0.3100000000000023,HARMFUL
43014099999,2023-10-05T00:00:00,24,21.4,21.55,21.3,0.15000000000000213,-0.09999999999999787,0.15000000000000213,0.09999999999999787,0.05000000000000426,NEUTRAL
43063099999,2023-10-05T12:00:00,36,29.7,24.76,25.3,-4.939999999999998,-4.399999999999999,4.939999999999998,4.399999999999999,0.5399999999999991,USEFUL
43003099999,2023-10-05T12:00:00,36,30.0,27.76,27.83,-2.2399999999999984,-2.1700000000000017,2.2399999999999984,2.1700000000000017,0.06999999999999673,NEUTRAL
42867099999,2023-10-05T12:00:00,36,32.0,26.66,26.27,-5.34,-5.73,5.34,5.73,-0.39000000000000057,HARMFUL
43014099999,2023-10-05T12:00:00,36,30.4,28.16,27.77,-2.2399999999999984,-2.629999999999999,2.2399999999999984,2.629999999999999,-0.39000000000000057,HARMFUL
43063099999,2023-10-06T00:00:00,48,19.4,18.46,18.94,-0.9399999999999977,-0.4599999999999973,0.9399999999999977,0.4599999999999973,0.4800000000000004,USEFUL
43003099999,2023-10-06T00:00:00,48,27.0,26.36,25.27,-0.6400000000000006,-1.7300000000000004,0.6400000000000006,1.7300000000000004,-1.0899999999999999,HARMFUL
42867099999,2023-10-06T00:00:00,48,22.0,20.36,20.25,-1.6400000000000006,-1.75,1.6400000000000006,1.75,-0.10999999999999943,NEUTRAL
43014099999,2023-10-06T00:00:00,48,20.6,21.06,20.76,0.4599999999999973,0.16000000000000014,0.4599999999999973,0.16000000000000014,0.29999999999999716,USEFUL
43063099999,2023-10-05T00:00:00,12,20.6,20.75,21.06,0.14999999999999858,0.4599999999999973,0.14999999999999858,0.4599999999999973,-0.3099999999999987,HARMFUL
43003099999,2023-10-05T00:00:00,12,27.0,26.65,25.52,-0.3500000000000014,-1.4800000000000004,0.3500000000000014,1.4800000000000004,-1.129999999999999,HARMFUL
42867099999,2023-10-05T00:00:00,12,22.0,21.95,21.63,-0.05000000000000071,-0.370000000000001,0.05000000000000071,0.370000000000001,-0.3200000000000003,HARMFUL
43014099999,2023-10-05T00:00:00,12,21.4,22.15,21.74,0.75,0.33999999999999986,0.75,0.33999999999999986,0.41000000000000014,USEFUL
43063099999,2023-10-05T12:00:00,24,29.7,24.94,25.46,-4.759999999999998,-4.239999999999998,4.759999999999998,4.239999999999998,0.5199999999999996,USEFUL
43003099999,2023-10-05T12:00:00,24,30.0,27.64,27.93,-2.3599999999999994,-2.0700000000000003,2.3599999999999994,2.0700000000000003,0.28999999999999915,USEFUL
42867099999,2023-10-05T12:00:00,24,32.0,26.84,26.49,-5.16,-5.510000000000002,5.16,5.510000000000002,-0.3500000000000014,HARMFUL
43014099999,2023-10-05T12:00:00,24,30.4,28.14,27.83,-2.259999999999998,-2.5700000000000003,2.259999999999998,2.5700000000000003,-0.3100000000000023,HARMFUL
43063099999,2023-10-06T00:00:00,36,19.4,18.93,19.36,-0.46999999999999886,-0.03999999999999915,0.46999999999999886,0.03999999999999915,0.4299999999999997,USEFUL
43003099999,2023-10-06T00:00:00,36,27.0,26.33,25.27,-0.6700000000000017,-1.7300000000000004,0.6700000000000017,1.7300000000000004,-1.0599999999999987,HARMFUL
42867099999,2023-10-06T00:00:00,36,22.0,20.83,20.54,-1.1700000000000017,-1.4600000000000009,1.1700000000000017,1.4600000000000009,-0.28999999999999915,HARMFUL
43014099999,2023-10-06T00:00:00,36,20.6,21.33,21.02,0.7299999999999969,0.41999999999999815,0.7299999999999969,0.41999999999999815,0.3099999999999987,USEFUL
43063099999,2023-10-06T12:00:00,48,30.6,24.76,25.34,-5.84,-5.260000000000002,5.84,5.260000000000002,0.5799999999999983,USEFUL
43003099999,2023-10-06T12:00:00,48,30.0,27.36,27.34,-2.6400000000000006,-2.66,2.6400000000000006,2.66,-0.019999999999999574,NEUTRAL
42867099999,2023-10-06T12:00:00,48,32.0,27.86,27.72,-4.140000000000001,-4.280000000000001,4.140000000000001,4.280000000000001,-0.14000000000000057,NEUTRAL
43014099999,2023-10-06T12:00:00,48,30.4,29.36,28.38,-1.0399999999999991,-2.0199999999999996,1.0399999999999991,2.0199999999999996,-0.9800000000000004,HARMFUL
43063099999,2023-10-05T12:00:00,12,29.7,25.25,25.86,-4.449999999999999,-3.84,4.449999999999999,3.84,0.6099999999999994,USEFUL
43003099999,2023-10-05T12:00:00,12,30.0,27.95,28.21,-2.0500000000000007,-1.7899999999999991,2.0500000000000007,1.7899999999999991,0.26000000000000156,USEFUL
42867099999,2023-10-05T12:00:00,12,32.0,25.95,25.71,-6.050000000000001,-6.289999999999999,6.050000000000001,6.289999999999999,-0.23999999999999844,HARMFUL
43014099999,2023-10-05T12:00:00,12,30.4,28.25,27.99,-2.1499999999999986,-2.41,2.1499999999999986,2.41,-0.26000000000000156,HARMFUL
43063099999,2023-10-06T00:00:00,24,19.4,19.08,19.68,-0.3200000000000003,0.28000000000000114,0.3200000000000003,0.28000000000000114,0.03999999999999915,NEUTRAL
43003099999,2023-10-06T00:00:00,24,27.0,26.78,26.15,-0.21999999999999886,-0.8500000000000014,0.21999999999999886,0.8500000000000014,-0.6300000000000026,HARMFUL
42867099999,2023-10-06T00:00:00,24,22.0,20.38,20.14,-1.620000000000001,-1.8599999999999994,1.620000000000001,1.8599999999999994,-0.23999999999999844,HARMFUL
43014099999,2023-10-06T00:00:00,24,20.6,21.68,21.39,1.0799999999999983,0.7899999999999991,1.0799999999999983,0.7899999999999991,0.28999999999999915,USEFUL
43063099999,2023-10-06T12:00:00,36,30.6,24.76,25.41,-5.84,-5.190000000000001,5.84,5.190000000000001,0.6499999999999986,USEFUL
43003099999,2023-10-06T12:00:00,36,30.0,27.66,27.7,-2.34,-2.3000000000000007,2.34,2.3000000000000007,0.03999999999999915,NEUTRAL
42867099999,2023-10-06T12:00:00,36,32.0,27.36,27.35,-4.640000000000001,-4.649999999999999,4.640000000000001,4.649999999999999,-0.00999999999999801,NEUTRAL
43014099999,2023-10-06T12:00:00,36,30.4,28.76,28.07,-1.639999999999997,-2.3299999999999983,1.639999999999997,2.3299999999999983,-0.6900000000000013,HARMFUL
43063099999,2023-10-07T00:00:00,48,21.2,19.15,19.66,-2.0500000000000007,-1.5399999999999991,2.0500000000000007,1.5399999999999991,0.5100000000000016,USEFUL
43003099999,2023-10-07T00:00:00,48,28.0,26.55,25.44,-1.4499999999999993,-2.5599999999999987,1.4499999999999993,2.5599999999999987,-1.1099999999999994,HARMFUL
42867099999,2023-10-07T00:00:00,48,23.0,21.15,21.01,-1.8500000000000014,-1.9899999999999984,1.8500000000000014,1.9899999999999984,-0.13999999999999702,NEUTRAL
43014099999,2023-10-07T00:00:00,48,21.6,21.55,21.15,-0.05000000000000071,-0.45000000000000284,0.05000000000000071,0.45000000000000284,-0.40000000000000213,HARMFUL
43063099999,2023-10-06T00:00:00,12,19.4,19.57,20.02,0.1700000000000017,0.620000000000001,0.1700000000000017,0.620000000000001,-0.4499999999999993,HARMFUL
43003099999,2023-10-06T00:00:00,12,27.0,26.87,25.89,-0.129999999999999,-1.1099999999999994,0.129999999999999,1.1099999999999994,-0.9800000000000004,HARMFUL
42867099999,2023-10-06T00:00:00,12,22.0,20.57,20.48,-1.4299999999999997,-1.5199999999999996,1.4299999999999997,1.5199999999999996,-0.08999999999999986,NEUTRAL
43014099999,2023-10-06T00:00:00,12,20.6,21.97,21.65,1.3699999999999974,1.0499999999999972,1.3699999999999974,1.0499999999999972,0.3200000000000003,USEFUL
43063099999,2023-10-06T12:00:00,24,30.6,25.63,26.57,-4.970000000000002,-4.030000000000001,4.970000000000002,4.030000000000001,0.9400000000000013,USEFUL
43003099999,2023-10-06T12:00:00,24,30.0,27.93,28.02,-2.0700000000000003,-1.9800000000000004,2.0700000000000003,1.9800000000000004,0.08999999999999986,NEUTRAL
42867099999,2023-10-06T12:00:00,24,32.0,28.03,27.81,-3.969999999999999,-4.190000000000001,3.969999999999999,4.190000000000001,-0.22000000000000242,HARMFUL
43014099999,2023-10-06T12:00:00,24,30.4,28.33,27.58,-2.0700000000000003,-2.8200000000000003,2.0700000000000003,2.8200000000000003,-0.75,HARMFUL
43063099999,2023-10-07T00:00:00,36,21.2,20.01,20.47,-1.1899999999999977,-0.7300000000000004,1.1899999999999977,0.7300000000000004,0.4599999999999973,USEFUL
43003099999,2023-10-07T00:00:00,36,28.0,26.81,25.78,-1.1900000000000013,-2.219999999999999,1.1900000000000013,2.219999999999999,-1.0299999999999976,HARMFUL
42867099999,2023-10-07T00:00:00,36,23.0,21.41,21.3,-1.5899999999999999,-1.6999999999999993,1.5899999999999999,1.6999999999999993,-0.10999999999999943,NEUTRAL
43014099999,2023-10-07T00:00:00,36,21.6,21.21,20.94,-0.39000000000000057,-0.6600000000000001,0.39000000000000057,0.6600000000000001,-0.2699999999999996,HARMFUL
43063099999,2023-10-07T12:00:00,48,30.0,26.28,27.42,-3.719999999999999,-2.5799999999999983,3.719999999999999,2.5799999999999983,1.1400000000000006,USEFUL
43003099999,2023-10-07T12:00:00,48,31.0,27.68,27.94,-3.3200000000000003,-3.0599999999999987,3.3200000000000003,3.0599999999999987,0.26000000000000156,USEFUL
42867099999,2023-10-07T12:00:00,48,32.0,28.68,28.63,-3.3200000000000003,-3.370000000000001,3.3200000000000003,3.370000000000001,-0.05000000000000071,NEUTRAL
43014099999,2023-10-07T12:00:00,48,29.4,28.68,28.17,-0.7199999999999989,-1.2299999999999969,0.7199999999999989,1.2299999999999969,-0.509999999999998,HARMFUL
43063099999,2023-10-06T12:00:00,12,30.6,26.05,27.05,-4.550000000000001,-3.5500000000000007,4.550000000000001,3.5500000000000007,1.0,USEFUL
43003099999,2023-10-06T12:00:00,12,30.0,28.15,28.3,-1.8500000000000014,-1.6999999999999993,1.8500000000000014,1.6999999999999993,0.15000000000000213,NEUTRAL
42867099999,2023-10-06T12:00:00,12,32.0,27.05,26.84,-4.949999999999999,-5.16,4.949999999999999,5.16,-0.21000000000000085,HARMFUL
43014099999,2023-10-06T12:00:00,12,30.4,28.85,28.05,-1.5499999999999972,-2.349999999999998,1.5499999999999972,2.349999999999998,-0.8000000000000007,HARMFUL
43063099999,2023-10-07T00:00:00,24,21.2,20.21,20.7,-0.9899999999999984,-0.5,0.9899999999999984,0.5,0.48999999999999844,USEFUL
43003099999,2023-10-07T00:00:00,24,28.0,27.11,26.08,-0.8900000000000006,-1.9200000000000017,0.8900000000000006,1.9200000000000017,-1.0300000000000011,HARMFUL
42867099999,2023-10-07T00:00:00,24,23.0,21.41,21.24,-1.5899999999999999,-1.7600000000000016,1.5899999999999999,1.7600000000000016,-0.1700000000000017,NEUTRAL
43014099999,2023-10-07T00:00:00,24,21.6,21.41,21.03,-0.19000000000000128,-0.5700000000000003,0.19000000000000128,0.5700000000000003,-0.379999999999999,HARMFUL
43063099999,2023-10-07T12:00:00,36,30.0,26.45,27.52,-3.5500000000000007,-2.4800000000000004,3.5500000000000007,2.4800000000000004,1.0700000000000003,USEFUL
43003099999,2023-10-07T12:00:00,36,31.0,27.65,28.37,-3.3500000000000014,-2.629999999999999,3.3500000000000014,2.629999999999999,0.7200000000000024,USEFUL
42867099999,2023-10-07T12:00:00,36,32.0,28.65,28.53,-3.3500000000000014,-3.469999999999999,3.3500000000000014,3.469999999999999,-0.11999999999999744,NEUTRAL
43014099999,2023-10-07T12:00:00,36,29.4,28.45,28.03,-0.9499999999999993,-1.3699999999999974,0.9499999999999993,1.3699999999999974,-0.41999999999999815,HARMFUL
43063099999,2023-10-08T00:00:00,48,21.6,21.23,21.63,-0.370000000000001,0.029999999999997584,0.370000000000001,0.029999999999997584,0.3400000000000034,USEFUL
43003099999,2023-10-08T00:00:00,48,28.0,27.13,25.95,-0.870000000000001,-2.0500000000000007,0.870000000000001,2.0500000000000007,-1.1799999999999997,HARMFUL
42867099999,2023-10-08T00:00:00,48,24.0,22.13,22.06,-1.870000000000001,-1.9400000000000013,1.870000000000001,1.9400000000000013,-0.07000000000000028,NEUTRAL
43014099999,2023-10-08T00:00:00,48,22.0,21.53,21.19,-0.46999999999999886,-0.8099999999999987,0.46999999999999886,0.8099999999999987,-0.33999999999999986,HARMFUL
43063099999,2023-10-07T00:00:00,12,21.2,20.51,20.95,-0.6899999999999977,-0.25,0.6899999999999977,0.25,0.4399999999999977,USEFUL
43003099999,2023-10-07T00:00:00,12,28.0,27.21,25.98,-0.7899999999999991,-2.0199999999999996,0.7899999999999991,2.0199999999999996,-1.2300000000000004,HARMFUL
42867099999,2023-10-07T00:00:00,12,23.0,23.31,23.01,0.3099999999999987,0.010000000000001563,0.3099999999999987,0.010000000000001563,0.29999999999999716,USEFUL
43014099999,2023-10-07T00:00:00,12,21.6,21.71,21.33,0.10999999999999943,-0.2700000000000031,0.10999999999999943,0.2700000000000031,-0.1600000000000037,NEUTRAL
43063099999,2023-10-07T12:00:00,24,30.0,28.05,28.7,-1.9499999999999993,-1.3000000000000007,1.9499999999999993,1.3000000000000007,0.6499999999999986,USEFUL
43003099999,2023-10-07T12:00:00,24,31.0,27.65,28.7,-3.3500000000000014,-2.3000000000000007,3.3500000000000014,2.3000000000000007,1.0500000000000007,USEFUL
42867099999,2023-10-07T12:00:00,24,32.0,28.55,28.43,-3.4499999999999993,-3.5700000000000003,3.4499999999999993,3.5700000000000003,-0.120000000000001,NEUTRAL
43014099999,2023-10-07T12:00:00,24,29.4,28.75,28.2,-0.6499999999999986,-1.1999999999999993,0.6499999999999986,1.1999999999999993,-0.5500000000000007,HARMFUL
43063099999,2023-10-08T00:00:00,36,21.6,21.32,21.76,-0.28000000000000114,0.16000000000000014,0.28000000000000114,0.16000000000000014,0.120000000000001,NEUTRAL
43003099999,2023-10-08T00:00:00,36,28.0,27.42,26.23,-0.5799999999999983,-1.7699999999999996,0.5799999999999983,1.7699999999999996,-1.1900000000000013,HARMFUL
42867099999,2023-10-08T00:00:00,36,24.0,22.42,22.35,-1.5799999999999983,-1.6499999999999986,1.5799999999999983,1.6499999999999986,-0.07000000000000028,NEUTRAL
43014099999,2023-10-08T00:00:00,36,22.0,21.82,21.41,-0.17999999999999972,-0.5899999999999999,0.17999999999999972,0.5899999999999999,-0.41000000000000014,HARMFUL
43063099999,2023-10-08T12:00:00,48,30.6,27.8,28.56,-2.8000000000000007,-2.0400000000000027,2.8000000000000007,2.0400000000000027,0.759999999999998,USEFUL
43003099999,2023-10-08T12:00:00,48,32.0,27.9,28.82,-4.100000000000001,-3.1799999999999997,4.100000000000001,3.1799999999999997,0.9200000000000017,USEFUL
42867099999,2023-10-08T12:00:00,48,31.0,29.0,29.02,-2.0,-1.9800000000000004,2.0,1.9800000000000004,0.019999999999999574,NEUTRAL
43014099999,2023-10-08T12:00:00,48,31.2,30.9,30.09,-0.3000000000000007,-1.1099999999999994,0.3000000000000007,1.1099999999999994,-0.8099999999999987,HARMFUL
43063099999,2023-10-07T12:00:00,12,30.0,28.26,29.01,-1.7399999999999984,-0.9899999999999984,1.7399999999999984,0.9899999999999984,0.75,USEFUL
43003099999,2023-10-07T12:00:00,12,31.0,27.96,28.71,-3.039999999999999,-2.289999999999999,3.039999999999999,2.289999999999999,0.75,USEFUL
42867099999,2023-10-07T12:00:00,12,32.0,27.86,27.72,-4.140000000000001,-4.280000000000001,4.140000000000001,4.280000000000001,-0.14000000000000057,NEUTRAL
43014099999,2023-10-07T12:00:00,12,29.4,28.96,28.39,-0.4399999999999977,-1.009999999999998,0.4399999999999977,1.009999999999998,-0.5700000000000003,HARMFUL
43063099999,2023-10-08T00:00:00,24,21.6,21.26,21.72,-0.33999999999999986,0.11999999999999744,0.33999999999999986,0.11999999999999744,0.22000000000000242,USEFUL
43003099999,2023-10-08T00:00:00,24,28.0,27.46,26.41,-0.5399999999999991,-1.5899999999999999,0.5399999999999991,1.5899999999999999,-1.0500000000000007,HARMFUL
42867099999,2023-10-08T00:00:00,24,24.0,22.36,22.25,-1.6400000000000006,-1.75,1.6400000000000006,1.75,-0.10999999999999943,NEUTRAL
43014099999,2023-10-08T00:00:00,24,22.0,21.96,21.4,-0.03999999999999915,-0.6000000000000014,0.03999999999999915,0.6000000000000014,-0.5600000000000023,HARMFUL
43063099999,2023-10-08T12:00:00,36,30.6,27.66,28.45,-2.9400000000000013,-2.150000000000002,2.9400000000000013,2.150000000000002,0.7899999999999991,USEFUL
43003099999,2023-10-08T12:00:00,36,32.0,28.16,28.86,-3.84,-3.1400000000000006,3.84,3.1400000000000006,0.6999999999999993,USEFUL
42867099999,2023-10-08T12:00:00,36,31.0,28.86,28.87,-2.1400000000000006,-2.129999999999999,2.1400000000000006,2.129999999999999,0.010000000000001563,NEUTRAL
43014099999,2023-10-08T12:00:00,36,31.2,29.36,28.58,-1.8399999999999999,-2.620000000000001,1.8399999999999999,2.620000000000001,-0.7800000000000011,HARMFUL
43063099999,2023-10-09T00:00:00,48,21.6,21.46,21.9,-0.14000000000000057,0.29999999999999716,0.14000000000000057,0.29999999999999716,-0.1599999999999966,NEUTRAL
43003099999,2023-10-09T00:00:00,48,28.0,27.66,26.43,-0.33999999999999986,-1.5700000000000003,0.33999999999999986,1.5700000000000003,-1.2300000000000004,HARMFUL
42867099999,2023-10-09T00:00:00,48,24.0,22.76,22.61,-1.2399999999999984,-1.3900000000000006,1.2399999999999984,1.3900000000000006,-0.15000000000000213,NEUTRAL
43014099999,2023-10-09T00:00:00,48,21.4,22.06,21.76,0.6600000000000001,0.360000000000003,0.6600000000000001,0.360000000000003,0.29999999999999716,USEFUL
43063099999,2023-10-08T00:00:00,12,21.6,21.13,21.54,-0.4700000000000024,-0.060000000000002274,0.4700000000000024,0.060000000000002274,0.41000000000000014,USEFUL
43003099999,2023-10-08T00:00:00,12,28.0,27.63,26.38,-0.370000000000001,-1.620000000000001,0.370000000000001,1.620000000000001,-1.25,HARMFUL
42867099999,2023-10-08T00:00:00,12,24.0,23.03,22.9,-0.9699999999999989,-1.1000000000000014,0.9699999999999989,1.1000000000000014,-0.13000000000000256,NEUTRAL
43014099999,2023-10-08T00:00:00,12,22.0,22.13,21.67,0.129999999999999,-0.3299999999999983,0.129999999999999,0.3299999999999983,-0.1999999999999993,NEUTRAL
43063099999,2023-10-08T12:00:00,24,30.6,27.56,28.52,-3.0400000000000027,-2.080000000000002,3.0400000000000027,2.080000000000002,0.9600000000000009,USEFUL
43003099999,2023-10-08T12:00:00,24,32.0,28.06,29.14,-3.9400000000000013,-2.8599999999999994,3.9400000000000013,2.8599999999999994,1.0800000000000018,USEFUL
42867099999,2023-10-08T12:00:00,24,31.0,28.76,28.82,-2.2399999999999984,-2.1799999999999997,2.2399999999999984,2.1799999999999997,0.05999999999999872,NEUTRAL
43014099999,2023-10-08T12:00:00,24,31.2,30.26,29.17,-0.9399999999999977,-2.0299999999999976,0.9399999999999977,2.0299999999999976,-1.0899999999999999,HARMFUL
43063099999,2023-10-09T00:00:00,36,21.6,21.77,22.14,0.16999999999999815,0.5399999999999991,0.16999999999999815,0.5399999999999991,-0.370000000000001,HARMFUL
43003099999,2023-10-09T00:00:00,36,28.0,27.87,26.72,-0.129999999999999,-1.2800000000000011,0.129999999999999,1.2800000000000011,-1.1500000000000021,HARMFUL
42867099999,2023-10-09T00:00:00,36,24.0,22.57,22.38,-1.4299999999999997,-1.620000000000001,1.4299999999999997,1.620000000000001,-0.19000000000000128,NEUTRAL
43014099999,2023-10-09T00:00:00,36,21.4,22.57,22.23,1.1700000000000017,0.8300000000000018,1.1700000000000017,0.8300000000000018,0.33999999999999986,USEFUL
43063099999,2023-10-09T12:00:00,48,30.4,26.93,28.08,-3.469999999999999,-2.3200000000000003,3.469999999999999,2.3200000000000003,1.1499999999999986,USEFUL
43003099999,2023-10-09T12:00:00,48,32.0,28.43,29.17,-3.5700000000000003,-2.8299999999999983,3.5700000000000003,2.8299999999999983,0.740000000000002,USEFUL
42867099999,2023-10-09T12:00:00,48,32.0,29.33,29.23,-2.6700000000000017,-2.7699999999999996,2.6700000000000017,2.7699999999999996,-0.09999999999999787,NEUTRAL
43014099999,2023-10-09T12:00:00,48,31.6,31.13,30.54,-0.4700000000000024,-1.0600000000000023,0.4700000000000024,1.0600000000000023,-0.5899999999999999,HARMFUL
